assembly_version	biosample_accession	bioproject_accession	organism	genus	n_arg_occurrences	n_plasmid_args	n_chromosomal_args	pct_plasmid	n_distinct_families	n_arg_bearing_replicons	n_arg_bearing_plasmids
GCA_000226275.2	SAMN02603878	PRJNA28333	Acinetobacter baumannii	Acinetobacter	19	0	19	0.0	16	1	0
GCA_000794125.2	SAMN03105183	PRJNA263680	Acinetobacter baumannii	Acinetobacter	11	0	11	0.0	10	1	0
GCA_001668465.2	SAMN05238697	PRJNA271775	Acinetobacter baumannii	Acinetobacter	5	0	5	0.0	4	1	0
GCA_001669145.2	SAMN05238672	PRJNA271775	Acinetobacter baumannii	Acinetobacter	12	2	10	16.667	10	2	1
GCA_001674475.2	SAMN05238628	PRJNA271775	Acinetobacter baumannii	Acinetobacter	12	2	10	16.667	10	2	1
GCA_001674505.2	SAMN05238571	PRJNA271775	Acinetobacter baumannii	Acinetobacter	11	1	10	9.091	10	2	1
GCA_001696605.3	SAMN05356836	PRJNA387062	Acinetobacter wuhouensis	Acinetobacter	8	6	2	75.0	8	3	2
GCA_001696615.3	SAMN05356835	PRJNA387062	Acinetobacter sp.	Acinetobacter	12	12	0	100.0	11	6	6
GCA_001704615.3	SAMN05356262	PRJNA387062	Acinetobacter defluvii	Acinetobacter	16	10	6	62.5	15	2	1
GCA_001895125.2	SAMD00059694	PRJDB5156	Acinetobacter baumannii	Acinetobacter	14	4	10	28.571	13	3	2
GCA_002119785.3	SAMN06191591	PRJNA359405	Acinetobacter lwoffii	Acinetobacter	1	0	1	0.0	1	1	0
GCA_002165245.3	SAMN07138956	PRJNA387062	Acinetobacter junii	Acinetobacter	6	4	2	66.667	6	2	1
GCA_002165255.2	SAMN07138955	PRJNA387062	Acinetobacter sp.	Acinetobacter	9	9	0	100.0	8	1	1
GCA_002165295.2	SAMN07138952	PRJNA387062	Acinetobacter sp.	Acinetobacter	10	9	1	90.0	10	3	2
GCA_002165305.2	SAMN07138953	PRJNA387062	Acinetobacter sp.	Acinetobacter	21	15	6	71.429	15	4	3
GCA_002165345.2	SAMN07138954	PRJNA387062	Acinetobacter wuhouensis	Acinetobacter	25	23	2	92.0	17	8	7
GCA_002165375.2	SAMN07138949	PRJNA387062	Acinetobacter chinensis	Acinetobacter	11	10	1	90.909	9	5	4
GCA_002307335.2	SAMN07565840	PRJNA400335	Klebsiella pneumoniae	Klebsiella	1	0	1	0.0	1	1	0
GCA_002762545.2	SAMN07977426	PRJNA417137	Acinetobacter baumannii	Acinetobacter	26	0	26	0.0	18	1	0
GCA_002803025.2	SAMN02603889	PRJNA30993	Acinetobacter baumannii	Acinetobacter	3	0	3	0.0	3	1	0
GCA_002863745.1	SAMN06187701	PRJNA359166	Acinetobacter pittii	Acinetobacter	3	1	2	33.333	2	2	1
GCA_002902805.2	SAMN08382337	PRJNA387062	Acinetobacter pittii	Acinetobacter	11	9	2	81.818	9	2	1
GCA_002902885.1	SAMN06040401	PRJNA430813	Acinetobacter baumannii	Acinetobacter	6	3	3	50.0	6	2	1
GCA_002934695.1	SAMN03455971	PRJNA430813	Acinetobacter sp.	Acinetobacter	4	3	1	75.0	4	2	1
GCA_002934965.1	SAMN04287023	PRJNA430813	Acinetobacter sp.	Acinetobacter	14	13	1	92.857	8	4	3
GCA_002946595.1	SAMN08449481	PRJNA432443	Acinetobacter sp.	Acinetobacter	11	5	6	45.455	11	2	1
GCA_002947415.1	SAMN04014897	PRJNA292904	Acinetobacter baumannii	Acinetobacter	13	3	10	23.077	11	3	2
GCA_002947845.1	SAMN04014904	PRJNA292904	Acinetobacter baumannii	Acinetobacter	6	1	5	16.667	5	2	1
GCA_002948925.1	SAMN04014919	PRJNA292904	Acinetobacter baumannii	Acinetobacter	13	0	13	0.0	12	1	0
GCA_002950495.2	SAMN08364585	PRJNA387062	Acinetobacter baumannii	Acinetobacter	21	3	18	14.286	17	2	1
GCA_002951295.1	SAMN03996318	PRJNA231221	Acinetobacter nosocomialis	Acinetobacter	1	0	1	0.0	1	1	0
GCA_002980175.2	SAMN07581341	PRJNA400855	Acinetobacter sp.	Acinetobacter	2	0	2	0.0	2	1	0
GCA_002993105.1	SAMN08625641	PRJNA436456	Acinetobacter radioresistens	Acinetobacter	1	0	1	0.0	1	1	0
GCA_002996805.1	SAMN04014924	PRJNA292904	Acinetobacter baumannii	Acinetobacter	33	0	33	0.0	21	1	0
GCA_002999115.2	SAMN08031286	PRJNA387062	Acinetobacter pittii	Acinetobacter	14	11	3	78.571	12	2	1
GCA_002999195.2	SAMN08364584	PRJNA387062	Acinetobacter baumannii	Acinetobacter	17	5	12	29.412	13	2	1
GCA_002999215.3	SAMN08031302	PRJNA387062	Acinetobacter pittii	Acinetobacter	6	3	3	50.0	5	2	1
GCA_003006035.1	SAMN04014929	PRJNA292904	Acinetobacter baumannii	Acinetobacter	12	9	3	75.0	12	3	2
GCA_003010655.1	SAMN04014943	PRJNA292904	Acinetobacter baumannii	Acinetobacter	13	0	13	0.0	13	1	0
GCA_003010675.1	SAMN04014942	PRJNA292904	Acinetobacter baumannii	Acinetobacter	8	0	8	0.0	7	1	0
GCA_003012895.3	SAMN08637743	PRJNA437037	Acinetobacter baumannii	Acinetobacter	3	0	3	0.0	3	1	0
GCA_003024525.3	SAMN08772519	PRJNA387062	Acinetobacter cumulans	Acinetobacter	10	10	0	100.0	9	3	3
GCA_003029495.1	SAMN04014897	PRJNA316321	Acinetobacter baumannii	Acinetobacter	13	3	10	23.077	11	3	2
GCA_003051965.2	SAMN08364583	PRJNA387062	Acinetobacter pittii	Acinetobacter	6	3	3	50.0	5	2	1
GCA_003072585.2	SAMN08222738	PRJNA388547	Acinetobacter schindleri	Acinetobacter	2	0	2	0.0	2	1	0
GCA_003143895.1	SAMN09197281	PRJNA471013	Acinetobacter nosocomialis	Acinetobacter	1	0	1	0.0	1	1	0
GCA_003181015.1	SAMN09241862	PRJNA472712	Acinetobacter baumannii	Acinetobacter	11	3	8	27.273	9	4	3
GCA_003258335.1	SAMN09423269	PRJNA475995	Acinetobacter radioresistens	Acinetobacter	1	0	1	0.0	1	1	0
GCA_003264255.1	SAMN07135563	PRJNA361029	Acinetobacter baumannii	Acinetobacter	11	0	11	0.0	9	1	0
GCA_003264275.1	SAMN07135565	PRJNA273343	Acinetobacter baumannii	Acinetobacter	21	0	21	0.0	16	1	0
GCA_003264295.1	SAMN06219545	PRJNA361029	Acinetobacter baumannii	Acinetobacter	10	0	10	0.0	9	1	0
GCA_003288775.1	SAMN09389171	PRJNA475448	Acinetobacter baumannii	Acinetobacter	11	0	11	0.0	10	1	0
GCA_003296225.1	SAMN09460321	PRJNA472712	Acinetobacter baumannii	Acinetobacter	9	2	7	22.222	7	2	1
GCA_003323815.1	SAMN09630388	PRJNA480180	Acinetobacter haemolyticus	Acinetobacter	2	0	2	0.0	2	1	0
GCA_003335165.1	SAMN09652504	PRJNA480925	Acinetobacter johnsonii	Acinetobacter	1	0	1	0.0	1	1	0
GCA_003345235.1	SAMN07559626	PRJNA311558	Acinetobacter baumannii	Acinetobacter	8	0	8	0.0	7	1	0
GCA_003354845.1	SAMN09069679	PRJNA459525	Acinetobacter pittii	Acinetobacter	4	0	4	0.0	3	1	0
GCA_003359215.2	SAMN09069678	PRJNA459525	Acinetobacter pittii	Acinetobacter	1	0	1	0.0	1	1	0
GCA_003359225.2	SAMN09069676	PRJNA459525	Acinetobacter pittii	Acinetobacter	11	9	2	81.818	11	2	1
GCA_003359255.2	SAMN09069680	PRJNA459525	Acinetobacter baumannii	Acinetobacter	15	0	15	0.0	14	1	0
GCA_003359275.2	SAMN09069675	PRJNA459525	Acinetobacter pittii	Acinetobacter	9	7	2	77.778	8	2	1
GCA_003359295.2	SAMN09069677	PRJNA459525	Acinetobacter pittii	Acinetobacter	5	1	4	20.0	3	2	1
GCA_003359305.2	SAMN09069673	PRJNA459525	Acinetobacter pittii	Acinetobacter	2	0	2	0.0	2	1	0
GCA_003359315.2	SAMN09069674	PRJNA459525	Acinetobacter pittii	Acinetobacter	10	7	3	70.0	10	2	1
GCA_003359355.2	SAMN09069671	PRJNA459525	Acinetobacter nosocomialis	Acinetobacter	7	7	0	100.0	6	2	2
GCA_003359375.2	SAMN09069669	PRJNA459525	Acinetobacter nosocomialis	Acinetobacter	4	4	0	100.0	4	1	1
GCA_003359395.2	SAMN09069670	PRJNA459525	Acinetobacter nosocomialis	Acinetobacter	4	4	0	100.0	4	2	2
GCA_003359435.2	SAMN09069672	PRJNA459525	Acinetobacter nosocomialis	Acinetobacter	2	0	2	0.0	2	1	0
GCA_003359505.2	SAMN09069668	PRJNA459525	Acinetobacter nosocomialis	Acinetobacter	7	7	0	100.0	6	3	3
GCA_003430865.2	SAMN08707400	PRJNA311558	Acinetobacter haemolyticus	Acinetobacter	5	3	2	60.0	5	2	1
GCA_003431865.1	SAMN04014911	PRJNA316321	Acinetobacter baumannii	Acinetobacter	8	4	4	50.0	5	3	2
GCA_003516005.1	SAMN07284119	PRJNA311558	Acinetobacter baumannii	Acinetobacter	18	2	16	11.111	15	3	2
GCA_003522665.1	SAMN07520236	PRJNA311558	Acinetobacter baumannii	Acinetobacter	14	1	13	7.143	11	2	1
GCA_003522705.1	SAMN07520237	PRJNA311558	Acinetobacter baumannii	Acinetobacter	5	2	3	40.0	5	2	1
GCA_003522785.1	SAMN07520233	PRJNA311558	Acinetobacter baumannii	Acinetobacter	16	2	14	12.5	13	3	2
GCA_003522845.1	SAMN07520232	PRJNA311558	Acinetobacter baumannii	Acinetobacter	14	1	13	7.143	7	2	1
GCA_003522885.1	SAMN07520231	PRJNA311558	Acinetobacter baumannii	Acinetobacter	17	1	16	5.882	15	2	1
GCA_003547115.1	SAMN04014893	PRJNA316321	Acinetobacter baumannii	Acinetobacter	8	4	4	50.0	5	3	2
GCA_003591615.1	SAMN07580891	PRJNA400841	Acinetobacter baumannii	Acinetobacter	12	0	12	0.0	10	1	0
GCA_003627485.2	SAMN10170272	PRJNA494506	Acinetobacter baumannii	Acinetobacter	24	11	13	45.833	18	3	2
GCA_003691345.1	SAMN10226300	PRJNA495451	Pseudomonas aeruginosa	Pseudomonas	5	0	5	0.0	5	1	0
GCA_003812065.1	SAMN10163233	PRJNA231221	Acinetobacter baumannii	Acinetobacter	3	0	3	0.0	3	1	0
GCA_003812205.1	SAMN10163184	PRJNA231221	Acinetobacter sp.	Acinetobacter	15	0	15	0.0	13	1	0
GCA_003812225.1	SAMN10163170	PRJNA231221	Acinetobacter sp.	Acinetobacter	12	0	12	0.0	9	1	0
GCA_003812245.1	SAMN10163169	PRJNA231221	Acinetobacter sp.	Acinetobacter	7	0	7	0.0	7	1	0
GCA_003812385.1	SAMN10163228	PRJNA231221	Acinetobacter baumannii	Acinetobacter	4	1	3	25.0	4	2	1
GCA_003812485.1	SAMN10411605	PRJNA505170	Acinetobacter baumannii	Acinetobacter	22	1	21	4.545	13	2	1
GCA_003931755.1	SAMN07258640	PRJNA390934	Acinetobacter baumannii	Acinetobacter	20	0	20	0.0	16	1	0
GCA_003931775.1	SAMN07258642	PRJNA390934	Acinetobacter baumannii	Acinetobacter	20	0	20	0.0	16	1	0
GCA_003938405.2	SAMN10248995	PRJNA497126	Acinetobacter variabilis	Acinetobacter	11	3	8	27.273	11	2	1
GCA_003939325.2	SAMN10249157	PRJNA497126	Acinetobacter johnsonii	Acinetobacter	12	11	1	91.667	12	2	1
GCA_003939335.2	SAMN10249206	PRJNA497126	Acinetobacter junii	Acinetobacter	16	16	0	100.0	14	1	1
GCA_003939355.2	SAMN10249224	PRJNA497126	Acinetobacter junii	Acinetobacter	18	18	0	100.0	15	1	1
GCA_003948085.2	SAMN10261613	PRJNA497581	Acinetobacter baumannii	Acinetobacter	9	0	9	0.0	9	1	0
GCA_003948455.2	SAMN10261589	PRJNA497581	Acinetobacter baumannii	Acinetobacter	15	1	14	6.667	13	2	1
GCA_003948535.2	SAMN10261584	PRJNA497581	Acinetobacter baumannii	Acinetobacter	12	0	12	0.0	12	1	0
GCA_003949115.2	SAMN10261535	PRJNA497581	Acinetobacter baumannii	Acinetobacter	9	0	9	0.0	9	1	0
GCA_003949595.2	SAMN10261544	PRJNA497581	Acinetobacter baumannii	Acinetobacter	13	0	13	0.0	13	1	0
GCA_003949725.2	SAMN10261537	PRJNA497581	Acinetobacter baumannii	Acinetobacter	9	1	8	11.111	9	2	1
GCA_003952705.1	SAMN09767503	PRJNA484667	Acinetobacter haemolyticus	Acinetobacter	10	3	7	30.0	10	2	1
GCA_003952785.1	SAMN07298690	PRJNA392395	Acinetobacter johnsonii	Acinetobacter	1	0	1	0.0	1	1	0
GCA_003956065.1	SAMN09259196	PRJNA473066	Acinetobacter pittii	Acinetobacter	5	1	4	20.0	5	2	1
GCA_003966675.1	SAMD00129509	PRJDB7166	Acinetobacter ursingii	Acinetobacter	1	0	1	0.0	1	1	0
GCA_004028375.1	SAMN10441121	PRJNA506023	Acinetobacter baumannii	Acinetobacter	4	1	3	25.0	3	2	1
GCA_004101685.1	SAMN07258672	PRJNA390934	Acinetobacter baumannii	Acinetobacter	18	0	18	0.0	15	1	0
GCA_004101705.1	SAMN07258689	PRJNA390934	Acinetobacter baumannii	Acinetobacter	17	0	17	0.0	15	1	0
GCA_004101725.1	SAMN07258647	PRJNA390934	Acinetobacter baumannii	Acinetobacter	17	0	17	0.0	15	1	0
GCA_004101745.1	SAMN07258645	PRJNA390934	Acinetobacter baumannii	Acinetobacter	17	0	17	0.0	15	1	0
GCA_004136355.1	SAMN09769497	PRJNA484790	Acinetobacter baumannii	Acinetobacter	17	4	13	23.529	11	3	2
GCA_004151415.2	SAMN10249049	PRJNA497126	Acinetobacter lwoffii	Acinetobacter	21	17	4	80.952	15	2	1
GCA_004194555.1	SAMN08513260	PRJNA244617	Acinetobacter baumannii	Acinetobacter	3	0	3	0.0	3	1	0
GCA_004295305.1	SAMN10928940	PRJNA522344	Acinetobacter nosocomialis	Acinetobacter	1	0	1	0.0	1	1	0
GCA_004337595.1	SAMN11047491	PRJNA525348	Acinetobacter johnsonii	Acinetobacter	2	1	1	50.0	1	2	1
GCA_004379355.1	SAMN11157875	PRJNA527688	Acinetobacter haemolyticus	Acinetobacter	18	16	2	88.889	13	2	1
GCA_004564095.1	SAMN10386510	PRJNA529047	Acinetobacter baumannii	Acinetobacter	4	1	3	25.0	4	2	1
GCA_004564115.1	SAMN10386508	PRJNA529047	Acinetobacter baumannii	Acinetobacter	4	1	3	25.0	4	2	1
GCA_004758865.1	SAMN11298775	PRJNA530138	Acinetobacter baumannii	Acinetobacter	12	8	4	66.667	10	3	2
GCA_004768705.1	SAMN11311113	PRJNA530330	Acinetobacter baumannii	Acinetobacter	19	10	9	52.632	12	6	5
GCA_004792395.1	SAMN11295118	PRJNA530095	Acinetobacter nosocomialis	Acinetobacter	1	0	1	0.0	1	1	0
GCA_004797155.2	SAMN11304550	PRJNA530202	Acinetobacter baumannii	Acinetobacter	4	0	4	0.0	4	1	0
GCA_005280355.1	SAMN11554497	PRJNA540743	Acinetobacter baumannii	Acinetobacter	16	1	15	6.25	13	2	1
GCA_005280375.1	SAMN11554995	PRJNA540755	Acinetobacter baumannii	Acinetobacter	16	1	15	6.25	13	2	1
GCA_005280395.1	SAMN11557490	PRJNA540771	Acinetobacter baumannii	Acinetobacter	17	13	4	76.471	14	2	1
GCA_005280415.1	SAMN11557585	PRJNA540773	Acinetobacter baumannii	Acinetobacter	10	5	5	50.0	7	2	1
GCA_005280435.1	SAMN11557458	PRJNA540767	Acinetobacter baumannii	Acinetobacter	17	11	6	64.706	16	3	2
GCA_005280675.1	SAMN11571814	PRJNA541077	Acinetobacter baumannii	Acinetobacter	3	0	3	0.0	3	1	0
GCA_005280695.1	SAMN11571816	PRJNA541078	Acinetobacter baumannii	Acinetobacter	16	0	16	0.0	14	1	0
GCA_005280715.1	SAMN11571817	PRJNA541079	Acinetobacter baumannii	Acinetobacter	25	0	25	0.0	19	1	0
GCA_005281455.1	SAMN02471153	PRJNA541289	Acinetobacter nosocomialis	Acinetobacter	2	0	2	0.0	2	1	0
GCA_005518095.1	SAMN11621520	PRJNA542432	Acinetobacter baumannii	Acinetobacter	19	14	5	73.684	15	2	1
GCA_005519135.2	SAMN09302593	PRJNA474045	Acinetobacter baumannii	Acinetobacter	8	2	6	25.0	6	3	2
GCA_005519305.1	SAMN11179230	PRJNA528312	Acinetobacter radioresistens	Acinetobacter	1	0	1	0.0	1	1	0
GCA_005671375.1	SAMN11660471	PRJNA543307	Acinetobacter baumannii	Acinetobacter	13	2	11	15.385	13	2	1
GCA_006385075.1	SAMN12015779	PRJNA548265	Acinetobacter baumannii	Acinetobacter	8	0	8	0.0	7	1	0
GCA_006757745.1	SAMD00041796	PRJDB54	Acinetobacter radioresistens	Acinetobacter	1	0	1	0.0	1	1	0
GCA_007107525.1	SAMN12158047	PRJNA472828	Acinetobacter baumannii	Acinetobacter	9	6	3	66.667	8	3	2
GCA_007221455.1	SAMN12045486	PRJNA503905	Acinetobacter baumannii	Acinetobacter	12	0	12	0.0	12	1	0
GCA_007647215.1	SAMN06211572	PRJNA360504	Acinetobacter baumannii	Acinetobacter	13	0	13	0.0	11	1	0
GCA_007833615.1	SAMN09464373	PRJNA477264	Acinetobacter schindleri	Acinetobacter	2	0	2	0.0	2	1	0
GCA_007954485.1	SAMN12289369	PRJNA550014	Acinetobacter pittii	Acinetobacter	15	12	3	80.0	14	2	1
GCA_008033255.2	SAMN12399660	PRJNA557366	Acinetobacter baumannii	Acinetobacter	12	0	12	0.0	8	1	0
GCA_008086325.1	SAMN12418644	PRJNA557799	Acinetobacter nosocomialis	Acinetobacter	1	0	1	0.0	1	1	0
GCA_008121475.1	SAMN12612836	PRJNA561261	Acinetobacter pittii	Acinetobacter	10	8	2	80.0	9	2	1
GCA_008124045.1	SAMN12603273	PRJNA560883	Acinetobacter baumannii	Acinetobacter	3	0	3	0.0	3	1	0
GCA_008180305.1	SAMN12630603	PRJNA561898	Acinetobacter johnsonii	Acinetobacter	13	6	7	46.154	10	2	1
GCA_008244865.1	SAMN07258648	PRJNA390934	Acinetobacter baumannii	Acinetobacter	17	0	17	0.0	15	1	0
GCA_008244885.1	SAMN07258679	PRJNA390934	Acinetobacter baumannii	Acinetobacter	17	0	17	0.0	15	1	0
GCA_008244905.1	SAMN07258673	PRJNA390934	Acinetobacter baumannii	Acinetobacter	17	0	17	0.0	15	1	0
GCA_008386255.1	SAMN12647694	PRJNA562695	Klebsiella pneumoniae	Klebsiella	2	0	2	0.0	2	1	0
GCA_008386275.1	SAMN12647693	PRJNA562695	Klebsiella pneumoniae	Klebsiella	2	0	2	0.0	2	1	0
GCA_008630895.1	SAMN04273155	PRJNA305151	Acinetobacter baumannii	Acinetobacter	4	0	4	0.0	4	1	0
GCA_008630915.1	SAMN12734637	PRJNA565116	Acinetobacter suaedae	Acinetobacter	1	0	1	0.0	1	1	0
GCA_008632635.1	SAMN12769618	PRJNA565663	Acinetobacter baumannii	Acinetobacter	4	1	3	25.0	3	2	1
GCA_008694085.1	SAMN10448663	PRJNA532848	Acinetobacter pittii	Acinetobacter	16	13	3	81.25	14	2	1
GCA_008802935.1	SAMN12825295	PRJNA573751	Acinetobacter baumannii	Acinetobacter	3	0	3	0.0	3	1	0
GCA_008807055.1	SAMN10135127	PRJNA493508	Acinetobacter baumannii	Acinetobacter	16	0	16	0.0	13	1	0
GCA_008931365.1	SAMN12289292	PRJNA550014	Acinetobacter baumannii	Acinetobacter	15	12	3	80.0	13	2	1
GCA_009035845.1	SAMN12389466	PRJNA557095	Acinetobacter baumannii	Acinetobacter	4	0	4	0.0	4	1	0
GCA_009296145.1	SAMN11960537	PRJNA546476	Acinetobacter indicus	Acinetobacter	14	10	4	71.429	10	2	1
GCA_009455505.1	SAMN09244200	PRJNA472798	Acinetobacter baumannii	Acinetobacter	16	0	16	0.0	14	1	0
GCA_009497995.1	SAMN07520235	PRJNA311558	Acinetobacter baumannii	Acinetobacter	8	1	7	12.5	7	2	1
GCA_009498335.1	SAMN12569102	PRJNA560129	Acinetobacter baumannii	Acinetobacter	13	0	13	0.0	12	1	0
GCA_009498355.1	SAMN12569252	PRJNA560136	Pseudomonas aeruginosa	Pseudomonas	29	0	29	0.0	20	1	0
GCA_009588945.1	SAMN13066419	PRJNA576555	Acinetobacter nosocomialis	Acinetobacter	10	9	1	90.0	10	2	1
GCA_009676805.1	SAMN13242673	PRJNA588381	Acinetobacter towneri	Acinetobacter	27	15	12	55.556	22	3	2
GCA_009730095.1	SAMN10163245	PRJNA231221	Acinetobacter lwoffii	Acinetobacter	2	0	2	0.0	2	1	0
GCA_009740145.1	SAMN13476302	PRJNA593376	Acinetobacter baumannii	Acinetobacter	3	0	3	0.0	3	1	0
GCA_009759685.1	SAMN13045090	PRJNA577968	Acinetobacter baumannii	Acinetobacter	4	0	4	0.0	4	1	0
GCA_009833005.1	SAMN12912378	PRJNA575861	Acinetobacter baumannii	Acinetobacter	3	0	3	0.0	3	1	0
GCA_009884295.1	SAMN12340933	PRJNA556124	Acinetobacter gyllenbergii	Acinetobacter	3	0	3	0.0	3	1	0
GCA_009884975.1	SAMN12340932	PRJNA556123	Acinetobacter dispersus	Acinetobacter	3	0	3	0.0	3	1	0
GCA_009892245.1	SAMN09927975	PRJNA311558	Acinetobacter haemolyticus	Acinetobacter	2	0	2	0.0	2	1	0
GCA_009892265.1	SAMN09927974	PRJNA311558	Acinetobacter haemolyticus	Acinetobacter	2	0	2	0.0	2	1	0
GCA_009892285.1	SAMN09927973	PRJNA311558	Acinetobacter haemolyticus	Acinetobacter	2	0	2	0.0	2	1	0
GCA_009892305.1	SAMN09927971	PRJNA311558	Acinetobacter haemolyticus	Acinetobacter	2	0	2	0.0	2	1	0
GCA_009892325.1	SAMN09927972	PRJNA311558	Acinetobacter haemolyticus	Acinetobacter	2	0	2	0.0	2	1	0
GCA_009892345.1	SAMN09927970	PRJNA311558	Acinetobacter haemolyticus	Acinetobacter	2	0	2	0.0	2	1	0
GCA_009892365.1	SAMN09927969	PRJNA311558	Acinetobacter haemolyticus	Acinetobacter	2	0	2	0.0	2	1	0
GCA_009892385.1	SAMN09927968	PRJNA311558	Acinetobacter haemolyticus	Acinetobacter	2	0	2	0.0	2	1	0
GCA_009914375.1	SAMN13016659	PRJNA576998	Acinetobacter indicus	Acinetobacter	12	9	3	75.0	11	2	1
GCA_009914395.1	SAMN13016714	PRJNA577002	Acinetobacter indicus	Acinetobacter	12	12	0	100.0	11	2	2
GCA_009914415.1	SAMN13016715	PRJNA577003	Acinetobacter indicus	Acinetobacter	8	3	5	37.5	8	2	1
GCA_009914435.1	SAMN13017013	PRJNA577024	Acinetobacter indicus	Acinetobacter	15	15	0	100.0	11	2	2
GCA_009914475.1	SAMN13016821	PRJNA577018	Acinetobacter indicus	Acinetobacter	8	3	5	37.5	8	2	1
GCA_009931155.1	SAMN09499692	PRJNA477755	Klebsiella pneumoniae	Klebsiella	22	16	6	72.727	20	3	2
GCA_009931315.1	SAMN10724293	PRJNA514411	Acinetobacter pittii	Acinetobacter	2	0	2	0.0	2	1	0
GCA_009937725.1	SAMN13676153	PRJNA597473	Klebsiella aerogenes	Klebsiella	1	0	1	0.0	1	1	0
GCA_010694505.1	SAMN14054838	PRJNA605318	Pseudomonas aeruginosa	Pseudomonas	4	0	4	0.0	4	1	0
GCA_010917815.1	SAMN12211912	PRJNA558439	Acinetobacter indicus	Acinetobacter	23	23	0	100.0	19	4	4
GCA_010918035.1	SAMN12211917	PRJNA558439	Acinetobacter indicus	Acinetobacter	22	21	1	95.455	19	2	1
GCA_010918195.1	SAMN12211923	PRJNA558439	Acinetobacter indicus	Acinetobacter	19	19	0	100.0	17	1	1
GCA_010918375.1	SAMN12429970	PRJNA558439	Acinetobacter indicus	Acinetobacter	16	16	0	100.0	14	1	1
GCA_010918635.1	SAMN12478518	PRJNA558439	Acinetobacter schindleri	Acinetobacter	30	27	3	90.0	22	6	5
GCA_010918895.1	SAMN12478519	PRJNA558439	Acinetobacter schindleri	Acinetobacter	22	20	2	90.909	19	5	4
GCA_010919095.1	SAMN12478520	PRJNA558439	Acinetobacter schindleri	Acinetobacter	25	23	2	92.0	22	5	4
GCA_011067065.1	SAMN14217790	PRJNA609015	Acinetobacter baumannii	Acinetobacter	15	0	15	0.0	14	1	0
GCA_011742775.2	SAMN14402329	PRJNA613369	Klebsiella pneumoniae	Klebsiella	28	19	9	67.857	24	3	2
GCA_011765385.1	SAMN13683895	PRJNA597816	Klebsiella pneumoniae	Klebsiella	14	12	2	85.714	11	4	3
GCA_011765405.1	SAMN13702289	PRJNA598275	Klebsiella pneumoniae	Klebsiella	18	16	2	88.889	13	3	2
GCA_011765425.1	SAMN13707218	PRJNA598527	Klebsiella pneumoniae	Klebsiella	10	8	2	80.0	10	4	3
GCA_011996285.1	SAMN14278654	PRJNA610163	Acinetobacter pittii	Acinetobacter	3	0	3	0.0	2	1	0
GCA_012220585.1	SAMN13864944	PRJNA601288	Acinetobacter towneri	Acinetobacter	11	11	0	100.0	11	1	1
GCA_012272715.1	SAMN14308892	PRJNA612123	Acinetobacter baumannii	Acinetobacter	11	0	11	0.0	10	1	0
GCA_012272735.1	SAMN14308866	PRJNA612123	Acinetobacter baumannii	Acinetobacter	20	0	20	0.0	16	1	0
GCA_012272755.1	SAMN14308864	PRJNA612123	Acinetobacter baumannii	Acinetobacter	20	0	20	0.0	16	1	0
GCA_012272775.1	SAMN14308853	PRJNA612123	Acinetobacter baumannii	Acinetobacter	11	0	11	0.0	10	1	0
GCA_012272795.1	SAMN14308849	PRJNA612123	Acinetobacter baumannii	Acinetobacter	20	0	20	0.0	16	1	0
GCA_012278715.1	SAMN12158188	PRJNA551557	Acinetobacter indicus	Acinetobacter	1	1	0	100.0	1	1	1
GCA_012278735.1	SAMN12158191	PRJNA551558	Acinetobacter indicus	Acinetobacter	7	7	0	100.0	7	1	1
GCA_012516415.1	SAMN14567701	PRJNA622823	Acinetobacter sp.	Acinetobacter	1	0	1	0.0	1	1	0
GCA_012931605.1	SAMN14667518	PRJNA473419	Acinetobacter baumannii	Acinetobacter	9	6	3	66.667	8	2	1
GCA_012931625.1	SAMN14667516	PRJNA473419	Acinetobacter baumannii	Acinetobacter	12	6	6	50.0	10	3	2
GCA_012931645.1	SAMN14667515	PRJNA473419	Acinetobacter baumannii	Acinetobacter	12	6	6	50.0	10	3	2
GCA_012931665.1	SAMN14667517	PRJNA473419	Acinetobacter baumannii	Acinetobacter	13	10	3	76.923	12	2	1
GCA_012934905.1	SAMN14409516	PRJNA613562	Acinetobacter baumannii	Acinetobacter	19	15	4	78.947	15	2	1
GCA_012934925.1	SAMN14409628	PRJNA613578	Acinetobacter baumannii	Acinetobacter	17	0	17	0.0	13	1	0
GCA_012934945.1	SAMN14409813	PRJNA613583	Acinetobacter baumannii	Acinetobacter	14	0	14	0.0	12	1	0
GCA_012934965.1	SAMN14410107	PRJNA613587	Acinetobacter baumannii	Acinetobacter	13	2	11	15.385	11	3	2
GCA_012934985.1	SAMN14410138	PRJNA613593	Acinetobacter baumannii	Acinetobacter	13	0	13	0.0	11	1	0
GCA_012935005.1	SAMN14414761	PRJNA613679	Acinetobacter baumannii	Acinetobacter	13	5	8	38.462	11	5	4
GCA_012935025.1	SAMN14415334	PRJNA613683	Acinetobacter baumannii	Acinetobacter	14	1	13	7.143	11	2	1
GCA_012935045.1	SAMN14420246	PRJNA613820	Acinetobacter baumannii	Acinetobacter	13	0	13	0.0	11	1	0
GCA_012935065.1	SAMN14420253	PRJNA613821	Acinetobacter baumannii	Acinetobacter	13	1	12	7.692	11	2	1
GCA_012935085.1	SAMN14420254	PRJNA613824	Acinetobacter baumannii	Acinetobacter	22	14	8	63.636	17	2	1
GCA_012935105.1	SAMN14420255	PRJNA613825	Acinetobacter baumannii	Acinetobacter	22	14	8	63.636	17	2	1
GCA_012935125.1	SAMN14422682	PRJNA613957	Acinetobacter baumannii	Acinetobacter	20	14	6	70.0	15	2	1
GCA_012935145.1	SAMN14410111	PRJNA613590	Acinetobacter baumannii	Acinetobacter	17	0	17	0.0	13	1	0
GCA_012935165.1	SAMN14414747	PRJNA613675	Acinetobacter baumannii	Acinetobacter	14	1	13	7.143	11	2	1
GCA_012935185.1	SAMN14414778	PRJNA613681	Acinetobacter baumannii	Acinetobacter	14	0	14	0.0	12	1	0
GCA_012974585.1	SAMN14072279	PRJNA605582	Acinetobacter baumannii	Acinetobacter	20	11	9	55.0	16	2	1
GCA_012974845.1	SAMN12057668	PRJNA548859	Acinetobacter baumannii	Acinetobacter	9	0	9	0.0	8	1	0
GCA_013122135.1	SAMN14846460	PRJNA630840	Acinetobacter lactucae	Acinetobacter	2	0	2	0.0	2	1	0
GCA_013283995.1	SAMN14258344	PRJNA609701	Klebsiella michiganensis	Klebsiella	3	0	3	0.0	3	1	0
GCA_013305465.1	SAMN14859482	PRJNA631347	Acinetobacter baumannii	Acinetobacter	17	0	17	0.0	14	1	0
GCA_013343215.1	SAMN11349729	PRJNA531082	Acinetobacter sp.	Acinetobacter	5	5	0	100.0	5	2	2
GCA_013372085.1	SAMN14779651	PRJNA629538	Acinetobacter baumannii	Acinetobacter	4	0	4	0.0	4	1	0
GCA_013374795.1	SAMN15195663	PRJNA638470	Acinetobacter sp.	Acinetobacter	1	0	1	0.0	1	1	0
GCA_013376855.2	SAMN15344688	PRJNA641163	Acinetobacter baumannii	Acinetobacter	13	0	13	0.0	12	1	0
GCA_013377175.1	SAMN13565236	PRJNA595709	Acinetobacter baumannii	Acinetobacter	11	8	3	72.727	10	3	2
GCA_013377395.1	SAMN09842420	PRJNA353728	Klebsiella pneumoniae	Klebsiella	23	19	4	82.609	22	4	3
GCA_013394265.1	SAMN12860376	PRJNA574573	Acinetobacter baumannii	Acinetobacter	11	1	10	9.091	10	2	1
GCA_013394285.1	SAMN12859885	PRJNA574548	Acinetobacter baumannii	Acinetobacter	20	17	3	85.0	15	3	2
GCA_013403505.1	SAMN15437745	PRJNA643902	Acinetobacter baumannii	Acinetobacter	12	0	12	0.0	10	1	0
GCA_013416255.1	SAMN14833494	PRJNA630392	Acinetobacter baumannii	Acinetobacter	12	7	5	58.333	12	2	1
GCA_013416275.1	SAMN14833556	PRJNA630397	Acinetobacter baumannii	Acinetobacter	10	7	3	70.0	10	2	1
GCA_013733565.1	SAMN15148683	PRJNA605147	Enterobacter roggenkampii	Enterobacter	4	0	4	0.0	4	1	0
GCA_013733775.1	SAMN15148673	PRJNA605147	Klebsiella oxytoca	Klebsiella	3	0	3	0.0	3	1	0
GCA_013736615.1	SAMN15148625	PRJNA605147	Enterobacter cloacae	Enterobacter	4	0	4	0.0	4	1	0
GCA_013737205.1	SAMN15148619	PRJNA605147	Klebsiella oxytoca	Klebsiella	3	0	3	0.0	3	1	0
GCA_013737895.1	SAMN15148609	PRJNA605147	Klebsiella oxytoca	Klebsiella	3	0	3	0.0	3	1	0
GCA_013739155.1	SAMN15148680	PRJNA605147	Enterobacter cloacae	Enterobacter	4	0	4	0.0	4	1	0
GCA_013743505.1	SAMN15148547	PRJNA605147	Enterobacter hormaechei	Enterobacter	1	1	0	100.0	1	1	1
GCA_013747515.1	SAMN15148647	PRJNA605147	Klebsiella oxytoca	Klebsiella	4	0	4	0.0	4	1	0
GCA_013747975.1	SAMN15148640	PRJNA605147	Enterobacter cloacae	Enterobacter	3	0	3	0.0	3	1	0
GCA_013750175.1	SAMN15148601	PRJNA605147	Enterobacter cloacae	Enterobacter	5	1	4	20.0	5	2	1
GCA_013751295.1	SAMN15148592	PRJNA605147	Klebsiella oxytoca	Klebsiella	16	12	4	75.0	16	2	1
GCA_013784845.1	SAMN15148636	PRJNA605147	Klebsiella oxytoca	Klebsiella	4	0	4	0.0	4	1	0
GCA_013787185.1	SAMN15541804	PRJNA646375	Acinetobacter baumannii	Acinetobacter	4	1	3	25.0	4	2	1
GCA_014159355.1	SAMD00194470	PRJDB6962	Acinetobacter baumannii	Acinetobacter	3	0	3	0.0	3	1	0
GCA_014168695.1	SAMD00194360	PRJDB6962	Acinetobacter pittii	Acinetobacter	3	0	3	0.0	3	1	0
GCA_014169655.1	SAMD00194616	PRJDB6962	Acinetobacter baumannii	Acinetobacter	4	0	4	0.0	4	1	0
GCA_014169935.1	SAMD00194714	PRJDB6962	Acinetobacter sp.	Acinetobacter	3	0	3	0.0	3	1	0
GCA_014171935.1	SAMN15637465	PRJNA648287	Acinetobacter baumannii	Acinetobacter	12	10	2	83.333	10	2	1
GCA_014250455.1	SAMN15338426	PRJNA640942	Acinetobacter venetianus	Acinetobacter	14	12	2	85.714	12	3	2
GCA_014267385.1	SAMN15819058	PRJNA657198	Acinetobacter baumannii	Acinetobacter	13	0	13	0.0	11	1	0
GCA_014322245.1	SAMN13884837	PRJNA602169	Acinetobacter baumannii	Acinetobacter	11	8	3	72.727	10	2	1
GCA_014655455.2	SAMN14379855	PRJNA353728	Klebsiella pneumoniae	Klebsiella	10	6	4	60.0	10	4	3
GCA_014672735.1	SAMN15507634	PRJNA645521	Acinetobacter baumannii	Acinetobacter	2	0	2	0.0	2	1	0
GCA_014672755.1	SAMN15507635	PRJNA645521	Acinetobacter baumannii	Acinetobacter	4	0	4	0.0	4	1	0
GCA_014672775.1	SAMN15507625	PRJNA645521	Acinetobacter baumannii	Acinetobacter	4	0	4	0.0	4	1	0
GCA_014672795.1	SAMN15666523	PRJNA649425	Pseudomonas aeruginosa	Pseudomonas	5	0	5	0.0	5	1	0
GCA_014705785.1	SAMN12413929	PRJNA300270	Acinetobacter baumannii	Acinetobacter	15	0	15	0.0	13	1	0
GCA_014705805.1	SAMN12391854	PRJNA300270	Acinetobacter baumannii	Acinetobacter	15	0	15	0.0	13	1	0
GCA_014705825.1	SAMN12391537	PRJNA300270	Acinetobacter baumannii	Acinetobacter	19	0	19	0.0	16	1	0
GCA_014705845.1	SAMN12391535	PRJNA300270	Acinetobacter baumannii	Acinetobacter	15	0	15	0.0	13	1	0
GCA_014705865.1	SAMN12391534	PRJNA300270	Acinetobacter baumannii	Acinetobacter	14	0	14	0.0	12	1	0
GCA_014705885.1	SAMN12391536	PRJNA300270	Acinetobacter baumannii	Acinetobacter	15	0	15	0.0	13	1	0
GCA_014705985.1	SAMN16095455	PRJNA660930	Acinetobacter baumannii	Acinetobacter	3	1	2	33.333	2	2	1
GCA_014717515.1	SAMN16092246	PRJNA662665	Acinetobacter seifertii	Acinetobacter	1	0	1	0.0	1	1	0
GCA_014717695.1	SAMN16092247	PRJNA662665	Acinetobacter seifertii	Acinetobacter	4	2	2	50.0	4	2	1
GCA_014717935.1	SAMN16092244	PRJNA662665	Acinetobacter seifertii	Acinetobacter	13	12	1	92.308	9	3	2
GCA_014718155.1	SAMN16092245	PRJNA662665	Acinetobacter seifertii	Acinetobacter	9	7	2	77.778	9	2	1
GCA_014718355.1	SAMN16092243	PRJNA662665	Acinetobacter seifertii	Acinetobacter	1	0	1	0.0	1	1	0
GCA_014718535.1	SAMN16092242	PRJNA662665	Acinetobacter seifertii	Acinetobacter	1	0	1	0.0	1	1	0
GCA_014718755.1	SAMN16092241	PRJNA662665	Acinetobacter seifertii	Acinetobacter	2	0	2	0.0	2	1	0
GCA_014718955.1	SAMN16092240	PRJNA662665	Acinetobacter seifertii	Acinetobacter	11	10	1	90.909	11	2	1
GCA_014719215.1	SAMN16092239	PRJNA662665	Acinetobacter seifertii	Acinetobacter	2	1	1	50.0	2	2	1
GCA_014719435.1	SAMN16092238	PRJNA662665	Acinetobacter seifertii	Acinetobacter	8	7	1	87.5	8	4	3
GCA_014719655.1	SAMN16092237	PRJNA662665	Acinetobacter seifertii	Acinetobacter	2	1	1	50.0	2	2	1
GCA_014719835.1	SAMN16092236	PRJNA662665	Acinetobacter seifertii	Acinetobacter	2	1	1	50.0	2	2	1
GCA_014720075.1	SAMN16092235	PRJNA662665	Acinetobacter seifertii	Acinetobacter	1	0	1	0.0	1	1	0
GCA_014720295.1	SAMN16092234	PRJNA662665	Acinetobacter seifertii	Acinetobacter	9	7	2	77.778	8	4	3
GCA_014720495.1	SAMN16092232	PRJNA662665	Acinetobacter seifertii	Acinetobacter	7	6	1	85.714	7	3	2
GCA_014720715.1	SAMN16092231	PRJNA662665	Acinetobacter seifertii	Acinetobacter	1	0	1	0.0	1	1	0
GCA_014720855.1	SAMN16092230	PRJNA662665	Acinetobacter seifertii	Acinetobacter	7	6	1	85.714	7	3	2
GCA_014721075.1	SAMN16092229	PRJNA662665	Acinetobacter seifertii	Acinetobacter	8	7	1	87.5	8	4	3
GCA_014721215.1	SAMN16092228	PRJNA662665	Acinetobacter seifertii	Acinetobacter	1	0	1	0.0	1	1	0
GCA_014721415.1	SAMN16092227	PRJNA662665	Acinetobacter seifertii	Acinetobacter	8	7	1	87.5	8	4	3
GCA_014721575.1	SAMN16092225	PRJNA662665	Acinetobacter seifertii	Acinetobacter	8	7	1	87.5	8	4	3
GCA_014721815.1	SAMN16092224	PRJNA662665	Acinetobacter seifertii	Acinetobacter	8	7	1	87.5	8	4	3
GCA_014722015.1	SAMN16092223	PRJNA662665	Acinetobacter seifertii	Acinetobacter	2	1	1	50.0	2	2	1
GCA_014722275.1	SAMN16092222	PRJNA662665	Acinetobacter seifertii	Acinetobacter	3	2	1	66.667	3	3	2
GCA_014722535.1	SAMN16092221	PRJNA662665	Acinetobacter seifertii	Acinetobacter	7	6	1	85.714	7	3	2
GCA_014722775.1	SAMN16092220	PRJNA662665	Acinetobacter seifertii	Acinetobacter	3	2	1	66.667	3	3	2
GCA_014723035.1	SAMN16092219	PRJNA662665	Acinetobacter seifertii	Acinetobacter	1	0	1	0.0	1	1	0
GCA_014723055.1	SAMN16092218	PRJNA662665	Acinetobacter seifertii	Acinetobacter	2	1	1	50.0	2	2	1
GCA_014723075.1	SAMN16092217	PRJNA662665	Acinetobacter seifertii	Acinetobacter	1	0	1	0.0	1	1	0
GCA_014723095.1	SAMN16092215	PRJNA662665	Acinetobacter seifertii	Acinetobacter	2	1	1	50.0	2	2	1
GCA_014723115.1	SAMN16092216	PRJNA662665	Acinetobacter seifertii	Acinetobacter	13	12	1	92.308	12	2	1
GCA_014723135.1	SAMN16092214	PRJNA662665	Acinetobacter seifertii	Acinetobacter	2	1	1	50.0	2	2	1
GCA_014723155.1	SAMN16092213	PRJNA662665	Acinetobacter seifertii	Acinetobacter	1	0	1	0.0	1	1	0
GCA_014723175.1	SAMN16092212	PRJNA662665	Acinetobacter seifertii	Acinetobacter	1	0	1	0.0	1	1	0
GCA_014723195.1	SAMN16092211	PRJNA662665	Acinetobacter seifertii	Acinetobacter	7	6	1	85.714	7	3	2
GCA_014723215.1	SAMN16092210	PRJNA662665	Acinetobacter seifertii	Acinetobacter	10	9	1	90.0	10	3	2
GCA_014788525.1	SAMN16092226	PRJNA662665	Acinetobacter seifertii	Acinetobacter	6	5	1	83.333	6	2	1
GCA_014874575.1	SAMN15574350	PRJNA647049	Acinetobacter baumannii	Acinetobacter	13	10	3	76.923	12	3	2
GCA_014880215.2	SAMN16351204	PRJNA667024	Acinetobacter baumannii	Acinetobacter	10	2	8	20.0	8	2	1
GCA_014881055.2	SAMN16351130	PRJNA667024	Acinetobacter baumannii	Acinetobacter	7	1	6	14.286	6	2	1
GCA_014882805.2	SAMN16351083	PRJNA667024	Acinetobacter baumannii	Acinetobacter	5	2	3	40.0	4	2	1
GCA_015135635.1	SAMD00195896	PRJDB9036	Klebsiella planticola	Klebsiella	9	6	3	66.667	8	2	1
GCA_015137855.1	SAMD00195978	PRJDB9036	Enterobacter cloacae	Enterobacter	4	0	4	0.0	4	1	0
GCA_015217905.1	SAMN13979600	PRJNA604696	Acinetobacter indicus	Acinetobacter	31	7	24	22.581	15	2	1
GCA_015218165.1	SAMN13979601	PRJNA604696	Acinetobacter piscicola	Acinetobacter	9	9	0	100.0	9	4	4
GCA_015218525.1	SAMN13979602	PRJNA604696	Acinetobacter sp.	Acinetobacter	12	7	5	58.333	9	2	1
GCA_015218885.1	SAMN13979603	PRJNA604696	Acinetobacter indicus	Acinetobacter	9	4	5	44.444	6	3	2
GCA_015224645.1	SAMN16550521	PRJNA671750	Acinetobacter sp.	Acinetobacter	3	0	3	0.0	3	1	0
GCA_015278035.1	SAMN16539844	PRJNA671654	Klebsiella quasipneumoniae	Klebsiella	5	1	4	20.0	5	2	1
GCA_015284345.1	SAMN16560599	PRJNA672205	Klebsiella variicola	Klebsiella	4	0	4	0.0	4	1	0
GCA_015285425.1	SAMN16560598	PRJNA672205	Klebsiella variicola	Klebsiella	4	0	4	0.0	4	1	0
GCA_015318225.2	SAMN15546747	PRJNA353728	Klebsiella pneumoniae	Klebsiella	11	7	4	63.636	10	4	3
GCA_015356075.1	SAMN16574826	PRJNA672694	Acinetobacter baumannii	Acinetobacter	9	0	9	0.0	7	1	0
GCA_015475915.1	SAMN16246830	PRJNA665234	Klebsiella pneumoniae	Klebsiella	12	8	4	66.667	12	2	1
GCA_015476055.1	SAMN16539243	PRJNA671627	Klebsiella variicola	Klebsiella	5	0	5	0.0	5	1	0
GCA_015571935.1	SAMN16304032	PRJNA662792	Acinetobacter baumannii	Acinetobacter	3	0	3	0.0	3	1	0
GCA_015602645.1	SAMN15522025	PRJNA645977	Acinetobacter johnsonii	Acinetobacter	1	0	1	0.0	1	1	0
GCA_015602685.1	SAMN15522027	PRJNA645977	Acinetobacter nosocomialis	Acinetobacter	1	0	1	0.0	1	1	0
GCA_015602705.1	SAMN15522024	PRJNA645977	Acinetobacter lwoffii	Acinetobacter	1	0	1	0.0	1	1	0
GCA_015644745.1	SAMN16709461	PRJNA675551	Klebsiella pneumoniae	Klebsiella	3	1	2	33.333	3	2	1
GCA_015732435.1	SAMN15778733	PRJNA640471	Acinetobacter baumannii	Acinetobacter	16	0	16	0.0	14	1	0
GCA_015870765.1	SAMN15735522	PRJNA641163	Acinetobacter baumannii	Acinetobacter	17	0	17	0.0	14	1	0
GCA_015870965.1	SAMN15738014	PRJNA641163	Acinetobacter baumannii	Acinetobacter	17	0	17	0.0	14	1	0
GCA_015910475.1	SAMN08687991	PRJNA437968	Acinetobacter baumannii	Acinetobacter	4	0	4	0.0	4	1	0
GCA_016027055.1	SAMN13450440	PRJNA231221	Acinetobacter johnsonii	Acinetobacter	1	0	1	0.0	1	1	0
GCA_016064815.1	SAMN17035494	PRJNA565663	Acinetobacter seifertii	Acinetobacter	1	0	1	0.0	1	1	0
GCA_016127515.1	SAMN16357205	PRJNA231221	Acinetobacter baumannii	Acinetobacter	14	0	14	0.0	10	1	0
GCA_016350005.1	SAMN17073618	PRJNA684975	Acinetobacter baumannii	Acinetobacter	12	0	12	0.0	10	1	0
GCA_016350065.1	SAMN17073617	PRJNA684975	Acinetobacter baumannii	Acinetobacter	12	0	12	0.0	10	1	0
GCA_016350085.1	SAMN17073615	PRJNA684975	Acinetobacter baumannii	Acinetobacter	12	0	12	0.0	10	1	0
GCA_016350105.1	SAMN17073616	PRJNA684975	Acinetobacter baumannii	Acinetobacter	12	0	12	0.0	10	1	0
GCA_016576845.1	SAMN17007568	PRJNA682779	Acinetobacter bereziniae	Acinetobacter	7	6	1	85.714	6	2	1
GCA_016576965.1	SAMN17007570	PRJNA682779	Acinetobacter bereziniae	Acinetobacter	8	5	3	62.5	8	2	1
GCA_016599715.1	SAMN17142163	PRJNA687053	Acinetobacter sp.	Acinetobacter	11	10	1	90.909	11	2	1
GCA_016607565.1	SAMN15944884	PRJNA660300	Acinetobacter variabilis	Acinetobacter	23	21	2	91.304	17	3	2
GCA_016725945.1	SAMN16357262	PRJNA231221	Acinetobacter johnsonii	Acinetobacter	1	0	1	0.0	1	1	0
GCA_016726625.1	SAMN16357263	PRJNA231221	Acinetobacter johnsonii	Acinetobacter	1	0	1	0.0	1	1	0
GCA_016728805.1	SAMN16357261	PRJNA231221	Acinetobacter johnsonii	Acinetobacter	1	0	1	0.0	1	1	0
GCA_016753995.2	SAMN10353622	PRJNA503173	Klebsiella pneumoniae	Klebsiella	19	15	4	78.947	13	5	4
GCA_016797255.2	SAMN17600204	PRJNA395086	Klebsiella pneumoniae	Klebsiella	19	15	4	78.947	17	4	3
GCA_016804045.1	SAMN15055972	PRJNA635893	Acinetobacter pittii	Acinetobacter	13	10	3	76.923	13	2	1
GCA_016845885.1	SAMN17734275	PRJNA698660	Pseudomonas putida	Pseudomonas	3	0	3	0.0	3	1	0
GCA_016864295.1	SAMN15501054	PRJNA644570	Acinetobacter baumannii	Acinetobacter	16	0	16	0.0	15	1	0
GCA_016864315.2	SAMN15501056	PRJNA644570	Acinetobacter baumannii	Acinetobacter	15	1	14	6.667	12	2	1
GCA_016864335.2	SAMN15501055	PRJNA644570	Acinetobacter baumannii	Acinetobacter	14	1	13	7.143	13	2	1
GCA_016864915.1	SAMN15501316	PRJNA644570	Acinetobacter baumannii	Acinetobacter	6	2	4	33.333	4	3	2
GCA_016865465.1	SAMD00169927	PRJDB8068	Acinetobacter baumannii	Acinetobacter	10	0	10	0.0	8	1	0
GCA_016889305.1	SAMN16357359	PRJNA231221	Acinetobacter pittii	Acinetobacter	3	0	3	0.0	3	1	0
GCA_016889345.1	SAMN16357357	PRJNA231221	Acinetobacter pittii	Acinetobacter	3	0	3	0.0	3	1	0
GCA_016889825.1	SAMN16357356	PRJNA231221	Acinetobacter pittii	Acinetobacter	2	0	2	0.0	2	1	0
GCA_016890065.1	SAMN16357358	PRJNA231221	Acinetobacter pittii	Acinetobacter	2	0	2	0.0	2	1	0
GCA_016903135.1	SAMN16357502	PRJNA231221	Acinetobacter baumannii	Acinetobacter	13	2	11	15.385	9	2	1
GCA_016903215.1	SAMN16357501	PRJNA231221	Acinetobacter baumannii	Acinetobacter	15	0	15	0.0	14	1	0
GCA_016919505.2	SAMN17898087	PRJNA701627	Acinetobacter baumannii	Acinetobacter	14	10	4	71.429	13	2	1
GCA_016919525.2	SAMN17898088	PRJNA701627	Acinetobacter baumannii	Acinetobacter	19	15	4	78.947	13	2	1
GCA_016922515.2	SAMN17864806	PRJNA701400	Pseudomonas aeruginosa	Pseudomonas	15	0	15	0.0	13	1	0
GCA_016923395.2	SAMN17864764	PRJNA701400	Pseudomonas aeruginosa	Pseudomonas	9	0	9	0.0	8	1	0
GCA_016924255.2	SAMN17864754	PRJNA701400	Pseudomonas aeruginosa	Pseudomonas	9	0	9	0.0	9	1	0
GCA_016924475.2	SAMN17864736	PRJNA701400	Pseudomonas aeruginosa	Pseudomonas	14	0	14	0.0	11	1	0
GCA_016924585.2	SAMN17864728	PRJNA701400	Pseudomonas aeruginosa	Pseudomonas	9	0	9	0.0	8	1	0
GCA_016939475.1	SAMN16357360	PRJNA231221	Acinetobacter calcoaceticus	Acinetobacter	2	0	2	0.0	2	1	0
GCA_017068175.1	SAMN17981369	PRJNA702880	Acinetobacter johnsonii	Acinetobacter	1	0	1	0.0	1	1	0
GCA_017096325.2	SAMN15538706	PRJNA646312	Acinetobacter baumannii	Acinetobacter	13	1	12	7.692	11	2	1
GCA_017096345.2	SAMN15538703	PRJNA646312	Acinetobacter baumannii	Acinetobacter	11	1	10	9.091	9	2	1
GCA_017096365.2	SAMN15538704	PRJNA646312	Acinetobacter baumannii	Acinetobacter	11	1	10	9.091	9	2	1
GCA_017096385.2	SAMN15538701	PRJNA646312	Acinetobacter baumannii	Acinetobacter	16	1	15	6.25	14	2	1
GCA_017096405.2	SAMN15538705	PRJNA646312	Acinetobacter baumannii	Acinetobacter	13	1	12	7.692	11	2	1
GCA_017096425.2	SAMN15538702	PRJNA646312	Acinetobacter baumannii	Acinetobacter	17	1	16	5.882	14	2	1
GCA_017098185.2	SAMN15538699	PRJNA646312	Acinetobacter baumannii	Acinetobacter	12	1	11	8.333	9	2	1
GCA_017098205.2	SAMN15538700	PRJNA646312	Acinetobacter baumannii	Acinetobacter	22	1	21	4.545	17	2	1
GCA_017098225.2	SAMN15538698	PRJNA646312	Acinetobacter baumannii	Acinetobacter	19	1	18	5.263	16	2	1
GCA_017098245.2	SAMN15538697	PRJNA646312	Acinetobacter baumannii	Acinetobacter	12	1	11	8.333	9	2	1
GCA_017098265.2	SAMN15538696	PRJNA646312	Acinetobacter baumannii	Acinetobacter	12	1	11	8.333	9	2	1
GCA_017132735.1	SAMN18035028	PRJNA704212	Acinetobacter indicus	Acinetobacter	8	0	8	0.0	8	1	0
GCA_017309425.1	SAMN16275415	PRJNA665940	Acinetobacter indicus	Acinetobacter	26	8	18	30.769	10	2	1
GCA_017309445.1	SAMN16275416	PRJNA665940	Acinetobacter indicus	Acinetobacter	6	0	6	0.0	5	1	0
GCA_017347405.1	SAMD00282210	PRJDB11244	Enterobacter cloacae	Enterobacter	4	1	3	25.0	4	2	1
GCA_017498585.1	SAMN16439931	PRJNA669159	Acinetobacter towneri	Acinetobacter	11	11	0	100.0	9	2	2
GCA_017498605.1	SAMN16439932	PRJNA669159	Acinetobacter towneri	Acinetobacter	10	10	0	100.0	9	1	1
GCA_017498625.1	SAMN16439933	PRJNA669159	Acinetobacter towneri	Acinetobacter	9	9	0	100.0	9	1	1
GCA_017639875.1	SAMN18396008	PRJNA716155	Acinetobacter baumannii	Acinetobacter	20	15	5	75.0	17	4	3
GCA_017723975.1	SAMN18452234	PRJNA716781	Acinetobacter baumannii	Acinetobacter	20	14	6	70.0	17	4	3
GCA_017724115.1	SAMN18452334	PRJNA716782	Acinetobacter baumannii	Acinetobacter	20	14	6	70.0	17	4	3
GCA_017724155.1	SAMN18452342	PRJNA716785	Acinetobacter baumannii	Acinetobacter	21	15	6	71.429	17	4	3
GCA_017724195.1	SAMN18452659	PRJNA716790	Acinetobacter baumannii	Acinetobacter	20	15	5	75.0	17	4	3
GCA_017724215.1	SAMN18452698	PRJNA716794	Acinetobacter baumannii	Acinetobacter	20	14	6	70.0	17	4	3
GCA_017726495.1	SAMN18452699	PRJNA716795	Acinetobacter baumannii	Acinetobacter	21	15	6	71.429	17	4	3
GCA_017726555.1	SAMN18452712	PRJNA716802	Acinetobacter baumannii	Acinetobacter	20	14	6	70.0	17	4	3
GCA_017726575.1	SAMN18452713	PRJNA716803	Acinetobacter baumannii	Acinetobacter	5	1	4	20.0	4	2	1
GCA_017742855.1	SAMN18451305	PRJNA716762	Acinetobacter baumannii	Acinetobacter	20	15	5	75.0	17	4	3
GCA_017753625.1	SAMN18498586	PRJNA716893	Acinetobacter baumannii	Acinetobacter	12	9	3	75.0	10	3	2
GCA_018135585.1	SAMN18498587	PRJNA716893	Acinetobacter baumannii	Acinetobacter	4	0	4	0.0	4	1	0
GCA_018138965.1	SAMN18781100	PRJNA722603	Acinetobacter seifertii	Acinetobacter	1	0	1	0.0	1	1	0
GCA_018139125.1	SAMN18781099	PRJNA722602	Acinetobacter soli	Acinetobacter	1	0	1	0.0	1	1	0
GCA_018140695.1	SAMN18793507	PRJNA353728	Klebsiella pneumoniae	Klebsiella	8	4	4	50.0	8	2	1
GCA_018140715.1	SAMN18793521	PRJNA353728	Klebsiella pneumoniae	Klebsiella	11	7	4	63.636	11	3	2
GCA_018324105.1	SAMD00294604	PRJDB11476	Acinetobacter bouvetii	Acinetobacter	1	0	1	0.0	1	1	0
GCA_018336855.1	SAMN15647988	PRJNA648772	Acinetobacter junii	Acinetobacter	3	3	0	100.0	3	1	1
GCA_018383735.5	SAMN18928740	PRJNA269675	Klebsiella pneumoniae	Klebsiella	24	20	4	83.333	19	4	3
GCA_018383785.2	SAMN18928741	PRJNA269675	Klebsiella pneumoniae	Klebsiella	33	29	4	87.879	25	4	3
GCA_018409485.1	SAMD00246909	PRJDB10565	Acinetobacter variabilis	Acinetobacter	4	0	4	0.0	4	1	0
GCA_018438165.1	SAMN14082649	PRJNA606414	Acinetobacter sp.	Acinetobacter	4	0	4	0.0	4	1	0
GCA_018454385.1	SAMN19073634	PRJNA728250	Acinetobacter baumannii	Acinetobacter	19	0	19	0.0	15	1	0
GCA_018454425.1	SAMN19184900	PRJNA729870	Acinetobacter sp.	Acinetobacter	2	0	2	0.0	2	1	0
GCA_018597075.2	SAMN19314267	PRJNA415108	Enterobacter hormaechei	Enterobacter	14	12	2	85.714	12	3	2
GCA_018604365.1	SAMN18202092	PRJNA607827	Acinetobacter baumannii	Acinetobacter	9	0	9	0.0	5	1	0
GCA_018808925.1	SAMN13874777	PRJNA602058	Acinetobacter baumannii	Acinetobacter	15	3	12	20.0	11	2	1
GCA_018831125.1	SAMN13874778	PRJNA602058	Acinetobacter baumannii	Acinetobacter	12	9	3	75.0	11	4	3
GCA_018831465.1	SAMN14149266	PRJNA607827	Acinetobacter baumannii	Acinetobacter	3	0	3	0.0	3	1	0
GCA_018831485.1	SAMN14149265	PRJNA607827	Acinetobacter baumannii	Acinetobacter	3	0	3	0.0	3	1	0
GCA_019046965.1	SAMN16357540	PRJNA231221	Acinetobacter pittii	Acinetobacter	2	0	2	0.0	2	1	0
GCA_019047185.1	SAMN16357539	PRJNA231221	Acinetobacter pittii	Acinetobacter	2	0	2	0.0	2	1	0
GCA_019047205.1	SAMN16357541	PRJNA231221	Acinetobacter pittii	Acinetobacter	3	0	3	0.0	3	1	0
GCA_019048225.1	SAMN16357538	PRJNA231221	Acinetobacter pittii	Acinetobacter	2	0	2	0.0	2	1	0
GCA_019048305.1	SAMN16357535	PRJNA231221	Acinetobacter lwoffii	Acinetobacter	1	0	1	0.0	1	1	0
GCA_019048405.1	SAMN16357542	PRJNA231221	Acinetobacter seifertii	Acinetobacter	1	0	1	0.0	1	1	0
GCA_019048525.1	SAMN16357536	PRJNA231221	Acinetobacter lwoffii	Acinetobacter	1	0	1	0.0	1	1	0
GCA_019048685.1	SAMN16357537	PRJNA231221	Acinetobacter nosocomialis	Acinetobacter	1	0	1	0.0	1	1	0
GCA_019076685.1	SAMN15929419	PRJNA659865	Acinetobacter baumannii	Acinetobacter	3	0	3	0.0	3	1	0
GCA_019331655.1	SAMN15099408	PRJNA637288	Acinetobacter baumannii	Acinetobacter	4	0	4	0.0	4	1	0
GCA_019334405.1	SAMN20179280	PRJNA746049	Acinetobacter johnsonii	Acinetobacter	7	6	1	85.714	7	3	2
GCA_019343495.1	SAMN18558474	PRJNA718681	Acinetobacter lwoffii	Acinetobacter	12	11	1	91.667	11	2	1
GCA_019356075.1	SAMN20295790	PRJNA747802	Acinetobacter baumannii	Acinetobacter	18	0	18	0.0	12	1	0
GCA_019356215.1	SAMN20326334	PRJNA748365	Acinetobacter baumannii	Acinetobacter	4	1	3	25.0	4	2	1
GCA_019434115.1	SAMN20362538	PRJNA749299	Pseudomonas aeruginosa	Pseudomonas	6	1	5	16.667	6	2	1
GCA_019434195.1	SAMN20362535	PRJNA749299	Pseudomonas aeruginosa	Pseudomonas	5	0	5	0.0	5	1	0
GCA_019457715.1	SAMN19911946	PRJNA741866	Acinetobacter baumannii	Acinetobacter	11	6	5	54.545	9	2	1
GCA_019458485.1	SAMN19955388	PRJNA742487	Acinetobacter baumannii	Acinetobacter	18	0	18	0.0	12	1	0
GCA_019602875.1	SAMN19952027	PRJNA742413	Klebsiella pneumoniae	Klebsiella	16	12	4	75.0	15	5	4
GCA_019602895.1	SAMN19952030	PRJNA742413	Klebsiella pneumoniae	Klebsiella	14	10	4	71.429	13	5	4
GCA_019602915.1	SAMN19952033	PRJNA742413	Klebsiella pneumoniae	Klebsiella	15	11	4	73.333	14	4	3
GCA_019602935.1	SAMN19952028	PRJNA742413	Klebsiella pneumoniae	Klebsiella	14	10	4	71.429	13	4	3
GCA_019602955.1	SAMN19952031	PRJNA742413	Klebsiella pneumoniae	Klebsiella	14	10	4	71.429	13	4	3
GCA_019602975.1	SAMN19952034	PRJNA742413	Klebsiella pneumoniae	Klebsiella	14	10	4	71.429	13	4	3
GCA_019602995.1	SAMN19952032	PRJNA742413	Klebsiella pneumoniae	Klebsiella	14	10	4	71.429	13	4	3
GCA_019603015.1	SAMN19952042	PRJNA742413	Klebsiella pneumoniae	Klebsiella	14	10	4	71.429	13	5	4
GCA_019603035.1	SAMN19952039	PRJNA742413	Klebsiella pneumoniae	Klebsiella	14	10	4	71.429	13	4	3
GCA_019603055.1	SAMN19952041	PRJNA742413	Klebsiella pneumoniae	Klebsiella	17	13	4	76.471	15	5	4
GCA_019603075.1	SAMN19952044	PRJNA742413	Klebsiella pneumoniae	Klebsiella	14	10	4	71.429	13	4	3
GCA_019603095.1	SAMN19952043	PRJNA742413	Klebsiella pneumoniae	Klebsiella	14	10	4	71.429	13	4	3
GCA_019603115.1	SAMN19952038	PRJNA742413	Klebsiella pneumoniae	Klebsiella	16	12	4	75.0	15	5	4
GCA_019603135.1	SAMN19952053	PRJNA742413	Klebsiella pneumoniae	Klebsiella	14	10	4	71.429	13	4	3
GCA_019603155.1	SAMN19952054	PRJNA742413	Klebsiella pneumoniae	Klebsiella	16	12	4	75.0	15	5	4
GCA_019603175.1	SAMN19952045	PRJNA742413	Klebsiella pneumoniae	Klebsiella	18	14	4	77.778	14	5	4
GCA_019603195.1	SAMN19952049	PRJNA742413	Klebsiella pneumoniae	Klebsiella	14	10	4	71.429	13	4	3
GCA_019603215.1	SAMN19952046	PRJNA742413	Klebsiella pneumoniae	Klebsiella	14	10	4	71.429	13	4	3
GCA_019603235.1	SAMN19952052	PRJNA742413	Klebsiella pneumoniae	Klebsiella	14	10	4	71.429	13	4	3
GCA_019603255.1	SAMN19952047	PRJNA742413	Klebsiella pneumoniae	Klebsiella	15	11	4	73.333	15	5	4
GCA_019603275.1	SAMN19952051	PRJNA742413	Klebsiella pneumoniae	Klebsiella	14	10	4	71.429	13	4	3
GCA_019603295.1	SAMN19952029	PRJNA742413	Klebsiella pneumoniae	Klebsiella	14	10	4	71.429	13	4	3
GCA_019702905.1	SAMD00324391	PRJDB11707	Acinetobacter sp.	Acinetobacter	1	0	1	0.0	1	1	0
GCA_019703265.1	SAMD00330122	PRJDB11826	Acinetobacter pittii	Acinetobacter	3	0	3	0.0	3	1	0
GCA_019703285.1	SAMD00330123	PRJDB11827	Acinetobacter baumannii	Acinetobacter	3	0	3	0.0	3	1	0
GCA_019787625.1	SAMN05251105	PRJNA325719	Acinetobacter lwoffii	Acinetobacter	1	0	1	0.0	1	1	0
GCA_019787645.1	SAMN05251106	PRJNA325719	Acinetobacter lwoffii	Acinetobacter	1	0	1	0.0	1	1	0
GCA_019903155.1	SAMN15646564	PRJNA607827	Acinetobacter baumannii	Acinetobacter	3	0	3	0.0	3	1	0
GCA_019903175.1	SAMN15646563	PRJNA607827	Acinetobacter baumannii	Acinetobacter	3	0	3	0.0	3	1	0
GCA_019903195.1	SAMN15646562	PRJNA607827	Acinetobacter baumannii	Acinetobacter	3	0	3	0.0	3	1	0
GCA_019903215.1	SAMN15646561	PRJNA607827	Acinetobacter baumannii	Acinetobacter	9	0	9	0.0	8	1	0
GCA_019903235.1	SAMN15646565	PRJNA607827	Acinetobacter baumannii	Acinetobacter	5	2	3	40.0	5	3	2
GCA_019974175.1	SAMD00399200	PRJDB12144	Klebsiella pneumoniae	Klebsiella	13	0	13	0.0	13	1	0
GCA_019997865.1	SAMN21028540	PRJNA732167	Acinetobacter baumannii	Acinetobacter	3	0	3	0.0	3	1	0
GCA_019998725.1	SAMN20825299	PRJNA757181	Enterobacter cloacae	Enterobacter	24	21	3	87.5	22	2	1
GCA_020099375.1	SAMN21218843	PRJNA231221	Acinetobacter variabilis	Acinetobacter	1	0	1	0.0	1	1	0
GCA_020132105.1	SAMN21240079	PRJNA607827	Acinetobacter baumannii	Acinetobacter	22	0	22	0.0	8	1	0
GCA_020162195.1	SAMN21540781	PRJNA765017	Acinetobacter johnsonii	Acinetobacter	1	0	1	0.0	1	1	0
GCA_020271605.1	SAMN20477964	PRJNA750704	Acinetobacter baumannii	Acinetobacter	20	15	5	75.0	17	3	2
GCA_020271765.1	SAMN20477963	PRJNA750704	Acinetobacter pseudolwoffii	Acinetobacter	18	17	1	94.444	14	4	3
GCA_020520325.1	SAMN22202742	PRJNA770061	Acinetobacter baumannii	Acinetobacter	11	0	11	0.0	9	1	0
GCA_020520345.1	SAMN22202743	PRJNA770061	Acinetobacter baumannii	Acinetobacter	11	0	11	0.0	9	1	0
GCA_020520365.1	SAMN22202744	PRJNA770061	Acinetobacter baumannii	Acinetobacter	11	0	11	0.0	9	1	0
GCA_020520385.1	SAMN22202745	PRJNA770061	Acinetobacter baumannii	Acinetobacter	11	0	11	0.0	9	1	0
GCA_020520405.1	SAMN22202746	PRJNA770061	Acinetobacter baumannii	Acinetobacter	11	0	11	0.0	9	1	0
GCA_020535225.1	SAMN22209171	PRJNA770122	Acinetobacter pittii	Acinetobacter	3	0	3	0.0	3	1	0
GCA_020544425.1	SAMN17038041	PRJNA683808	Acinetobacter pittii	Acinetobacter	3	0	3	0.0	2	1	0
GCA_020616635.1	SAMN22335395	PRJNA771752	Acinetobacter haemolyticus	Acinetobacter	1	0	1	0.0	1	1	0
GCA_020673335.1	SAMN22059268	PRJNA768638	Acinetobacter vivianii	Acinetobacter	3	0	3	0.0	3	1	0
GCA_020695565.1	SAMN22377430	PRJNA772913	Enterobacter cloacae	Enterobacter	23	19	4	82.609	22	3	2
GCA_020810655.1	SAMN14226727	PRJNA472828	Acinetobacter baumannii	Acinetobacter	19	1	18	5.263	15	2	1
GCA_020886835.1	SAMD00389785	PRJDB11945	Enterobacter cloacae	Enterobacter	7	4	3	57.143	7	2	1
GCA_020886955.1	SAMD00389787	PRJDB11945	Klebsiella aerogenes	Klebsiella	7	4	3	57.143	7	2	1
GCA_020906565.1	SAMN23041240	PRJNA779589	Acinetobacter baumannii	Acinetobacter	8	0	8	0.0	7	1	0
GCA_020911985.1	SAMN19110717	PRJNA729114	Acinetobacter baumannii	Acinetobacter	4	0	4	0.0	4	1	0
GCA_020912005.1	SAMN19110862	PRJNA729114	Acinetobacter baumannii	Acinetobacter	4	1	3	25.0	4	2	1
GCA_020985285.1	SAMN23235066	PRJNA781087	Acinetobacter baumannii	Acinetobacter	3	0	3	0.0	3	1	0
GCA_020991105.1	SAMN23335262	PRJNA782096	Acinetobacter pittii	Acinetobacter	14	10	4	71.429	12	3	2
GCA_021019455.3	SAMN21245944	PRJNA761133	Acinetobacter baumannii	Acinetobacter	24	0	24	0.0	15	1	0
GCA_021019495.3	SAMN21245945	PRJNA761133	Acinetobacter baumannii	Acinetobacter	24	0	24	0.0	15	1	0
GCA_021165835.1	SAMN23526059	PRJNA785026	Acinetobacter calcoaceticus	Acinetobacter	2	0	2	0.0	2	1	0
GCA_021165855.1	SAMN23526775	PRJNA785069	Acinetobacter calcoaceticus	Acinetobacter	2	0	2	0.0	2	1	0
GCA_021266485.1	SAMN24039394	PRJNA788509	Klebsiella pneumoniae	Klebsiella	4	0	4	0.0	4	1	0
GCA_021266505.1	SAMN24039393	PRJNA788509	Klebsiella pneumoniae	Klebsiella	5	1	4	20.0	5	2	1
GCA_021272285.2	SAMN24040734	PRJNA788509	Klebsiella pneumoniae	Klebsiella	4	0	4	0.0	4	1	0
GCA_021312515.1	SAMN09688127	PRJNA353728	Klebsiella pneumoniae	Klebsiella	18	16	2	88.889	17	3	2
GCA_021314735.1	SAMN05251104	PRJNA325719	Acinetobacter lwoffii	Acinetobacter	1	0	1	0.0	1	1	0
GCA_021387855.2	SAMN19523479	PRJNA734772	Acinetobacter baumannii	Acinetobacter	16	1	15	6.25	13	2	1
GCA_021387885.2	SAMN19523478	PRJNA734772	Acinetobacter baumannii	Acinetobacter	16	0	16	0.0	13	1	0
GCA_021391555.1	SAMN24291981	PRJNA791516	Acinetobacter sp.	Acinetobacter	8	5	3	62.5	7	2	1
GCA_021398135.1	SAMN24425237	PRJNA792449	Acinetobacter baumannii	Acinetobacter	16	0	16	0.0	15	1	0
GCA_021432045.1	SAMN24582573	PRJNA793744	Acinetobacter towneri	Acinetobacter	14	9	5	64.286	13	3	2
GCA_021432745.1	SAMN24405178	PRJNA792292	Acinetobacter johnsonii	Acinetobacter	1	0	1	0.0	1	1	0
GCA_021484905.1	SAMN23416908	PRJNA742487	Acinetobacter baumannii	Acinetobacter	93	0	93	0.0	12	1	0
GCA_021484925.1	SAMN20178847	PRJNA742487	Acinetobacter baumannii	Acinetobacter	72	0	72	0.0	11	1	0
GCA_021496295.1	SAMN12989376	PRJNA576279	Acinetobacter johnsonii	Acinetobacter	1	0	1	0.0	1	1	0
GCA_021496325.1	SAMN12989374	PRJNA576279	Acinetobacter johnsonii	Acinetobacter	1	0	1	0.0	1	1	0
GCA_021496345.1	SAMN12989375	PRJNA576279	Acinetobacter johnsonii	Acinetobacter	2	1	1	50.0	2	2	1
GCA_021496365.1	SAMN12989377	PRJNA576279	Acinetobacter johnsonii	Acinetobacter	2	0	2	0.0	1	1	0
GCA_021559695.1	SAMN15097904	PRJNA637186	Acinetobacter baumannii	Acinetobacter	17	0	17	0.0	16	1	0
GCA_021601605.3	SAMN24145079	PRJNA288601	Pseudomonas aeruginosa	Pseudomonas	12	0	12	0.0	10	1	0
GCA_021601685.2	SAMN24144973	PRJNA288601	Pseudomonas aeruginosa	Pseudomonas	12	0	12	0.0	10	1	0
GCA_021601745.3	SAMN24144990	PRJNA288601	Pseudomonas aeruginosa	Pseudomonas	10	0	10	0.0	9	1	0
GCA_021609965.1	SAMN23416895	PRJNA742487	Acinetobacter baumannii	Acinetobacter	42	0	42	0.0	12	1	0
GCA_021644285.3	SAMN21924085	PRJNA288601	Pseudomonas aeruginosa	Pseudomonas	10	0	10	0.0	9	1	0
GCA_021644505.2	SAMN21493832	PRJNA288601	Pseudomonas aeruginosa	Pseudomonas	14	0	14	0.0	10	1	0
GCA_021645225.2	SAMN21493863	PRJNA288601	Pseudomonas aeruginosa	Pseudomonas	14	0	14	0.0	12	1	0
GCA_021645325.2	SAMN21493905	PRJNA288601	Pseudomonas aeruginosa	Pseudomonas	11	0	11	0.0	9	1	0
GCA_021645445.2	SAMN20960116	PRJNA288601	Pseudomonas aeruginosa	Pseudomonas	16	0	16	0.0	14	1	0
GCA_021660795.4	SAMN19952162	PRJNA288601	Pseudomonas aeruginosa	Pseudomonas	18	0	18	0.0	13	1	0
GCA_021660815.2	SAMN19952165	PRJNA288601	Pseudomonas aeruginosa	Pseudomonas	11	0	11	0.0	9	1	0
GCA_021660875.3	SAMN19952140	PRJNA288601	Pseudomonas aeruginosa	Pseudomonas	14	0	14	0.0	12	1	0
GCA_021661475.3	SAMN19677608	PRJNA288601	Pseudomonas aeruginosa	Pseudomonas	15	3	12	20.0	11	2	1
GCA_021661615.2	SAMN19317583	PRJNA288601	Pseudomonas aeruginosa	Pseudomonas	14	0	14	0.0	12	1	0
GCA_021661655.3	SAMN19317582	PRJNA288601	Pseudomonas aeruginosa	Pseudomonas	14	0	14	0.0	12	1	0
GCA_021664795.2	SAMN18313855	PRJNA288601	Pseudomonas aeruginosa	Pseudomonas	16	1	15	6.25	12	2	1
GCA_021666815.3	SAMN16822478	PRJNA288601	Pseudomonas aeruginosa	Pseudomonas	12	0	12	0.0	10	1	0
GCA_021666875.3	SAMN16822479	PRJNA288601	Pseudomonas aeruginosa	Pseudomonas	12	0	12	0.0	10	1	0
GCA_021669275.3	SAMN15907130	PRJNA288601	Pseudomonas aeruginosa	Pseudomonas	12	0	12	0.0	10	1	0
GCA_021669335.3	SAMN15907131	PRJNA288601	Pseudomonas aeruginosa	Pseudomonas	12	0	12	0.0	10	1	0
GCA_021669535.2	SAMN15907129	PRJNA288601	Pseudomonas aeruginosa	Pseudomonas	12	0	12	0.0	10	1	0
GCA_021725415.1	SAMN25185246	PRJNA799658	Acinetobacter baumannii	Acinetobacter	12	0	12	0.0	11	1	0
GCA_021729465.1	SAMN15182649	PRJNA638186	Acinetobacter baumannii	Acinetobacter	19	1	18	5.263	15	2	1
GCA_021730415.1	SAMN22170067	PRJNA769700	Acinetobacter baumannii	Acinetobacter	13	0	13	0.0	11	2	0
GCA_021764725.1	SAMN25236223	PRJNA800215	Acinetobacter baumannii	Acinetobacter	15	0	15	0.0	14	1	0
GCA_021899715.1	SAMN25263435	PRJNA779589	Acinetobacter baumannii	Acinetobacter	13	7	6	53.846	10	4	3
GCA_021904535.3	SAMN21919088	PRJNA288601	Klebsiella pneumoniae	Klebsiella	17	12	5	70.588	17	3	2
GCA_021904655.3	SAMN21919093	PRJNA288601	Klebsiella pneumoniae	Klebsiella	13	8	5	61.538	13	3	2
GCA_022024795.3	SAMN17608176	PRJNA288601	Klebsiella pneumoniae	Klebsiella	19	14	5	73.684	18	3	2
GCA_022035255.2	SAMN16916268	PRJNA288601	Klebsiella pneumoniae	Klebsiella	6	2	4	33.333	6	2	1
GCA_022041375.2	SAMN16823193	PRJNA288601	Klebsiella pneumoniae	Klebsiella	16	12	4	75.0	16	2	1
GCA_022041395.2	SAMN16823194	PRJNA288601	Klebsiella pneumoniae	Klebsiella	16	12	4	75.0	16	2	1
GCA_022041435.2	SAMN16823196	PRJNA288601	Klebsiella pneumoniae	Klebsiella	17	11	6	64.706	15	3	2
GCA_022041715.2	SAMN16823208	PRJNA288601	Klebsiella pneumoniae	Klebsiella	17	11	6	64.706	14	3	2
GCA_022041755.2	SAMN16823210	PRJNA288601	Klebsiella pneumoniae	Klebsiella	15	11	4	73.333	13	3	2
GCA_022107375.2	SAMN25755497	PRJNA812595	Acinetobacter baumannii	Acinetobacter	8	0	8	0.0	6	1	0
GCA_022353725.1	SAMN13925546	PRJNA603241	Klebsiella pneumoniae	Klebsiella	17	13	4	76.471	17	2	1
GCA_022369275.1	SAMN15438232	PRJNA643930	Acinetobacter baumannii	Acinetobacter	5	2	3	40.0	5	2	1
GCA_022369355.1	SAMN15589941	PRJNA647544	Acinetobacter baumannii	Acinetobacter	12	9	3	75.0	12	3	2
GCA_022376795.1	SAMN17116081	PRJNA686409	Enterobacter hormaechei	Enterobacter	14	10	4	71.429	12	2	1
GCA_022429585.1	SAMN26082895	PRJNA808263	Acinetobacter baumannii	Acinetobacter	13	0	13	0.0	12	1	0
GCA_022439225.1	SAMN15868957	PRJNA658369	Klebsiella pneumoniae	Klebsiella	10	4	6	40.0	9	2	1
GCA_022459055.1	SAMN25131651	PRJNA798866	Acinetobacter baumannii	Acinetobacter	12	0	12	0.0	11	1	0
GCA_022459075.1	SAMN25131650	PRJNA798866	Acinetobacter baumannii	Acinetobacter	3	0	3	0.0	3	1	0
GCA_022459095.1	SAMN25131649	PRJNA798866	Acinetobacter baumannii	Acinetobacter	12	0	12	0.0	10	1	0
GCA_022459115.2	SAMN25131648	PRJNA798866	Acinetobacter baumannii	Acinetobacter	8	1	7	12.5	7	2	1
GCA_022459135.1	SAMN25131647	PRJNA798866	Acinetobacter baumannii	Acinetobacter	9	0	9	0.0	8	1	0
GCA_022459155.1	SAMN25131646	PRJNA798866	Acinetobacter baumannii	Acinetobacter	13	0	13	0.0	11	1	0
GCA_022459175.1	SAMN25131645	PRJNA798866	Acinetobacter baumannii	Acinetobacter	11	0	11	0.0	10	1	0
GCA_022459295.1	SAMN25131644	PRJNA798866	Acinetobacter baumannii	Acinetobacter	11	0	11	0.0	10	1	0
GCA_022459415.1	SAMN25131643	PRJNA798866	Acinetobacter baumannii	Acinetobacter	11	0	11	0.0	10	1	0
GCA_022459595.1	SAMN25131642	PRJNA798866	Acinetobacter baumannii	Acinetobacter	14	0	14	0.0	12	1	0
GCA_022459755.2	SAMN25131641	PRJNA798866	Acinetobacter baumannii	Acinetobacter	12	1	11	8.333	11	2	1
GCA_022459875.1	SAMN25131640	PRJNA798866	Acinetobacter baumannii	Acinetobacter	12	0	12	0.0	9	1	0
GCA_022460015.1	SAMN25131639	PRJNA798866	Acinetobacter baumannii	Acinetobacter	14	0	14	0.0	12	1	0
GCA_022460155.2	SAMN25131638	PRJNA798866	Acinetobacter baumannii	Acinetobacter	16	12	4	75.0	14	2	1
GCA_022460295.1	SAMN25131637	PRJNA798866	Acinetobacter baumannii	Acinetobacter	12	0	12	0.0	12	1	0
GCA_022460435.2	SAMN25131636	PRJNA798866	Acinetobacter baumannii	Acinetobacter	10	1	9	10.0	8	2	1
GCA_022460575.1	SAMN25131635	PRJNA798866	Acinetobacter baumannii	Acinetobacter	15	0	15	0.0	14	1	0
GCA_022460745.2	SAMN25131634	PRJNA798866	Acinetobacter baumannii	Acinetobacter	10	1	9	10.0	8	2	1
GCA_022460875.2	SAMN25131633	PRJNA798866	Acinetobacter baumannii	Acinetobacter	4	1	3	25.0	3	2	1
GCA_022461025.2	SAMN25131632	PRJNA798866	Acinetobacter baumannii	Acinetobacter	13	1	12	7.692	11	2	1
GCA_022466815.1	SAMN25131677	PRJNA798866	Acinetobacter baumannii	Acinetobacter	3	0	3	0.0	3	1	0
GCA_022466975.1	SAMN25131676	PRJNA798866	Acinetobacter baumannii	Acinetobacter	4	0	4	0.0	4	1	0
GCA_022467135.1	SAMN25131675	PRJNA798866	Acinetobacter baumannii	Acinetobacter	3	0	3	0.0	3	1	0
GCA_022467255.1	SAMN25131674	PRJNA798866	Acinetobacter baumannii	Acinetobacter	9	0	9	0.0	8	1	0
GCA_022467375.2	SAMN25131673	PRJNA798866	Acinetobacter baumannii	Acinetobacter	5	2	3	40.0	4	2	1
GCA_022467435.1	SAMN25131672	PRJNA798866	Acinetobacter baumannii	Acinetobacter	16	0	16	0.0	14	1	0
GCA_022467535.1	SAMN25131671	PRJNA798866	Acinetobacter baumannii	Acinetobacter	4	0	4	0.0	3	1	0
GCA_022467655.1	SAMN25131670	PRJNA798866	Acinetobacter baumannii	Acinetobacter	4	0	4	0.0	3	1	0
GCA_022467735.1	SAMN25131669	PRJNA798866	Acinetobacter baumannii	Acinetobacter	14	0	14	0.0	11	1	0
GCA_022467805.1	SAMN25131668	PRJNA798866	Acinetobacter baumannii	Acinetobacter	13	0	13	0.0	11	1	0
GCA_022467905.1	SAMN25131667	PRJNA798866	Acinetobacter baumannii	Acinetobacter	8	0	8	0.0	7	1	0
GCA_022467975.1	SAMN25131666	PRJNA798866	Acinetobacter baumannii	Acinetobacter	13	0	13	0.0	11	1	0
GCA_022468075.1	SAMN25131665	PRJNA798866	Acinetobacter baumannii	Acinetobacter	16	0	16	0.0	15	1	0
GCA_022468195.1	SAMN25131664	PRJNA798866	Acinetobacter baumannii	Acinetobacter	11	0	11	0.0	9	1	0
GCA_022468295.1	SAMN25131663	PRJNA798866	Acinetobacter baumannii	Acinetobacter	15	0	15	0.0	14	1	0
GCA_022468355.1	SAMN25131662	PRJNA798866	Acinetobacter baumannii	Acinetobacter	12	0	12	0.0	11	1	0
GCA_022468455.1	SAMN25131661	PRJNA798866	Acinetobacter baumannii	Acinetobacter	11	0	11	0.0	10	1	0
GCA_022468565.1	SAMN25131660	PRJNA798866	Acinetobacter baumannii	Acinetobacter	13	0	13	0.0	11	1	0
GCA_022468645.2	SAMN25131659	PRJNA798866	Acinetobacter baumannii	Acinetobacter	11	1	10	9.091	10	2	1
GCA_022468755.1	SAMN25131658	PRJNA798866	Acinetobacter baumannii	Acinetobacter	10	0	10	0.0	9	1	0
GCA_022468795.1	SAMN25131657	PRJNA798866	Acinetobacter baumannii	Acinetobacter	10	0	10	0.0	8	1	0
GCA_022468835.2	SAMN25131656	PRJNA798866	Acinetobacter baumannii	Acinetobacter	10	1	9	10.0	8	2	1
GCA_022468855.2	SAMN25131655	PRJNA798866	Acinetobacter baumannii	Acinetobacter	12	1	11	8.333	8	2	1
GCA_022468985.2	SAMN25131654	PRJNA798866	Acinetobacter baumannii	Acinetobacter	9	1	8	11.111	6	2	1
GCA_022469075.1	SAMN25131653	PRJNA798866	Acinetobacter baumannii	Acinetobacter	15	0	15	0.0	11	1	0
GCA_022475555.3	SAMN26420017	PRJNA288601	Pseudomonas aeruginosa	Pseudomonas	26	7	19	26.923	10	2	1
GCA_022494335.1	SAMN13925571	PRJNA603241	Klebsiella pneumoniae	Klebsiella	8	6	2	75.0	8	2	1
GCA_022494475.1	SAMN13925577	PRJNA603241	Klebsiella pneumoniae	Klebsiella	22	19	3	86.364	21	2	1
GCA_022539555.1	SAMN22884097	PRJNA777842	Klebsiella variicola	Klebsiella	3	0	3	0.0	3	1	0
GCA_022548575.1	SAMN25131652	PRJNA798866	Acinetobacter baumannii	Acinetobacter	26	0	26	0.0	18	1	0
GCA_022559085.1	SAMN09842413	PRJNA353728	Klebsiella pneumoniae	Klebsiella	8	4	4	50.0	8	2	1
GCA_022559105.1	SAMN09842417	PRJNA353728	Klebsiella pneumoniae	Klebsiella	8	4	4	50.0	8	2	1
GCA_022559125.1	SAMN12623216	PRJNA353728	Klebsiella pneumoniae	Klebsiella	10	6	4	60.0	10	2	1
GCA_022593675.3	SAMN26564914	PRJNA288601	Pseudomonas aeruginosa	Pseudomonas	12	0	12	0.0	10	1	0
GCA_022605145.1	SAMN25087978	PRJNA798598	Acinetobacter baumannii	Acinetobacter	3	0	3	0.0	3	1	0
GCA_022649725.1	SAMN09688152	PRJNA353728	Klebsiella pneumoniae	Klebsiella	27	23	4	85.185	24	4	3
GCA_022675365.2	SAMN26849763	PRJNA288601	Klebsiella pneumoniae	Klebsiella	17	11	6	64.706	15	3	2
GCA_022675435.2	SAMN26849761	PRJNA288601	Klebsiella pneumoniae	Klebsiella	20	16	4	80.0	17	4	3
GCA_022699405.1	SAMN26668785	PRJNA816299	Klebsiella pneumoniae	Klebsiella	11	0	11	0.0	11	1	0
GCA_022699425.1	SAMN26669095	PRJNA816318	Klebsiella pneumoniae	Klebsiella	11	0	11	0.0	11	1	0
GCA_022699605.1	SAMN26570487	PRJNA814842	Acinetobacter sp.	Acinetobacter	5	0	5	0.0	5	1	0
GCA_022749595.1	SAMN26688158	PRJNA816663	Acinetobacter indicus	Acinetobacter	17	9	8	52.941	16	2	1
GCA_022749615.1	SAMN26686321	PRJNA816620	Acinetobacter variabilis	Acinetobacter	21	7	14	33.333	9	5	4
GCA_022749635.1	SAMN26688272	PRJNA816674	Acinetobacter indicus	Acinetobacter	9	5	4	55.556	7	3	2
GCA_022759565.1	SAMN26814682	PRJNA818046	Acinetobacter baumannii	Acinetobacter	17	0	17	0.0	15	1	0
GCA_022811905.1	SAMN16714580	PRJNA675757	Acinetobacter baumannii	Acinetobacter	15	12	3	80.0	14	2	1
GCA_022819285.1	SAMN26805950	PRJNA817686	Acinetobacter sp.	Acinetobacter	2	0	2	0.0	2	1	0
GCA_022828975.1	SAMN27006111	PRJNA820370	Acinetobacter sp.	Acinetobacter	2	0	2	0.0	2	1	0
GCA_022832955.1	SAMN26688062	PRJNA816651	Acinetobacter schindleri	Acinetobacter	26	24	2	92.308	13	3	2
GCA_022870045.1	SAMN14078800	PRJNA605254	Acinetobacter baumannii	Acinetobacter	4	0	4	0.0	4	1	0
GCA_022915975.2	SAMN27182090	PRJNA288601	Pseudomonas aeruginosa	Pseudomonas	14	0	14	0.0	12	1	0
GCA_022916135.2	SAMN27182098	PRJNA812595	Acinetobacter baumannii	Acinetobacter	5	0	5	0.0	5	1	0
GCA_022916475.3	SAMN27182104	PRJNA288601	Pseudomonas aeruginosa	Pseudomonas	16	0	16	0.0	14	1	0
GCA_022916555.2	SAMN27182072	PRJNA812595	Acinetobacter baumannii	Acinetobacter	12	0	12	0.0	11	1	0
GCA_022921035.1	SAMN27303889	PRJNA823506	Acinetobacter baumannii	Acinetobacter	16	0	16	0.0	15	1	0
GCA_023037315.1	SAMN19601711	PRJNA735900	Klebsiella pneumoniae	Klebsiella	4	0	4	0.0	4	1	0
GCA_023054035.2	SAMN27591179	PRJNA812595	Acinetobacter baumannii	Acinetobacter	8	0	8	0.0	8	1	0
GCA_023093135.2	SAMN27739163	PRJNA812595	Acinetobacter baumannii	Acinetobacter	5	0	5	0.0	5	1	0
GCA_023117055.1	SAMN19698109	PRJNA737523	Klebsiella pneumoniae	Klebsiella	12	10	2	83.333	11	3	2
GCA_023158935.1	SAMN27668265	PRJNA828443	Acinetobacter portensis	Acinetobacter	19	14	5	73.684	14	3	2
GCA_023221535.1	SAMN27770840	PRJNA812061	Acinetobacter baumannii	Acinetobacter	13	0	13	0.0	13	1	0
GCA_023273785.1	SAMN27925156	PRJNA314151	Acinetobacter baumannii	Acinetobacter	16	0	16	0.0	11	1	0
GCA_023278405.1	SAMN19229628	PRJNA730362	Pseudomonas shirazica	Pseudomonas	1	1	0	100.0	1	1	1
GCA_023360975.1	SAMN24114688	PRJNA789460	Acinetobacter baumannii	Acinetobacter	13	0	13	0.0	10	1	0
GCA_023360995.1	SAMN24114687	PRJNA789460	Acinetobacter baumannii	Acinetobacter	16	0	16	0.0	15	1	0
GCA_023361015.1	SAMN24114686	PRJNA789460	Acinetobacter baumannii	Acinetobacter	12	0	12	0.0	12	1	0
GCA_023361035.1	SAMN24114685	PRJNA789460	Acinetobacter baumannii	Acinetobacter	12	0	12	0.0	11	1	0
GCA_023361055.1	SAMN24114684	PRJNA789460	Acinetobacter baumannii	Acinetobacter	18	0	18	0.0	15	1	0
GCA_023361075.1	SAMN24114683	PRJNA789460	Acinetobacter baumannii	Acinetobacter	16	0	16	0.0	15	1	0
GCA_023361095.1	SAMN24114679	PRJNA789460	Acinetobacter baumannii	Acinetobacter	21	1	20	4.762	17	2	1
GCA_023361115.1	SAMN24114680	PRJNA789460	Acinetobacter baumannii	Acinetobacter	18	0	18	0.0	12	1	0
GCA_023361135.1	SAMN24114678	PRJNA789460	Acinetobacter baumannii	Acinetobacter	20	0	20	0.0	16	1	0
GCA_023361155.1	SAMN24114677	PRJNA789460	Acinetobacter baumannii	Acinetobacter	19	0	19	0.0	16	1	0
GCA_023361175.1	SAMN24114676	PRJNA789460	Acinetobacter baumannii	Acinetobacter	19	0	19	0.0	16	1	0
GCA_023361195.1	SAMN24114675	PRJNA789460	Acinetobacter baumannii	Acinetobacter	19	0	19	0.0	16	1	0
GCA_023361215.1	SAMN24114674	PRJNA789460	Acinetobacter baumannii	Acinetobacter	12	0	12	0.0	11	1	0
GCA_023361235.1	SAMN24114673	PRJNA789460	Acinetobacter baumannii	Acinetobacter	14	0	14	0.0	12	1	0
GCA_023361255.1	SAMN24114672	PRJNA789460	Acinetobacter baumannii	Acinetobacter	21	1	20	4.762	17	2	1
GCA_023361275.1	SAMN24114671	PRJNA789460	Acinetobacter baumannii	Acinetobacter	16	1	15	6.25	15	2	1
GCA_023361815.1	SAMN24114670	PRJNA789460	Acinetobacter baumannii	Acinetobacter	16	1	15	6.25	15	2	1
GCA_023361835.1	SAMN24114669	PRJNA789460	Acinetobacter baumannii	Acinetobacter	14	1	13	7.143	12	2	1
GCA_023361855.1	SAMN24114668	PRJNA789460	Acinetobacter baumannii	Acinetobacter	22	0	22	0.0	16	1	0
GCA_023361875.1	SAMN24114667	PRJNA789460	Acinetobacter baumannii	Acinetobacter	16	0	16	0.0	15	1	0
GCA_023361895.1	SAMN24114666	PRJNA789460	Acinetobacter baumannii	Acinetobacter	17	1	16	5.882	16	2	1
GCA_023361915.1	SAMN24114665	PRJNA789460	Acinetobacter baumannii	Acinetobacter	21	0	21	0.0	17	1	0
GCA_023361935.1	SAMN24114664	PRJNA789460	Acinetobacter baumannii	Acinetobacter	16	1	15	6.25	15	2	1
GCA_023361955.1	SAMN24114663	PRJNA789460	Acinetobacter baumannii	Acinetobacter	18	0	18	0.0	16	1	0
GCA_023361975.1	SAMN24114662	PRJNA789460	Acinetobacter baumannii	Acinetobacter	14	0	14	0.0	12	1	0
GCA_023361995.1	SAMN24114661	PRJNA789460	Acinetobacter baumannii	Acinetobacter	16	1	15	6.25	15	2	1
GCA_023362015.1	SAMN24114660	PRJNA789460	Acinetobacter baumannii	Acinetobacter	8	0	8	0.0	7	1	0
GCA_023362035.1	SAMN24114658	PRJNA789460	Acinetobacter baumannii	Acinetobacter	20	0	20	0.0	16	1	0
GCA_023362055.1	SAMN24114657	PRJNA789460	Acinetobacter baumannii	Acinetobacter	9	0	9	0.0	8	1	0
GCA_023362075.1	SAMN24114656	PRJNA789460	Acinetobacter baumannii	Acinetobacter	18	0	18	0.0	16	1	0
GCA_023362095.1	SAMN24114655	PRJNA789460	Acinetobacter baumannii	Acinetobacter	18	0	18	0.0	16	1	0
GCA_023362115.1	SAMN24114654	PRJNA789460	Acinetobacter baumannii	Acinetobacter	15	1	14	6.667	14	2	1
GCA_023362135.1	SAMN24114652	PRJNA789460	Acinetobacter baumannii	Acinetobacter	16	0	16	0.0	15	1	0
GCA_023362155.1	SAMN24114651	PRJNA789460	Acinetobacter baumannii	Acinetobacter	16	0	16	0.0	15	1	0
GCA_023362175.1	SAMN24114649	PRJNA789460	Acinetobacter baumannii	Acinetobacter	17	0	17	0.0	15	1	0
GCA_023362195.1	SAMN24114648	PRJNA789460	Acinetobacter baumannii	Acinetobacter	19	0	19	0.0	16	1	0
GCA_023362215.1	SAMN24114647	PRJNA789460	Acinetobacter baumannii	Acinetobacter	13	0	13	0.0	11	1	0
GCA_023362235.1	SAMN24114646	PRJNA789460	Acinetobacter baumannii	Acinetobacter	20	0	20	0.0	16	1	0
GCA_023362255.1	SAMN24114645	PRJNA789460	Acinetobacter baumannii	Acinetobacter	25	0	25	0.0	16	1	0
GCA_023362275.1	SAMN24114644	PRJNA789460	Acinetobacter baumannii	Acinetobacter	20	1	19	5.0	16	2	1
GCA_023517155.1	SAMN19762585	PRJNA738868	Acinetobacter baumannii	Acinetobacter	16	0	16	0.0	13	1	0
GCA_023517175.1	SAMN19762827	PRJNA738868	Acinetobacter baumannii	Acinetobacter	8	0	8	0.0	6	1	0
GCA_023517195.1	SAMN19762528	PRJNA738868	Acinetobacter baumannii	Acinetobacter	5	0	5	0.0	4	1	0
GCA_023517215.1	SAMN19774606	PRJNA738868	Acinetobacter baumannii	Acinetobacter	11	0	11	0.0	10	1	0
GCA_023517235.1	SAMN19774628	PRJNA738868	Acinetobacter baumannii	Acinetobacter	5	0	5	0.0	4	1	0
GCA_023517255.1	SAMN19762636	PRJNA738868	Acinetobacter baumannii	Acinetobacter	14	0	14	0.0	12	1	0
GCA_023517695.1	SAMN19774653	PRJNA738868	Acinetobacter baumannii	Acinetobacter	10	0	10	0.0	9	1	0
GCA_023517715.1	SAMN19762632	PRJNA738868	Acinetobacter baumannii	Acinetobacter	7	0	7	0.0	6	1	0
GCA_023517735.1	SAMN19774588	PRJNA738868	Acinetobacter baumannii	Acinetobacter	11	0	11	0.0	9	1	0
GCA_023539055.1	SAMN28448992	PRJNA788509	Klebsiella pneumoniae	Klebsiella	22	18	4	81.818	20	3	2
GCA_023539075.1	SAMN28448991	PRJNA788509	Klebsiella pneumoniae	Klebsiella	20	16	4	80.0	18	4	3
GCA_023539095.1	SAMN28448990	PRJNA788509	Klebsiella pneumoniae	Klebsiella	26	21	5	80.769	22	3	2
GCA_023539115.1	SAMN28448989	PRJNA788509	Klebsiella pneumoniae	Klebsiella	17	13	4	76.471	14	3	2
GCA_023612055.1	SAMN20924723	PRJNA756719	Acinetobacter sp.	Acinetobacter	2	0	2	0.0	2	1	0
GCA_023615345.2	SAMN28788543	PRJNA812595	Acinetobacter baumannii	Acinetobacter	8	0	8	0.0	8	1	0
GCA_023615705.2	SAMN28788563	PRJNA812595	Acinetobacter baumannii	Acinetobacter	13	0	13	0.0	11	1	0
GCA_023615745.2	SAMN28788566	PRJNA812595	Acinetobacter baumannii	Acinetobacter	16	0	16	0.0	13	1	0
GCA_023615765.2	SAMN28788565	PRJNA288601	Pseudomonas aeruginosa	Pseudomonas	18	6	12	33.333	9	3	2
GCA_023669645.2	SAMN28658286	PRJNA842366	Acinetobacter pittii	Acinetobacter	2	0	2	0.0	2	1	0
GCA_023702675.1	SAMN28658293	PRJNA842366	Acinetobacter sp.	Acinetobacter	2	0	2	0.0	2	1	0
GCA_023702695.1	SAMN28658292	PRJNA842366	Acinetobacter sp.	Acinetobacter	2	0	2	0.0	2	1	0
GCA_023702715.1	SAMN28658291	PRJNA842366	Acinetobacter sp.	Acinetobacter	2	0	2	0.0	2	1	0
GCA_023703995.1	SAMN15547545	PRJNA646592	Klebsiella pneumoniae	Klebsiella	4	0	4	0.0	4	1	0
GCA_023716445.1	SAMN28907141	PRJNA846980	Klebsiella pneumoniae	Klebsiella	4	0	4	0.0	4	1	0
GCA_023757925.1	SAMN25342883	PRJNA801404	Acinetobacter sp.	Acinetobacter	2	0	2	0.0	2	1	0
GCA_023809625.1	SAMN28980502	PRJNA848080	Acinetobacter baumannii	Acinetobacter	14	11	3	78.571	13	3	2
GCA_023809705.1	SAMN28981486	PRJNA848083	Acinetobacter baumannii	Acinetobacter	14	11	3	78.571	13	3	2
GCA_023822225.1	SAMN24344821	PRJNA791777	Acinetobacter johnsonii	Acinetobacter	1	0	1	0.0	1	1	0
GCA_023824315.1	SAMN28192584	PRJNA837216	Acinetobacter tibetensis	Acinetobacter	1	0	1	0.0	1	1	0
GCA_023920705.1	SAMN26453587	PRJNA813167	Acinetobacter sp.	Acinetobacter	2	0	2	0.0	2	1	0
GCA_023922005.1	SAMN08683320	PRJNA437684	Acinetobacter pittii	Acinetobacter	5	3	2	60.0	5	2	1
GCA_023981045.1	SAMN13150932	PRJNA580046	Acinetobacter baumannii	Acinetobacter	19	0	19	0.0	17	1	0
GCA_024083765.1	SAMN27485236	PRJNA824945	Acinetobacter pittii	Acinetobacter	8	4	4	50.0	8	4	3
GCA_024106315.2	SAMN29151496	PRJNA812595	Acinetobacter baumannii	Acinetobacter	5	0	5	0.0	5	1	0
GCA_024125655.1	SAMN29272862	PRJNA852360	Enterobacter sp.	Enterobacter	15	11	4	73.333	14	3	2
GCA_024125815.1	SAMN29327161	PRJNA851068	Acinetobacter baumannii	Acinetobacter	17	0	17	0.0	15	1	0
GCA_024126235.1	SAMN29272847	PRJNA851068	Acinetobacter baumannii	Acinetobacter	17	0	17	0.0	15	1	0
GCA_024126255.1	SAMN29272488	PRJNA851068	Acinetobacter baumannii	Acinetobacter	15	0	15	0.0	14	1	0
GCA_024126275.1	SAMN29325273	PRJNA851068	Acinetobacter baumannii	Acinetobacter	20	0	20	0.0	16	1	0
GCA_024126295.1	SAMN29325381	PRJNA851068	Acinetobacter baumannii	Acinetobacter	12	0	12	0.0	11	1	0
GCA_024126315.1	SAMN29325385	PRJNA851068	Acinetobacter baumannii	Acinetobacter	16	0	16	0.0	14	1	0
GCA_024134625.1	SAMN29176533	PRJNA850273	Acinetobacter baumannii	Acinetobacter	12	0	12	0.0	11	1	0
GCA_024134645.1	SAMN29176535	PRJNA850273	Acinetobacter baumannii	Acinetobacter	3	0	3	0.0	3	1	0
GCA_024134665.1	SAMN29176536	PRJNA850273	Acinetobacter baumannii	Acinetobacter	3	0	3	0.0	3	1	0
GCA_024134685.1	SAMN29176534	PRJNA850273	Acinetobacter baumannii	Acinetobacter	20	0	20	0.0	16	1	0
GCA_024137925.1	SAMN29213188	PRJNA851068	Acinetobacter baumannii	Acinetobacter	18	0	18	0.0	15	1	0
GCA_024138105.1	SAMN29386244	PRJNA853386	Acinetobacter baumannii	Acinetobacter	4	0	4	0.0	3	1	0
GCA_024138435.1	SAMN19356554	PRJNA731249	Acinetobacter baumannii	Acinetobacter	5	1	4	20.0	4	2	1
GCA_024139015.1	SAMN19356540	PRJNA731249	Acinetobacter baumannii	Acinetobacter	22	6	16	27.273	13	3	2
GCA_024139035.1	SAMN19356535	PRJNA731249	Acinetobacter baumannii	Acinetobacter	12	0	12	0.0	11	1	0
GCA_024139055.1	SAMN19356533	PRJNA731249	Acinetobacter baumannii	Acinetobacter	6	1	5	16.667	4	2	1
GCA_024139075.1	SAMN19356530	PRJNA731249	Acinetobacter baumannii	Acinetobacter	10	6	4	60.0	9	3	2
GCA_024139095.1	SAMN19356522	PRJNA731249	Acinetobacter baumannii	Acinetobacter	10	2	8	20.0	9	2	1
GCA_024172225.1	SAMN29388303	PRJNA853436	Acinetobacter baumannii	Acinetobacter	11	0	11	0.0	8	1	0
GCA_024181765.1	SAMN08968574	PRJNA451344	Acinetobacter pittii	Acinetobacter	5	3	2	60.0	5	2	1
GCA_024205265.1	SAMN23553143	PRJNA716893	Acinetobacter baumannii	Acinetobacter	10	0	10	0.0	7	1	0
GCA_024205285.1	SAMN23553142	PRJNA716893	Acinetobacter baumannii	Acinetobacter	11	0	11	0.0	7	1	0
GCA_024271825.1	SAMN19356555	PRJNA731249	Acinetobacter baumannii	Acinetobacter	4	1	3	25.0	3	2	1
GCA_024426665.1	SAMN28871714	PRJNA846279	Acinetobacter baumannii	Acinetobacter	9	6	3	66.667	9	2	1
GCA_024505625.1	SAMN29977860	PRJNA677881	Acinetobacter baumannii	Acinetobacter	18	15	3	83.333	16	2	1
GCA_024582815.1	SAMN30058931	PRJNA863728	Acinetobacter colistiniresistens	Acinetobacter	3	1	2	33.333	3	2	1
GCA_024605785.1	SAMN26992838	PRJNA820307	Acinetobacter sp.	Acinetobacter	7	7	0	100.0	7	2	2
GCA_024605895.1	SAMN26992904	PRJNA820312	Acinetobacter sp.	Acinetobacter	8	8	0	100.0	8	1	1
GCA_024606005.1	SAMN26993015	PRJNA820314	Acinetobacter sp.	Acinetobacter	19	19	0	100.0	14	4	4
GCA_024704635.1	SAMN05251102	PRJNA325719	Acinetobacter lwoffii	Acinetobacter	3	2	1	66.667	3	3	2
GCA_024730805.1	SAMN30308647	PRJNA869490	Acinetobacter baumannii	Acinetobacter	16	0	16	0.0	15	1	0
GCA_024732425.1	SAMN09244924	PRJNA472828	Acinetobacter baumannii	Acinetobacter	11	0	11	0.0	8	1	0
GCA_024749385.1	SAMN23078461	PRJNA779872	Acinetobacter baumannii	Acinetobacter	9	0	9	0.0	8	1	0
GCA_024749405.1	SAMN23078453	PRJNA779872	Acinetobacter baumannii	Acinetobacter	3	0	3	0.0	3	1	0
GCA_024749425.1	SAMN23078455	PRJNA779872	Acinetobacter baumannii	Acinetobacter	3	0	3	0.0	3	1	0
GCA_024749445.1	SAMN23078463	PRJNA779872	Acinetobacter baumannii	Acinetobacter	14	10	4	71.429	14	2	1
GCA_024749465.1	SAMN23078460	PRJNA779872	Acinetobacter baumannii	Acinetobacter	13	10	3	76.923	13	2	1
GCA_024749485.1	SAMN23078458	PRJNA779872	Acinetobacter baumannii	Acinetobacter	18	6	12	33.333	11	3	2
GCA_024749505.1	SAMN23078462	PRJNA779872	Acinetobacter baumannii	Acinetobacter	7	4	3	57.143	7	2	1
GCA_024749525.1	SAMN23078459	PRJNA779872	Acinetobacter baumannii	Acinetobacter	11	6	5	54.545	11	4	3
GCA_024749545.1	SAMN23078457	PRJNA779872	Acinetobacter baumannii	Acinetobacter	17	8	9	47.059	9	4	3
GCA_024749605.1	SAMN23078452	PRJNA779872	Acinetobacter baumannii	Acinetobacter	4	1	3	25.0	4	2	1
GCA_024749625.1	SAMN23078451	PRJNA779872	Acinetobacter baumannii	Acinetobacter	3	0	3	0.0	3	1	0
GCA_024749645.1	SAMN23078450	PRJNA779872	Acinetobacter baumannii	Acinetobacter	3	0	3	0.0	3	1	0
GCA_024749665.1	SAMN23078449	PRJNA779872	Acinetobacter baumannii	Acinetobacter	9	2	7	22.222	7	3	2
GCA_024749685.1	SAMN23078448	PRJNA779872	Acinetobacter baumannii	Acinetobacter	15	1	14	6.667	12	2	1
GCA_024749745.1	SAMN23078445	PRJNA779872	Acinetobacter baumannii	Acinetobacter	9	2	7	22.222	7	3	2
GCA_024749765.1	SAMN23078444	PRJNA779872	Acinetobacter baumannii	Acinetobacter	9	2	7	22.222	7	3	2
GCA_024800505.1	SAMN30472217	PRJNA872864	Acinetobacter baumannii	Acinetobacter	16	0	16	0.0	15	1	0
GCA_024922185.2	SAMN30655645	PRJNA812595	Acinetobacter baumannii	Acinetobacter	16	0	16	0.0	13	1	0
GCA_024922265.2	SAMN30655618	PRJNA288601	Pseudomonas aeruginosa	Pseudomonas	27	0	27	0.0	20	1	0
GCA_025258705.1	SAMN21924070	PRJNA812595	Acinetobacter baumannii	Acinetobacter	24	13	11	54.167	18	2	1
GCA_025258745.1	SAMN21924071	PRJNA812595	Acinetobacter baumannii	Acinetobacter	24	13	11	54.167	18	2	1
GCA_025258765.1	SAMN21493827	PRJNA812595	Acinetobacter baumannii	Acinetobacter	25	14	11	56.0	18	3	2
GCA_025258785.1	SAMN21493859	PRJNA812595	Acinetobacter baumannii	Acinetobacter	24	13	11	54.167	18	2	1
GCA_025258805.1	SAMN21493860	PRJNA812595	Acinetobacter baumannii	Acinetobacter	24	13	11	54.167	18	2	1
GCA_025258845.1	SAMN21493862	PRJNA812595	Acinetobacter baumannii	Acinetobacter	25	14	11	56.0	18	3	2
GCA_025264005.1	SAMN30068511	PRJNA856447	Acinetobacter baumannii	Acinetobacter	3	0	3	0.0	3	1	0
GCA_025369955.3	SAMN21924069	PRJNA812595	Acinetobacter baumannii	Acinetobacter	24	13	11	54.167	18	2	1
GCA_025398455.1	SAMN19317614	PRJNA812595	Acinetobacter variabilis	Acinetobacter	13	9	4	69.231	12	2	1
GCA_025398815.1	SAMN30864159	PRJNA880739	Acinetobacter baylyi	Acinetobacter	2	1	1	50.0	2	2	1
GCA_025398855.1	SAMN30864160	PRJNA880735	Acinetobacter baylyi	Acinetobacter	3	2	1	66.667	3	2	1
GCA_025402915.1	SAMN11997569	PRJNA548006	Acinetobacter baumannii	Acinetobacter	13	0	13	0.0	12	1	0
GCA_025402975.1	SAMN30929087	PRJNA882199	Acinetobacter baumannii	Acinetobacter	12	0	12	0.0	10	1	0
GCA_025449155.1	SAMN30929296	PRJNA882211	Acinetobacter baumannii	Acinetobacter	12	0	12	0.0	11	1	0
GCA_025449175.1	SAMN30929355	PRJNA882199	Acinetobacter baumannii	Acinetobacter	10	0	10	0.0	9	1	0
GCA_025449195.1	SAMN30929528	PRJNA882211	Acinetobacter baumannii	Acinetobacter	12	0	12	0.0	11	1	0
GCA_025580225.2	SAMN31152632	PRJNA288601	Pseudomonas aeruginosa	Pseudomonas	12	0	12	0.0	10	1	0
GCA_025722955.1	SAMN31100588	PRJNA885620	Acinetobacter baumannii	Acinetobacter	11	0	11	0.0	8	1	0
GCA_025723105.1	SAMN23563199	PRJNA785437	Acinetobacter ursingii	Acinetobacter	16	15	1	93.75	13	2	1
GCA_025723125.1	SAMN23563198	PRJNA785437	Acinetobacter ursingii	Acinetobacter	9	8	1	88.889	9	2	1
GCA_025723145.1	SAMN23563197	PRJNA785437	Acinetobacter ursingii	Acinetobacter	14	13	1	92.857	13	2	1
GCA_025736915.1	SAMN30971792	PRJNA883568	Acinetobacter nosocomialis	Acinetobacter	2	0	2	0.0	2	1	0
GCA_025736955.1	SAMN24562915	PRJNA793523	Pseudomonas aeruginosa	Pseudomonas	8	3	5	37.5	8	2	1
GCA_025736975.1	SAMN24562916	PRJNA793523	Pseudomonas aeruginosa	Pseudomonas	13	8	5	61.538	12	2	1
GCA_025758335.1	SAMN31063831	PRJNA885055	Klebsiella pneumoniae	Klebsiella	18	14	4	77.778	18	3	2
GCA_025792515.1	SAMN21354763	PRJNA761552	Pseudomonas aeruginosa	Pseudomonas	4	0	4	0.0	4	1	0
GCA_025792535.1	SAMN21354764	PRJNA761552	Pseudomonas aeruginosa	Pseudomonas	5	0	5	0.0	5	1	0
GCA_025792555.1	SAMN21354766	PRJNA761552	Pseudomonas aeruginosa	Pseudomonas	3	0	3	0.0	3	1	0
GCA_025792575.1	SAMN21354767	PRJNA761552	Pseudomonas aeruginosa	Pseudomonas	4	0	4	0.0	4	1	0
GCA_025792595.1	SAMN21354768	PRJNA761552	Pseudomonas aeruginosa	Pseudomonas	3	0	3	0.0	3	1	0
GCA_025792615.1	SAMN21354769	PRJNA761552	Pseudomonas aeruginosa	Pseudomonas	5	0	5	0.0	5	1	0
GCA_025792635.1	SAMN21354771	PRJNA761552	Pseudomonas aeruginosa	Pseudomonas	5	0	5	0.0	5	1	0
GCA_025792655.1	SAMN21354772	PRJNA761552	Pseudomonas aeruginosa	Pseudomonas	3	0	3	0.0	3	1	0
GCA_025792675.1	SAMN21354818	PRJNA761552	Pseudomonas aeruginosa	Pseudomonas	5	0	5	0.0	5	1	0
GCA_025853895.1	SAMN30898311	PRJNA812594	Acinetobacter baumannii	Acinetobacter	5	0	5	0.0	3	1	0
GCA_025853915.1	SAMN30898312	PRJNA812594	Acinetobacter baumannii	Acinetobacter	9	0	9	0.0	7	1	0
GCA_025853935.1	SAMN30898313	PRJNA812594	Acinetobacter baumannii	Acinetobacter	9	0	9	0.0	7	1	0
GCA_025853955.1	SAMN30898314	PRJNA812594	Acinetobacter baumannii	Acinetobacter	9	0	9	0.0	7	1	0
GCA_025853975.1	SAMN30898315	PRJNA812594	Acinetobacter baumannii	Acinetobacter	9	0	9	0.0	7	1	0
GCA_025853995.1	SAMN30898316	PRJNA812594	Acinetobacter baumannii	Acinetobacter	11	0	11	0.0	9	1	0
GCA_025854015.1	SAMN30898321	PRJNA812594	Acinetobacter baumannii	Acinetobacter	11	0	11	0.0	9	1	0
GCA_025854035.1	SAMN30898322	PRJNA812594	Acinetobacter baumannii	Acinetobacter	6	1	5	16.667	4	2	1
GCA_025854055.1	SAMN30898323	PRJNA812594	Acinetobacter baumannii	Acinetobacter	5	0	5	0.0	3	1	0
GCA_025854075.1	SAMN30898324	PRJNA812594	Acinetobacter baumannii	Acinetobacter	6	0	6	0.0	4	1	0
GCA_025854095.1	SAMN30898325	PRJNA812594	Acinetobacter baumannii	Acinetobacter	6	1	5	16.667	4	2	1
GCA_025854115.1	SAMN30898326	PRJNA812594	Acinetobacter baumannii	Acinetobacter	9	0	9	0.0	7	1	0
GCA_025854135.1	SAMN30898327	PRJNA812594	Acinetobacter baumannii	Acinetobacter	9	0	9	0.0	7	1	0
GCA_025854155.1	SAMN30898357	PRJNA812594	Acinetobacter baumannii	Acinetobacter	10	0	10	0.0	8	1	0
GCA_025854175.1	SAMN30898328	PRJNA812594	Acinetobacter baumannii	Acinetobacter	9	0	9	0.0	7	1	0
GCA_025854195.1	SAMN30898329	PRJNA812594	Acinetobacter baumannii	Acinetobacter	9	0	9	0.0	7	1	0
GCA_025854215.1	SAMN30898330	PRJNA812594	Acinetobacter baumannii	Acinetobacter	9	0	9	0.0	7	1	0
GCA_025854235.1	SAMN30898331	PRJNA812594	Acinetobacter baumannii	Acinetobacter	9	0	9	0.0	7	1	0
GCA_025854255.1	SAMN30898332	PRJNA812594	Acinetobacter baumannii	Acinetobacter	6	1	5	16.667	4	2	1
GCA_025854315.1	SAMN31265944	PRJNA890031	Acinetobacter baumannii	Acinetobacter	13	0	13	0.0	11	1	0
GCA_025908375.1	SAMN31029875	PRJNA884522	Enterobacter cloacae	Enterobacter	16	12	4	75.0	15	2	1
GCA_025916215.1	SAMN31277299	PRJNA890411	Acinetobacter baumannii	Acinetobacter	13	0	13	0.0	10	1	0
GCA_025995075.1	SAMD00467119	PRJDB12922	Acinetobacter baumannii	Acinetobacter	4	0	4	0.0	4	1	0
GCA_026062515.1	SAMN31494247	PRJNA893697	Acinetobacter baumannii	Acinetobacter	16	8	8	50.0	12	5	4
GCA_026167785.1	SAMN10245912	PRJNA496567	Acinetobacter baumannii	Acinetobacter	4	1	3	25.0	4	2	1
GCA_026167805.1	SAMN10245912	PRJNA497482	Acinetobacter baumannii	Acinetobacter	4	1	3	25.0	4	2	1
GCA_026194635.2	SAMN25159974	PRJNA799362	Acinetobacter baumannii	Acinetobacter	3	0	3	0.0	3	1	0
GCA_026253365.1	SAMEA3357346	PRJNA646837	Klebsiella pneumoniae	Klebsiella	5	0	5	0.0	5	1	0
GCA_026256285.1	SAMEA3357130	PRJNA646837	Klebsiella pneumoniae	Klebsiella	5	1	4	20.0	5	2	1
GCA_026256325.1	SAMEA3357113	PRJNA646837	Klebsiella pneumoniae	Klebsiella	4	0	4	0.0	4	1	0
GCA_026409185.1	SAMN31652219	PRJNA899328	Acinetobacter baumannii	Acinetobacter	15	0	15	0.0	14	1	0
GCA_026409205.1	SAMN31652807	PRJNA899332	Acinetobacter baumannii	Acinetobacter	15	0	15	0.0	14	1	0
GCA_026626265.1	SAMN31843363	PRJNA904099	Klebsiella pneumoniae	Klebsiella	46	42	4	91.304	32	5	4
GCA_027105035.1	SAMN32040087	PRJNA908737	Acinetobacter sp.	Acinetobacter	1	1	0	100.0	1	1	1
GCA_027239755.1	SAMN30248452	PRJNA868510	Acinetobacter baumannii	Acinetobacter	15	12	3	80.0	9	3	2
GCA_027239995.1	SAMN24045741	PRJNA789055	Acinetobacter sp.	Acinetobacter	10	7	3	70.0	9	2	1
GCA_027360555.1	SAMN32217148	PRJNA911601	Klebsiella pneumoniae	Klebsiella	17	13	4	76.471	16	3	2
GCA_027558855.1	SAMN10411726	PRJNA505177	Acinetobacter baumannii	Acinetobacter	3	0	3	0.0	3	1	0
GCA_027577865.1	SAMN31152634	PRJNA288601	Enterobacter hormaechei	Enterobacter	4	0	4	0.0	4	1	0
GCA_027595725.1	SAMN16387654	PRJNA667445	Enterobacter cloacae	Enterobacter	9	5	4	55.556	8	3	2
GCA_027942235.1	SAMN27606092	PRJNA827192	Acinetobacter schindleri	Acinetobacter	2	0	2	0.0	2	1	0
GCA_027943685.1	SAMD00258369	PRJDB10765	Acinetobacter baumannii	Acinetobacter	14	0	14	0.0	12	1	0
GCA_027943705.1	SAMD00414017	PRJDB10765	Acinetobacter baumannii	Acinetobacter	13	2	11	15.385	9	2	1
GCA_027992645.4	SAMN32733976	PRJNA812595	Acinetobacter baumannii	Acinetobacter	13	0	13	0.0	11	1	0
GCA_028051765.3	SAMN32801357	PRJNA288601	Acinetobacter baumannii	Acinetobacter	5	0	5	0.0	4	1	0
GCA_028051805.3	SAMN32801359	PRJNA288601	Acinetobacter baumannii	Acinetobacter	7	0	7	0.0	4	1	0
GCA_028053955.3	SAMN32801360	PRJNA288601	Pseudomonas aeruginosa	Pseudomonas	26	0	26	0.0	20	1	0
GCA_028201495.1	SAMN32770956	PRJNA812075	Acinetobacter baumannii	Acinetobacter	11	0	11	0.0	10	1	0
GCA_028201675.1	SAMN32745368	PRJNA548006	Acinetobacter baumannii	Acinetobacter	18	0	18	0.0	12	1	0
GCA_028201695.1	SAMN32745367	PRJNA548006	Acinetobacter baumannii	Acinetobacter	16	0	16	0.0	12	1	0
GCA_028366335.3	SAMN32978018	PRJNA288601	Pseudomonas aeruginosa	Pseudomonas	27	0	27	0.0	20	1	0
GCA_028366535.3	SAMN32978017	PRJNA288601	Pseudomonas aeruginosa	Pseudomonas	5	0	5	0.0	5	1	0
GCA_028370175.1	SAMN32805326	PRJNA565663	Acinetobacter baumannii	Acinetobacter	13	0	13	0.0	8	1	0
GCA_028464005.1	SAMN11997571	PRJNA548006	Acinetobacter baumannii	Acinetobacter	15	0	15	0.0	12	1	0
GCA_028464025.1	SAMN11997570	PRJNA548006	Acinetobacter baumannii	Acinetobacter	15	0	15	0.0	12	1	0
GCA_028472545.1	SAMN13567230	PRJNA353728	Klebsiella pneumoniae	Klebsiella	8	4	4	50.0	8	2	1
GCA_028472725.1	SAMN13567240	PRJNA353728	Klebsiella pneumoniae	Klebsiella	7	3	4	42.857	6	2	1
GCA_028472745.1	SAMN13567275	PRJNA353728	Klebsiella pneumoniae	Klebsiella	5	1	4	20.0	5	2	1
GCA_028472765.1	SAMN09688132	PRJNA353728	Klebsiella pneumoniae	Klebsiella	15	11	4	73.333	12	4	3
GCA_028532685.1	SAMN07610198	PRJNA401340	Enterobacter hormaechei	Enterobacter	11	5	6	45.455	10	2	1
GCA_028548795.2	SAMN32546230	PRJNA917695	Acinetobacter baumannii	Acinetobacter	14	0	14	0.0	12	1	0
GCA_028583465.1	SAMN31681935	PRJNA900181	Acinetobacter baumannii	Acinetobacter	3	0	3	0.0	3	1	0
GCA_028583485.1	SAMN31681937	PRJNA900181	Acinetobacter baumannii	Acinetobacter	14	10	4	71.429	13	2	1
GCA_028583505.1	SAMN31681936	PRJNA900181	Acinetobacter baumannii	Acinetobacter	14	10	4	71.429	13	2	1
GCA_028622695.1	SAMN32733979	PRJNA812595	Acinetobacter baumannii	Acinetobacter	13	0	13	0.0	11	1	0
GCA_028622715.1	SAMN32734006	PRJNA812595	Acinetobacter baumannii	Acinetobacter	14	0	14	0.0	12	1	0
GCA_028622775.1	SAMN32733960	PRJNA812595	Acinetobacter baumannii	Acinetobacter	8	0	8	0.0	7	1	0
GCA_028622915.1	SAMN32734002	PRJNA812595	Acinetobacter baumannii	Acinetobacter	9	0	9	0.0	6	1	0
GCA_028634015.3	SAMN33288250	PRJNA812595	Acinetobacter baumannii	Acinetobacter	4	0	4	0.0	4	1	0
GCA_028635255.3	SAMN33288246	PRJNA288601	Klebsiella pneumoniae	Klebsiella	18	14	4	77.778	17	3	2
GCA_028657965.1	SAMN19459915	PRJNA733816	Acinetobacter schindleri	Acinetobacter	6	0	6	0.0	6	1	0
GCA_028751665.1	SAMN19522711	PRJNA734730	Acinetobacter nosocomialis	Acinetobacter	8	7	1	87.5	7	4	3
GCA_028751705.1	SAMN20255403	PRJNA729463	Acinetobacter baumannii	Acinetobacter	12	0	12	0.0	12	1	0
GCA_028752795.1	SAMN20255405	PRJNA729463	Acinetobacter baumannii	Acinetobacter	13	0	13	0.0	13	1	0
GCA_028752815.1	SAMN20255406	PRJNA729463	Acinetobacter baumannii	Acinetobacter	14	0	14	0.0	14	1	0
GCA_028753295.1	SAMN30174926	PRJNA865004	Acinetobacter baumannii	Acinetobacter	7	0	7	0.0	7	1	0
GCA_028906655.3	SAMN33193817	PRJNA288601	Klebsiella pneumoniae	Klebsiella	20	16	4	80.0	20	2	1
GCA_029024105.1	SAMN33336513	PRJNA936091	Acinetobacter lwoffii	Acinetobacter	1	0	1	0.0	1	1	0
GCA_029025705.1	SAMN33440631	PRJNA938586	Acinetobacter pittii	Acinetobacter	3	0	3	0.0	3	1	0
GCA_029025845.1	SAMN33268550	PRJNA935860	Acinetobacter sp.	Acinetobacter	2	0	2	0.0	2	1	0
GCA_029168355.1	SAMN33446732	PRJNA938823	Acinetobacter soli	Acinetobacter	12	11	1	91.667	11	2	1
GCA_029168375.1	SAMN33465848	PRJNA939379	Acinetobacter soli	Acinetobacter	12	11	1	91.667	11	2	1
GCA_029168395.1	SAMN33475902	PRJNA939410	Acinetobacter johnsonii	Acinetobacter	14	13	1	92.857	13	2	1
GCA_029168415.1	SAMN33466342	PRJNA939380	Acinetobacter soli	Acinetobacter	12	11	1	91.667	11	2	1
GCA_029168435.1	SAMN33466636	PRJNA939381	Acinetobacter soli	Acinetobacter	12	11	1	91.667	11	2	1
GCA_029168455.1	SAMN33467113	PRJNA939382	Acinetobacter johnsonii	Acinetobacter	10	9	1	90.0	9	2	1
GCA_029168475.1	SAMN33446574	PRJNA938819	Acinetobacter baumannii	Acinetobacter	14	1	13	7.143	10	2	1
GCA_029168495.1	SAMN33464299	PRJNA939377	Acinetobacter soli	Acinetobacter	12	11	1	91.667	11	2	1
GCA_029168515.1	SAMN33446730	PRJNA938821	Acinetobacter soli	Acinetobacter	14	13	1	92.857	12	2	1
GCA_029168535.1	SAMN33446731	PRJNA938822	Acinetobacter soli	Acinetobacter	13	12	1	92.308	11	2	1
GCA_029168555.1	SAMN33546470	PRJNA939911	Acinetobacter proteolyticus	Acinetobacter	16	13	3	81.25	12	2	1
GCA_029168575.1	SAMN33465245	PRJNA939378	Acinetobacter bereziniae	Acinetobacter	23	22	1	95.652	13	3	2
GCA_029223565.1	SAMN30697644	PRJNA738868	Acinetobacter baumannii	Acinetobacter	5	0	5	0.0	4	1	0
GCA_029278585.2	SAMN33678013	PRJNA942233	Klebsiella pneumoniae	Klebsiella	22	17	5	77.273	17	2	1
GCA_029459615.1	SAMN31681942	PRJNA900182	Acinetobacter baumannii	Acinetobacter	7	0	7	0.0	6	1	0
GCA_029459635.1	SAMN31681941	PRJNA900182	Acinetobacter baumannii	Acinetobacter	3	0	3	0.0	3	1	0
GCA_029459655.1	SAMN31681940	PRJNA900182	Acinetobacter baumannii	Acinetobacter	3	0	3	0.0	3	1	0
GCA_029459755.1	SAMN31681939	PRJNA900182	Acinetobacter baumannii	Acinetobacter	3	0	3	0.0	3	1	0
GCA_029459775.1	SAMN31681938	PRJNA900182	Acinetobacter baumannii	Acinetobacter	3	0	3	0.0	3	1	0
GCA_029581515.1	SAMN33866699	PRJNA947798	Klebsiella pneumoniae	Klebsiella	35	31	4	88.571	26	5	4
GCA_029582015.1	SAMN31681934	PRJNA900181	Acinetobacter baumannii	Acinetobacter	4	0	4	0.0	4	1	0
GCA_029674685.1	SAMN33498121	PRJNA939738	Acinetobacter baumannii	Acinetobacter	15	1	14	6.667	12	2	1
GCA_029674805.1	SAMN34062976	PRJNA951896	Acinetobacter baumannii	Acinetobacter	3	0	3	0.0	3	1	0
GCA_029674825.1	SAMN34062951	PRJNA951894	Acinetobacter baumannii	Acinetobacter	3	0	3	0.0	3	1	0
GCA_029674845.1	SAMN34062947	PRJNA951891	Acinetobacter baumannii	Acinetobacter	3	0	3	0.0	3	1	0
GCA_029713745.1	SAMN27010278	PRJNA819214	Acinetobacter baumannii	Acinetobacter	11	0	11	0.0	9	1	0
GCA_029713765.1	SAMN27010269	PRJNA819214	Acinetobacter baumannii	Acinetobacter	10	0	10	0.0	9	1	0
GCA_029713785.1	SAMN27010289	PRJNA819214	Acinetobacter baumannii	Acinetobacter	18	1	17	5.556	14	2	1
GCA_029713845.1	SAMN27010291	PRJNA819214	Acinetobacter baumannii	Acinetobacter	12	0	12	0.0	10	1	0
GCA_029713865.1	SAMN27010238	PRJNA819214	Acinetobacter baumannii	Acinetobacter	14	5	9	35.714	11	2	1
GCA_029713905.1	SAMN27010277	PRJNA819214	Acinetobacter baumannii	Acinetobacter	12	0	12	0.0	10	1	0
GCA_029713925.1	SAMN27010270	PRJNA819214	Acinetobacter baumannii	Acinetobacter	11	0	11	0.0	9	1	0
GCA_029713945.1	SAMN27010231	PRJNA819214	Acinetobacter baumannii	Acinetobacter	20	1	19	5.0	15	2	1
GCA_029713965.1	SAMN27010258	PRJNA819214	Acinetobacter baumannii	Acinetobacter	13	1	12	7.692	10	2	1
GCA_029714005.1	SAMN27010219	PRJNA819214	Acinetobacter baumannii	Acinetobacter	18	1	17	5.556	14	2	1
GCA_029714045.1	SAMN27010226	PRJNA819214	Acinetobacter baumannii	Acinetobacter	7	0	7	0.0	5	1	0
GCA_029714085.1	SAMN27010253	PRJNA819214	Acinetobacter baumannii	Acinetobacter	13	0	13	0.0	11	1	0
GCA_029714105.1	SAMN27010284	PRJNA819214	Acinetobacter baumannii	Acinetobacter	16	0	16	0.0	14	1	0
GCA_029714145.1	SAMN27010192	PRJNA819214	Acinetobacter baumannii	Acinetobacter	11	0	11	0.0	9	1	0
GCA_029714165.1	SAMN27010256	PRJNA819214	Acinetobacter baumannii	Acinetobacter	9	0	9	0.0	8	1	0
GCA_029741845.3	SAMN34174964	PRJNA288601	Klebsiella pneumoniae	Klebsiella	18	14	4	77.778	16	3	2
GCA_029748815.1	SAMN27010271	PRJNA819214	Acinetobacter baumannii	Acinetobacter	14	0	14	0.0	12	1	0
GCA_029749115.3	SAMN34174867	PRJNA288601	Klebsiella pneumoniae	Klebsiella	20	16	4	80.0	20	2	1
GCA_029767905.3	SAMN34191879	PRJNA812595	Acinetobacter baumannii	Acinetobacter	14	0	14	0.0	12	1	0
GCA_029774195.1	SAMN30697790	PRJNA877402	Acinetobacter baumannii	Acinetobacter	6	1	5	16.667	4	2	1
GCA_029774235.2	SAMN16560994	PRJNA672213	Acinetobacter baumannii	Acinetobacter	13	1	12	7.692	11	2	1
GCA_029774275.1	SAMN16560993	PRJNA672213	Acinetobacter baumannii	Acinetobacter	13	1	12	7.692	11	2	1
GCA_029774295.1	SAMN16560992	PRJNA672213	Acinetobacter baumannii	Acinetobacter	13	1	12	7.692	11	2	1
GCA_029774315.1	SAMN19690115	PRJNA672213	Acinetobacter baumannii	Acinetobacter	13	1	12	7.692	11	2	1
GCA_029774335.1	SAMN19690116	PRJNA672213	Acinetobacter baumannii	Acinetobacter	13	1	12	7.692	11	2	1
GCA_029774355.1	SAMN19690117	PRJNA672213	Acinetobacter baumannii	Acinetobacter	13	1	12	7.692	11	2	1
GCA_029814975.1	SAMN16560991	PRJNA672213	Acinetobacter baumannii	Acinetobacter	13	1	12	7.692	11	2	1
GCA_029847455.2	SAMN34163920	PRJNA565663	Acinetobacter baumannii	Acinetobacter	3	0	3	0.0	3	1	0
GCA_029873195.1	SAMN31210261	PRJNA888154	Acinetobacter pittii	Acinetobacter	8	1	7	12.5	7	2	1
GCA_029873415.1	SAMN34233930	PRJNA956928	Enterobacter hormaechei	Enterobacter	18	14	4	77.778	17	3	2
GCA_029906465.1	SAMN34258005	PRJNA957585	Acinetobacter pittii	Acinetobacter	11	7	4	63.636	10	3	2
GCA_029909475.1	SAMN34271990	PRJNA820789	Acinetobacter baumannii	Acinetobacter	3	1	2	33.333	2	2	1
GCA_029916905.1	SAMN34266404	PRJNA957799	Acinetobacter bereziniae	Acinetobacter	9	8	1	88.889	9	4	3
GCA_029916945.1	SAMN34266403	PRJNA957799	Acinetobacter bereziniae	Acinetobacter	9	8	1	88.889	9	5	4
GCA_029931545.1	SAMN34247094	PRJNA957137	Acinetobacter baumannii	Acinetobacter	3	0	3	0.0	3	1	0
GCA_029953535.1	SAMN34209599	PRJNA956314	Klebsiella pneumoniae	Klebsiella	4	0	4	0.0	4	1	0
GCA_029961365.1	SAMN20674994	PRJNA878812	Pseudomonas aeruginosa	Pseudomonas	16	3	13	18.75	11	2	1
GCA_029961705.1	SAMN34061983	PRJNA949442	Acinetobacter radioresistens	Acinetobacter	1	0	1	0.0	1	1	0
GCA_029962545.1	SAMN26573028	PRJNA812965	Enterobacter hormaechei	Enterobacter	27	23	4	85.185	21	2	1
GCA_029962565.1	SAMN26443382	PRJNA812965	Enterobacter hormaechei	Enterobacter	11	7	4	63.636	11	2	1
GCA_029972295.1	SAMN31152636	PRJNA288601	Klebsiella michiganensis	Klebsiella	23	19	4	82.609	20	5	4
GCA_029987435.1	SAMN31055411	PRJNA878512	Acinetobacter pittii	Acinetobacter	2	0	2	0.0	2	1	0
GCA_030019695.1	SAMN34589552	PRJNA395086	Klebsiella pneumoniae	Klebsiella	15	11	4	73.333	15	2	1
GCA_030027985.1	SAMN34376193	PRJNA961977	Acinetobacter baumannii	Acinetobacter	6	0	6	0.0	6	1	0
GCA_030028005.1	SAMN34376192	PRJNA961977	Acinetobacter baumannii	Acinetobacter	6	0	6	0.0	6	1	0
GCA_030062135.1	SAMN32721909	PRJNA923392	Acinetobacter haemolyticus	Acinetobacter	2	0	2	0.0	2	1	0
GCA_030168245.1	SAMN27957725	PRJNA833057	Acinetobacter baumannii	Acinetobacter	6	0	6	0.0	6	1	0
GCA_030168265.1	SAMN27918892	PRJNA281531	Acinetobacter baumannii	Acinetobacter	4	0	4	0.0	4	1	0
GCA_030168285.1	SAMN27988045	PRJNA833420	Acinetobacter baumannii	Acinetobacter	13	0	13	0.0	12	1	0
GCA_030178495.1	SAMN30974104	PRJNA288601	Klebsiella pneumoniae	Klebsiella	7	2	5	28.571	5	3	2
GCA_030178535.1	SAMN30974100	PRJNA288601	Klebsiella pneumoniae	Klebsiella	15	11	4	73.333	14	4	3
GCA_030178695.1	SAMN30974097	PRJNA288601	Klebsiella pneumoniae	Klebsiella	15	11	4	73.333	14	4	3
GCA_030178845.1	SAMN30974095	PRJNA288601	Klebsiella pneumoniae	Klebsiella	14	10	4	71.429	13	3	2
GCA_030179315.1	SAMN30974105	PRJNA288601	Enterobacter hormaechei	Enterobacter	32	28	4	87.5	23	4	3
GCA_030179615.1	SAMN30974098	PRJNA288601	Enterobacter hormaechei	Enterobacter	28	24	4	85.714	23	4	3
GCA_030179725.1	SAMN30974118	PRJNA288601	Pseudomonas aeruginosa	Pseudomonas	10	5	5	50.0	9	2	1
GCA_030179745.1	SAMN30974115	PRJNA288601	Pseudomonas aeruginosa	Pseudomonas	10	7	3	70.0	9	3	2
GCA_030179765.1	SAMN30974114	PRJNA288601	Pseudomonas aeruginosa	Pseudomonas	15	1	14	6.667	10	2	1
GCA_030179785.1	SAMN30974112	PRJNA288601	Klebsiella pneumoniae	Klebsiella	15	11	4	73.333	14	4	3
GCA_030179855.1	SAMN30974108	PRJNA288601	Klebsiella pneumoniae	Klebsiella	15	11	4	73.333	14	4	3
GCA_030316095.1	SAMN35722428	PRJNA701400	Pseudomonas aeruginosa	Pseudomonas	19	0	19	0.0	11	1	0
GCA_030322945.1	SAMN27553639	PRJNA826226	Acinetobacter nosocomialis	Acinetobacter	12	11	1	91.667	12	3	2
GCA_030366015.2	SAMN34393151	PRJNA962265	Pseudomonas aeruginosa	Pseudomonas	10	1	9	10.0	9	2	1
GCA_030368395.2	SAMN34393043	PRJNA962265	Pseudomonas aeruginosa	Pseudomonas	10	1	9	10.0	10	2	1
GCA_030368495.2	SAMN34393026	PRJNA962265	Pseudomonas aeruginosa	Pseudomonas	14	0	14	0.0	11	1	0
GCA_030387695.1	SAMN35878179	PRJNA788509	Klebsiella pneumoniae	Klebsiella	4	0	4	0.0	4	1	0
GCA_030387715.1	SAMN35878176	PRJNA788509	Klebsiella pneumoniae	Klebsiella	4	0	4	0.0	4	1	0
GCA_030387735.1	SAMN35878177	PRJNA788509	Klebsiella pneumoniae	Klebsiella	4	0	4	0.0	4	1	0
GCA_030387755.1	SAMN35878178	PRJNA788509	Klebsiella pneumoniae	Klebsiella	4	0	4	0.0	4	1	0
GCA_030387785.1	SAMN35878161	PRJNA788509	Klebsiella pneumoniae	Klebsiella	8	2	6	25.0	7	3	2
GCA_030387805.1	SAMN35878175	PRJNA788509	Klebsiella pneumoniae	Klebsiella	4	0	4	0.0	4	1	0
GCA_030387825.1	SAMN35878174	PRJNA788509	Klebsiella pneumoniae	Klebsiella	17	13	4	76.471	16	4	3
GCA_030387875.1	SAMN35878173	PRJNA788509	Klebsiella pneumoniae	Klebsiella	24	20	4	83.333	21	4	3
GCA_030387895.1	SAMN35878169	PRJNA788509	Klebsiella pneumoniae	Klebsiella	4	0	4	0.0	4	1	0
GCA_030387915.1	SAMN35878171	PRJNA788509	Klebsiella pneumoniae	Klebsiella	4	0	4	0.0	4	1	0
GCA_030387965.1	SAMN35878166	PRJNA788509	Klebsiella pneumoniae	Klebsiella	21	17	4	80.952	15	3	2
GCA_030388005.1	SAMN35878165	PRJNA788509	Klebsiella pneumoniae	Klebsiella	16	10	6	62.5	14	3	2
GCA_030388035.1	SAMN35878163	PRJNA788509	Klebsiella pneumoniae	Klebsiella	10	6	4	60.0	10	2	1
GCA_030388055.1	SAMN35878153	PRJNA788509	Klebsiella pneumoniae	Klebsiella	31	25	6	80.645	15	3	2
GCA_030388105.1	SAMN35878158	PRJNA788509	Klebsiella pneumoniae	Klebsiella	27	23	4	85.185	15	3	2
GCA_030388125.1	SAMN35878152	PRJNA788509	Klebsiella pneumoniae	Klebsiella	13	9	4	69.231	13	2	1
GCA_030388145.1	SAMN35878151	PRJNA788509	Klebsiella pneumoniae	Klebsiella	15	11	4	73.333	15	2	1
GCA_030388165.1	SAMN35878157	PRJNA788509	Klebsiella pneumoniae	Klebsiella	12	8	4	66.667	12	4	3
GCA_030388195.1	SAMN35878155	PRJNA788509	Klebsiella pneumoniae	Klebsiella	14	10	4	71.429	14	3	2
GCA_030388505.1	SAMN35878156	PRJNA788509	Klebsiella pneumoniae	Klebsiella	25	20	5	80.0	21	7	6
GCA_030388525.1	SAMN35878154	PRJNA788509	Klebsiella pneumoniae	Klebsiella	16	12	4	75.0	13	4	3
GCA_030388545.1	SAMN35878145	PRJNA788509	Klebsiella pneumoniae	Klebsiella	17	13	4	76.471	14	3	2
GCA_030388565.1	SAMN35878149	PRJNA788509	Klebsiella pneumoniae	Klebsiella	6	2	4	33.333	4	2	1
GCA_030388585.1	SAMN35878146	PRJNA788509	Klebsiella pneumoniae	Klebsiella	7	3	4	42.857	6	2	1
GCA_030388605.1	SAMN35878148	PRJNA788509	Klebsiella pneumoniae	Klebsiella	15	11	4	73.333	15	3	2
GCA_030388625.1	SAMN35878147	PRJNA788509	Klebsiella pneumoniae	Klebsiella	19	14	5	73.684	18	4	3
GCA_030389785.1	SAMN35878150	PRJNA788509	Klebsiella pneumoniae	Klebsiella	15	11	4	73.333	14	5	4
GCA_030389805.1	SAMN35878144	PRJNA788509	Klebsiella pneumoniae	Klebsiella	4	0	4	0.0	4	1	0
GCA_030389875.1	SAMN35878162	PRJNA788509	Klebsiella pneumoniae	Klebsiella	9	2	7	22.222	7	3	2
GCA_030389985.1	SAMN35878159	PRJNA788509	Klebsiella pneumoniae	Klebsiella	26	22	4	84.615	16	2	1
GCA_030390005.1	SAMN35878160	PRJNA788509	Klebsiella pneumoniae	Klebsiella	15	11	4	73.333	15	2	1
GCA_030390035.1	SAMN35878168	PRJNA788509	Klebsiella pneumoniae	Klebsiella	4	0	4	0.0	4	1	0
GCA_030412705.1	SAMN35878170	PRJNA788509	Klebsiella pneumoniae	Klebsiella	4	0	4	0.0	4	1	0
GCA_030412765.1	SAMN30974107	PRJNA288601	Klebsiella pneumoniae	Klebsiella	16	10	6	62.5	14	3	2
GCA_030413705.1	SAMN36085765	PRJNA989410	Acinetobacter baumannii	Acinetobacter	10	6	4	60.0	10	3	2
GCA_030518655.1	SAMN36465267	PRJNA995064	Acinetobacter variabilis	Acinetobacter	19	14	5	73.684	12	3	2
GCA_030585225.1	SAMN12287008	PRJNA557486	Acinetobacter baumannii	Acinetobacter	17	2	15	11.765	15	2	1
GCA_030585245.1	SAMN12287006	PRJNA557486	Acinetobacter baumannii	Acinetobacter	17	2	15	11.765	15	2	1
GCA_030585265.1	SAMN12287004	PRJNA557486	Acinetobacter baumannii	Acinetobacter	9	2	7	22.222	6	2	1
GCA_030585285.1	SAMN12287002	PRJNA557486	Acinetobacter baumannii	Acinetobacter	16	2	14	12.5	14	2	1
GCA_030585325.1	SAMN12286998	PRJNA557486	Acinetobacter baumannii	Acinetobacter	16	2	14	12.5	14	2	1
GCA_030585345.1	SAMN13480523	PRJNA557486	Acinetobacter baumannii	Acinetobacter	9	2	7	22.222	6	2	1
GCA_030585365.1	SAMN13480522	PRJNA557486	Acinetobacter baumannii	Acinetobacter	13	2	11	15.385	10	2	1
GCA_030585385.1	SAMN13480520	PRJNA557486	Acinetobacter baumannii	Acinetobacter	8	2	6	25.0	6	2	1
GCA_030585405.1	SAMN13480521	PRJNA557486	Acinetobacter baumannii	Acinetobacter	8	2	6	25.0	6	2	1
GCA_030704325.1	SAMN36514286	PRJNA812595	Acinetobacter baumannii	Acinetobacter	12	0	12	0.0	10	1	0
GCA_030718955.1	SAMN27992995	PRJNA288601	Enterobacter hormaechei	Enterobacter	31	26	5	83.871	26	3	2
GCA_030718975.1	SAMN25755500	PRJNA812595	Acinetobacter baumannii	Acinetobacter	14	0	14	0.0	12	1	0
GCA_030867405.1	SAMN34117139	PRJNA953498	Acinetobacter johnsonii	Acinetobacter	21	20	1	95.238	16	8	7
GCA_030913305.1	SAMN37020857	PRJNA1006328	Klebsiella variicola	Klebsiella	4	0	4	0.0	4	1	0
GCA_031172635.1	SAMN35883625	PRJNA987035	Klebsiella pneumoniae	Klebsiella	18	15	3	83.333	15	4	3
GCA_031326185.1	SAMN34266403	PRJNA1006702	Acinetobacter bereziniae	Acinetobacter	9	8	1	88.889	9	4	3
GCA_031480695.3	SAMN35572876	PRJNA288601	Pseudomonas aeruginosa	Pseudomonas	25	0	25	0.0	19	1	0
GCA_031885195.1	SAMN33770883	PRJNA945016	Acinetobacter faecalis	Acinetobacter	1	0	1	0.0	1	1	0
GCA_032594495.1	SAMN36661286	PRJNA996987	Acinetobacter calcoaceticus	Acinetobacter	1	0	1	0.0	1	1	0
GCA_032634445.3	SAMN37709326	PRJNA812595	Acinetobacter baumannii	Acinetobacter	7	0	7	0.0	5	1	0
GCA_032734545.3	SAMN35880175	PRJNA288601	Pseudomonas aeruginosa	Pseudomonas	27	0	27	0.0	20	1	0
GCA_032820875.1	SAMN33787961	PRJNA949389	Acinetobacter towneri	Acinetobacter	1	1	0	100.0	1	1	1
GCA_032822615.1	SAMN33787963	PRJNA949389	Acinetobacter baumannii	Acinetobacter	3	0	3	0.0	3	1	0
GCA_032824215.1	SAMN33787965	PRJNA949389	Acinetobacter chinensis	Acinetobacter	4	3	1	75.0	4	2	1
GCA_032878795.1	SAMN30309086	PRJNA869506	Pseudomonas aeruginosa	Pseudomonas	9	0	9	0.0	8	1	0
GCA_032934835.1	SAMN17039450	PRJNA288601	Pseudomonas aeruginosa	Pseudomonas	12	0	12	0.0	10	1	0
GCA_033044015.2	SAMN37984267	PRJNA288601	Klebsiella pneumoniae	Klebsiella	16	12	4	75.0	13	3	2
GCA_033044095.2	SAMN37984268	PRJNA288601	Klebsiella pneumoniae	Klebsiella	17	13	4	76.471	14	3	2
GCA_033095825.1	SAMN31258396	PRJNA889817	Acinetobacter sp.	Acinetobacter	1	0	1	0.0	1	1	0
GCA_033155075.1	SAMN09842395	PRJNA353728	Klebsiella pneumoniae	Klebsiella	8	4	4	50.0	8	2	1
GCA_033181005.1	SAMN36429575	PRJNA1027604	Acinetobacter baumannii	Acinetobacter	13	0	13	0.0	12	1	0
GCA_033181805.1	SAMN36429572	PRJNA1027604	Acinetobacter baumannii	Acinetobacter	12	1	11	8.333	10	2	1
GCA_033187155.1	SAMN37654786	PRJNA1023193	Acinetobacter baumannii	Acinetobacter	19	0	19	0.0	8	1	0
GCA_033187975.1	SAMN37654785	PRJNA1023193	Acinetobacter baumannii	Acinetobacter	11	0	11	0.0	8	1	0
GCA_033188675.1	SAMN37654784	PRJNA1023193	Acinetobacter baumannii	Acinetobacter	13	0	13	0.0	8	1	0
GCA_033189435.1	SAMN37654783	PRJNA1023193	Acinetobacter baumannii	Acinetobacter	7	0	7	0.0	7	1	0
GCA_033189955.1	SAMN37654782	PRJNA1023193	Acinetobacter baumannii	Acinetobacter	9	0	9	0.0	9	1	0
GCA_033189995.1	SAMN37654781	PRJNA1023193	Acinetobacter baumannii	Acinetobacter	11	0	11	0.0	8	1	0
GCA_033190015.1	SAMN37654780	PRJNA1023193	Acinetobacter baumannii	Acinetobacter	3	0	3	0.0	3	1	0
GCA_033190095.1	SAMN37654778	PRJNA1023193	Acinetobacter baumannii	Acinetobacter	3	0	3	0.0	3	1	0
GCA_033190675.1	SAMN37654777	PRJNA1023193	Acinetobacter baumannii	Acinetobacter	11	0	11	0.0	8	1	0
GCA_033190815.1	SAMN37654776	PRJNA1023193	Acinetobacter baumannii	Acinetobacter	11	0	11	0.0	8	1	0
GCA_033191195.1	SAMN37654775	PRJNA1023193	Acinetobacter baumannii	Acinetobacter	11	0	11	0.0	8	1	0
GCA_033191435.1	SAMN37643086	PRJNA1023193	Acinetobacter baumannii	Acinetobacter	9	0	9	0.0	8	1	0
GCA_033192035.1	SAMN37643064	PRJNA1023193	Acinetobacter baumannii	Acinetobacter	3	0	3	0.0	3	1	0
GCA_033378915.2	SAMN31178860	PRJNA561493	Acinetobacter baumannii	Acinetobacter	23	0	23	0.0	17	1	0
GCA_033439925.1	SAMN37871729	PRJNA1029512	Acinetobacter sp.	Acinetobacter	13	13	0	100.0	11	3	3
GCA_033469325.1	SAMN37654779	PRJNA1023193	Acinetobacter baumannii	Acinetobacter	5	2	3	40.0	5	3	2
GCA_033541995.2	SAMN38075111	PRJNA962265	Pseudomonas aeruginosa	Pseudomonas	5	0	5	0.0	5	1	0
GCA_033547135.1	SAMN38084286	PRJNA962265	Pseudomonas aeruginosa	Pseudomonas	7	2	5	28.571	7	2	1
GCA_033557205.1	SAMN32291813	PRJNA913302	Acinetobacter towneri	Acinetobacter	14	14	0	100.0	13	2	2
GCA_033558715.1	SAMN32299415	PRJNA913449	Acinetobacter sp.	Acinetobacter	19	17	2	89.474	15	4	3
GCA_033612615.1	SAMN38047912	PRJNA995413	Acinetobacter baumannii	Acinetobacter	3	0	3	0.0	3	1	0
GCA_033711495.1	SAMN35113005	PRJNA288601	Acinetobacter baumannii	Acinetobacter	2	0	2	0.0	2	1	0
GCA_033850705.2	SAMN38335504	PRJNA288601	Klebsiella pneumoniae	Klebsiella	22	13	9	59.091	17	3	2
GCA_033850835.2	SAMN38335508	PRJNA288601	Klebsiella aerogenes	Klebsiella	8	4	4	50.0	8	2	1
GCA_033858775.1	SAMN38040187	PRJNA1033641	Klebsiella pneumoniae	Klebsiella	44	40	4	90.909	34	4	3
GCA_034047135.1	SAMN38153248	PRJNA1036853	Acinetobacter haemolyticus	Acinetobacter	2	0	2	0.0	2	1	0
GCA_034063485.1	SAMN38315730	PRJNA1042645	Acinetobacter pittii	Acinetobacter	3	0	3	0.0	3	1	0
GCA_034064985.1	SAMN38315713	PRJNA1042645	Acinetobacter pittii	Acinetobacter	2	0	2	0.0	2	1	0
GCA_034066105.1	SAMN38315711	PRJNA1042645	Acinetobacter pittii	Acinetobacter	3	0	3	0.0	3	1	0
GCA_034066905.1	SAMN38315710	PRJNA1042645	Acinetobacter pittii	Acinetobacter	3	0	3	0.0	3	1	0
GCA_034067285.1	SAMN38315703	PRJNA1042645	Acinetobacter pittii	Acinetobacter	2	0	2	0.0	2	1	0
GCA_034068265.1	SAMN38315709	PRJNA1042645	Acinetobacter pittii	Acinetobacter	2	0	2	0.0	2	1	0
GCA_034068865.1	SAMN38315712	PRJNA1042645	Acinetobacter pittii	Acinetobacter	3	1	2	33.333	2	2	1
GCA_034069865.1	SAMN38315708	PRJNA1042645	Acinetobacter pittii	Acinetobacter	2	0	2	0.0	2	1	0
GCA_034070325.1	SAMN38315702	PRJNA1042645	Acinetobacter pittii	Acinetobacter	3	0	3	0.0	3	1	0
GCA_034071365.1	SAMN38315706	PRJNA1042645	Acinetobacter pittii	Acinetobacter	2	0	2	0.0	2	1	0
GCA_034071845.1	SAMN38315707	PRJNA1042645	Acinetobacter pittii	Acinetobacter	3	0	3	0.0	3	1	0
GCA_034072545.1	SAMN38315705	PRJNA1042645	Acinetobacter pittii	Acinetobacter	3	0	3	0.0	3	1	0
GCA_034073245.1	SAMN38315704	PRJNA1042645	Acinetobacter pittii	Acinetobacter	6	3	3	50.0	6	2	1
GCA_034073905.1	SAMN19016597	PRJNA658369	Klebsiella pneumoniae	Klebsiella	13	9	4	69.231	13	3	2
GCA_034074665.1	SAMN15868737	PRJNA658369	Klebsiella pneumoniae	Klebsiella	13	9	4	69.231	13	3	2
GCA_034075585.1	SAMN15869164	PRJNA658369	Klebsiella pneumoniae	Klebsiella	7	3	4	42.857	7	3	2
GCA_034076465.1	SAMN15868726	PRJNA658369	Klebsiella pneumoniae	Klebsiella	17	13	4	76.471	16	3	2
GCA_034077205.1	SAMN15868158	PRJNA658369	Klebsiella pneumoniae	Klebsiella	17	13	4	76.471	16	3	2
GCA_034081005.1	SAMN38345631	PRJNA1043602	Acinetobacter baumannii	Acinetobacter	3	0	3	0.0	3	1	0
GCA_034083075.1	SAMN38345664	PRJNA1043609	Acinetobacter baumannii	Acinetobacter	4	1	3	25.0	4	2	1
GCA_034126645.2	SAMN38646042	PRJNA812595	Acinetobacter baumannii	Acinetobacter	18	0	18	0.0	15	1	0
GCA_034126905.2	SAMN38646043	PRJNA812595	Acinetobacter baumannii	Acinetobacter	18	0	18	0.0	15	1	0
GCA_034127025.2	SAMN38646029	PRJNA288601	Pseudomonas aeruginosa	Pseudomonas	5	0	5	0.0	5	1	0
GCA_034331205.2	SAMN38788845	PRJNA812595	Acinetobacter baumannii	Acinetobacter	6	0	6	0.0	5	1	0
GCA_034422775.1	SAMN38635275	PRJNA779589	Acinetobacter baumannii	Acinetobacter	24	16	8	66.667	12	5	4
GCA_034422815.1	SAMN38635811	PRJNA779589	Acinetobacter baumannii	Acinetobacter	11	2	9	18.182	8	2	1
GCA_034424115.1	SAMN38610277	PRJNA779589	Acinetobacter pittii	Acinetobacter	7	5	2	71.429	7	3	2
GCA_034424135.1	SAMN38610540	PRJNA779589	Klebsiella pneumoniae	Klebsiella	20	14	6	70.0	16	3	2
GCA_034424475.1	SAMN38562697	PRJNA1047486	Acinetobacter johnsonii	Acinetobacter	1	0	1	0.0	1	1	0
GCA_034447505.1	SAMN31433190	PRJNA893843	Acinetobacter oleivorans	Acinetobacter	2	0	2	0.0	2	1	0
GCA_034494405.1	SAMN36514289	PRJNA812595	Acinetobacter baumannii	Acinetobacter	10	2	8	20.0	8	3	2
GCA_034553075.1	SAMN18080048	PRJNA353728	Klebsiella pneumoniae	Klebsiella	10	6	4	60.0	9	3	2
GCA_034554695.1	SAMN37347820	PRJNA1015184	Klebsiella pneumoniae	Klebsiella	4	0	4	0.0	4	1	0
GCA_034554715.1	SAMN37347934	PRJNA1015184	Klebsiella pneumoniae	Klebsiella	6	0	6	0.0	6	1	0
GCA_034555395.1	SAMN38608523	PRJNA1048118	Acinetobacter johnsonii	Acinetobacter	10	9	1	90.0	7	2	1
GCA_034555415.1	SAMN38608608	PRJNA1048118	Acinetobacter johnsonii	Acinetobacter	13	12	1	92.308	8	3	2
GCA_035666135.1	SAMN39285741	PRJNA1062048	Acinetobacter baumannii	Acinetobacter	3	0	3	0.0	3	1	0
GCA_035753605.1	SAMN39326139	PRJNA1063008	Acinetobacter baumannii	Acinetobacter	9	0	9	0.0	7	1	0
GCA_035754475.1	SAMN39326237	PRJNA1063013	Acinetobacter baumannii	Acinetobacter	11	0	11	0.0	10	1	0
GCA_035755505.1	SAMN39326218	PRJNA1063011	Acinetobacter baumannii	Acinetobacter	10	0	10	0.0	8	1	0
GCA_035937495.1	SAMN38865782	PRJNA1053778	Acinetobacter baumannii	Acinetobacter	7	0	7	0.0	5	1	0
GCA_036216585.1	SAMN39226922	PRJNA1060364	Acinetobacter guillouiae	Acinetobacter	2	0	2	0.0	2	1	0
GCA_036287255.1	SAMN39326197	PRJNA1063010	Acinetobacter baumannii	Acinetobacter	11	0	11	0.0	10	1	0
GCA_036287275.1	SAMN39326236	PRJNA1063012	Acinetobacter baumannii	Acinetobacter	12	0	12	0.0	10	1	0
GCA_036320505.1	SAMN37485474	PRJNA1019466	Acinetobacter pittii	Acinetobacter	6	3	3	50.0	5	2	1
GCA_036320525.1	SAMN37485473	PRJNA1019466	Acinetobacter pittii	Acinetobacter	4	1	3	25.0	3	2	1
GCA_036320755.1	SAMN39326238	PRJNA1063014	Acinetobacter baumannii	Acinetobacter	12	0	12	0.0	7	1	0
GCA_036324625.1	SAMN38182632	PRJNA288601	Enterobacter hormaechei	Enterobacter	38	33	5	86.842	25	5	4
GCA_036324645.1	SAMN38182633	PRJNA288601	Enterobacter hormaechei	Enterobacter	45	32	13	71.111	25	5	4
GCA_036541125.1	SAMN39682725	PRJNA1071279	Klebsiella pneumoniae	Klebsiella	7	3	4	42.857	7	2	1
GCA_036542305.1	SAMN39715938	PRJNA1071866	Klebsiella pneumoniae	Klebsiella	17	15	2	88.235	14	4	3
GCA_036584025.1	SAMN39837003	PRJNA565663	Acinetobacter baumannii	Acinetobacter	7	4	3	57.143	7	2	1
GCA_036601155.1	SAMN39855183	PRJNA1074270	Acinetobacter baumannii	Acinetobacter	9	5	4	55.556	8	2	1
GCA_036602705.1	SAMN39855236	PRJNA1074272	Acinetobacter baumannii	Acinetobacter	4	0	4	0.0	3	1	0
GCA_036669895.1	SAMN34228648	PRJNA956694	Enterobacter ludwigii	Enterobacter	31	28	3	90.323	18	3	2
GCA_036689575.1	SAMN39861927	PRJNA565663	Acinetobacter baumannii	Acinetobacter	3	0	3	0.0	3	1	0
GCA_036701095.1	SAMN39861921	PRJNA565663	Acinetobacter baumannii	Acinetobacter	3	0	3	0.0	3	1	0
GCA_036718155.2	SAMN39998251	PRJNA812595	Acinetobacter baumannii	Acinetobacter	8	1	7	12.5	7	2	1
GCA_036867655.1	SAMN39933346	PRJNA1076158	Pseudomonas parakoreensis	Pseudomonas	3	2	1	66.667	3	2	1
GCA_036870965.1	SAMN39325909	PRJNA1062982	Acinetobacter baumannii	Acinetobacter	10	1	9	10.0	6	2	1
GCA_036872625.1	SAMN39593969	PRJNA1048319	Pseudomonas aeruginosa	Pseudomonas	13	0	13	0.0	12	1	0
GCA_036896575.1	SAMN39926322	PRJNA1075912	Acinetobacter sp.	Acinetobacter	6	3	3	50.0	4	2	1
GCA_037008665.2	SAMN40254323	PRJNA812595	Acinetobacter baumannii	Acinetobacter	4	0	4	0.0	3	1	0
GCA_037008745.2	SAMN40254326	PRJNA812595	Acinetobacter baumannii	Acinetobacter	7	0	7	0.0	7	1	0
GCA_037039585.1	SAMN39325114	PRJNA1062970	Acinetobacter baumannii	Acinetobacter	12	1	11	8.333	10	2	1
GCA_037039675.1	SAMN39325193	PRJNA1062977	Acinetobacter baumannii	Acinetobacter	15	0	15	0.0	14	1	0
GCA_037081905.1	SAMN40199725	PRJNA1082105	Klebsiella quasipneumoniae	Klebsiella	8	4	4	50.0	8	2	1
GCA_037082005.1	SAMN40199717	PRJNA1082105	Klebsiella pneumoniae	Klebsiella	15	10	5	66.667	14	2	1
GCA_037082025.1	SAMN40199716	PRJNA1082105	Klebsiella pneumoniae	Klebsiella	16	10	6	62.5	16	2	1
GCA_037082035.1	SAMN40199715	PRJNA1082105	Klebsiella pneumoniae	Klebsiella	18	13	5	72.222	17	3	2
GCA_037100235.1	SAMN40199724	PRJNA1082105	Klebsiella michiganensis	Klebsiella	10	7	3	70.0	10	2	1
GCA_037215885.1	SAMN40374610	PRJNA1086369	Acinetobacter baumannii	Acinetobacter	14	0	14	0.0	10	1	0
GCA_037223945.1	SAMN40215987	PRJNA1048319	Pseudomonas aeruginosa	Pseudomonas	13	0	13	0.0	12	1	0
GCA_037291835.1	SAMN16287619	PRJNA666270	Acinetobacter lwoffii	Acinetobacter	4	3	1	75.0	4	2	1
GCA_037429075.2	SAMN40557119	PRJNA812595	Acinetobacter baumannii	Acinetobacter	7	0	7	0.0	7	1	0
GCA_037477775.2	SAMN33790397	PRJNA945360	Klebsiella pneumoniae	Klebsiella	15	11	4	73.333	13	2	1
GCA_037751415.2	SAMN40632425	PRJNA812595	Acinetobacter baumannii	Acinetobacter	7	1	6	14.286	5	2	1
GCA_037807855.1	SAMN40534517	PRJNA353728	Klebsiella pneumoniae	Klebsiella	8	4	4	50.0	8	2	1
GCA_037939845.1	SAMN40558820	PRJNA1090146	Acinetobacter baumannii	Acinetobacter	4	1	3	25.0	3	2	1
GCA_037966435.2	SAMN36542813	PRJNA996332	Klebsiella pneumoniae	Klebsiella	42	38	4	90.476	35	4	3
GCA_038069235.2	SAMN40921371	PRJNA812595	Acinetobacter baumannii	Acinetobacter	14	0	14	0.0	12	1	0
GCA_038069255.2	SAMN40921370	PRJNA812595	Acinetobacter baumannii	Acinetobacter	14	0	14	0.0	11	1	0
GCA_038418265.2	SAMN41020280	PRJNA812595	Acinetobacter baumannii	Acinetobacter	13	0	13	0.0	11	1	0
GCA_038418285.2	SAMN41020282	PRJNA812595	Acinetobacter baumannii	Acinetobacter	12	0	12	0.0	11	1	0
GCA_038418365.2	SAMN41020287	PRJNA812595	Acinetobacter baumannii	Acinetobacter	4	0	4	0.0	4	1	0
GCA_038441165.1	SAMN36766195	PRJNA1000275	Acinetobacter pittii	Acinetobacter	4	1	3	25.0	3	2	1
GCA_038441175.1	SAMN36766194	PRJNA1000275	Acinetobacter pittii	Acinetobacter	13	11	2	84.615	12	2	1
GCA_038441185.1	SAMN36766193	PRJNA1000275	Acinetobacter nosocomialis	Acinetobacter	6	6	0	100.0	6	4	4
GCA_038441195.1	SAMN36766192	PRJNA1000275	Acinetobacter baumannii	Acinetobacter	17	1	16	5.882	15	2	1
GCA_038441205.1	SAMN36766191	PRJNA1000275	Acinetobacter baumannii	Acinetobacter	17	1	16	5.882	16	2	1
GCA_038441215.1	SAMN36766190	PRJNA1000275	Acinetobacter baumannii	Acinetobacter	18	1	17	5.556	13	2	1
GCA_038441225.1	SAMN36766189	PRJNA1000275	Acinetobacter baumannii	Acinetobacter	16	2	14	12.5	14	2	1
GCA_038441235.1	SAMN36766188	PRJNA1000275	Acinetobacter baumannii	Acinetobacter	19	1	18	5.263	16	2	1
GCA_038441245.1	SAMN36766187	PRJNA1000275	Acinetobacter baumannii	Acinetobacter	18	0	18	0.0	15	1	0
GCA_038441255.1	SAMN36766186	PRJNA1000275	Acinetobacter baumannii	Acinetobacter	14	0	14	0.0	12	1	0
GCA_038441325.1	SAMN37223190	PRJNA1011532	Acinetobacter baumannii	Acinetobacter	14	11	3	78.571	13	2	1
GCA_038442095.1	SAMN37223189	PRJNA1011532	Acinetobacter baumannii	Acinetobacter	14	11	3	78.571	13	2	1
GCA_038442125.1	SAMN37223188	PRJNA1011532	Acinetobacter baumannii	Acinetobacter	3	0	3	0.0	3	1	0
GCA_038442225.1	SAMN40971052	PRJNA1100485	Acinetobacter baumannii	Acinetobacter	11	6	5	54.545	9	2	1
GCA_038442235.1	SAMN40971051	PRJNA1100485	Acinetobacter baumannii	Acinetobacter	10	6	4	60.0	9	2	1
GCA_038442265.1	SAMN40971050	PRJNA1100485	Acinetobacter baumannii	Acinetobacter	11	6	5	54.545	9	2	1
GCA_038442275.1	SAMN40971049	PRJNA1100485	Acinetobacter baumannii	Acinetobacter	10	6	4	60.0	9	2	1
GCA_038442285.1	SAMN40971048	PRJNA1100485	Acinetobacter baumannii	Acinetobacter	3	0	3	0.0	3	1	0
GCA_038442295.1	SAMN40971047	PRJNA1100485	Acinetobacter baumannii	Acinetobacter	10	6	4	60.0	9	2	1
GCA_038442305.1	SAMN40971046	PRJNA1100485	Acinetobacter baumannii	Acinetobacter	5	0	5	0.0	3	1	0
GCA_038442375.1	SAMN40971045	PRJNA1100485	Acinetobacter baumannii	Acinetobacter	11	6	5	54.545	9	2	1
GCA_038442385.1	SAMN40971044	PRJNA1100485	Acinetobacter baumannii	Acinetobacter	10	6	4	60.0	9	2	1
GCA_038442395.1	SAMN40971043	PRJNA1100485	Acinetobacter baumannii	Acinetobacter	5	0	5	0.0	3	1	0
GCA_038442405.1	SAMN40971042	PRJNA1100485	Acinetobacter baumannii	Acinetobacter	11	6	5	54.545	9	2	1
GCA_038442415.1	SAMN40971041	PRJNA1100485	Acinetobacter baumannii	Acinetobacter	11	6	5	54.545	9	2	1
GCA_038442425.1	SAMN40971040	PRJNA1100485	Acinetobacter baumannii	Acinetobacter	11	6	5	54.545	9	2	1
GCA_038442555.1	SAMN40971039	PRJNA1100485	Acinetobacter baumannii	Acinetobacter	11	6	5	54.545	9	2	1
GCA_038442565.1	SAMN40971038	PRJNA1100485	Acinetobacter baumannii	Acinetobacter	11	6	5	54.545	9	2	1
GCA_038442575.1	SAMN40971037	PRJNA1100485	Acinetobacter baumannii	Acinetobacter	11	6	5	54.545	9	2	1
GCA_038442585.1	SAMN40971036	PRJNA1100485	Acinetobacter baumannii	Acinetobacter	11	6	5	54.545	9	2	1
GCA_038442635.1	SAMN40971035	PRJNA1100485	Acinetobacter baumannii	Acinetobacter	11	6	5	54.545	9	2	1
GCA_038522965.2	SAMN41094845	PRJNA812595	Acinetobacter baumannii	Acinetobacter	15	0	15	0.0	11	1	0
GCA_038627255.2	SAMN41094844	PRJNA812595	Acinetobacter baumannii	Acinetobacter	14	0	14	0.0	11	1	0
GCA_038627275.2	SAMN41094846	PRJNA812595	Acinetobacter baumannii	Acinetobacter	14	0	14	0.0	11	1	0
GCA_038627335.2	SAMN41094848	PRJNA812595	Acinetobacter baumannii	Acinetobacter	7	0	7	0.0	7	1	0
GCA_038799315.1	SAMN39321995	PRJNA1037062	Pseudomonas aeruginosa	Pseudomonas	5	0	5	0.0	5	1	0
GCA_038983805.1	SAMN36374863	PRJNA992789	Acinetobacter baumannii	Acinetobacter	12	1	11	8.333	8	2	1
GCA_038985835.1	SAMN36374876	PRJNA992789	Acinetobacter baumannii	Acinetobacter	13	0	13	0.0	9	1	0
GCA_038987955.1	SAMN36374880	PRJNA992789	Acinetobacter baumannii	Acinetobacter	15	0	15	0.0	12	1	0
GCA_038990075.1	SAMN36374885	PRJNA992789	Acinetobacter baumannii	Acinetobacter	10	0	10	0.0	7	1	0
GCA_038992355.1	SAMN36374913	PRJNA992789	Acinetobacter baumannii	Acinetobacter	15	0	15	0.0	11	1	0
GCA_038993615.1	SAMN36374916	PRJNA992789	Acinetobacter baumannii	Acinetobacter	14	0	14	0.0	12	1	0
GCA_038995905.1	SAMN36374919	PRJNA992789	Acinetobacter baumannii	Acinetobacter	16	0	16	0.0	14	1	0
GCA_038998165.1	SAMN36374922	PRJNA992789	Acinetobacter baumannii	Acinetobacter	19	0	19	0.0	15	1	0
GCA_039518815.2	SAMN40557123	PRJNA812595	Acinetobacter baumannii	Acinetobacter	10	0	10	0.0	9	1	0
GCA_039545565.1	SAMN41107056	PRJNA835506	Acinetobacter baumannii	Acinetobacter	9	1	8	11.111	8	2	1
GCA_039545805.1	SAMN40869390	PRJNA1097362	Acinetobacter soli	Acinetobacter	1	0	1	0.0	1	1	0
GCA_039566025.1	SAMN29784748	PRJNA859431	Acinetobacter baumannii	Acinetobacter	13	0	13	0.0	11	1	0
GCA_039614705.1	SAMN41102864	PRJNA1105450	Acinetobacter nosocomialis	Acinetobacter	1	0	1	0.0	1	1	0
GCA_039649595.2	SAMN40967030	PRJNA1100309	Pseudomonas aeruginosa	Pseudomonas	6	2	4	33.333	6	2	1
GCA_039653385.2	SAMN41407424	PRJNA812595	Acinetobacter baumannii	Acinetobacter	6	0	6	0.0	5	1	0
GCA_039654205.1	SAMN40443483	PRJNA812595	Acinetobacter baumannii	Acinetobacter	6	0	6	0.0	5	1	0
GCA_039679115.1	SAMN41029554	PRJNA1102830	Acinetobacter sp.	Acinetobacter	4	1	3	25.0	3	2	1
GCA_039701065.1	SAMN41377726	PRJNA1110798	Acinetobacter baumannii	Acinetobacter	11	0	11	0.0	8	1	0
GCA_039704455.1	SAMN41316932	PRJNA1110044	Klebsiella pneumoniae	Klebsiella	21	15	6	71.429	15	3	2
GCA_039724115.1	SAMN41258475	PRJNA1108945	Klebsiella pneumoniae	Klebsiella	16	12	4	75.0	16	2	1
GCA_039725545.1	SAMN15646567	PRJNA607827	Acinetobacter calcoaceticus	Acinetobacter	2	0	2	0.0	2	1	0
GCA_039725555.1	SAMN15646566	PRJNA607827	Acinetobacter seifertii	Acinetobacter	1	0	1	0.0	1	1	0
GCA_039727595.1	SAMN41315612	PRJNA1110013	Klebsiella pneumoniae	Klebsiella	15	11	4	73.333	13	3	2
GCA_039779435.1	SAMN41384381	PRJNA812075	Acinetobacter baumannii	Acinetobacter	13	4	9	30.769	9	3	2
GCA_039780165.1	SAMN41384382	PRJNA812075	Acinetobacter baumannii	Acinetobacter	8	0	8	0.0	7	1	0
GCA_039861365.1	SAMN41318490	PRJNA1041350	Acinetobacter thermotolerans	Acinetobacter	4	3	1	75.0	4	2	1
GCA_039862785.1	SAMN41318483	PRJNA1041350	Acinetobacter thermotolerans	Acinetobacter	2	2	0	100.0	2	1	1
GCA_039864105.1	SAMN41318489	PRJNA1041350	Acinetobacter thermotolerans	Acinetobacter	3	0	3	0.0	3	1	0
GCA_039865185.1	SAMN41318488	PRJNA1041350	Acinetobacter thermotolerans	Acinetobacter	2	2	0	100.0	2	1	1
GCA_039866555.1	SAMN41318481	PRJNA1041350	Acinetobacter thermotolerans	Acinetobacter	3	2	1	66.667	3	2	1
GCA_040214375.1	SAMN41651210	PRJNA1119364	Acinetobacter pittii	Acinetobacter	2	0	2	0.0	2	1	0
GCA_040267665.1	SAMN41726357	PRJNA1121085	Acinetobacter baumannii	Acinetobacter	13	0	13	0.0	11	1	0
GCA_040273015.2	SAMN41984683	PRJNA288601	Acinetobacter baumannii	Acinetobacter	9	0	9	0.0	9	1	0
GCA_040273095.2	SAMN41984684	PRJNA288601	Acinetobacter baumannii	Acinetobacter	16	0	16	0.0	13	1	0
GCA_040273275.2	SAMN41984682	PRJNA288601	Klebsiella pneumoniae	Klebsiella	19	15	4	78.947	19	4	3
GCA_040273435.2	SAMN41984685	PRJNA288601	Acinetobacter baumannii	Acinetobacter	15	0	15	0.0	11	1	0
GCA_040277315.2	SAMN41984688	PRJNA288601	Klebsiella pneumoniae	Klebsiella	18	14	4	77.778	18	2	1
GCA_040357515.1	SAMN35727871	PRJNA983522	Acinetobacter baumannii	Acinetobacter	5	2	3	40.0	5	2	1
GCA_040436385.1	SAMD00775682	PRJDB10427	Acinetobacter towneri	Acinetobacter	11	11	0	100.0	11	1	1
GCA_040454745.2	SAMN42232595	PRJNA288601	Klebsiella pneumoniae	Klebsiella	19	15	4	78.947	19	4	3
GCA_040455575.2	SAMN42232590	PRJNA288601	Klebsiella pneumoniae	Klebsiella	23	9	14	39.13	22	2	1
GCA_040455895.2	SAMN42232598	PRJNA288601	Enterobacter hormaechei	Enterobacter	17	13	4	76.471	17	3	2
GCA_040529175.1	SAMN41728660	PRJNA1121093	Klebsiella pneumoniae	Klebsiella	7	0	7	0.0	5	1	0
GCA_040529205.1	SAMN41726358	PRJNA1121085	Acinetobacter baumannii	Acinetobacter	13	0	13	0.0	11	1	0
GCA_040529215.1	SAMN41726359	PRJNA1121085	Acinetobacter baumannii	Acinetobacter	13	0	13	0.0	11	1	0
GCA_040529225.1	SAMN41726407	PRJNA1121085	Acinetobacter baumannii	Acinetobacter	13	0	13	0.0	11	1	0
GCA_040529235.1	SAMN41726429	PRJNA1121085	Acinetobacter baumannii	Acinetobacter	13	0	13	0.0	11	1	0
GCA_040529245.1	SAMN41726430	PRJNA1121085	Acinetobacter baumannii	Acinetobacter	13	0	13	0.0	11	1	0
GCA_040529255.1	SAMN41726438	PRJNA1121085	Acinetobacter baumannii	Acinetobacter	13	0	13	0.0	11	1	0
GCA_040529265.1	SAMN41726437	PRJNA1121085	Acinetobacter baumannii	Acinetobacter	13	0	13	0.0	11	1	0
GCA_040529275.1	SAMN41726557	PRJNA1121085	Acinetobacter baumannii	Acinetobacter	13	0	13	0.0	11	1	0
GCA_040529285.1	SAMN41726560	PRJNA1121085	Acinetobacter baumannii	Acinetobacter	13	0	13	0.0	11	1	0
GCA_040529295.1	SAMN41726558	PRJNA1121085	Acinetobacter baumannii	Acinetobacter	13	0	13	0.0	11	1	0
GCA_040529305.1	SAMN41726561	PRJNA1121085	Acinetobacter baumannii	Acinetobacter	13	0	13	0.0	11	1	0
GCA_040529315.1	SAMN41726562	PRJNA1121085	Acinetobacter baumannii	Acinetobacter	13	0	13	0.0	11	1	0
GCA_040529325.1	SAMN41724871	PRJNA1121085	Acinetobacter baumannii	Acinetobacter	13	0	13	0.0	11	1	0
GCA_040536855.1	SAMN42110440	PRJNA1129009	Acinetobacter baumannii	Acinetobacter	14	0	14	0.0	12	1	0
GCA_040536945.1	SAMN41726360	PRJNA1121085	Acinetobacter baumannii	Acinetobacter	13	0	13	0.0	11	1	0
GCA_040536955.1	SAMN41726361	PRJNA1121085	Acinetobacter baumannii	Acinetobacter	13	0	13	0.0	11	1	0
GCA_040536965.1	SAMN41726427	PRJNA1121085	Acinetobacter baumannii	Acinetobacter	13	0	13	0.0	11	1	0
GCA_040543095.1	SAMN42110409	PRJNA1128891	Acinetobacter baumannii	Acinetobacter	17	6	11	35.294	14	2	1
GCA_040581475.1	SAMN26198448	PRJNA800017	Acinetobacter pittii	Acinetobacter	14	10	4	71.429	10	4	3
GCA_040703085.1	SAMN42110418	PRJNA1128891	Acinetobacter baumannii	Acinetobacter	17	6	11	35.294	14	2	1
GCA_040744925.1	SAMN42326721	PRJNA1131933	Acinetobacter sp.	Acinetobacter	1	0	1	0.0	1	1	0
GCA_040801815.1	SAMN42480256	PRJNA1034534	Acinetobacter baumannii	Acinetobacter	10	0	10	0.0	7	1	0
GCA_040822125.1	SAMN42510874	PRJNA1136224	Acinetobacter baumannii	Acinetobacter	5	2	3	40.0	5	2	1
GCA_040822385.1	SAMN42510942	PRJNA1136224	Acinetobacter baumannii	Acinetobacter	8	4	4	50.0	7	3	2
GCA_040822395.1	SAMN42510875	PRJNA1136224	Acinetobacter baumannii	Acinetobacter	5	2	3	40.0	5	2	1
GCA_040822405.1	SAMN42510876	PRJNA1136224	Acinetobacter baumannii	Acinetobacter	8	1	7	12.5	7	2	1
GCA_040822435.1	SAMN42510943	PRJNA1136224	Acinetobacter baumannii	Acinetobacter	3	0	3	0.0	3	1	0
GCA_040834015.1	SAMN42510403	PRJNA1136225	Acinetobacter baumannii	Acinetobacter	13	2	11	15.385	8	2	1
GCA_040897365.2	SAMN42837550	PRJNA288601	Klebsiella pneumoniae	Klebsiella	15	10	5	66.667	13	2	1
GCA_040897725.2	SAMN42837553	PRJNA288601	Klebsiella pneumoniae	Klebsiella	19	15	4	78.947	19	4	3
GCA_040897795.2	SAMN42837551	PRJNA288601	Klebsiella pneumoniae	Klebsiella	19	15	4	78.947	19	3	2
GCA_040898785.2	SAMN42837556	PRJNA288601	Acinetobacter baumannii	Acinetobacter	4	0	4	0.0	4	1	0
GCA_040898815.2	SAMN42837558	PRJNA288601	Klebsiella pneumoniae	Klebsiella	11	7	4	63.636	10	3	2
GCA_040899365.2	SAMN42837557	PRJNA288601	Klebsiella pneumoniae	Klebsiella	19	15	4	78.947	19	4	3
GCA_040930415.1	SAMN42510872	PRJNA1136225	Acinetobacter baumannii	Acinetobacter	4	1	3	25.0	3	2	1
GCA_040939585.2	SAMN42837561	PRJNA288601	Acinetobacter baumannii	Acinetobacter	10	0	10	0.0	6	1	0
GCA_040956905.1	SAMN41918911	PRJNA854605	Acinetobacter baumannii	Acinetobacter	12	0	12	0.0	11	1	0
GCA_040956925.1	SAMN41918910	PRJNA854605	Acinetobacter baumannii	Acinetobacter	13	0	13	0.0	11	1	0
GCA_040956955.1	SAMN41918908	PRJNA854605	Acinetobacter baumannii	Acinetobacter	12	0	12	0.0	11	1	0
GCA_040957165.1	SAMN41918903	PRJNA854605	Acinetobacter baumannii	Acinetobacter	14	0	14	0.0	12	1	0
GCA_040961385.1	SAMN42761192	PRJNA1110197	Acinetobacter lactucae	Acinetobacter	2	0	2	0.0	2	1	0
GCA_040965195.2	SAMN42924103	PRJNA288601	Pseudomonas aeruginosa	Pseudomonas	26	0	26	0.0	20	1	0
GCA_041004195.1	SAMN42440400	PRJNA1135755	Acinetobacter baumannii	Acinetobacter	20	0	20	0.0	12	1	0
GCA_041014305.2	SAMN42110417	PRJNA1128891	Acinetobacter baumannii	Acinetobacter	9	6	3	66.667	8	2	1
GCA_041021885.1	SAMN41540241	PRJNA1114904	Acinetobacter chenhuanii	Acinetobacter	1	1	0	100.0	1	1	1
GCA_041021895.1	SAMN41540240	PRJNA1114904	Acinetobacter chenhuanii	Acinetobacter	1	0	1	0.0	1	1	0
GCA_041021905.1	SAMN41540239	PRJNA1114904	Acinetobacter nosocomialis	Acinetobacter	12	11	1	91.667	11	2	1
GCA_041021915.1	SAMN41540238	PRJNA1114904	Acinetobacter yuyunsongii	Acinetobacter	8	8	0	100.0	8	2	2
GCA_041021925.1	SAMN41540237	PRJNA1114904	Acinetobacter pittii	Acinetobacter	5	3	2	60.0	5	2	1
GCA_041021935.1	SAMN41540236	PRJNA1114904	Acinetobacter nosocomialis	Acinetobacter	4	3	1	75.0	4	2	1
GCA_041021945.1	SAMN41540235	PRJNA1114904	Acinetobacter radioresistens	Acinetobacter	4	3	1	75.0	4	2	1
GCA_041085125.2	SAMN43047204	PRJNA288601	Klebsiella pneumoniae	Klebsiella	5	1	4	20.0	5	2	1
GCA_041154775.1	SAMD00778454	PRJDB18098	Acinetobacter baumannii	Acinetobacter	29	0	29	0.0	19	1	0
GCA_041154785.1	SAMD00778455	PRJDB18098	Acinetobacter baumannii	Acinetobacter	17	0	17	0.0	16	1	0
GCA_041154795.1	SAMD00778456	PRJDB18098	Acinetobacter baumannii	Acinetobacter	18	0	18	0.0	16	1	0
GCA_041154805.1	SAMD00778457	PRJDB18098	Acinetobacter baumannii	Acinetobacter	5	0	5	0.0	4	1	0
GCA_041154815.1	SAMD00778461	PRJDB18098	Acinetobacter baumannii	Acinetobacter	12	0	12	0.0	10	1	0
GCA_041154825.1	SAMD00778471	PRJDB18098	Acinetobacter baumannii	Acinetobacter	9	0	9	0.0	7	1	0
GCA_041154835.1	SAMD00778472	PRJDB18098	Acinetobacter baumannii	Acinetobacter	17	0	17	0.0	13	1	0
GCA_041154845.1	SAMD00778479	PRJDB18098	Acinetobacter baumannii	Acinetobacter	15	9	6	60.0	14	2	1
GCA_041154855.1	SAMD00778487	PRJDB18098	Acinetobacter baumannii	Acinetobacter	8	0	8	0.0	6	1	0
GCA_041154865.1	SAMD00778497	PRJDB18098	Acinetobacter baumannii	Acinetobacter	16	13	3	81.25	15	2	1
GCA_041154875.1	SAMD00778518	PRJDB18098	Acinetobacter baumannii	Acinetobacter	24	0	24	0.0	16	1	0
GCA_041222715.1	SAMN42955212	PRJNA1142700	Klebsiella pneumoniae	Klebsiella	19	17	2	89.474	16	4	3
GCA_041283555.2	SAMN43063588	PRJNA1145358	Klebsiella pneumoniae	Klebsiella	7	3	4	42.857	7	2	1
GCA_041291955.2	SAMN43185125	PRJNA288601	Klebsiella pneumoniae	Klebsiella	16	10	6	62.5	14	2	1
GCA_041291985.2	SAMN43185118	PRJNA288601	Klebsiella pneumoniae	Klebsiella	18	14	4	77.778	18	3	2
GCA_041292005.2	SAMN43185119	PRJNA288601	Acinetobacter baumannii	Acinetobacter	5	0	5	0.0	3	1	0
GCA_041292025.2	SAMN43185120	PRJNA288601	Acinetobacter baumannii	Acinetobacter	14	1	13	7.143	11	2	1
GCA_041292045.2	SAMN43185121	PRJNA288601	Acinetobacter baumannii	Acinetobacter	14	1	13	7.143	11	2	1
GCA_041292065.2	SAMN43185122	PRJNA288601	Acinetobacter baumannii	Acinetobacter	14	1	13	7.143	11	2	1
GCA_041292085.2	SAMN43185124	PRJNA288601	Klebsiella pneumoniae	Klebsiella	10	6	4	60.0	10	2	1
GCA_041292125.2	SAMN43185123	PRJNA288601	Klebsiella pneumoniae	Klebsiella	32	28	4	87.5	16	3	2
GCA_041462955.2	SAMN43321947	PRJNA288601	Klebsiella pneumoniae	Klebsiella	21	17	4	80.952	21	3	2
GCA_041462975.2	SAMN43321945	PRJNA288601	Klebsiella oxytoca	Klebsiella	17	14	3	82.353	15	2	1
GCA_041501485.1	SAMN43259722	PRJNA1149802	Acinetobacter radioresistens	Acinetobacter	4	3	1	75.0	4	2	1
GCA_041501495.1	SAMN43259723	PRJNA1149802	Acinetobacter ursingii	Acinetobacter	3	3	0	100.0	3	1	1
GCA_041714735.1	SAMN42837559	PRJNA288601	Acinetobacter lactucae	Acinetobacter	2	0	2	0.0	2	1	0
GCA_041714745.1	SAMN42924106	PRJNA288601	Acinetobacter bereziniae	Acinetobacter	1	0	1	0.0	1	1	0
GCA_041755815.2	SAMN43499734	PRJNA288601	Klebsiella oxytoca	Klebsiella	17	14	3	82.353	15	2	1
GCA_041760675.2	SAMN43497282	PRJNA288601	Klebsiella pneumoniae	Klebsiella	16	12	4	75.0	16	3	2
GCA_041760695.2	SAMN43497284	PRJNA288601	Acinetobacter baumannii	Acinetobacter	6	0	6	0.0	5	1	0
GCA_041765415.1	SAMN40910430	PRJNA1098507	Klebsiella pneumoniae	Klebsiella	16	12	4	75.0	14	4	3
GCA_041765425.1	SAMN40910429	PRJNA1098507	Klebsiella pneumoniae	Klebsiella	12	8	4	66.667	12	2	1
GCA_041765435.1	SAMN40910481	PRJNA1098507	Klebsiella pneumoniae	Klebsiella	15	11	4	73.333	15	2	1
GCA_041768005.2	SAMN43499735	PRJNA288601	Klebsiella oxytoca	Klebsiella	17	14	3	82.353	15	2	1
GCA_041801535.1	SAMN42799853	PRJNA1139950	Acinetobacter baumannii	Acinetobacter	4	0	4	0.0	4	1	0
GCA_041807495.1	SAMN40910428	PRJNA1098507	Klebsiella pneumoniae	Klebsiella	16	12	4	75.0	16	2	1
GCA_041810345.1	SAMN40910427	PRJNA1098507	Klebsiella pneumoniae	Klebsiella	16	12	4	75.0	16	2	1
GCA_041813235.1	SAMN40910355	PRJNA1098507	Klebsiella pneumoniae	Klebsiella	5	0	5	0.0	5	1	0
GCA_041819845.1	SAMN40910353	PRJNA1098507	Klebsiella pneumoniae	Klebsiella	12	8	4	66.667	11	2	1
GCA_041822865.1	SAMN40910352	PRJNA1098507	Klebsiella pneumoniae	Klebsiella	2	0	2	0.0	2	1	0
GCA_041825775.1	SAMN40910350	PRJNA1098507	Klebsiella pneumoniae	Klebsiella	4	0	4	0.0	4	1	0
GCA_041831655.1	SAMN40910346	PRJNA1098507	Klebsiella pneumoniae	Klebsiella	17	13	4	76.471	17	3	2
GCA_041834325.1	SAMN40910343	PRJNA1098507	Klebsiella pneumoniae	Klebsiella	3	1	2	33.333	3	2	1
GCA_041837985.1	SAMN40910341	PRJNA1098507	Klebsiella pneumoniae	Klebsiella	2	0	2	0.0	2	1	0
GCA_041840975.1	SAMN40910340	PRJNA1098507	Klebsiella pneumoniae	Klebsiella	4	0	4	0.0	4	1	0
GCA_041844285.1	SAMN40910339	PRJNA1098507	Klebsiella pneumoniae	Klebsiella	5	0	5	0.0	5	1	0
GCA_041847135.1	SAMN40910338	PRJNA1098507	Klebsiella pneumoniae	Klebsiella	4	0	4	0.0	4	1	0
GCA_041850165.1	SAMN40910337	PRJNA1098507	Klebsiella pneumoniae	Klebsiella	4	0	4	0.0	4	1	0
GCA_041856265.1	SAMN40910335	PRJNA1098507	Klebsiella pneumoniae	Klebsiella	4	0	4	0.0	4	1	0
GCA_041857115.1	SAMN40910334	PRJNA1098507	Klebsiella pneumoniae	Klebsiella	2	0	2	0.0	2	1	0
GCA_041857125.1	SAMN40910333	PRJNA1098507	Klebsiella pneumoniae	Klebsiella	4	0	4	0.0	4	1	0
GCA_041857145.1	SAMN40910487	PRJNA1098507	Klebsiella pneumoniae	Klebsiella	16	10	6	62.5	16	3	2
GCA_041857195.1	SAMN40910426	PRJNA1098507	Klebsiella pneumoniae	Klebsiella	18	14	4	77.778	16	2	1
GCA_041857205.1	SAMN40910332	PRJNA1098507	Klebsiella pneumoniae	Klebsiella	4	0	4	0.0	4	1	0
GCA_041857215.1	SAMN40910331	PRJNA1098507	Klebsiella pneumoniae	Klebsiella	10	6	4	60.0	10	2	1
GCA_041857225.1	SAMN40910330	PRJNA1098507	Klebsiella pneumoniae	Klebsiella	9	5	4	55.556	8	3	2
GCA_041857335.1	SAMN40910329	PRJNA1098507	Klebsiella pneumoniae	Klebsiella	4	2	2	50.0	4	2	1
GCA_041858985.1	SAMN40910812	PRJNA1098507	Klebsiella pneumoniae	Klebsiella	5	1	4	20.0	5	2	1
GCA_041860015.1	SAMN40910811	PRJNA1098507	Klebsiella pneumoniae	Klebsiella	4	0	4	0.0	4	1	0
GCA_041860025.1	SAMN40910810	PRJNA1098507	Klebsiella pneumoniae	Klebsiella	16	12	4	75.0	15	3	2
GCA_041860045.1	SAMN40910808	PRJNA1098507	Klebsiella pneumoniae	Klebsiella	4	0	4	0.0	4	1	0
GCA_041860055.1	SAMN40910807	PRJNA1098507	Klebsiella pneumoniae	Klebsiella	4	0	4	0.0	4	1	0
GCA_041860065.1	SAMN40910805	PRJNA1098507	Klebsiella pneumoniae	Klebsiella	4	0	4	0.0	4	1	0
GCA_041860075.1	SAMN40910629	PRJNA1098507	Klebsiella pneumoniae	Klebsiella	4	0	4	0.0	4	1	0
GCA_041860095.1	SAMN40910466	PRJNA1098507	Klebsiella pneumoniae	Klebsiella	4	0	4	0.0	4	1	0
GCA_041860135.1	SAMN40910390	PRJNA1098507	Klebsiella pneumoniae	Klebsiella	4	0	4	0.0	4	1	0
GCA_041860155.1	SAMN40910375	PRJNA1098507	Klebsiella pneumoniae	Klebsiella	4	0	4	0.0	4	1	0
GCA_041860175.1	SAMN40910364	PRJNA1098507	Klebsiella pneumoniae	Klebsiella	4	0	4	0.0	4	1	0
GCA_041860185.1	SAMN40910361	PRJNA1098507	Klebsiella pneumoniae	Klebsiella	4	0	4	0.0	4	1	0
GCA_041860195.1	SAMN40910358	PRJNA1098507	Klebsiella pneumoniae	Klebsiella	5	0	5	0.0	5	1	0
GCA_041860205.1	SAMN40910357	PRJNA1098507	Klebsiella pneumoniae	Klebsiella	4	0	4	0.0	4	1	0
GCA_041860235.1	SAMN40910472	PRJNA1098507	Klebsiella pneumoniae	Klebsiella	4	0	4	0.0	4	1	0
GCA_041860245.1	SAMN40910470	PRJNA1098507	Klebsiella pneumoniae	Klebsiella	4	0	4	0.0	4	1	0
GCA_041860255.1	SAMN40910469	PRJNA1098507	Klebsiella pneumoniae	Klebsiella	4	0	4	0.0	4	1	0
GCA_041860265.1	SAMN40910468	PRJNA1098507	Klebsiella pneumoniae	Klebsiella	4	0	4	0.0	4	1	0
GCA_041860275.1	SAMN40910465	PRJNA1098507	Klebsiella pneumoniae	Klebsiella	5	1	4	20.0	5	2	1
GCA_041860285.1	SAMN40910464	PRJNA1098507	Klebsiella pneumoniae	Klebsiella	4	0	4	0.0	4	1	0
GCA_041860295.1	SAMN40910463	PRJNA1098507	Klebsiella pneumoniae	Klebsiella	12	8	4	66.667	12	2	1
GCA_041860305.1	SAMN40910462	PRJNA1098507	Klebsiella pneumoniae	Klebsiella	5	1	4	20.0	5	2	1
GCA_041860315.1	SAMN40910471	PRJNA1098507	Klebsiella pneumoniae	Klebsiella	4	0	4	0.0	4	1	0
GCA_041860325.1	SAMN40910461	PRJNA1098507	Klebsiella pneumoniae	Klebsiella	4	0	4	0.0	4	1	0
GCA_041860335.1	SAMN40910460	PRJNA1098507	Klebsiella pneumoniae	Klebsiella	4	0	4	0.0	4	1	0
GCA_041860355.1	SAMN40910458	PRJNA1098507	Klebsiella pneumoniae	Klebsiella	4	0	4	0.0	4	1	0
GCA_041860375.1	SAMN40910456	PRJNA1098507	Klebsiella pneumoniae	Klebsiella	3	0	3	0.0	3	1	0
GCA_041860385.1	SAMN40910455	PRJNA1098507	Klebsiella pneumoniae	Klebsiella	10	4	6	40.0	9	2	1
GCA_041860395.1	SAMN40910454	PRJNA1098507	Klebsiella pneumoniae	Klebsiella	7	0	7	0.0	7	1	0
GCA_041860405.1	SAMN40910452	PRJNA1098507	Klebsiella pneumoniae	Klebsiella	4	0	4	0.0	4	1	0
GCA_041860415.1	SAMN40910450	PRJNA1098507	Klebsiella pneumoniae	Klebsiella	5	1	4	20.0	5	2	1
GCA_041860425.1	SAMN40910449	PRJNA1098507	Klebsiella pneumoniae	Klebsiella	5	0	5	0.0	5	1	0
GCA_041860445.1	SAMN40910447	PRJNA1098507	Klebsiella pneumoniae	Klebsiella	3	0	3	0.0	3	1	0
GCA_041860465.1	SAMN40910444	PRJNA1098507	Klebsiella pneumoniae	Klebsiella	4	0	4	0.0	4	1	0
GCA_041860485.1	SAMN40910441	PRJNA1098507	Klebsiella pneumoniae	Klebsiella	5	1	4	20.0	5	2	1
GCA_041860495.1	SAMN40910440	PRJNA1098507	Klebsiella pneumoniae	Klebsiella	4	0	4	0.0	4	1	0
GCA_041860505.1	SAMN40910439	PRJNA1098507	Klebsiella pneumoniae	Klebsiella	4	0	4	0.0	4	1	0
GCA_041860515.1	SAMN40910437	PRJNA1098507	Klebsiella pneumoniae	Klebsiella	9	5	4	55.556	9	2	1
GCA_041860525.1	SAMN40910436	PRJNA1098507	Klebsiella pneumoniae	Klebsiella	4	0	4	0.0	4	1	0
GCA_041860535.1	SAMN40910425	PRJNA1098507	Klebsiella pneumoniae	Klebsiella	17	13	4	76.471	17	2	1
GCA_041860545.1	SAMN40910424	PRJNA1098507	Klebsiella pneumoniae	Klebsiella	16	12	4	75.0	16	2	1
GCA_041860555.1	SAMN40910423	PRJNA1098507	Klebsiella pneumoniae	Klebsiella	14	10	4	71.429	14	3	2
GCA_041860565.1	SAMN40910422	PRJNA1098507	Klebsiella pneumoniae	Klebsiella	6	2	4	33.333	6	2	1
GCA_041860575.1	SAMN40910420	PRJNA1098507	Klebsiella pneumoniae	Klebsiella	24	18	6	75.0	22	3	2
GCA_041860585.1	SAMN40910419	PRJNA1098507	Klebsiella pneumoniae	Klebsiella	10	6	4	60.0	10	2	1
GCA_041860595.1	SAMN40910418	PRJNA1098507	Klebsiella pneumoniae	Klebsiella	18	4	14	22.222	4	2	1
GCA_041860605.1	SAMN40910417	PRJNA1098507	Klebsiella pneumoniae	Klebsiella	9	3	6	33.333	8	3	2
GCA_041860615.1	SAMN40910416	PRJNA1098507	Klebsiella pneumoniae	Klebsiella	12	8	4	66.667	12	2	1
GCA_041860625.1	SAMN40910415	PRJNA1098507	Klebsiella pneumoniae	Klebsiella	9	5	4	55.556	8	2	1
GCA_041860635.1	SAMN40910414	PRJNA1098507	Klebsiella pneumoniae	Klebsiella	16	12	4	75.0	14	5	4
GCA_041860645.1	SAMN40910413	PRJNA1098507	Klebsiella pneumoniae	Klebsiella	43	39	4	90.698	26	4	3
GCA_041860655.1	SAMN40910412	PRJNA1098507	Klebsiella pneumoniae	Klebsiella	27	23	4	85.185	21	3	2
GCA_041860665.1	SAMN40910410	PRJNA1098507	Klebsiella pneumoniae	Klebsiella	15	11	4	73.333	15	2	1
GCA_041860675.1	SAMN40910409	PRJNA1098507	Klebsiella pneumoniae	Klebsiella	16	12	4	75.0	16	2	1
GCA_041860685.1	SAMN40910408	PRJNA1098507	Klebsiella pneumoniae	Klebsiella	8	3	5	37.5	8	2	1
GCA_041860695.1	SAMN40910407	PRJNA1098507	Klebsiella pneumoniae	Klebsiella	10	6	4	60.0	6	3	2
GCA_041860705.1	SAMN40910406	PRJNA1098507	Klebsiella pneumoniae	Klebsiella	15	11	4	73.333	15	2	1
GCA_041860715.1	SAMN40910405	PRJNA1098507	Klebsiella pneumoniae	Klebsiella	23	19	4	82.609	21	4	3
GCA_041860725.1	SAMN40910404	PRJNA1098507	Klebsiella pneumoniae	Klebsiella	16	12	4	75.0	15	2	1
GCA_041860735.1	SAMN40910403	PRJNA1098507	Klebsiella pneumoniae	Klebsiella	15	11	4	73.333	15	2	1
GCA_041860745.1	SAMN40910402	PRJNA1098507	Klebsiella pneumoniae	Klebsiella	6	4	2	66.667	6	2	1
GCA_041860755.1	SAMN40910401	PRJNA1098507	Klebsiella pneumoniae	Klebsiella	6	2	4	33.333	6	2	1
GCA_041860765.1	SAMN40910398	PRJNA1098507	Klebsiella pneumoniae	Klebsiella	16	12	4	75.0	12	3	2
GCA_041860775.1	SAMN40910395	PRJNA1098507	Klebsiella pneumoniae	Klebsiella	11	5	6	45.455	7	3	2
GCA_041860795.1	SAMN40910513	PRJNA1098507	Klebsiella pneumoniae	Klebsiella	4	0	4	0.0	4	1	0
GCA_041860825.1	SAMN40910660	PRJNA1098507	Klebsiella pneumoniae	Klebsiella	6	0	6	0.0	6	1	0
GCA_041860835.1	SAMN40910621	PRJNA1098507	Klebsiella pneumoniae	Klebsiella	4	0	4	0.0	4	1	0
GCA_041860845.1	SAMN40910619	PRJNA1098507	Klebsiella pneumoniae	Klebsiella	4	0	4	0.0	4	1	0
GCA_041860855.1	SAMN40910616	PRJNA1098507	Klebsiella pneumoniae	Klebsiella	4	0	4	0.0	4	1	0
GCA_041860865.1	SAMN40910612	PRJNA1098507	Klebsiella pneumoniae	Klebsiella	4	0	4	0.0	4	1	0
GCA_041861375.1	SAMN40910393	PRJNA1098507	Klebsiella pneumoniae	Klebsiella	17	13	4	76.471	17	3	2
GCA_041861385.1	SAMN40910392	PRJNA1098507	Klebsiella pneumoniae	Klebsiella	6	2	4	33.333	5	3	2
GCA_041861395.1	SAMN40910391	PRJNA1098507	Klebsiella pneumoniae	Klebsiella	4	0	4	0.0	4	1	0
GCA_041861405.1	SAMN40910389	PRJNA1098507	Klebsiella pneumoniae	Klebsiella	4	0	4	0.0	4	1	0
GCA_041861415.1	SAMN40910388	PRJNA1098507	Klebsiella pneumoniae	Klebsiella	4	0	4	0.0	4	1	0
GCA_041861425.1	SAMN40910604	PRJNA1098507	Klebsiella pneumoniae	Klebsiella	5	1	4	20.0	5	2	1
GCA_041861435.1	SAMN40910602	PRJNA1098507	Klebsiella pneumoniae	Klebsiella	5	0	5	0.0	5	1	0
GCA_041861445.1	SAMN40910601	PRJNA1098507	Klebsiella pneumoniae	Klebsiella	5	1	4	20.0	5	2	1
GCA_041861455.1	SAMN40910387	PRJNA1098507	Klebsiella pneumoniae	Klebsiella	2	0	2	0.0	2	1	0
GCA_041861475.1	SAMN40910385	PRJNA1098507	Klebsiella pneumoniae	Klebsiella	4	0	4	0.0	4	1	0
GCA_041861495.1	SAMN40910383	PRJNA1098507	Klebsiella pneumoniae	Klebsiella	4	0	4	0.0	4	1	0
GCA_041861515.1	SAMN40910380	PRJNA1098507	Klebsiella pneumoniae	Klebsiella	2	0	2	0.0	2	1	0
GCA_041861525.1	SAMN40910379	PRJNA1098507	Klebsiella pneumoniae	Klebsiella	4	0	4	0.0	4	1	0
GCA_041861545.1	SAMN40910377	PRJNA1098507	Klebsiella pneumoniae	Klebsiella	6	2	4	33.333	6	2	1
GCA_041861555.1	SAMN40910374	PRJNA1098507	Klebsiella pneumoniae	Klebsiella	4	0	4	0.0	4	1	0
GCA_041861565.1	SAMN40910373	PRJNA1098507	Klebsiella pneumoniae	Klebsiella	9	5	4	55.556	9	2	1
GCA_041861575.1	SAMN40910372	PRJNA1098507	Klebsiella pneumoniae	Klebsiella	4	0	4	0.0	4	1	0
GCA_041861585.1	SAMN40910370	PRJNA1098507	Klebsiella pneumoniae	Klebsiella	7	3	4	42.857	7	3	2
GCA_041861595.1	SAMN40910368	PRJNA1098507	Klebsiella pneumoniae	Klebsiella	4	0	4	0.0	4	1	0
GCA_041861615.1	SAMN40910366	PRJNA1098507	Klebsiella pneumoniae	Klebsiella	5	0	5	0.0	5	1	0
GCA_041861635.1	SAMN40910363	PRJNA1098507	Klebsiella pneumoniae	Klebsiella	4	0	4	0.0	4	1	0
GCA_041861645.1	SAMN40910360	PRJNA1098507	Klebsiella pneumoniae	Klebsiella	7	3	4	42.857	7	2	1
GCA_041861655.1	SAMN40910359	PRJNA1098507	Klebsiella pneumoniae	Klebsiella	7	3	4	42.857	7	2	1
GCA_041861665.1	SAMN40910803	PRJNA1098507	Klebsiella pneumoniae	Klebsiella	4	0	4	0.0	4	1	0
GCA_041861675.1	SAMN40910802	PRJNA1098507	Klebsiella pneumoniae	Klebsiella	9	5	4	55.556	9	2	1
GCA_041861685.1	SAMN40910801	PRJNA1098507	Klebsiella pneumoniae	Klebsiella	9	5	4	55.556	9	2	1
GCA_041861695.1	SAMN40910800	PRJNA1098507	Klebsiella pneumoniae	Klebsiella	2	0	2	0.0	2	1	0
GCA_041861705.1	SAMN40910799	PRJNA1098507	Klebsiella pneumoniae	Klebsiella	4	0	4	0.0	4	1	0
GCA_041861715.1	SAMN40910798	PRJNA1098507	Klebsiella pneumoniae	Klebsiella	12	8	4	66.667	12	2	1
GCA_041861725.1	SAMN40910797	PRJNA1098507	Klebsiella pneumoniae	Klebsiella	4	0	4	0.0	4	1	0
GCA_041861745.1	SAMN40910747	PRJNA1098507	Klebsiella pneumoniae	Klebsiella	10	6	4	60.0	10	2	1
GCA_041861755.1	SAMN40910743	PRJNA1098507	Klebsiella pneumoniae	Klebsiella	4	0	4	0.0	4	1	0
GCA_041861765.1	SAMN40910738	PRJNA1098507	Klebsiella pneumoniae	Klebsiella	16	12	4	75.0	15	2	1
GCA_041861785.1	SAMN40910736	PRJNA1098507	Klebsiella pneumoniae	Klebsiella	4	0	4	0.0	4	1	0
GCA_041861795.1	SAMN40910735	PRJNA1098507	Klebsiella pneumoniae	Klebsiella	4	0	4	0.0	4	1	0
GCA_041861815.1	SAMN40910720	PRJNA1098507	Klebsiella pneumoniae	Klebsiella	6	2	4	33.333	6	2	1
GCA_041861825.1	SAMN40910713	PRJNA1098507	Klebsiella pneumoniae	Klebsiella	14	10	4	71.429	14	2	1
GCA_041861835.1	SAMN40910708	PRJNA1098507	Klebsiella pneumoniae	Klebsiella	15	11	4	73.333	15	2	1
GCA_041861845.1	SAMN40910702	PRJNA1098507	Klebsiella pneumoniae	Klebsiella	11	7	4	63.636	11	2	1
GCA_041861855.1	SAMN40910630	PRJNA1098507	Klebsiella pneumoniae	Klebsiella	8	3	5	37.5	8	2	1
GCA_041861865.1	SAMN40910628	PRJNA1098507	Klebsiella pneumoniae	Klebsiella	4	0	4	0.0	4	1	0
GCA_041861875.1	SAMN40910627	PRJNA1098507	Klebsiella pneumoniae	Klebsiella	4	0	4	0.0	4	1	0
GCA_041862085.1	SAMN40910626	PRJNA1098507	Klebsiella pneumoniae	Klebsiella	4	0	4	0.0	4	1	0
GCA_041862775.1	SAMN40910625	PRJNA1098507	Klebsiella pneumoniae	Klebsiella	5	0	5	0.0	5	1	0
GCA_041862785.1	SAMN40910624	PRJNA1098507	Klebsiella pneumoniae	Klebsiella	4	0	4	0.0	4	1	0
GCA_041862795.1	SAMN40910623	PRJNA1098507	Klebsiella pneumoniae	Klebsiella	4	0	4	0.0	4	1	0
GCA_041862805.1	SAMN40910622	PRJNA1098507	Klebsiella pneumoniae	Klebsiella	5	1	4	20.0	5	2	1
GCA_041862815.1	SAMN40910620	PRJNA1098507	Klebsiella pneumoniae	Klebsiella	5	1	4	20.0	5	2	1
GCA_041862825.1	SAMN40910618	PRJNA1098507	Klebsiella pneumoniae	Klebsiella	4	0	4	0.0	4	1	0
GCA_041862835.1	SAMN40910617	PRJNA1098507	Klebsiella pneumoniae	Klebsiella	4	0	4	0.0	4	1	0
GCA_041862845.1	SAMN40910615	PRJNA1098507	Klebsiella pneumoniae	Klebsiella	4	0	4	0.0	4	1	0
GCA_041862855.1	SAMN40910613	PRJNA1098507	Klebsiella pneumoniae	Klebsiella	4	0	4	0.0	4	1	0
GCA_041862865.1	SAMN40910610	PRJNA1098507	Klebsiella pneumoniae	Klebsiella	7	3	4	42.857	7	3	2
GCA_041862875.1	SAMN40910609	PRJNA1098507	Klebsiella pneumoniae	Klebsiella	7	3	4	42.857	7	3	2
GCA_041863025.1	SAMN40910608	PRJNA1098507	Klebsiella pneumoniae	Klebsiella	4	0	4	0.0	4	1	0
GCA_041863035.1	SAMN40910607	PRJNA1098507	Klebsiella pneumoniae	Klebsiella	4	0	4	0.0	4	1	0
GCA_041863045.1	SAMN40910606	PRJNA1098507	Klebsiella pneumoniae	Klebsiella	5	1	4	20.0	5	2	1
GCA_041863055.1	SAMN40910605	PRJNA1098507	Klebsiella pneumoniae	Klebsiella	5	1	4	20.0	5	2	1
GCA_041863065.1	SAMN40910614	PRJNA1098507	Klebsiella pneumoniae	Klebsiella	6	2	4	33.333	6	3	2
GCA_041863075.1	SAMN40910796	PRJNA1098507	Klebsiella pneumoniae	Klebsiella	4	0	4	0.0	4	1	0
GCA_041863085.1	SAMN40910795	PRJNA1098507	Klebsiella pneumoniae	Klebsiella	11	7	4	63.636	11	2	1
GCA_041863095.1	SAMN40910794	PRJNA1098507	Klebsiella pneumoniae	Klebsiella	7	5	2	71.429	7	2	1
GCA_041863105.1	SAMN40910793	PRJNA1098507	Klebsiella pneumoniae	Klebsiella	5	1	4	20.0	5	2	1
GCA_041863115.1	SAMN40910792	PRJNA1098507	Klebsiella pneumoniae	Klebsiella	4	0	4	0.0	4	1	0
GCA_041863125.1	SAMN40910791	PRJNA1098507	Klebsiella pneumoniae	Klebsiella	4	0	4	0.0	4	1	0
GCA_041863135.1	SAMN40910516	PRJNA1098507	Klebsiella pneumoniae	Klebsiella	4	0	4	0.0	4	1	0
GCA_041863145.1	SAMN40910515	PRJNA1098507	Klebsiella pneumoniae	Klebsiella	4	0	4	0.0	4	1	0
GCA_041863855.1	SAMN40910512	PRJNA1098507	Klebsiella pneumoniae	Klebsiella	4	0	4	0.0	4	1	0
GCA_041864235.1	SAMN40910582	PRJNA1098507	Klebsiella pneumoniae	Klebsiella	4	0	4	0.0	4	1	0
GCA_041865715.1	SAMN40910777	PRJNA1098507	Klebsiella pneumoniae	Klebsiella	4	2	2	50.0	4	2	1
GCA_041869175.1	SAMN40910381	PRJNA1098507	Klebsiella pneumoniae	Klebsiella	4	0	4	0.0	4	1	0
GCA_041869595.1	SAMN40910787	PRJNA1098507	Klebsiella pneumoniae	Klebsiella	4	0	4	0.0	4	1	0
GCA_041869785.1	SAMN40910786	PRJNA1098507	Klebsiella pneumoniae	Klebsiella	4	0	4	0.0	4	1	0
GCA_041869835.1	SAMN40910785	PRJNA1098507	Klebsiella pneumoniae	Klebsiella	4	0	4	0.0	4	1	0
GCA_041869845.1	SAMN40910784	PRJNA1098507	Klebsiella pneumoniae	Klebsiella	4	0	4	0.0	4	1	0
GCA_041869855.1	SAMN40910783	PRJNA1098507	Klebsiella pneumoniae	Klebsiella	17	13	4	76.471	16	3	2
GCA_041869865.1	SAMN40910782	PRJNA1098507	Klebsiella pneumoniae	Klebsiella	4	0	4	0.0	4	1	0
GCA_041869875.1	SAMN40910781	PRJNA1098507	Klebsiella pneumoniae	Klebsiella	11	7	4	63.636	11	2	1
GCA_041869885.1	SAMN40910780	PRJNA1098507	Klebsiella pneumoniae	Klebsiella	5	1	4	20.0	5	2	1
GCA_041869895.1	SAMN40910779	PRJNA1098507	Klebsiella pneumoniae	Klebsiella	4	0	4	0.0	4	1	0
GCA_041869905.1	SAMN40910778	PRJNA1098507	Klebsiella pneumoniae	Klebsiella	4	0	4	0.0	4	1	0
GCA_041869915.1	SAMN40910776	PRJNA1098507	Klebsiella pneumoniae	Klebsiella	5	1	4	20.0	5	2	1
GCA_041869925.1	SAMN40910774	PRJNA1098507	Klebsiella pneumoniae	Klebsiella	4	0	4	0.0	4	1	0
GCA_041869935.1	SAMN40910773	PRJNA1098507	Klebsiella pneumoniae	Klebsiella	4	0	4	0.0	4	1	0
GCA_041869945.1	SAMN40910772	PRJNA1098507	Klebsiella pneumoniae	Klebsiella	4	0	4	0.0	4	1	0
GCA_041869955.1	SAMN40910771	PRJNA1098507	Klebsiella pneumoniae	Klebsiella	5	0	5	0.0	5	1	0
GCA_041869965.1	SAMN40910770	PRJNA1098507	Klebsiella pneumoniae	Klebsiella	4	0	4	0.0	4	1	0
GCA_041869995.1	SAMN40910769	PRJNA1098507	Klebsiella pneumoniae	Klebsiella	4	0	4	0.0	4	1	0
GCA_041870005.1	SAMN40910520	PRJNA1098507	Klebsiella pneumoniae	Klebsiella	12	8	4	66.667	12	2	1
GCA_041870015.1	SAMN40910519	PRJNA1098507	Klebsiella pneumoniae	Klebsiella	2	0	2	0.0	2	1	0
GCA_041870025.1	SAMN40910517	PRJNA1098507	Klebsiella pneumoniae	Klebsiella	4	0	4	0.0	4	1	0
GCA_041870045.1	SAMN40910611	PRJNA1098507	Klebsiella pneumoniae	Klebsiella	5	0	5	0.0	5	1	0
GCA_041870055.1	SAMN40910518	PRJNA1098507	Klebsiella pneumoniae	Klebsiella	4	0	4	0.0	4	1	0
GCA_041871445.1	SAMN43415081	PRJNA1154408	Acinetobacter pittii	Acinetobacter	3	0	3	0.0	2	1	0
GCA_041889535.1	SAMN40910578	PRJNA1098507	Klebsiella pneumoniae	Klebsiella	4	0	4	0.0	4	1	0
GCA_041889715.1	SAMN40910567	PRJNA1098507	Klebsiella pneumoniae	Klebsiella	4	0	4	0.0	4	1	0
GCA_041890165.1	SAMN40910530	PRJNA1098507	Klebsiella pneumoniae	Klebsiella	4	0	4	0.0	4	1	0
GCA_041890215.1	SAMN40910467	PRJNA1098507	Klebsiella pneumoniae	Klebsiella	4	0	4	0.0	4	1	0
GCA_041890225.1	SAMN40910397	PRJNA1098507	Klebsiella pneumoniae	Klebsiella	4	0	4	0.0	4	1	0
GCA_041890495.1	SAMN43308758	PRJNA1151253	Enterobacter hormaechei	Enterobacter	4	0	4	0.0	4	1	0
GCA_041897565.1	SAMN40910760	PRJNA1098507	Klebsiella pneumoniae	Klebsiella	4	0	4	0.0	4	1	0
GCA_041897575.1	SAMN40910742	PRJNA1098507	Klebsiella pneumoniae	Klebsiella	5	0	5	0.0	5	1	0
GCA_041897595.1	SAMN40910706	PRJNA1098507	Klebsiella pneumoniae	Klebsiella	5	0	5	0.0	5	1	0
GCA_041897605.1	SAMN40910705	PRJNA1098507	Klebsiella pneumoniae	Klebsiella	4	0	4	0.0	4	1	0
GCA_041897615.1	SAMN40910704	PRJNA1098507	Klebsiella pneumoniae	Klebsiella	4	0	4	0.0	4	1	0
GCA_041897625.1	SAMN40910700	PRJNA1098507	Klebsiella pneumoniae	Klebsiella	4	0	4	0.0	4	1	0
GCA_041897645.1	SAMN40910673	PRJNA1098507	Klebsiella pneumoniae	Klebsiella	4	0	4	0.0	4	1	0
GCA_041900595.1	SAMN40910768	PRJNA1098507	Klebsiella pneumoniae	Klebsiella	5	1	4	20.0	5	2	1
GCA_041900605.1	SAMN40910767	PRJNA1098507	Klebsiella pneumoniae	Klebsiella	4	0	4	0.0	4	1	0
GCA_041900625.1	SAMN40910765	PRJNA1098507	Klebsiella pneumoniae	Klebsiella	4	0	4	0.0	4	1	0
GCA_041900635.1	SAMN40910764	PRJNA1098507	Klebsiella pneumoniae	Klebsiella	5	0	5	0.0	5	1	0
GCA_041900645.1	SAMN40910763	PRJNA1098507	Klebsiella pneumoniae	Klebsiella	4	0	4	0.0	4	1	0
GCA_041901795.1	SAMN40910762	PRJNA1098507	Klebsiella pneumoniae	Klebsiella	4	0	4	0.0	4	1	0
GCA_041902225.1	SAMN40910761	PRJNA1098507	Klebsiella pneumoniae	Klebsiella	5	0	5	0.0	5	1	0
GCA_041902235.1	SAMN40910759	PRJNA1098507	Klebsiella pneumoniae	Klebsiella	21	17	4	80.952	16	2	1
GCA_041902245.1	SAMN40910758	PRJNA1098507	Klebsiella pneumoniae	Klebsiella	5	1	4	20.0	5	2	1
GCA_041902255.1	SAMN40910757	PRJNA1098507	Klebsiella pneumoniae	Klebsiella	4	0	4	0.0	4	1	0
GCA_041902265.1	SAMN40910756	PRJNA1098507	Klebsiella pneumoniae	Klebsiella	4	0	4	0.0	4	1	0
GCA_041902275.1	SAMN40910755	PRJNA1098507	Klebsiella pneumoniae	Klebsiella	4	0	4	0.0	4	1	0
GCA_041902475.1	SAMN40910754	PRJNA1098507	Klebsiella pneumoniae	Klebsiella	4	0	4	0.0	4	1	0
GCA_041902485.1	SAMN40910753	PRJNA1098507	Klebsiella pneumoniae	Klebsiella	4	0	4	0.0	4	1	0
GCA_041902495.1	SAMN40910752	PRJNA1098507	Klebsiella pneumoniae	Klebsiella	4	0	4	0.0	4	1	0
GCA_041902505.1	SAMN40910751	PRJNA1098507	Klebsiella pneumoniae	Klebsiella	4	0	4	0.0	4	1	0
GCA_041902515.1	SAMN40910750	PRJNA1098507	Klebsiella pneumoniae	Klebsiella	4	0	4	0.0	4	1	0
GCA_041902525.1	SAMN40910749	PRJNA1098507	Klebsiella pneumoniae	Klebsiella	9	5	4	55.556	9	2	1
GCA_041902535.1	SAMN40910748	PRJNA1098507	Klebsiella pneumoniae	Klebsiella	6	2	4	33.333	6	2	1
GCA_041902545.1	SAMN40910746	PRJNA1098507	Klebsiella pneumoniae	Klebsiella	4	0	4	0.0	4	1	0
GCA_041902555.1	SAMN40910745	PRJNA1098507	Klebsiella pneumoniae	Klebsiella	4	0	4	0.0	4	1	0
GCA_041902765.1	SAMN40910744	PRJNA1098507	Klebsiella pneumoniae	Klebsiella	5	0	5	0.0	5	1	0
GCA_041902775.1	SAMN40910741	PRJNA1098507	Klebsiella pneumoniae	Klebsiella	4	0	4	0.0	4	1	0
GCA_041902785.1	SAMN40910647	PRJNA1098507	Klebsiella pneumoniae	Klebsiella	5	1	4	20.0	5	2	1
GCA_041902815.1	SAMN40910638	PRJNA1098507	Klebsiella pneumoniae	Klebsiella	4	0	4	0.0	4	1	0
GCA_041902835.1	SAMN40910633	PRJNA1098507	Klebsiella pneumoniae	Klebsiella	4	0	4	0.0	4	1	0
GCA_041902875.1	SAMN40910740	PRJNA1098507	Klebsiella pneumoniae	Klebsiella	2	0	2	0.0	2	1	0
GCA_041902885.1	SAMN40910739	PRJNA1098507	Klebsiella pneumoniae	Klebsiella	4	0	4	0.0	4	1	0
GCA_041902895.1	SAMN40910732	PRJNA1098507	Klebsiella pneumoniae	Klebsiella	2	0	2	0.0	2	1	0
GCA_041902905.1	SAMN40910731	PRJNA1098507	Klebsiella pneumoniae	Klebsiella	4	0	4	0.0	4	1	0
GCA_041902945.1	SAMN40910726	PRJNA1098507	Klebsiella pneumoniae	Klebsiella	15	11	4	73.333	15	2	1
GCA_041902955.1	SAMN40910725	PRJNA1098507	Klebsiella pneumoniae	Klebsiella	4	0	4	0.0	4	1	0
GCA_041902965.1	SAMN40910724	PRJNA1098507	Klebsiella pneumoniae	Klebsiella	4	0	4	0.0	4	1	0
GCA_041902975.1	SAMN40910723	PRJNA1098507	Klebsiella pneumoniae	Klebsiella	17	13	4	76.471	16	2	1
GCA_041902985.1	SAMN40910722	PRJNA1098507	Klebsiella pneumoniae	Klebsiella	4	0	4	0.0	4	1	0
GCA_041902995.1	SAMN40910721	PRJNA1098507	Klebsiella pneumoniae	Klebsiella	4	0	4	0.0	4	1	0
GCA_041903005.1	SAMN40910719	PRJNA1098507	Klebsiella pneumoniae	Klebsiella	4	0	4	0.0	4	1	0
GCA_041903015.1	SAMN40910718	PRJNA1098507	Klebsiella pneumoniae	Klebsiella	2	0	2	0.0	2	1	0
GCA_041903025.1	SAMN40910717	PRJNA1098507	Klebsiella pneumoniae	Klebsiella	5	0	5	0.0	5	1	0
GCA_041903035.1	SAMN40910716	PRJNA1098507	Klebsiella pneumoniae	Klebsiella	4	0	4	0.0	4	1	0
GCA_041903065.1	SAMN40910715	PRJNA1098507	Klebsiella pneumoniae	Klebsiella	4	0	4	0.0	4	1	0
GCA_041903075.1	SAMN40910714	PRJNA1098507	Klebsiella pneumoniae	Klebsiella	4	0	4	0.0	4	1	0
GCA_041903095.1	SAMN40910711	PRJNA1098507	Klebsiella pneumoniae	Klebsiella	5	1	4	20.0	5	2	1
GCA_041903105.1	SAMN40910710	PRJNA1098507	Klebsiella pneumoniae	Klebsiella	5	1	4	20.0	5	2	1
GCA_041903115.1	SAMN40910709	PRJNA1098507	Klebsiella pneumoniae	Klebsiella	3	0	3	0.0	3	1	0
GCA_041903125.1	SAMN40910707	PRJNA1098507	Klebsiella pneumoniae	Klebsiella	10	6	4	60.0	10	2	1
GCA_041903135.1	SAMN40910703	PRJNA1098507	Klebsiella pneumoniae	Klebsiella	5	1	4	20.0	5	2	1
GCA_041903145.1	SAMN40910701	PRJNA1098507	Klebsiella pneumoniae	Klebsiella	4	0	4	0.0	4	1	0
GCA_041903155.1	SAMN40910699	PRJNA1098507	Klebsiella pneumoniae	Klebsiella	7	3	4	42.857	7	2	1
GCA_041903165.1	SAMN40910698	PRJNA1098507	Klebsiella pneumoniae	Klebsiella	6	0	6	0.0	4	1	0
GCA_041903175.1	SAMN40910697	PRJNA1098507	Klebsiella pneumoniae	Klebsiella	2	0	2	0.0	2	1	0
GCA_041903185.1	SAMN40910696	PRJNA1098507	Klebsiella pneumoniae	Klebsiella	5	1	4	20.0	5	2	1
GCA_041903195.1	SAMN40910695	PRJNA1098507	Klebsiella pneumoniae	Klebsiella	6	2	4	33.333	6	2	1
GCA_041903205.1	SAMN40910694	PRJNA1098507	Klebsiella pneumoniae	Klebsiella	6	2	4	33.333	6	2	1
GCA_041903235.1	SAMN40910691	PRJNA1098507	Klebsiella pneumoniae	Klebsiella	4	0	4	0.0	4	1	0
GCA_041903245.1	SAMN40910690	PRJNA1098507	Klebsiella pneumoniae	Klebsiella	4	0	4	0.0	4	1	0
GCA_041903255.1	SAMN40910689	PRJNA1098507	Klebsiella pneumoniae	Klebsiella	5	1	4	20.0	5	2	1
GCA_041903265.1	SAMN40910688	PRJNA1098507	Klebsiella pneumoniae	Klebsiella	4	0	4	0.0	4	1	0
GCA_041903275.1	SAMN40910687	PRJNA1098507	Klebsiella pneumoniae	Klebsiella	4	0	4	0.0	4	1	0
GCA_041903285.1	SAMN40910686	PRJNA1098507	Klebsiella pneumoniae	Klebsiella	3	0	3	0.0	3	1	0
GCA_041903295.1	SAMN40910685	PRJNA1098507	Klebsiella pneumoniae	Klebsiella	4	0	4	0.0	4	1	0
GCA_041903305.1	SAMN40910684	PRJNA1098507	Klebsiella pneumoniae	Klebsiella	2	0	2	0.0	2	1	0
GCA_041903315.1	SAMN40910683	PRJNA1098507	Klebsiella pneumoniae	Klebsiella	5	1	4	20.0	5	2	1
GCA_041903325.1	SAMN40910682	PRJNA1098507	Klebsiella pneumoniae	Klebsiella	4	0	4	0.0	4	1	0
GCA_041903345.1	SAMN40910680	PRJNA1098507	Klebsiella pneumoniae	Klebsiella	4	0	4	0.0	4	1	0
GCA_041903355.1	SAMN40910679	PRJNA1098507	Klebsiella pneumoniae	Klebsiella	4	0	4	0.0	4	1	0
GCA_041903365.1	SAMN40910677	PRJNA1098507	Klebsiella pneumoniae	Klebsiella	7	3	4	42.857	7	2	1
GCA_041903375.1	SAMN40910675	PRJNA1098507	Klebsiella pneumoniae	Klebsiella	5	1	4	20.0	5	2	1
GCA_041903395.1	SAMN40910672	PRJNA1098507	Klebsiella pneumoniae	Klebsiella	7	3	4	42.857	7	2	1
GCA_041903415.1	SAMN40910670	PRJNA1098507	Klebsiella pneumoniae	Klebsiella	4	0	4	0.0	4	1	0
GCA_041903445.1	SAMN40910666	PRJNA1098507	Klebsiella pneumoniae	Klebsiella	4	0	4	0.0	4	1	0
GCA_041903455.1	SAMN40910665	PRJNA1098507	Klebsiella pneumoniae	Klebsiella	10	5	5	50.0	10	2	1
GCA_041903485.1	SAMN40910662	PRJNA1098507	Klebsiella pneumoniae	Klebsiella	15	11	4	73.333	15	2	1
GCA_041903505.1	SAMN40910657	PRJNA1098507	Klebsiella pneumoniae	Klebsiella	4	0	4	0.0	4	1	0
GCA_041903515.1	SAMN40910656	PRJNA1098507	Klebsiella pneumoniae	Klebsiella	4	0	4	0.0	4	1	0
GCA_041903525.1	SAMN40910655	PRJNA1098507	Klebsiella pneumoniae	Klebsiella	9	5	4	55.556	5	3	2
GCA_041903535.1	SAMN40910654	PRJNA1098507	Klebsiella pneumoniae	Klebsiella	4	0	4	0.0	4	1	0
GCA_041903545.1	SAMN40910653	PRJNA1098507	Klebsiella pneumoniae	Klebsiella	10	6	4	60.0	10	2	1
GCA_041920625.1	SAMN40910669	PRJNA1098507	Klebsiella pneumoniae	Klebsiella	4	0	4	0.0	4	1	0
GCA_041920635.1	SAMN40910652	PRJNA1098507	Klebsiella pneumoniae	Klebsiella	8	4	4	50.0	7	3	2
GCA_041920645.1	SAMN40910396	PRJNA1098507	Klebsiella pneumoniae	Klebsiella	8	4	4	50.0	6	3	2
GCA_041920655.1	SAMN40910394	PRJNA1098507	Klebsiella pneumoniae	Klebsiella	19	14	5	73.684	16	3	2
GCA_041920665.1	SAMN40910369	PRJNA1098507	Klebsiella pneumoniae	Klebsiella	4	0	4	0.0	4	1	0
GCA_041920675.1	SAMN40910349	PRJNA1098507	Klebsiella pneumoniae	Klebsiella	5	1	4	20.0	5	2	1
GCA_041920715.1	SAMN40910651	PRJNA1098507	Klebsiella pneumoniae	Klebsiella	4	0	4	0.0	4	1	0
GCA_041920725.1	SAMN40910650	PRJNA1098507	Klebsiella pneumoniae	Klebsiella	4	0	4	0.0	4	1	0
GCA_041920735.1	SAMN40910649	PRJNA1098507	Klebsiella pneumoniae	Klebsiella	4	0	4	0.0	4	1	0
GCA_041920745.1	SAMN40910648	PRJNA1098507	Klebsiella pneumoniae	Klebsiella	4	0	4	0.0	4	1	0
GCA_041920755.1	SAMN40910646	PRJNA1098507	Klebsiella pneumoniae	Klebsiella	4	0	4	0.0	4	1	0
GCA_041920765.1	SAMN40910645	PRJNA1098507	Klebsiella pneumoniae	Klebsiella	4	0	4	0.0	4	1	0
GCA_041920775.1	SAMN40910644	PRJNA1098507	Klebsiella pneumoniae	Klebsiella	4	0	4	0.0	4	1	0
GCA_041920785.1	SAMN40910643	PRJNA1098507	Klebsiella pneumoniae	Klebsiella	4	0	4	0.0	4	1	0
GCA_041920795.1	SAMN40910642	PRJNA1098507	Klebsiella pneumoniae	Klebsiella	4	0	4	0.0	4	1	0
GCA_041920805.1	SAMN40910641	PRJNA1098507	Klebsiella pneumoniae	Klebsiella	4	0	4	0.0	4	1	0
GCA_041920815.1	SAMN40910640	PRJNA1098507	Klebsiella pneumoniae	Klebsiella	4	0	4	0.0	4	1	0
GCA_041920835.1	SAMN40910636	PRJNA1098507	Klebsiella pneumoniae	Klebsiella	4	0	4	0.0	4	1	0
GCA_041920845.1	SAMN40910635	PRJNA1098507	Klebsiella pneumoniae	Klebsiella	6	1	5	16.667	6	2	1
GCA_041920855.1	SAMN40910634	PRJNA1098507	Klebsiella pneumoniae	Klebsiella	13	9	4	69.231	13	2	1
GCA_041920865.1	SAMN40910632	PRJNA1098507	Klebsiella pneumoniae	Klebsiella	4	0	4	0.0	4	1	0
GCA_041920875.1	SAMN40910631	PRJNA1098507	Klebsiella pneumoniae	Klebsiella	4	0	4	0.0	4	1	0
GCA_041920895.1	SAMN40910599	PRJNA1098507	Klebsiella pneumoniae	Klebsiella	4	0	4	0.0	4	1	0
GCA_041922515.1	SAMN40910597	PRJNA1098507	Klebsiella pneumoniae	Klebsiella	4	0	4	0.0	4	1	0
GCA_041924745.1	SAMN40910595	PRJNA1098507	Klebsiella pneumoniae	Klebsiella	4	0	4	0.0	4	1	0
GCA_041926135.1	SAMN40910593	PRJNA1098507	Klebsiella pneumoniae	Klebsiella	4	0	4	0.0	4	1	0
GCA_041926145.1	SAMN40910592	PRJNA1098507	Klebsiella pneumoniae	Klebsiella	5	1	4	20.0	5	2	1
GCA_041926155.1	SAMN40910591	PRJNA1098507	Klebsiella pneumoniae	Klebsiella	4	0	4	0.0	4	1	0
GCA_041926185.1	SAMN40910547	PRJNA1098507	Klebsiella pneumoniae	Klebsiella	4	0	4	0.0	4	1	0
GCA_041926195.1	SAMN40910546	PRJNA1098507	Klebsiella pneumoniae	Klebsiella	4	0	4	0.0	4	1	0
GCA_041926205.1	SAMN40910545	PRJNA1098507	Klebsiella pneumoniae	Klebsiella	6	1	5	16.667	6	2	1
GCA_041926495.1	SAMN40910543	PRJNA1098507	Klebsiella pneumoniae	Klebsiella	4	0	4	0.0	4	1	0
GCA_041926505.1	SAMN40910542	PRJNA1098507	Klebsiella pneumoniae	Klebsiella	4	0	4	0.0	4	1	0
GCA_041926515.1	SAMN40910541	PRJNA1098507	Klebsiella pneumoniae	Klebsiella	5	1	4	20.0	5	2	1
GCA_041926535.1	SAMN40910539	PRJNA1098507	Klebsiella pneumoniae	Klebsiella	4	0	4	0.0	4	1	0
GCA_041926545.1	SAMN40910538	PRJNA1098507	Klebsiella pneumoniae	Klebsiella	4	0	4	0.0	4	1	0
GCA_041926555.1	SAMN40910537	PRJNA1098507	Klebsiella pneumoniae	Klebsiella	4	0	4	0.0	4	1	0
GCA_041926565.1	SAMN40910535	PRJNA1098507	Klebsiella pneumoniae	Klebsiella	4	0	4	0.0	4	1	0
GCA_041926575.1	SAMN40910532	PRJNA1098507	Klebsiella pneumoniae	Klebsiella	4	0	4	0.0	4	1	0
GCA_041926585.1	SAMN40910529	PRJNA1098507	Klebsiella pneumoniae	Klebsiella	4	0	4	0.0	4	1	0
GCA_041926605.1	SAMN40910526	PRJNA1098507	Klebsiella pneumoniae	Klebsiella	4	0	4	0.0	4	1	0
GCA_041926615.1	SAMN40910525	PRJNA1098507	Klebsiella pneumoniae	Klebsiella	6	2	4	33.333	5	2	1
GCA_041926625.1	SAMN40910524	PRJNA1098507	Klebsiella pneumoniae	Klebsiella	4	0	4	0.0	4	1	0
GCA_041926635.1	SAMN40910523	PRJNA1098507	Klebsiella pneumoniae	Klebsiella	4	0	4	0.0	4	1	0
GCA_041926645.1	SAMN40910522	PRJNA1098507	Klebsiella pneumoniae	Klebsiella	4	0	4	0.0	4	1	0
GCA_041926655.1	SAMN40910521	PRJNA1098507	Klebsiella pneumoniae	Klebsiella	4	0	4	0.0	4	1	0
GCA_041926665.1	SAMN40910534	PRJNA1098507	Klebsiella pneumoniae	Klebsiella	4	0	4	0.0	4	1	0
GCA_041926675.1	SAMN40910659	PRJNA1098507	Klebsiella pneumoniae	Klebsiella	4	0	4	0.0	4	1	0
GCA_041926695.1	SAMN40910509	PRJNA1098507	Klebsiella pneumoniae	Klebsiella	4	0	4	0.0	4	1	0
GCA_041926705.1	SAMN40910508	PRJNA1098507	Klebsiella pneumoniae	Klebsiella	4	0	4	0.0	4	1	0
GCA_041926715.1	SAMN40910507	PRJNA1098507	Klebsiella pneumoniae	Klebsiella	7	3	4	42.857	6	2	1
GCA_041926735.1	SAMN40910505	PRJNA1098507	Klebsiella pneumoniae	Klebsiella	4	0	4	0.0	4	1	0
GCA_041926755.1	SAMN40910503	PRJNA1098507	Klebsiella pneumoniae	Klebsiella	4	0	4	0.0	4	1	0
GCA_041926765.1	SAMN40910502	PRJNA1098507	Klebsiella pneumoniae	Klebsiella	4	0	4	0.0	4	1	0
GCA_041926775.1	SAMN40910482	PRJNA1098507	Klebsiella pneumoniae	Klebsiella	16	12	4	75.0	16	2	1
GCA_041926785.1	SAMN40910477	PRJNA1098507	Klebsiella pneumoniae	Klebsiella	4	0	4	0.0	4	1	0
GCA_041926795.1	SAMN40910442	PRJNA1098507	Klebsiella pneumoniae	Klebsiella	5	1	4	20.0	5	2	1
GCA_041926805.1	SAMN40910411	PRJNA1098507	Klebsiella pneumoniae	Klebsiella	7	3	4	42.857	6	2	1
GCA_041926815.1	SAMN40910400	PRJNA1098507	Klebsiella pneumoniae	Klebsiella	12	8	4	66.667	11	2	1
GCA_041926825.1	SAMN40910399	PRJNA1098507	Klebsiella pneumoniae	Klebsiella	16	12	4	75.0	15	5	4
GCA_041926835.1	SAMN40910421	PRJNA1098507	Klebsiella pneumoniae	Klebsiella	9	5	4	55.556	8	2	1
GCA_041926845.1	SAMN40910594	PRJNA1098507	Klebsiella pneumoniae	Klebsiella	5	0	5	0.0	5	1	0
GCA_041926855.1	SAMN40910588	PRJNA1098507	Klebsiella pneumoniae	Klebsiella	4	0	4	0.0	4	1	0
GCA_041926865.1	SAMN40910587	PRJNA1098507	Klebsiella pneumoniae	Klebsiella	4	0	4	0.0	4	1	0
GCA_041926885.1	SAMN40910585	PRJNA1098507	Klebsiella pneumoniae	Klebsiella	4	0	4	0.0	4	1	0
GCA_041926895.1	SAMN40910584	PRJNA1098507	Klebsiella pneumoniae	Klebsiella	4	0	4	0.0	4	1	0
GCA_041926905.1	SAMN40910583	PRJNA1098507	Klebsiella pneumoniae	Klebsiella	4	0	4	0.0	4	1	0
GCA_041926915.1	SAMN40910581	PRJNA1098507	Klebsiella pneumoniae	Klebsiella	4	0	4	0.0	4	1	0
GCA_041926925.1	SAMN40910580	PRJNA1098507	Klebsiella pneumoniae	Klebsiella	4	0	4	0.0	4	1	0
GCA_041926945.1	SAMN40910577	PRJNA1098507	Klebsiella pneumoniae	Klebsiella	4	0	4	0.0	4	1	0
GCA_041926955.1	SAMN40910575	PRJNA1098507	Klebsiella pneumoniae	Klebsiella	2	0	2	0.0	2	1	0
GCA_041926965.1	SAMN40910574	PRJNA1098507	Klebsiella pneumoniae	Klebsiella	4	0	4	0.0	4	1	0
GCA_041926975.1	SAMN40910573	PRJNA1098507	Klebsiella pneumoniae	Klebsiella	4	0	4	0.0	4	1	0
GCA_041926985.1	SAMN40910572	PRJNA1098507	Klebsiella pneumoniae	Klebsiella	4	0	4	0.0	4	1	0
GCA_041926995.1	SAMN40910570	PRJNA1098507	Klebsiella pneumoniae	Klebsiella	5	0	5	0.0	5	1	0
GCA_041927035.1	SAMN40910565	PRJNA1098507	Klebsiella pneumoniae	Klebsiella	6	2	4	33.333	6	2	1
GCA_041927045.1	SAMN40910564	PRJNA1098507	Klebsiella pneumoniae	Klebsiella	4	0	4	0.0	4	1	0
GCA_041927055.1	SAMN40910563	PRJNA1098507	Klebsiella pneumoniae	Klebsiella	4	0	4	0.0	4	1	0
GCA_041927065.1	SAMN40910562	PRJNA1098507	Klebsiella pneumoniae	Klebsiella	4	0	4	0.0	4	1	0
GCA_041927075.1	SAMN40910561	PRJNA1098507	Klebsiella pneumoniae	Klebsiella	4	0	4	0.0	4	1	0
GCA_041927095.1	SAMN40910559	PRJNA1098507	Klebsiella pneumoniae	Klebsiella	4	0	4	0.0	4	1	0
GCA_041927105.1	SAMN40910558	PRJNA1098507	Klebsiella pneumoniae	Klebsiella	4	0	4	0.0	4	1	0
GCA_041927115.1	SAMN40910557	PRJNA1098507	Klebsiella pneumoniae	Klebsiella	5	1	4	20.0	5	2	1
GCA_041927125.1	SAMN40910556	PRJNA1098507	Klebsiella pneumoniae	Klebsiella	4	0	4	0.0	4	1	0
GCA_041927135.1	SAMN40910555	PRJNA1098507	Klebsiella pneumoniae	Klebsiella	2	0	2	0.0	2	1	0
GCA_041927145.1	SAMN40910554	PRJNA1098507	Klebsiella pneumoniae	Klebsiella	10	6	4	60.0	10	2	1
GCA_041927155.1	SAMN40910553	PRJNA1098507	Klebsiella pneumoniae	Klebsiella	4	0	4	0.0	4	1	0
GCA_041927165.1	SAMN40910552	PRJNA1098507	Klebsiella pneumoniae	Klebsiella	4	0	4	0.0	4	1	0
GCA_041927195.1	SAMN40910548	PRJNA1098507	Klebsiella pneumoniae	Klebsiella	4	0	4	0.0	4	1	0
GCA_041927205.1	SAMN40910527	PRJNA1098507	Klebsiella pneumoniae	Klebsiella	4	0	4	0.0	4	1	0
GCA_041927285.1	SAMN43539523	PRJNA1158483	Acinetobacter baumannii	Acinetobacter	17	0	17	0.0	16	1	0
GCA_041930545.1	SAMN43543506	PRJNA1158574	Acinetobacter baumannii	Acinetobacter	3	0	3	0.0	3	1	0
GCA_041930565.1	SAMN43389610	PRJNA1153291	Acinetobacter indicus	Acinetobacter	13	7	6	53.846	11	2	1
GCA_041937495.1	SAMN40910438	PRJNA1098507	Klebsiella pneumoniae	Klebsiella	7	3	4	42.857	7	2	1
GCA_041956835.1	SAMN43064476	PRJNA1145385	Acinetobacter sp.	Acinetobacter	2	0	2	0.0	2	1	0
GCA_042140285.1	SAMN41934866	PRJNA1126181	Acinetobacter baumannii	Acinetobacter	16	16	0	100.0	11	2	2
GCA_042140325.1	SAMN41934868	PRJNA1126181	Acinetobacter baumannii	Acinetobacter	4	0	4	0.0	3	1	0
GCA_042140455.1	SAMN41934869	PRJNA1126181	Acinetobacter baumannii	Acinetobacter	10	6	4	60.0	9	2	1
GCA_042140485.1	SAMN41934870	PRJNA1126181	Acinetobacter baumannii	Acinetobacter	5	0	5	0.0	3	1	0
GCA_042140495.1	SAMN41934872	PRJNA1126181	Acinetobacter baumannii	Acinetobacter	5	0	5	0.0	3	1	0
GCA_042140525.1	SAMN41934873	PRJNA1126181	Acinetobacter baumannii	Acinetobacter	10	0	10	0.0	9	1	0
GCA_042140575.1	SAMN41934874	PRJNA1126181	Acinetobacter baumannii	Acinetobacter	7	4	3	57.143	7	2	1
GCA_042140585.1	SAMN41934875	PRJNA1126181	Acinetobacter baumannii	Acinetobacter	8	1	7	12.5	7	2	1
GCA_042141115.1	SAMN41934876	PRJNA1126181	Acinetobacter baumannii	Acinetobacter	5	2	3	40.0	3	3	2
GCA_042141315.1	SAMN41934877	PRJNA1126181	Acinetobacter baumannii	Acinetobacter	5	2	3	40.0	3	3	2
GCA_042141555.1	SAMN41934878	PRJNA1126181	Acinetobacter baumannii	Acinetobacter	6	3	3	50.0	3	4	3
GCA_042142205.1	SAMN41936527	PRJNA1126181	Acinetobacter baumannii	Acinetobacter	23	15	8	65.217	16	3	2
GCA_042142835.1	SAMN41934856	PRJNA1126181	Acinetobacter baumannii	Acinetobacter	10	6	4	60.0	9	2	1
GCA_042143465.1	SAMN41934857	PRJNA1126181	Acinetobacter baumannii	Acinetobacter	25	21	4	84.0	20	6	5
GCA_042144055.1	SAMN41934860	PRJNA1126181	Acinetobacter baumannii	Acinetobacter	3	0	3	0.0	3	1	0
GCA_042145845.1	SAMN41934864	PRJNA1126181	Acinetobacter baumannii	Acinetobacter	8	1	7	12.5	7	2	1
GCA_042146535.1	SAMN41934865	PRJNA1126181	Acinetobacter baumannii	Acinetobacter	10	0	10	0.0	9	1	0
GCA_042147245.1	SAMN41934837	PRJNA1126181	Acinetobacter baumannii	Acinetobacter	8	2	6	25.0	7	2	1
GCA_042147895.1	SAMN41934838	PRJNA1126181	Acinetobacter baumannii	Acinetobacter	10	2	8	20.0	7	2	1
GCA_042148545.1	SAMN41934839	PRJNA1126181	Acinetobacter baumannii	Acinetobacter	16	9	7	56.25	12	3	2
GCA_042149195.1	SAMN41934840	PRJNA1126181	Acinetobacter baumannii	Acinetobacter	9	1	8	11.111	9	2	1
GCA_042149725.1	SAMN41934841	PRJNA1126181	Acinetobacter baumannii	Acinetobacter	7	0	7	0.0	7	1	0
GCA_042151085.1	SAMN41934843	PRJNA1126181	Acinetobacter baumannii	Acinetobacter	3	0	3	0.0	3	1	0
GCA_042151695.1	SAMN41934844	PRJNA1126181	Acinetobacter baumannii	Acinetobacter	3	0	3	0.0	3	1	0
GCA_042152325.1	SAMN41934845	PRJNA1126181	Acinetobacter baumannii	Acinetobacter	3	0	3	0.0	3	1	0
GCA_042153585.1	SAMN41934847	PRJNA1126181	Acinetobacter baumannii	Acinetobacter	10	6	4	60.0	9	2	1
GCA_042160655.1	SAMN43766382	PRJNA702614	Klebsiella pneumoniae	Klebsiella	4	0	4	0.0	4	1	0
GCA_042165475.2	SAMN43815354	PRJNA288601	Klebsiella pneumoniae	Klebsiella	19	14	5	73.684	18	3	2
GCA_042165495.2	SAMN43815355	PRJNA288601	Klebsiella pneumoniae	Klebsiella	9	5	4	55.556	9	3	2
GCA_042165535.2	SAMN43815357	PRJNA288601	Klebsiella oxytoca	Klebsiella	17	14	3	82.353	15	2	1
GCA_042166255.2	SAMN43815356	PRJNA288601	Klebsiella pneumoniae	Klebsiella	16	12	4	75.0	15	3	2
GCA_042209595.2	SAMN43585575	PRJNA288601	Acinetobacter baumannii	Acinetobacter	12	0	12	0.0	11	1	0
GCA_042209615.2	SAMN43585573	PRJNA288601	Enterobacter hormaechei	Enterobacter	22	18	4	81.818	21	4	3
GCA_042209675.2	SAMN43585574	PRJNA288601	Acinetobacter baumannii	Acinetobacter	9	0	9	0.0	7	1	0
GCA_042209715.2	SAMN43585576	PRJNA288601	Acinetobacter baumannii	Acinetobacter	8	0	8	0.0	7	1	0
GCA_042434945.1	SAMN43309865	PRJNA1151271	Enterobacter hormaechei	Enterobacter	2	0	2	0.0	2	1	0
GCA_042443075.2	SAMN43963454	PRJNA288601	Pseudomonas aeruginosa	Pseudomonas	18	0	18	0.0	14	1	0
GCA_042443095.2	SAMN43963450	PRJNA288601	Klebsiella pneumoniae	Klebsiella	25	21	4	84.0	23	4	3
GCA_042474915.1	SAMN36998938	PRJNA1005764	Acinetobacter baumannii	Acinetobacter	6	3	3	50.0	6	2	1
GCA_042476305.1	SAMN36999748	PRJNA1005798	Acinetobacter pittii	Acinetobacter	11	9	2	81.818	11	3	2
GCA_042478285.1	SAMN36999747	PRJNA1005798	Acinetobacter baumannii	Acinetobacter	12	9	3	75.0	12	2	1
GCA_042480395.1	SAMN36999746	PRJNA1005798	Acinetobacter pittii	Acinetobacter	6	3	3	50.0	6	2	1
GCA_042709395.2	SAMN44063869	PRJNA288601	Klebsiella pneumoniae	Klebsiella	8	4	4	50.0	8	2	1
GCA_042764305.1	SAMN35628656	PRJNA980403	Acinetobacter pittii	Acinetobacter	15	13	2	86.667	13	2	1
GCA_042936575.1	SAMN43901787	PRJNA1164442	Klebsiella pneumoniae	Klebsiella	14	5	9	35.714	13	2	1
GCA_043006125.1	SAMN41918902	PRJNA854605	Acinetobacter baumannii	Acinetobacter	14	0	14	0.0	12	1	0
GCA_043007235.1	SAMN41918907	PRJNA854605	Acinetobacter baumannii	Acinetobacter	13	0	13	0.0	11	1	0
GCA_043038945.1	SAMN37368138	PRJNA1016089	Acinetobacter baumannii	Acinetobacter	14	1	13	7.143	12	2	1
GCA_043039655.1	SAMN37368137	PRJNA1016089	Acinetobacter baumannii	Acinetobacter	21	1	20	4.762	17	2	1
GCA_043040285.1	SAMN37368136	PRJNA1016089	Acinetobacter baumannii	Acinetobacter	17	0	17	0.0	15	1	0
GCA_043040895.1	SAMN37368135	PRJNA1016089	Acinetobacter baumannii	Acinetobacter	5	0	5	0.0	3	1	0
GCA_043041525.1	SAMN37368134	PRJNA1016089	Acinetobacter baumannii	Acinetobacter	13	0	13	0.0	12	1	0
GCA_043042175.1	SAMN37368133	PRJNA1016089	Acinetobacter baumannii	Acinetobacter	20	1	19	5.0	16	2	1
GCA_043042805.1	SAMN37368132	PRJNA1016089	Acinetobacter baumannii	Acinetobacter	5	0	5	0.0	3	1	0
GCA_043043455.1	SAMN37368131	PRJNA1016089	Acinetobacter baumannii	Acinetobacter	8	1	7	12.5	7	2	1
GCA_043044125.1	SAMN37368130	PRJNA1016089	Acinetobacter baumannii	Acinetobacter	4	1	3	25.0	3	2	1
GCA_043044755.1	SAMN37368129	PRJNA1016089	Acinetobacter baumannii	Acinetobacter	15	0	15	0.0	14	1	0
GCA_043045365.1	SAMN37368128	PRJNA1016089	Acinetobacter baumannii	Acinetobacter	22	0	22	0.0	19	1	0
GCA_043046095.1	SAMN37368127	PRJNA1016089	Acinetobacter baumannii	Acinetobacter	12	3	9	25.0	9	2	1
GCA_043046865.1	SAMN37368126	PRJNA1016089	Acinetobacter baumannii	Acinetobacter	15	1	14	6.667	14	2	1
GCA_043047475.1	SAMN37368125	PRJNA1016089	Acinetobacter baumannii	Acinetobacter	19	0	19	0.0	16	1	0
GCA_043048185.1	SAMN37368124	PRJNA1016089	Acinetobacter baumannii	Acinetobacter	7	4	3	57.143	7	3	2
GCA_043048875.1	SAMN37368123	PRJNA1016089	Acinetobacter baumannii	Acinetobacter	19	0	19	0.0	15	1	0
GCA_043049525.1	SAMN37368122	PRJNA1016089	Acinetobacter baumannii	Acinetobacter	16	1	15	6.25	15	2	1
GCA_043050195.1	SAMN37368121	PRJNA1016089	Acinetobacter baumannii	Acinetobacter	15	1	14	6.667	14	2	1
GCA_043050845.1	SAMN37368120	PRJNA1016089	Acinetobacter baumannii	Acinetobacter	3	0	3	0.0	3	1	0
GCA_043051495.1	SAMN37368119	PRJNA1016089	Acinetobacter baumannii	Acinetobacter	20	0	20	0.0	16	1	0
GCA_043052145.1	SAMN37368118	PRJNA1016089	Acinetobacter baumannii	Acinetobacter	10	7	3	70.0	10	2	1
GCA_043052795.1	SAMN37368116	PRJNA1016089	Acinetobacter baumannii	Acinetobacter	19	0	19	0.0	15	1	0
GCA_043053445.1	SAMN37368115	PRJNA1016089	Acinetobacter baumannii	Acinetobacter	16	0	16	0.0	12	1	0
GCA_043054075.1	SAMN37368113	PRJNA1016089	Acinetobacter baumannii	Acinetobacter	11	1	10	9.091	10	2	1
GCA_043054745.1	SAMN37368112	PRJNA1016089	Acinetobacter baumannii	Acinetobacter	18	0	18	0.0	14	1	0
GCA_043055495.1	SAMN37368111	PRJNA1016089	Acinetobacter baumannii	Acinetobacter	17	0	17	0.0	15	1	0
GCA_043056065.1	SAMN37368110	PRJNA1016089	Acinetobacter baumannii	Acinetobacter	19	0	19	0.0	15	1	0
GCA_043056915.1	SAMN37368114	PRJNA1016089	Acinetobacter baumannii	Acinetobacter	3	0	3	0.0	3	1	0
GCA_043451925.1	SAMN37368117	PRJNA1016089	Acinetobacter baumannii	Acinetobacter	4	1	3	25.0	3	2	1
GCA_043571745.1	SAMN44252171	PRJNA1171738	Acinetobacter baumannii	Acinetobacter	13	1	12	7.692	11	2	1
GCA_043572315.1	SAMN44252301	PRJNA1171738	Acinetobacter baumannii	Acinetobacter	3	0	3	0.0	3	1	0
GCA_043572945.1	SAMN44252320	PRJNA1171738	Acinetobacter baumannii	Acinetobacter	3	0	3	0.0	3	1	0
GCA_043950125.1	SAMN44339198	PRJNA1174351	Acinetobacter baumannii	Acinetobacter	19	1	18	5.263	16	2	1
GCA_043950435.1	SAMN44084073	PRJNA1169829	Klebsiella pneumoniae	Klebsiella	16	0	16	0.0	10	1	0
GCA_043950525.1	SAMN44084083	PRJNA1169829	Klebsiella pneumoniae	Klebsiella	24	20	4	83.333	22	3	2
GCA_044057475.1	SAMN44000608	PRJNA1167291	Acinetobacter sp.	Acinetobacter	6	5	1	83.333	5	4	3
GCA_044161085.1	SAMN44084082	PRJNA1169829	Klebsiella pneumoniae	Klebsiella	11	7	4	63.636	11	2	1
GCA_044232175.1	SAMN08536131	PRJNA434082	Acinetobacter baumannii	Acinetobacter	20	0	20	0.0	17	1	0
GCA_044784395.1	SAMN44527759	PRJNA1180747	Acinetobacter venetianus	Acinetobacter	2	0	2	0.0	2	1	0
GCA_045037785.1	SAMN44702419	PRJNA1185389	Acinetobacter baumannii	Acinetobacter	7	0	7	0.0	5	1	0
GCA_045182155.1	SAMN43963448	PRJNA288601	Acinetobacter baumannii	Acinetobacter	3	0	3	0.0	3	1	0
GCA_045256945.1	SAMN44611873	PRJNA1182817	Acinetobacter baumannii	Acinetobacter	15	0	15	0.0	13	1	0
GCA_045278625.1	SAMN36429568	PRJNA1027604	Acinetobacter baumannii	Acinetobacter	7	0	7	0.0	4	1	0
GCA_045278635.1	SAMN36429569	PRJNA1027604	Acinetobacter baumannii	Acinetobacter	6	2	4	33.333	4	2	1
GCA_045278645.1	SAMN36429570	PRJNA1027604	Acinetobacter baumannii	Acinetobacter	12	0	12	0.0	10	1	0
GCA_045278655.1	SAMN36429571	PRJNA1027604	Acinetobacter baumannii	Acinetobacter	5	0	5	0.0	3	1	0
GCA_045278665.1	SAMN36429573	PRJNA1027604	Acinetobacter baumannii	Acinetobacter	11	0	11	0.0	10	1	0
GCA_045278675.1	SAMN36429574	PRJNA1027604	Acinetobacter baumannii	Acinetobacter	13	0	13	0.0	12	1	0
GCA_045278685.1	SAMN36429577	PRJNA1027604	Acinetobacter soli	Acinetobacter	1	0	1	0.0	1	1	0
GCA_045278695.1	SAMN36429578	PRJNA1027604	Acinetobacter baumannii	Acinetobacter	3	0	3	0.0	3	1	0
GCA_045278855.1	SAMN37368109	PRJNA1016089	Acinetobacter baumannii	Acinetobacter	21	0	21	0.0	16	1	0
GCA_045345925.1	SAMN40518041	PRJNA1089094	Acinetobacter baumannii	Acinetobacter	3	0	3	0.0	3	1	0
GCA_045675705.1	SAMN38290198	PRJNA1041725	Acinetobacter pittii	Acinetobacter	3	0	3	0.0	3	1	0
GCA_045678795.1	SAMN14752945	PRJNA615802	Acinetobacter baumannii	Acinetobacter	19	0	19	0.0	16	1	0
GCA_045689335.1	SAMN37926894	PRJNA1031151	Acinetobacter baumannii	Acinetobacter	11	0	11	0.0	9	1	0
GCA_045689365.1	SAMN38122020	PRJNA812595	Acinetobacter baumannii	Acinetobacter	7	0	7	0.0	5	1	0
GCA_045801175.1	SAMN44771301	PRJNA1186718	Klebsiella pneumoniae	Klebsiella	3	0	3	0.0	3	1	0
GCA_045801185.1	SAMN44771300	PRJNA1186718	Klebsiella pneumoniae	Klebsiella	3	0	3	0.0	3	1	0
GCA_045801195.1	SAMN44771299	PRJNA1186718	Klebsiella pneumoniae	Klebsiella	3	0	3	0.0	3	1	0
GCA_045801215.1	SAMN44771390	PRJNA1186724	Klebsiella pneumoniae	Klebsiella	4	0	4	0.0	4	1	0
GCA_045801225.1	SAMN44771389	PRJNA1186724	Klebsiella pneumoniae	Klebsiella	4	0	4	0.0	4	1	0
GCA_045819075.1	SAMN44847442	PRJNA1188734	Klebsiella quasipneumoniae	Klebsiella	4	0	4	0.0	4	1	0
GCA_046097165.1	SAMN45068615	PRJNA835507	Acinetobacter baumannii	Acinetobacter	11	1	10	9.091	9	2	1
GCA_046097175.1	SAMN45068617	PRJNA835507	Acinetobacter baumannii	Acinetobacter	12	1	11	8.333	9	2	1
GCA_046097185.1	SAMN45068616	PRJNA835507	Acinetobacter baumannii	Acinetobacter	6	0	6	0.0	6	1	0
GCA_046097195.1	SAMN45068461	PRJNA812075	Acinetobacter baumannii	Acinetobacter	12	1	11	8.333	10	2	1
GCA_046097205.1	SAMN45068614	PRJNA835507	Acinetobacter baumannii	Acinetobacter	19	0	19	0.0	14	1	0
GCA_055386835.1	SAMD00646880	PRJDB16714	Acinetobacter baumannii	Acinetobacter	14	0	14	0.0	10	1	0
GCA_059696525.1	SAMD00165034	PRJDB8095	Acinetobacter baumannii	Acinetobacter	18	0	18	0.0	16	1	0
GCA_059738855.1	SAMD00555402	PRJDB14720	Acinetobacter baumannii	Acinetobacter	14	0	14	0.0	12	1	0
GCA_900478145.1	SAMEA3146530	PRJEB6403	Acinetobacter baumannii	Acinetobacter	14	0	14	0.0	10	1	0
GCA_900478745.1	SAMEA2784376	PRJEB6403	Pseudomonas aeruginosa	Pseudomonas	5	0	5	0.0	5	1	0
GCA_900520355.1	SAMEA4830816	PRJEB27465	Acinetobacter calcoaceticus	Acinetobacter	3	0	3	0.0	2	1	0
GCA_901421915.1	SAMEA3368258	PRJEB6403	Klebsiella variicola	Klebsiella	3	0	3	0.0	3	1	0
GCA_902649495.1	SAMEA4934954	PRJEB28643	Klebsiella pneumoniae	Klebsiella	13	0	13	0.0	13	1	0
GCA_902649685.1	SAMEA4934953	PRJEB28643	Klebsiella pneumoniae	Klebsiella	12	0	12	0.0	12	1	0
GCA_902649775.1	SAMEA4934955	PRJEB28643	Klebsiella pneumoniae	Klebsiella	11	0	11	0.0	11	1	0
GCA_902650055.1	SAMEA4934956	PRJEB28643	Klebsiella pneumoniae	Klebsiella	9	0	9	0.0	9	1	0
GCA_902650075.1	SAMEA4934924	PRJEB28643	Klebsiella pneumoniae	Klebsiella	10	0	10	0.0	10	1	0
GCA_902650105.1	SAMEA4934923	PRJEB28643	Klebsiella pneumoniae	Klebsiella	18	0	18	0.0	18	1	0
GCA_904863065.1	SAMEA3357388	PRJNA646837	Klebsiella pneumoniae	Klebsiella	4	0	4	0.0	4	1	0
GCA_904863155.1	SAMEA3357041	PRJNA646837	Klebsiella pneumoniae	Klebsiella	14	10	4	71.429	13	2	1
GCA_904863415.1	SAMEA3357320	PRJNA646837	Klebsiella pneumoniae	Klebsiella	4	0	4	0.0	4	1	0
GCA_904864455.1	SAMEA3357235	PRJNA646837	Klebsiella pneumoniae	Klebsiella	15	11	4	73.333	15	2	1
GCA_904864485.1	SAMEA3357418	PRJNA646837	Klebsiella pneumoniae	Klebsiella	16	6	10	37.5	16	2	1
GCA_904864495.1	SAMEA3357147	PRJNA646837	Klebsiella pneumoniae	Klebsiella	4	0	4	0.0	4	1	0
GCA_904864575.1	SAMEA3357296	PRJNA646837	Klebsiella pneumoniae	Klebsiella	4	0	4	0.0	4	1	0
GCA_904865665.1	SAMEA3357392	PRJNA646837	Klebsiella pneumoniae	Klebsiella	16	0	16	0.0	16	1	0
GCA_904865705.1	SAMEA3357339	PRJNA646837	Klebsiella pneumoniae	Klebsiella	4	0	4	0.0	4	1	0
GCA_904865775.1	SAMEA3357294	PRJNA646837	Klebsiella pneumoniae	Klebsiella	4	0	4	0.0	4	1	0
GCA_904866185.1	SAMEA3357376	PRJNA646837	Klebsiella pneumoniae	Klebsiella	4	0	4	0.0	4	1	0
GCA_904866265.1	SAMEA3357071	PRJNA646837	Klebsiella pneumoniae	Klebsiella	3	0	3	0.0	3	1	0
GCA_904866515.1	SAMEA3357303	PRJNA646837	Klebsiella pneumoniae	Klebsiella	4	0	4	0.0	4	1	0
GCA_904866525.1	SAMEA3357218	PRJNA646837	Klebsiella pneumoniae	Klebsiella	4	0	4	0.0	4	1	0
GCA_904866545.1	SAMEA3357194	PRJNA646837	Klebsiella pneumoniae	Klebsiella	4	0	4	0.0	4	1	0
GCA_905217845.2	SAMEA7853229	PRJEB42440	Klebsiella pneumoniae	Klebsiella	11	6	5	54.545	11	3	2
GCA_905219155.2	SAMEA7853265	PRJEB42440	Klebsiella pneumoniae	Klebsiella	10	6	4	60.0	9	3	2
GCA_905219225.2	SAMEA7853277	PRJEB42440	Klebsiella pneumoniae	Klebsiella	7	3	4	42.857	7	2	1
GCA_905219305.2	SAMEA7853283	PRJEB42440	Enterobacter cloacae	Enterobacter	2	0	2	0.0	2	1	0
GCA_905231945.2	SAMEA7962769	PRJEB42440	Klebsiella pneumoniae	Klebsiella	5	1	4	20.0	5	2	1
GCA_905232085.2	SAMEA7962778	PRJEB42440	Klebsiella pneumoniae	Klebsiella	17	13	4	76.471	14	3	2
GCA_905232445.2	SAMEA7962732	PRJEB42440	Klebsiella oxytoca	Klebsiella	15	11	4	73.333	14	3	2
GCA_905232575.2	SAMEA7962747	PRJEB42440	Klebsiella pneumoniae	Klebsiella	8	2	6	25.0	8	3	2
GCA_905232785.2	SAMEA7962791	PRJEB42440	Enterobacter cloacae	Enterobacter	19	15	4	78.947	17	2	1
GCA_905233035.2	SAMEA7962812	PRJEB42440	Enterobacter cloacae	Enterobacter	9	5	4	55.556	9	4	3
GCA_905233065.2	SAMEA7962815	PRJEB42440	Enterobacter cloacae	Enterobacter	27	23	4	85.185	22	3	2
GCA_905329645.2	SAMEA8065844	PRJEB42440	Klebsiella pneumoniae	Klebsiella	6	1	5	16.667	6	2	1
GCA_905329825.2	SAMEA8065671	PRJEB42440	Klebsiella pneumoniae	Klebsiella	5	1	4	20.0	5	2	1
GCA_905329895.2	SAMEA8065679	PRJEB42440	Klebsiella oxytoca	Klebsiella	21	16	5	76.19	20	3	2
GCA_905330085.2	SAMEA8065703	PRJEB42440	Klebsiella pneumoniae	Klebsiella	5	1	4	20.0	5	2	1
GCA_905330125.2	SAMEA8065700	PRJEB42440	Enterobacter cloacae	Enterobacter	16	12	4	75.0	16	2	1
GCA_905330165.2	SAMEA8065705	PRJEB42440	Klebsiella pneumoniae	Klebsiella	4	1	3	25.0	4	2	1
GCA_905330185.2	SAMEA8065710	PRJEB42440	Klebsiella pneumoniae	Klebsiella	11	7	4	63.636	11	5	4
GCA_905330195.2	SAMEA8065708	PRJEB42440	Klebsiella pneumoniae	Klebsiella	16	12	4	75.0	16	2	1
GCA_905330335.2	SAMEA8065723	PRJEB42440	Enterobacter cloacae	Enterobacter	12	9	3	75.0	12	2	1
GCA_905330345.2	SAMEA8065724	PRJEB42440	Enterobacter cloacae	Enterobacter	3	1	2	33.333	3	2	1
GCA_905330355.2	SAMEA8065725	PRJEB42440	Klebsiella pneumoniae	Klebsiella	25	21	4	84.0	20	3	2
GCA_905330695.2	SAMEA8065761	PRJEB42440	Klebsiella pneumoniae	Klebsiella	18	14	4	77.778	16	4	3
GCA_905330855.2	SAMEA8065778	PRJEB42440	Klebsiella oxytoca	Klebsiella	6	3	3	50.0	6	3	2
GCA_905331115.2	SAMEA8065805	PRJEB42440	Klebsiella pneumoniae	Klebsiella	17	13	4	76.471	16	3	2
GCA_905331205.2	SAMEA8065814	PRJEB42440	Enterobacter cloacae	Enterobacter	16	11	5	68.75	15	2	1
GCA_905331375.2	SAMEA8065842	PRJEB42440	Klebsiella pneumoniae	Klebsiella	6	2	4	33.333	6	3	2
GCA_905333945.2	SAMEA8158444	PRJEB42440	Enterobacter cloacae	Enterobacter	18	14	4	77.778	17	3	2
GCA_905333975.2	SAMEA8158446	PRJEB42440	Klebsiella pneumoniae	Klebsiella	7	1	6	14.286	6	2	1
GCA_905334015.2	SAMEA8158443	PRJEB42440	Enterobacter cloacae	Enterobacter	13	9	4	69.231	13	2	1
GCA_905335555.2	SAMEA8158466	PRJEB42440	Klebsiella pneumoniae	Klebsiella	5	1	4	20.0	5	2	1
GCA_905335665.2	SAMEA8158482	PRJEB42440	Klebsiella pneumoniae	Klebsiella	5	1	4	20.0	5	2	1
GCA_905337795.2	SAMEA8158520	PRJEB42440	Enterobacter cloacae	Enterobacter	18	13	5	72.222	16	3	2
GCA_905337835.2	SAMEA8158501	PRJEB42440	Klebsiella pneumoniae	Klebsiella	6	1	5	16.667	6	2	1
GCA_947660395.2	SAMEA112228944	PRJEB58216	Klebsiella pneumoniae	Klebsiella	15	12	3	80.0	14	2	1
GCA_947662035.2	SAMEA112228998	PRJEB58216	Klebsiella pneumoniae	Klebsiella	16	12	4	75.0	15	5	3
GCA_947662215.2	SAMEA112229034	PRJEB58216	Klebsiella pneumoniae	Klebsiella	15	11	4	73.333	13	4	3
GCA_947662245.2	SAMEA112229032	PRJEB58216	Klebsiella pneumoniae	Klebsiella	13	11	2	84.615	10	4	3
GCA_947662735.2	SAMEA112229045	PRJEB58216	Klebsiella pneumoniae	Klebsiella	19	15	4	78.947	16	4	3
GCA_947662745.2	SAMEA112229043	PRJEB58216	Klebsiella pneumoniae	Klebsiella	17	11	6	64.706	12	4	3
GCA_947662885.2	SAMEA112229038	PRJEB58216	Klebsiella pneumoniae	Klebsiella	14	11	3	78.571	13	4	3
GCA_947663175.2	SAMEA112229044	PRJEB58216	Klebsiella pneumoniae	Klebsiella	15	12	3	80.0	15	4	3
GCA_963681985.1	SAMEA114302012	PRJEB66947	Klebsiella oxytoca	Klebsiella	3	0	3	0.0	3	1	0
GCA_963707455.1	SAMEA114805363	PRJEB70466	Klebsiella pneumoniae	Klebsiella	4	0	4	0.0	4	1	0
GCA_963924215.1	SAMEA115110147	PRJEB71895	Klebsiella pneumoniae	Klebsiella	1	1	0	100.0	1	1	1
GCA_963924225.1	SAMEA115110148	PRJEB71895	Klebsiella pneumoniae	Klebsiella	1	1	0	100.0	1	1	1
GCA_963924235.1	SAMEA115110146	PRJEB71895	Klebsiella pneumoniae	Klebsiella	1	1	0	100.0	1	1	1
GCA_964261975.1	SAMEA115941537	PRJEB77420	Klebsiella pneumoniae	Klebsiella	9	9	0	100.0	9	1	1
GCA_964261985.1	SAMEA115941574	PRJEB77420	Klebsiella pneumoniae	Klebsiella	21	21	0	100.0	19	1	1
GCA_964262095.1	SAMEA115941532	PRJEB77420	Klebsiella pneumoniae	Klebsiella	23	23	0	100.0	20	1	1
GCA_964262105.1	SAMEA115941553	PRJEB77420	Klebsiella pneumoniae	Klebsiella	23	23	0	100.0	20	1	1
GCA_964262115.1	SAMEA115941536	PRJEB77420	Klebsiella pneumoniae	Klebsiella	2	2	0	100.0	2	1	1
GCA_964262145.1	SAMEA115941534	PRJEB77420	Klebsiella pneumoniae	Klebsiella	3	3	0	100.0	3	1	1
GCA_964262165.1	SAMEA115941549	PRJEB77420	Klebsiella pneumoniae	Klebsiella	10	10	0	100.0	10	1	1
GCA_964262175.1	SAMEA115941581	PRJEB77420	Klebsiella pneumoniae	Klebsiella	21	21	0	100.0	19	1	1
GCA_964262235.1	SAMEA115941576	PRJEB77420	Klebsiella pneumoniae	Klebsiella	13	13	0	100.0	12	1	1
GCA_964262275.1	SAMEA115941566	PRJEB77420	Klebsiella pneumoniae	Klebsiella	21	21	0	100.0	19	1	1
GCA_964262335.1	SAMEA115941554	PRJEB77420	Klebsiella pneumoniae	Klebsiella	10	10	0	100.0	10	1	1
GCA_964262355.1	SAMEA115941541	PRJEB77420	Klebsiella oxytoca	Klebsiella	1	1	0	100.0	1	1	1
GCA_964262365.1	SAMEA115941558	PRJEB77420	Klebsiella oxytoca	Klebsiella	14	14	0	100.0	14	1	1
GCA_964262435.1	SAMEA115941550	PRJEB77420	Enterobacter cloacae	Enterobacter	10	10	0	100.0	9	1	1
GCA_964262465.1	SAMEA115941582	PRJEB77420	Klebsiella pneumoniae	Klebsiella	1	1	0	100.0	1	1	1
GCA_964262475.1	SAMEA115941564	PRJEB77420	Klebsiella pneumoniae	Klebsiella	1	1	0	100.0	1	1	1
GCA_964262485.1	SAMEA115941569	PRJEB77420	Klebsiella pneumoniae	Klebsiella	13	13	0	100.0	12	1	1
GCA_964262515.1	SAMEA115941562	PRJEB77420	Klebsiella pneumoniae	Klebsiella	10	10	0	100.0	10	1	1
GCA_964262535.1	SAMEA115941575	PRJEB77420	Klebsiella pneumoniae	Klebsiella	21	21	0	100.0	19	1	1
GCA_964262545.1	SAMEA115941565	PRJEB77420	Klebsiella pneumoniae	Klebsiella	21	21	0	100.0	19	1	1
GCA_964262575.1	SAMEA115941584	PRJEB77420	Klebsiella pneumoniae	Klebsiella	1	1	0	100.0	1	1	1
GCA_964262585.1	SAMEA115941545	PRJEB77420	Enterobacter cloacae	Enterobacter	1	1	0	100.0	1	1	1
GCA_964262595.1	SAMEA115941563	PRJEB77420	Klebsiella pneumoniae	Klebsiella	1	1	0	100.0	1	1	1
GCA_964262635.1	SAMEA115941543	PRJEB77420	Enterobacter cloacae	Enterobacter	1	1	0	100.0	1	1	1
GCA_964262655.1	SAMEA115941560	PRJEB77420	Klebsiella oxytoca	Klebsiella	12	12	0	100.0	10	1	1
GCA_964262665.1	SAMEA115941570	PRJEB77420	Klebsiella pneumoniae	Klebsiella	24	24	0	100.0	19	1	1
GCA_964262685.1	SAMEA115941559	PRJEB77420	Klebsiella oxytoca	Klebsiella	14	14	0	100.0	14	1	1
GCA_964262725.1	SAMEA115941557	PRJEB77420	Klebsiella oxytoca	Klebsiella	14	14	0	100.0	14	1	1
GCA_964262755.1	SAMEA115941551	PRJEB77420	Klebsiella pneumoniae	Klebsiella	3	3	0	100.0	3	1	1
GCA_964262765.1	SAMEA115941579	PRJEB77420	Klebsiella pneumoniae	Klebsiella	12	12	0	100.0	11	1	1
GCA_964262775.1	SAMEA115941580	PRJEB77420	Klebsiella pneumoniae	Klebsiella	27	27	0	100.0	19	1	1
GCA_964262785.1	SAMEA115941555	PRJEB77420	Klebsiella pneumoniae	Klebsiella	9	9	0	100.0	9	1	1
GCA_964262795.1	SAMEA115941577	PRJEB77420	Klebsiella pneumoniae	Klebsiella	13	13	0	100.0	12	1	1
GCA_964262805.1	SAMEA115941533	PRJEB77420	Acinetobacter baumannii	Acinetobacter	9	9	0	100.0	9	1	1
GCA_964262815.1	SAMEA115941578	PRJEB77420	Klebsiella pneumoniae	Klebsiella	21	21	0	100.0	19	1	1
GCA_964271295.1	SAMEA116056796	PRJEB80309	Klebsiella pneumoniae	Klebsiella	17	13	4	76.471	17	4	3
GCA_964271305.1	SAMEA116056814	PRJEB80309	Klebsiella pneumoniae	Klebsiella	24	20	4	83.333	20	5	4
GCA_964271315.1	SAMEA116056815	PRJEB80309	Klebsiella pneumoniae	Klebsiella	17	13	4	76.471	17	4	3
GCA_964271325.1	SAMEA116056798	PRJEB80309	Klebsiella pneumoniae	Klebsiella	26	22	4	84.615	21	5	4
GCA_964271335.1	SAMEA116056805	PRJEB80309	Klebsiella pneumoniae	Klebsiella	21	18	3	85.714	18	5	4
GCA_964271345.1	SAMEA116056810	PRJEB80309	Klebsiella pneumoniae	Klebsiella	29	24	5	82.759	27	4	3
GCF_000763245.3	SAMN02947975	PRJNA257157	Pseudomonas aeruginosa	Pseudomonas	17	0	17	0.0	12	1	0
GCF_000783935.2	SAMN02934513	PRJNA231221	Klebsiella planticola	Klebsiella	3	0	3	0.0	3	1	0
GCF_001185665.2	SAMN03280386	PRJNA271899	Klebsiella pneumoniae	Klebsiella	14	10	4	71.429	9	3	2
GCF_001559215.2	SAMN03996296	PRJNA231221	Klebsiella aerogenes	Klebsiella	4	0	4	0.0	4	1	0
GCF_001593585.2	SAMN03996283	PRJNA231221	Klebsiella aerogenes	Klebsiella	4	0	4	0.0	4	1	0
GCF_001699105.2	SAMN03252408	PRJNA261555	Klebsiella pneumoniae	Klebsiella	18	14	4	77.778	17	3	2
GCF_001701425.2	SAMN04868721	PRJNA307517	Klebsiella pneumoniae	Klebsiella	38	34	4	89.474	28	5	4
GCF_001701835.2	SAMN04868736	PRJNA307517	Klebsiella pneumoniae	Klebsiella	31	27	4	87.097	28	4	3
GCF_001701845.2	SAMN04868740	PRJNA307517	Klebsiella pneumoniae	Klebsiella	16	12	4	75.0	14	5	4
GCF_001702045.2	SAMN04868722	PRJNA307517	Klebsiella pneumoniae	Klebsiella	33	29	4	87.879	29	6	5
GCF_001718115.2	SAMN05193406	PRJNA323981	Klebsiella pneumoniae	Klebsiella	27	23	4	85.185	25	6	5
GCF_001866535.2	SAMN05938422	PRJNA350352	Klebsiella ornithinolytica	Klebsiella	3	0	3	0.0	3	1	0
GCF_001887985.4	SAMN06019522	PRJNA353728	Klebsiella pneumoniae	Klebsiella	9	5	4	55.556	9	2	1
GCF_001887995.2	SAMN06019523	PRJNA353728	Klebsiella pneumoniae	Klebsiella	15	11	4	73.333	12	3	2
GCF_001939885.2	SAMN05928590	PRJNA349219	Klebsiella pneumoniae	Klebsiella	4	0	4	0.0	4	1	0
GCF_001984825.2	SAMN06249239	PRJNA415108	Enterobacter chengduensis	Enterobacter	6	2	4	33.333	6	2	1
GCF_002164695.2	SAMN06909168	PRJNA353728	Klebsiella pneumoniae	Klebsiella	24	20	4	83.333	23	4	3
GCF_002164805.3	SAMN06909163	PRJNA353728	Klebsiella variicola	Klebsiella	17	13	4	76.471	16	4	3
GCF_002164835.4	SAMN06909160	PRJNA353728	Klebsiella pneumoniae	Klebsiella	14	8	6	57.143	12	2	1
GCF_002164855.2	SAMN06909161	PRJNA353728	Klebsiella pneumoniae	Klebsiella	16	10	6	62.5	14	3	2
GCF_002187935.3	SAMN05960914	PRJNA351846	Klebsiella quasipneumoniae	Klebsiella	21	17	4	80.952	17	2	1
GCF_002239895.2	SAMN05960932	PRJNA351846	Klebsiella quasipneumoniae	Klebsiella	18	14	4	77.778	18	3	2
GCF_002248115.2	SAMN07450602	PRJNA389557	Klebsiella pneumoniae	Klebsiella	18	14	4	77.778	18	5	4
GCF_002249975.2	SAMN07452764	PRJNA556438	Klebsiella pneumoniae	Klebsiella	16	12	4	75.0	15	5	4
GCF_002251875.2	SAMN07450608	PRJNA389557	Klebsiella pneumoniae	Klebsiella	18	14	4	77.778	18	3	2
GCF_002257765.2	SAMN06671967	PRJNA353728	Klebsiella pneumoniae	Klebsiella	15	9	6	60.0	14	3	2
GCF_002257935.4	SAMN06671956	PRJNA353728	Klebsiella pneumoniae	Klebsiella	22	18	4	81.818	21	2	1
GCF_002258005.2	SAMN06671974	PRJNA353728	Klebsiella pneumoniae	Klebsiella	11	7	4	63.636	11	3	2
GCF_002258055.3	SAMN06671971	PRJNA353728	Klebsiella pneumoniae	Klebsiella	21	17	4	80.952	19	3	2
GCF_002258105.2	SAMN06671966	PRJNA353728	Klebsiella pneumoniae	Klebsiella	18	14	4	77.778	18	3	2
GCF_002258145.4	SAMN06671960	PRJNA353728	Klebsiella pneumoniae	Klebsiella	10	6	4	60.0	10	2	1
GCF_002258175.2	SAMN06671955	PRJNA353728	Klebsiella pneumoniae	Klebsiella	25	21	4	84.0	23	2	1
GCF_002287725.2	SAMN06547042	PRJNA378495	Pseudomonas aeruginosa	Pseudomonas	5	0	5	0.0	5	1	0
GCF_002300675.1	SAMN07572687	PRJNA400676	Klebsiella pneumoniae	Klebsiella	15	9	6	60.0	13	3	2
GCF_002411865.3	SAMN07692776	PRJNA411997	Pseudomonas aeruginosa	Pseudomonas	21	0	21	0.0	14	1	0
GCF_002753375.2	SAMEA3357374	PRJNA351909	Klebsiella pneumoniae	Klebsiella	4	0	4	0.0	4	1	0
GCF_002811305.2	SAMN07235711	PRJNA353728	Klebsiella pneumoniae	Klebsiella	14	8	6	57.143	13	3	2
GCF_002811325.3	SAMN07235710	PRJNA353728	Klebsiella pneumoniae	Klebsiella	16	10	6	62.5	15	3	2
GCF_002811335.3	SAMN07235708	PRJNA353728	Klebsiella pneumoniae	Klebsiella	28	24	4	85.714	26	4	3
GCF_002811425.2	SAMN07235709	PRJNA353728	Klebsiella pneumoniae	Klebsiella	24	20	4	83.333	23	4	3
GCF_002812905.2	SAMN08101543	PRJNA419916	Pseudomonas aeruginosa	Pseudomonas	9	0	9	0.0	8	1	0
GCF_002812925.2	SAMN08101542	PRJNA419916	Pseudomonas aeruginosa	Pseudomonas	9	0	9	0.0	8	1	0
GCF_002850275.3	SAMN08222601	PRJNA427082	Klebsiella pneumoniae	Klebsiella	4	0	4	0.0	4	1	0
GCF_002850575.1	SAMN08107552	PRJNA420145	Enterobacter cancerogenus	Enterobacter	1	0	1	0.0	1	1	0
GCF_002852325.2	SAMN07609146	PRJNA353728	Klebsiella pneumoniae	Klebsiella	6	2	4	33.333	6	2	1
GCF_002852365.2	SAMN07609144	PRJNA353728	Klebsiella pneumoniae	Klebsiella	14	10	4	71.429	12	3	2
GCF_002852675.2	SAMN07609131	PRJNA353728	Klebsiella pneumoniae	Klebsiella	10	4	6	40.0	10	2	1
GCF_002852785.2	SAMN07609123	PRJNA353728	Klebsiella pneumoniae	Klebsiella	14	10	4	71.429	12	3	2
GCF_002852915.4	SAMN07609116	PRJNA353728	Klebsiella variicola	Klebsiella	4	0	4	0.0	4	1	0
GCF_002852945.3	SAMN07609114	PRJNA353728	Klebsiella pneumoniae	Klebsiella	25	18	7	72.0	20	3	2
GCF_002852975.3	SAMN07609117	PRJNA353728	Klebsiella pneumoniae	Klebsiella	15	11	4	73.333	14	3	2
GCF_002852995.3	SAMN07609113	PRJNA353728	Klebsiella pneumoniae	Klebsiella	7	3	4	42.857	6	2	1
GCF_002853115.2	SAMN07609107	PRJNA353728	Klebsiella pneumoniae	Klebsiella	4	0	4	0.0	4	1	0
GCF_002853385.2	SAMN07609094	PRJNA353728	Klebsiella pneumoniae	Klebsiella	14	10	4	71.429	6	2	1
GCF_002853435.3	SAMN07609091	PRJNA353728	Klebsiella pneumoniae	Klebsiella	20	10	10	50.0	15	4	3
GCF_002853475.2	SAMN07609088	PRJNA353728	Klebsiella pneumoniae	Klebsiella	25	21	4	84.0	21	3	2
GCF_002893825.1	SAMN08166690	PRJNA422171	Klebsiella pneumoniae	Klebsiella	12	6	6	50.0	12	2	1
GCF_002894385.2	SAMN08022162	PRJNA353728	Klebsiella pneumoniae	Klebsiella	10	6	4	60.0	9	2	1
GCF_002903005.1	SAMN06040389	PRJNA430813	Klebsiella pneumoniae	Klebsiella	12	7	5	58.333	9	4	3
GCF_002903025.1	SAMN06040388	PRJNA430813	Klebsiella pneumoniae	Klebsiella	13	11	2	84.615	12	2	1
GCF_002909775.1	SAMN08389138	PRJNA427764	Klebsiella pneumoniae	Klebsiella	23	17	6	73.913	18	6	5
GCF_002918585.2	SAMN03455990	PRJNA430813	Klebsiella pneumoniae	Klebsiella	19	14	5	73.684	16	5	4
GCF_002934345.1	SAMN03455985	PRJNA430813	Pseudomonas sp.	Pseudomonas	4	0	4	0.0	3	1	0
GCF_002935085.1	SAMN06040387	PRJNA430813	Klebsiella pneumoniae	Klebsiella	10	6	4	60.0	7	3	2
GCF_002944845.1	SAMN08455837	PRJNA432625	Klebsiella pneumoniae	Klebsiella	25	21	4	84.0	22	4	3
GCF_002946935.1	SAMN02887043	PRJNA253624	Pseudomonas aeruginosa	Pseudomonas	7	0	7	0.0	7	1	0
GCF_002948565.1	SAMN04014907	PRJNA292904	Klebsiella pneumoniae	Klebsiella	25	16	9	64.0	22	3	2
GCF_002948835.2	SAMN04014903	PRJNA292904	Klebsiella aerogenes	Klebsiella	9	5	4	55.556	9	2	1
GCF_002951555.1	SAMN06173548	PRJNA358426	Klebsiella pneumoniae	Klebsiella	13	7	6	53.846	13	2	1
GCF_002951595.1	SAMN06173549	PRJNA358426	Klebsiella pneumoniae	Klebsiella	16	10	6	62.5	15	3	2
GCF_002951635.1	SAMN03996301	PRJNA231221	Klebsiella pneumoniae	Klebsiella	5	1	4	20.0	5	2	1
GCF_002952735.2	SAMN08103213	PRJNA388547	Enterobacter sp.	Enterobacter	4	0	4	0.0	4	1	0
GCF_002953115.1	SAMN08290310	PRJNA428425	Pseudomonas sp.	Pseudomonas	2	2	0	100.0	2	1	1
GCF_002953295.1	SAMN03996259	PRJNA231221	Klebsiella quasipneumoniae	Klebsiella	9	5	4	55.556	9	2	1
GCF_002967795.2	SAMN08605586	PRJNA400267	Klebsiella pneumoniae	Klebsiella	18	12	6	66.667	17	2	1
GCF_002968455.1	SAMN07291508	PRJNA316321	Enterobacter hormaechei	Enterobacter	18	14	4	77.778	17	3	2
GCF_002968475.1	SAMN07291506	PRJNA316321	Klebsiella pneumoniae	Klebsiella	26	19	7	73.077	19	7	6
GCF_002968495.1	SAMN07291504	PRJNA316321	Klebsiella pneumoniae	Klebsiella	23	19	4	82.609	21	5	4
GCF_002968515.1	SAMN07291503	PRJNA316321	Pseudomonas aeruginosa	Pseudomonas	5	0	5	0.0	5	1	0
GCF_002968585.1	SAMN07291497	PRJNA316321	Pseudomonas aeruginosa	Pseudomonas	12	0	12	0.0	11	1	0
GCF_002968655.1	SAMN07291496	PRJNA316321	Pseudomonas aeruginosa	Pseudomonas	16	1	15	6.25	12	2	1
GCF_002968695.1	SAMN04901620	PRJNA316321	Pseudomonas aeruginosa	Pseudomonas	19	0	19	0.0	14	1	0
GCF_002968755.1	SAMN07291499	PRJNA316321	Pseudomonas paraeruginosa	Pseudomonas	8	6	2	75.0	8	3	2
GCF_002968955.1	SAMN07291500	PRJNA316321	Pseudomonas aeruginosa	Pseudomonas	25	0	25	0.0	16	1	0
GCF_002970375.3	SAMN08579613	PRJNA433394	Klebsiella pneumoniae	Klebsiella	8	4	4	50.0	8	3	2
GCF_002970895.1	SAMN08582315	PRJNA435632	Klebsiella pneumoniae	Klebsiella	4	0	4	0.0	4	1	0
GCF_002982195.1	SAMN06448868	PRJNA376861	Enterobacter cloacae	Enterobacter	16	14	2	87.5	16	3	2
GCF_002984395.1	SAMN06173348	PRJNA231221	Klebsiella oxytoca	Klebsiella	3	0	3	0.0	3	1	0
GCF_002997005.1	SAMN04014936	PRJNA292904	Pseudomonas aeruginosa	Pseudomonas	5	0	5	0.0	5	1	0
GCF_003006175.1	SAMN05908511	PRJNA348457	Klebsiella pneumoniae	Klebsiella	24	13	11	54.167	17	3	2
GCF_003010695.1	SAMN04014973	PRJNA292902	Enterobacter cloacae	Enterobacter	5	0	5	0.0	5	1	0
GCF_003020825.1	SAMN06767172	PRJNA383559	Klebsiella quasipneumoniae	Klebsiella	6	2	4	33.333	6	2	1
GCF_003025345.2	SAMN06673526	PRJNA381281	Pseudomonas paraeruginosa	Pseudomonas	2	0	2	0.0	2	1	0
GCF_003028335.1	SAMN08776459	PRJNA445324	Pseudomonas aeruginosa	Pseudomonas	6	0	6	0.0	6	1	0
GCF_003030145.1	SAMN08663449	PRJNA243331	Klebsiella pneumoniae	Klebsiella	25	21	4	84.0	19	4	3
GCF_003031325.1	SAMN08022168	PRJNA418211	Klebsiella pneumoniae	Klebsiella	26	22	4	84.615	25	6	5
GCF_003031345.1	SAMN08026708	PRJNA418370	Klebsiella pneumoniae	Klebsiella	18	13	5	72.222	16	3	2
GCF_003031505.1	SAMN03657213	PRJNA278886	Klebsiella pneumoniae	Klebsiella	22	11	11	50.0	21	2	1
GCF_003036645.2	SAMN08624675	PRJNA353728	Klebsiella pneumoniae	Klebsiella	16	12	4	75.0	15	3	2
GCF_003037005.2	SAMN08624622	PRJNA353728	Klebsiella pneumoniae	Klebsiella	18	12	6	66.667	16	3	2
GCF_003037185.2	SAMN08624691	PRJNA353728	Klebsiella pneumoniae	Klebsiella	10	6	4	60.0	9	3	2
GCF_003037325.3	SAMN08624668	PRJNA353728	Klebsiella pneumoniae	Klebsiella	9	5	4	55.556	8	2	1
GCF_003037615.2	SAMN08027262	PRJNA353728	Klebsiella pneumoniae	Klebsiella	19	4	15	21.053	14	3	2
GCF_003038035.2	SAMN08624641	PRJNA353728	Klebsiella pneumoniae	Klebsiella	16	10	6	62.5	15	3	2
GCF_003038135.2	SAMN08624626	PRJNA353728	Klebsiella pneumoniae	Klebsiella	16	10	6	62.5	15	3	2
GCF_003038215.3	SAMN08624619	PRJNA353728	Klebsiella pneumoniae	Klebsiella	22	20	2	90.909	20	4	3
GCF_003051945.2	SAMN08027257	PRJNA415108	Enterobacter hormaechei	Enterobacter	26	22	4	84.615	23	3	2
GCF_003052005.2	SAMN08866462	PRJNA415331	Pseudomonas aeruginosa	Pseudomonas	5	0	5	0.0	5	1	0
GCF_003054385.1	SAMN08848079	PRJNA448464	Klebsiella pneumoniae	Klebsiella	23	19	4	82.609	23	3	2
GCF_003060845.1	SAMN08524370	PRJNA433941	Pseudomonas aeruginosa	Pseudomonas	5	0	5	0.0	5	1	0
GCF_003069525.1	SAMN04014994	PRJNA292902	Klebsiella pneumoniae	Klebsiella	38	29	9	76.316	31	3	2
GCF_003071305.1	SAMN04014982	PRJNA292902	Klebsiella pneumoniae	Klebsiella	17	6	11	35.294	14	3	2
GCF_003071645.1	SAMN04015005	PRJNA292902	Enterobacter cloacae	Enterobacter	5	0	5	0.0	5	1	0
GCF_003073315.1	SAMN04014983	PRJNA292902	Klebsiella pneumoniae	Klebsiella	15	4	11	26.667	13	3	2
GCF_003073335.1	SAMN04014920	PRJNA292904	Klebsiella pneumoniae	Klebsiella	26	22	4	84.615	20	6	5
GCF_003073615.1	SAMN07291537	PRJNA316321	Pseudomonas aeruginosa	Pseudomonas	17	0	17	0.0	12	1	0
GCF_003073675.1	SAMN07291531	PRJNA316321	Klebsiella pneumoniae	Klebsiella	20	14	6	70.0	14	4	3
GCF_003073695.1	SAMN07291534	PRJNA316321	Pseudomonas paraeruginosa	Pseudomonas	8	6	2	75.0	8	3	2
GCF_003073735.1	SAMN07291538	PRJNA316321	Pseudomonas aeruginosa	Pseudomonas	12	0	12	0.0	10	1	0
GCF_003073795.1	SAMN07291535	PRJNA316321	Pseudomonas aeruginosa	Pseudomonas	8	0	8	0.0	7	1	0
GCF_003073895.1	SAMN07291532	PRJNA316321	Pseudomonas aeruginosa	Pseudomonas	9	4	5	44.444	9	2	1
GCF_003073975.1	SAMN07291523	PRJNA316321	Klebsiella oxytoca	Klebsiella	3	0	3	0.0	3	1	0
GCF_003073995.1	SAMN07291525	PRJNA316321	Enterobacter hormaechei	Enterobacter	4	0	4	0.0	4	1	0
GCF_003074015.1	SAMN07291519	PRJNA316321	Klebsiella pneumoniae	Klebsiella	18	9	9	50.0	17	3	2
GCF_003074075.1	SAMN07291518	PRJNA316321	Klebsiella michiganensis	Klebsiella	11	7	4	63.636	10	2	1
GCF_003076555.1	SAMN08391417	PRJNA431464	Klebsiella pneumoniae	Klebsiella	11	7	4	63.636	9	3	2
GCF_003146635.1	SAMN09205485	PRJNA411762	Klebsiella quasipneumoniae	Klebsiella	19	15	4	78.947	16	3	2
GCF_003146655.1	SAMN09205469	PRJNA411762	Klebsiella quasipneumoniae	Klebsiella	10	6	4	60.0	9	2	1
GCF_003146685.1	SAMN09205495	PRJNA411762	Klebsiella quasipneumoniae	Klebsiella	21	17	4	80.952	14	5	4
GCF_003181055.1	SAMN09245749	PRJNA472712	Klebsiella pneumoniae	Klebsiella	17	13	4	76.471	17	2	1
GCF_003181095.1	SAMN09245752	PRJNA472712	Klebsiella pneumoniae	Klebsiella	13	9	4	69.231	13	2	1
GCF_003181135.1	SAMN09245753	PRJNA472712	Klebsiella pneumoniae	Klebsiella	15	11	4	73.333	15	2	1
GCF_003181175.1	SAMN09245763	PRJNA472712	Klebsiella quasipneumoniae	Klebsiella	9	5	4	55.556	9	2	1
GCF_003186415.1	SAMN05510455	PRJNA278886	Enterobacter hormaechei	Enterobacter	13	9	4	69.231	12	2	1
GCF_003186535.1	SAMN05774083	PRJNA278886	Klebsiella pneumoniae	Klebsiella	26	22	4	84.615	14	2	1
GCF_003186565.1	SAMN06887342	PRJNA278886	Enterobacter hormaechei	Enterobacter	18	14	4	77.778	16	2	1
GCF_003193645.1	SAMN07291539	PRJNA316321	Pseudomonas aeruginosa	Pseudomonas	5	0	5	0.0	5	1	0
GCF_003194245.1	SAMN07602569	PRJNA401330	Pseudomonas aeruginosa	Pseudomonas	5	0	5	0.0	5	1	0
GCF_003194285.1	SAMN07602587	PRJNA401330	Klebsiella pneumoniae	Klebsiella	15	11	4	73.333	14	3	2
GCF_003203435.1	SAMN07672549	PRJNA408002	Klebsiella pneumoniae	Klebsiella	14	10	4	71.429	12	3	2
GCF_003204175.1	SAMN04014928	PRJNA292904	Klebsiella pneumoniae	Klebsiella	14	3	11	21.429	6	2	1
GCF_003204335.1	SAMN04014951	PRJNA292904	Pseudomonas aeruginosa	Pseudomonas	12	0	12	0.0	12	1	0
GCF_003204465.1	SAMN04014981	PRJNA292902	Klebsiella pneumoniae	Klebsiella	20	9	11	45.0	17	3	2
GCF_003206535.1	SAMN08954392	PRJNA450903	Pseudomonas aeruginosa	Pseudomonas	23	1	22	4.348	15	2	1
GCF_003228315.1	SAMN09229081	PRJNA472214	Pseudomonas putida	Pseudomonas	2	0	2	0.0	2	1	0
GCF_003254805.1	SAMN09389154	PRJNA475446	Enterobacter hormaechei	Enterobacter	4	0	4	0.0	4	1	0
GCF_003261575.2	SAMN08861555	PRJNA353728	Klebsiella huaxiensis	Klebsiella	20	0	20	0.0	18	1	0
GCF_003261955.3	SAMN08932863	PRJNA353728	Klebsiella pneumoniae	Klebsiella	10	4	6	40.0	9	3	2
GCF_003264955.1	SAMN09425565	PRJNA476055	Enterobacter hormaechei	Enterobacter	25	21	4	84.0	23	5	4
GCF_003267985.1	SAMN07373332	PRJNA395223	Klebsiella pneumoniae	Klebsiella	34	24	10	70.588	29	2	1
GCF_003285145.1	SAMN09476129	PRJNA477658	Klebsiella pneumoniae	Klebsiella	4	0	4	0.0	4	1	0
GCF_003285165.1	SAMN09475282	PRJNA477596	Klebsiella quasipneumoniae	Klebsiella	4	0	4	0.0	4	1	0
GCF_003285185.1	SAMN09476128	PRJNA477656	Klebsiella variicola	Klebsiella	4	0	4	0.0	4	1	0
GCF_003286975.1	SAMN09476115	PRJNA477655	Klebsiella pneumoniae	Klebsiella	4	0	4	0.0	4	1	0
GCF_003286995.1	SAMN09487268	PRJNA477912	Klebsiella pneumoniae	Klebsiella	11	7	4	63.636	11	4	3
GCF_003288335.1	SAMN07291553	PRJNA316321	Pseudomonas aeruginosa	Pseudomonas	5	0	5	0.0	5	1	0
GCF_003288375.1	SAMN07291505	PRJNA316321	Klebsiella pneumoniae	Klebsiella	15	10	5	66.667	15	3	2
GCF_003288435.1	SAMN07291551	PRJNA316321	Pseudomonas aeruginosa	Pseudomonas	5	0	5	0.0	5	1	0
GCF_003288475.1	SAMN04014879	PRJNA316321	Enterobacter hormaechei	Enterobacter	33	25	8	75.758	25	3	2
GCF_003290425.1	SAMN05341158	PRJNA327507	Klebsiella variicola	Klebsiella	4	0	4	0.0	4	1	0
GCF_003319235.1	SAMN08102919	PRJNA419995	Pseudomonas aeruginosa	Pseudomonas	5	0	5	0.0	5	1	0
GCF_003323835.1	SAMN09580335	PRJNA479566	Klebsiella sp.	Klebsiella	3	0	3	0.0	3	1	0
GCF_003330945.1	SAMN09638204	PRJNA480538	Klebsiella pneumoniae	Klebsiella	4	0	4	0.0	4	1	0
GCF_003332705.2	SAMN08435059	PRJNA431326	Pseudomonas aeruginosa	Pseudomonas	6	0	6	0.0	6	1	0
GCF_003367555.1	SAMN08378650	PRJNA430804	Klebsiella pneumoniae	Klebsiella	16	6	10	37.5	13	2	1
GCF_003369735.1	SAMN09469733	PRJNA477434	Pseudomonas aeruginosa	Pseudomonas	11	0	11	0.0	9	1	0
GCF_003369755.1	SAMN09469732	PRJNA477432	Pseudomonas aeruginosa	Pseudomonas	9	0	9	0.0	8	1	0
GCF_003369775.1	SAMN09469677	PRJNA477422	Pseudomonas aeruginosa	Pseudomonas	8	0	8	0.0	8	1	0
GCF_003382725.1	SAMN09071586	PRJNA417482	Enterobacter hormaechei	Enterobacter	12	8	4	66.667	12	2	1
GCF_003408495.1	SAMN09469727	PRJNA477430	Pseudomonas aeruginosa	Pseudomonas	11	0	11	0.0	9	1	0
GCF_003408555.1	SAMN04448506	PRJNA302185	Enterobacter hormaechei	Enterobacter	34	30	4	88.235	27	5	4
GCF_003408575.1	SAMN04448498	PRJNA302185	Enterobacter hormaechei	Enterobacter	18	13	5	72.222	17	3	2
GCF_003408595.1	SAMN04448499	PRJNA302185	Enterobacter hormaechei	Enterobacter	19	15	4	78.947	18	3	2
GCF_003408615.1	SAMN04448505	PRJNA302185	Klebsiella pneumoniae	Klebsiella	16	12	4	75.0	15	3	2
GCF_003411785.2	SAMN09831360	PRJNA485889	Pseudomonas aeruginosa	Pseudomonas	9	4	5	44.444	8	2	1
GCF_003428425.1	SAMN08027258	PRJNA415108	Enterobacter hormaechei	Enterobacter	29	25	4	86.207	22	4	3
GCF_003429185.1	SAMN09831327	PRJNA485889	Pseudomonas aeruginosa	Pseudomonas	5	0	5	0.0	5	1	0
GCF_003429205.1	SAMN09831332	PRJNA485889	Pseudomonas aeruginosa	Pseudomonas	5	0	5	0.0	5	1	0
GCF_003429545.1	SAMN09279554	PRJNA473597	Klebsiella pneumoniae	Klebsiella	34	30	4	88.235	28	4	3
GCF_003429625.1	SAMN05439979	PRJNA331223	Klebsiella variicola	Klebsiella	12	7	5	58.333	10	5	4
GCF_003432145.1	SAMEA3357358	PRJNA486877	Klebsiella pneumoniae	Klebsiella	5	1	4	20.0	5	2	1
GCF_003432165.1	SAMEA3357466	PRJNA486877	Klebsiella pneumoniae	Klebsiella	26	21	5	80.769	24	5	4
GCF_003432185.1	SAMEA3357145	PRJNA486877	Klebsiella pneumoniae	Klebsiella	4	0	4	0.0	4	1	0
GCF_003432205.1	SAMEA3357337	PRJNA486877	Klebsiella pneumoniae	Klebsiella	4	0	4	0.0	4	1	0
GCF_003432245.1	SAMEA3356997	PRJNA486877	Klebsiella pneumoniae	Klebsiella	4	0	4	0.0	4	1	0
GCF_003432285.1	SAMEA3357016	PRJNA486877	Klebsiella pneumoniae	Klebsiella	4	0	4	0.0	4	1	0
GCF_003432405.1	SAMN09691066	PRJNA483353	Klebsiella pneumoniae	Klebsiella	12	8	4	66.667	12	3	2
GCF_003433235.1	SAMN07958398	PRJNA416504	Pseudomonas aeruginosa	Pseudomonas	13	0	13	0.0	10	1	0
GCF_003443755.1	SAMN07638733	PRJNA407116	Klebsiella pneumoniae	Klebsiella	18	14	4	77.778	16	3	2
GCF_003443835.1	SAMN09708445	PRJNA482505	Klebsiella quasipneumoniae	Klebsiella	18	14	4	77.778	17	5	4
GCF_003546885.1	SAMN06173340	PRJNA231221	Klebsiella aerogenes	Klebsiella	4	0	4	0.0	4	1	0
GCF_003571525.1	SAMN04014917	PRJNA292904	Klebsiella pneumoniae	Klebsiella	17	13	4	76.471	15	3	2
GCF_003571545.1	SAMN04014976	PRJNA292902	Klebsiella pneumoniae	Klebsiella	24	13	11	54.167	16	2	1
GCF_003571585.1	SAMN04015001	PRJNA292902	Klebsiella pneumoniae	Klebsiella	5	1	4	20.0	5	2	1
GCF_003571605.1	SAMN04014916	PRJNA292904	Klebsiella pneumoniae	Klebsiella	18	14	4	77.778	16	5	4
GCF_003571645.1	SAMN04014938	PRJNA292904	Klebsiella pneumoniae	Klebsiella	16	12	4	75.0	16	3	2
GCF_003571705.1	SAMN04014950	PRJNA292904	Klebsiella pneumoniae	Klebsiella	21	15	6	71.429	19	2	1
GCF_003571745.1	SAMN04014887	PRJNA292904	Klebsiella pneumoniae	Klebsiella	21	17	4	80.952	21	4	3
GCF_003571805.1	SAMN04014952	PRJNA292904	Pseudomonas aeruginosa	Pseudomonas	19	0	19	0.0	14	1	0
GCF_003574235.1	SAMD00110861	PRJDB5929	Klebsiella pneumoniae	Klebsiella	28	18	10	64.286	24	2	1
GCF_003574255.1	SAMD00059741	PRJDB5929	Klebsiella pneumoniae	Klebsiella	24	5	19	20.833	22	2	1
GCF_003574275.1	SAMD00059744	PRJDB5929	Klebsiella pneumoniae	Klebsiella	24	5	19	20.833	22	2	1
GCF_003584585.1	SAMD00116246	PRJDB6962	Klebsiella pneumoniae	Klebsiella	18	16	2	88.889	17	4	3
GCF_003586025.1	SAMN07988874	PRJNA417482	Enterobacter hormaechei	Enterobacter	12	8	4	66.667	12	2	1
GCF_003590665.1	SAMEA3357198	PRJNA486877	Klebsiella pneumoniae	Klebsiella	4	0	4	0.0	4	1	0
GCF_003594935.2	SAMN09845186	PRJNA415108	Enterobacter huaxiensis	Enterobacter	5	0	5	0.0	5	1	0
GCF_003597695.1	SAMN07421006	PRJNA396106	Klebsiella pneumoniae	Klebsiella	13	9	4	69.231	13	2	1
GCF_003597715.1	SAMN07421004	PRJNA396106	Klebsiella pneumoniae	Klebsiella	13	9	4	69.231	13	2	1
GCF_003597735.1	SAMN07421005	PRJNA396106	Klebsiella pneumoniae	Klebsiella	13	9	4	69.231	13	2	1
GCF_003597755.1	SAMN07421000	PRJNA396106	Klebsiella pneumoniae	Klebsiella	18	14	4	77.778	17	2	1
GCF_003626935.1	SAMN10135988	PRJNA493550	Pseudomonas aeruginosa	Pseudomonas	14	0	14	0.0	12	1	0
GCF_003641125.1	SAMN10163255	PRJNA494389	Pseudomonas aeruginosa	Pseudomonas	5	0	5	0.0	5	1	0
GCF_003660125.1	SAMN10174734	PRJNA494598	Enterobacter hormaechei	Enterobacter	20	17	3	85.0	17	2	1
GCF_003660185.1	SAMEA3357079	PRJEB6891	Klebsiella pneumoniae	Klebsiella	4	0	4	0.0	4	1	0
GCF_003665375.1	SAMN08027255	PRJNA415108	Enterobacter kobei	Enterobacter	9	5	4	55.556	9	4	3
GCF_003691465.1	SAMN10255221	PRJNA495108	Pseudomonas sp.	Pseudomonas	1	0	1	0.0	1	1	0
GCF_003692695.1	SAMN08828864	PRJNA448361	Klebsiella pneumoniae	Klebsiella	9	5	4	55.556	9	2	1
GCF_003711065.1	SAMN09688181	PRJNA353728	Klebsiella pneumoniae	Klebsiella	15	11	4	73.333	14	3	2
GCF_003716765.1	SAMN10187562	PRJNA494980	Pseudomonas aeruginosa	Pseudomonas	21	0	21	0.0	17	1	0
GCF_003790485.1	SAMN10343201	PRJNA477005	Klebsiella pneumoniae	Klebsiella	12	8	4	66.667	11	3	2
GCF_003790505.1	SAMN09635156	PRJNA480319	Klebsiella sp.	Klebsiella	4	0	4	0.0	4	1	0
GCF_003798105.1	SAMN10374626	PRJNA503802	Pseudomonas aeruginosa	Pseudomonas	5	0	5	0.0	5	1	0
GCF_003798125.1	SAMN10374624	PRJNA503802	Pseudomonas aeruginosa	Pseudomonas	5	0	5	0.0	5	1	0
GCF_003798145.1	SAMN10374625	PRJNA503802	Pseudomonas aeruginosa	Pseudomonas	5	0	5	0.0	5	1	0
GCF_003812085.1	SAMN10163190	PRJNA231221	Klebsiella pneumoniae	Klebsiella	3	0	3	0.0	3	1	0
GCF_003812105.1	SAMN10163226	PRJNA231221	Klebsiella pneumoniae	Klebsiella	11	7	4	63.636	11	2	1
GCF_003812145.1	SAMN10163217	PRJNA231221	Enterobacter roggenkampii	Enterobacter	3	0	3	0.0	3	1	0
GCF_003812165.1	SAMN10163227	PRJNA231221	Pseudomonas aeruginosa	Pseudomonas	5	0	5	0.0	5	1	0
GCF_003812185.1	SAMN10163207	PRJNA231221	Klebsiella aerogenes	Klebsiella	4	0	4	0.0	4	1	0
GCF_003812845.1	SAMN10163205	PRJNA231221	Klebsiella sp.	Klebsiella	3	0	3	0.0	3	1	0
GCF_003812885.1	SAMN10163195	PRJNA231221	Pseudomonas aeruginosa	Pseudomonas	13	0	13	0.0	10	1	0
GCF_003812905.1	SAMN10163177	PRJNA231221	Pseudomonas aeruginosa	Pseudomonas	8	0	8	0.0	8	1	0
GCF_003812925.1	SAMN10163176	PRJNA231221	Klebsiella oxytoca	Klebsiella	5	2	3	40.0	5	3	2
GCF_003813005.1	SAMN10163199	PRJNA231221	Pseudomonas aeruginosa	Pseudomonas	5	0	5	0.0	5	1	0
GCF_003813025.1	SAMN10163194	PRJNA231221	Pseudomonas aeruginosa	Pseudomonas	18	9	9	50.0	11	2	1
GCF_003850165.1	SAMN10432823	PRJNA433394	Klebsiella pneumoniae	Klebsiella	19	14	5	73.684	19	4	3
GCF_003855315.1	SAMEA5063299	PRJNA505543	Klebsiella pneumoniae	Klebsiella	18	12	6	66.667	15	3	2
GCF_003855515.1	SAMN10461964	PRJNA506506	Klebsiella pneumoniae	Klebsiella	16	12	4	75.0	16	3	2
GCF_003855535.1	SAMN10439690	PRJNA505940	Klebsiella pneumoniae	Klebsiella	5	0	5	0.0	5	1	0
GCF_003855555.1	SAMN10439712	PRJNA505947	Klebsiella pneumoniae	Klebsiella	5	0	5	0.0	5	1	0
GCF_003856475.1	SAMN10473953	PRJNA506788	Klebsiella pneumoniae	Klebsiella	14	10	4	71.429	13	3	2
GCF_003856595.1	SAMN07760932	PRJNA413669	Klebsiella pneumoniae	Klebsiella	17	13	4	76.471	17	2	1
GCF_003931835.1	SAMN10497376	PRJNA507542	Klebsiella pneumoniae	Klebsiella	6	0	6	0.0	6	1	0
GCF_003932915.1	SAMN07811429	PRJNA351750	Klebsiella pneumoniae	Klebsiella	9	5	4	55.556	9	2	1
GCF_003934185.1	SAMN10503922	PRJNA488070	Klebsiella pneumoniae	Klebsiella	19	15	4	78.947	17	4	3
GCF_003937135.2	SAMN10249009	PRJNA497126	Klebsiella pneumoniae	Klebsiella	34	23	11	67.647	26	4	3
GCF_003940765.1	SAMN10521483	PRJNA508388	Enterobacter asburiae	Enterobacter	4	0	4	0.0	4	1	0
GCF_003950015.1	SAMN10503341	PRJNA507737	Pseudomonas aeruginosa	Pseudomonas	9	0	9	0.0	8	1	0
GCF_003953905.1	SAMN08366844	PRJNA407397	Klebsiella pneumoniae	Klebsiella	5	1	4	20.0	5	2	1
GCF_003957825.1	SAMN10449072	PRJNA506142	Pseudomonas aeruginosa	Pseudomonas	5	0	5	0.0	5	1	0
GCF_003964795.2	SAMN10525000	PRJNA415108	Enterobacter hormaechei	Enterobacter	16	4	12	25.0	16	2	1
GCF_003965345.2	SAMN09845189	PRJNA415108	Enterobacter hormaechei	Enterobacter	14	10	4	71.429	14	3	2
GCF_003990375.1	SAMN10622699	PRJNA511343	Klebsiella quasipneumoniae	Klebsiella	11	9	2	81.818	11	3	2
GCF_004006035.1	SAMN10662038	PRJNA512142	Klebsiella pneumoniae	Klebsiella	16	12	4	75.0	16	3	2
GCF_004006055.1	SAMN10638715	PRJNA511479	Enterobacter sp.	Enterobacter	5	1	4	20.0	5	2	1
GCF_004010895.1	SAMN07256503	PRJNA391028	Pseudomonas aeruginosa	Pseudomonas	5	0	5	0.0	5	1	0
GCF_004010915.1	SAMN07280658	PRJNA392024	Klebsiella sp.	Klebsiella	24	20	4	83.333	21	4	3
GCF_004010995.1	SAMN08222595	PRJNA427077	Klebsiella pneumoniae	Klebsiella	12	8	4	66.667	12	2	1
GCF_004014755.1	SAMN10697128	PRJNA512290	Pseudomonas aeruginosa	Pseudomonas	5	0	5	0.0	5	1	0
GCF_004014895.1	SAMN10036351	PRJNA490428	Klebsiella variicola	Klebsiella	7	3	4	42.857	7	3	2
GCF_004014965.1	SAMN08281173	PRJNA428137	Klebsiella pneumoniae	Klebsiella	4	0	4	0.0	4	1	0
GCF_004102625.1	SAMN10743308	PRJNA512395	Klebsiella michiganensis	Klebsiella	11	6	5	54.545	11	3	2
GCF_004102665.1	SAMN09951375	PRJNA489238	Pseudomonas aeruginosa	Pseudomonas	5	0	5	0.0	5	1	0
GCF_004104525.2	SAMN10462700	PRJNA506562	Klebsiella grimontii	Klebsiella	3	0	3	0.0	3	1	0
GCF_004118875.1	SAMN10755318	PRJNA515436	Enterobacter hormaechei	Enterobacter	12	8	4	66.667	12	3	2
GCF_004118955.1	SAMN10790857	PRJNA516531	Klebsiella pneumoniae	Klebsiella	4	0	4	0.0	4	1	0
GCF_004119955.1	SAMN08378686	PRJNA430814	Klebsiella pneumoniae	Klebsiella	21	11	10	52.381	15	4	3
GCF_004119975.1	SAMN08378909	PRJNA430818	Klebsiella pneumoniae	Klebsiella	21	11	10	52.381	14	4	3
GCF_004119995.1	SAMN08379292	PRJNA430866	Klebsiella pneumoniae	Klebsiella	16	6	10	37.5	13	2	1
GCF_004120035.1	SAMN08380941	PRJNA430926	Klebsiella pneumoniae	Klebsiella	4	0	4	0.0	4	1	0
GCF_004120055.1	SAMN08380933	PRJNA430916	Klebsiella pneumoniae	Klebsiella	4	0	4	0.0	4	1	0
GCF_004120095.1	SAMN08380930	PRJNA430911	Klebsiella pneumoniae	Klebsiella	15	5	10	33.333	11	4	3
GCF_004120115.1	SAMN08380949	PRJNA430932	Klebsiella pneumoniae	Klebsiella	19	5	14	26.316	12	2	1
GCF_004120135.1	SAMN08380938	PRJNA430923	Klebsiella pneumoniae	Klebsiella	4	0	4	0.0	4	1	0
GCF_004120155.1	SAMN08380935	PRJNA430920	Klebsiella pneumoniae	Klebsiella	5	1	4	20.0	5	2	1
GCF_004120175.1	SAMN08380932	PRJNA430915	Klebsiella pneumoniae	Klebsiella	12	8	4	66.667	12	2	1
GCF_004137665.1	SAMN10522466	PRJNA508419	Klebsiella pneumoniae	Klebsiella	4	0	4	0.0	4	1	0
GCF_004138605.1	SAMN10188240	PRJNA494999	Enterobacter roggenkampii	Enterobacter	4	0	4	0.0	4	1	0
GCF_004141975.1	SAMN09692822	PRJNA481972	Klebsiella pneumoniae	Klebsiella	16	12	4	75.0	15	4	3
GCF_004193715.1	SAMN10872819	PRJNA520972	Enterobacter cloacae	Enterobacter	4	0	4	0.0	4	1	0
GCF_004193735.1	SAMN10880118	PRJNA521107	Pseudomonas aeruginosa	Pseudomonas	31	0	31	0.0	26	1	0
GCF_004291075.1	SAMN09407355	PRJNA475978	Pseudomonas aeruginosa	Pseudomonas	5	0	5	0.0	5	1	0
GCF_004295385.1	SAMN10956433	PRJNA522835	Klebsiella pneumoniae	Klebsiella	20	16	4	80.0	17	2	1
GCF_004295405.1	SAMN10956502	PRJNA522836	Klebsiella pneumoniae	Klebsiella	24	20	4	83.333	23	7	6
GCF_004295605.1	SAMN10910564	PRJNA521748	Klebsiella pneumoniae	Klebsiella	4	0	4	0.0	4	1	0
GCF_004319525.1	SAMN10963497	PRJNA523082	Klebsiella pneumoniae	Klebsiella	24	20	4	83.333	23	3	2
GCF_004322795.1	SAMN09688180	PRJNA353728	Klebsiella pneumoniae	Klebsiella	17	11	6	64.706	15	4	3
GCF_004322955.1	SAMN03455989	PRJNA279669	Klebsiella pneumoniae	Klebsiella	6	2	4	33.333	5	2	1
GCF_004322995.1	SAMN03455995	PRJNA279675	Klebsiella pneumoniae	Klebsiella	7	3	4	42.857	6	3	2
GCF_004332075.1	SAMN10678732	PRJNA512469	Klebsiella pneumoniae	Klebsiella	5	1	4	20.0	5	2	1
GCF_004355125.1	SAMN11087507	PRJNA525715	Pseudomonas aeruginosa	Pseudomonas	5	0	5	0.0	5	1	0
GCF_004355145.1	SAMN11087508	PRJNA525714	Pseudomonas aeruginosa	Pseudomonas	5	0	5	0.0	5	1	0
GCF_004684365.1	SAMN11283933	PRJNA529775	Enterobacter roggenkampii	Enterobacter	4	0	4	0.0	4	1	0
GCF_004801235.1	SAMN09912217	PRJNA487839	Klebsiella pneumoniae	Klebsiella	19	15	4	78.947	19	2	1
GCF_004804375.1	SAMN11349924	PRJNA531146	Enterobacter bugandensis	Enterobacter	4	0	4	0.0	4	1	0
GCF_004804395.1	SAMN11349925	PRJNA531146	Enterobacter bugandensis	Enterobacter	4	0	4	0.0	4	1	0
GCF_004924315.1	SAMN11054834	PRJNA288601	Klebsiella pneumoniae	Klebsiella	7	3	4	42.857	7	2	1
GCF_005165545.1	SAMN11254543	PRJNA529054	Klebsiella ornithinolytica	Klebsiella	22	19	3	86.364	19	4	3
GCF_005217135.2	SAMN11514786	PRJNA539923	Enterobacter hormaechei	Enterobacter	6	2	4	33.333	6	2	1
GCF_005217155.2	SAMN11514785	PRJNA539918	Enterobacter hormaechei	Enterobacter	6	2	4	33.333	6	2	1
GCF_005305005.1	SAMN11388516	PRJNA531888	Pseudomonas aeruginosa	Pseudomonas	12	7	5	58.333	11	2	1
GCF_005518115.1	SAMN11415570	PRJNA532789	Enterobacter ludwigii	Enterobacter	4	0	4	0.0	4	1	0
GCF_005848825.1	SAMN11415807	PRJNA532821	Enterobacter ludwigii	Enterobacter	4	0	4	0.0	4	1	0
GCF_005853785.1	SAMN09487516	PRJNA477921	Klebsiella pneumoniae	Klebsiella	10	6	4	60.0	10	2	1
GCF_005854025.1	SAMN09487518	PRJNA477921	Klebsiella pneumoniae	Klebsiella	10	6	4	60.0	10	2	1
GCF_005854245.1	SAMN09487517	PRJNA477921	Klebsiella pneumoniae	Klebsiella	10	6	4	60.0	10	2	1
GCF_005885775.1	SAMN11793565	PRJNA483246	Klebsiella pneumoniae	Klebsiella	13	8	5	61.538	12	4	3
GCF_005890075.1	SAMN11415809	PRJNA532824	Enterobacter ludwigii	Enterobacter	4	0	4	0.0	4	1	0
GCF_005944305.1	SAMN11835544	PRJNA483246	Klebsiella pneumoniae	Klebsiella	36	32	4	88.889	26	6	5
GCF_006304565.1	SAMN09977093	PRJNA489400	Klebsiella pneumoniae	Klebsiella	14	11	3	78.571	12	3	2
GCF_006364295.1	SAMN11056490	PRJNA231221	Klebsiella pneumoniae	Klebsiella	4	0	4	0.0	4	1	0
GCF_006364735.1	SAMN11056482	PRJNA231221	Pseudomonas aeruginosa	Pseudomonas	5	0	5	0.0	5	1	0
GCF_006364795.1	SAMN10346774	PRJNA231221	Pseudomonas aeruginosa	Pseudomonas	5	0	5	0.0	5	1	0
GCF_006385915.1	SAMN12026966	PRJNA548420	Enterobacter ludwigii	Enterobacter	4	0	4	0.0	4	1	0
GCF_006459145.1	SAMN12082929	PRJNA549322	Klebsiella pneumoniae	Klebsiella	32	27	5	84.375	25	5	4
GCF_006494895.1	SAMN10433884	PRJNA449865	Klebsiella pneumoniae	Klebsiella	15	11	4	73.333	14	3	2
GCF_006494915.1	SAMN10434199	PRJNA449865	Klebsiella pneumoniae	Klebsiella	11	7	4	63.636	11	3	2
GCF_006704595.2	SAMN12162657	PRJNA547625	Pseudomonas aeruginosa	Pseudomonas	12	4	8	33.333	10	2	1
GCF_006711645.1	SAMN12125603	PRJNA550349	Klebsiella electrica	Klebsiella	3	0	3	0.0	3	1	0
GCF_006874725.1	SAMN10788268	PRJNA516401	Klebsiella aerogenes	Klebsiella	4	0	4	0.0	4	1	0
GCF_006965405.1	SAMN12085403	PRJNA549416	Klebsiella pneumoniae	Klebsiella	12	8	4	66.667	12	3	2
GCF_006971785.1	SAMN03105739	PRJNA397126	Pseudomonas paraeruginosa	Pseudomonas	2	0	2	0.0	2	1	0
GCF_006974165.1	SAMN11650121	PRJNA542978	Klebsiella pneumoniae	Klebsiella	15	11	4	73.333	12	2	1
GCF_007035645.1	SAMD00166948	PRJDB8163	Enterobacter asburiae	Enterobacter	5	1	4	20.0	5	2	1
GCF_007035805.1	SAMD00166968	PRJDB8163	Enterobacter asburiae	Enterobacter	6	2	4	33.333	5	2	1
GCF_007035975.1	SAMD00166969	PRJDB8163	Enterobacter sp.	Enterobacter	6	2	4	33.333	6	2	1
GCF_007106885.1	SAMN12233455	PRJNA553277	Klebsiella michiganensis	Klebsiella	3	0	3	0.0	3	1	0
GCF_007197815.1	SAMN12273071	PRJNA529535	Klebsiella pneumoniae	Klebsiella	6	2	4	33.333	6	2	1
GCF_007421865.2	SAMN12285710	PRJNA554876	Klebsiella pneumoniae	Klebsiella	22	18	4	81.818	19	2	1
GCF_007421875.2	SAMN12285738	PRJNA554879	Klebsiella pneumoniae	Klebsiella	22	18	4	81.818	19	2	1
GCF_007421885.2	SAMN12285730	PRJNA554878	Klebsiella pneumoniae	Klebsiella	22	18	4	81.818	19	2	1
GCF_007556795.1	SAMN12306076	PRJNA549322	Enterobacter hormaechei	Enterobacter	17	13	4	76.471	13	2	1
GCF_007559065.1	SAMN12306201	PRJNA555258	Pseudomonas aeruginosa	Pseudomonas	4	0	4	0.0	4	1	0
GCF_007559085.1	SAMN12305659	PRJNA555210	Pseudomonas aeruginosa	Pseudomonas	5	0	5	0.0	5	1	0
GCF_007559105.1	SAMN12306195	PRJNA555257	Pseudomonas aeruginosa	Pseudomonas	5	0	5	0.0	5	1	0
GCF_007559125.1	SAMN12306121	PRJNA555248	Pseudomonas aeruginosa	Pseudomonas	5	0	5	0.0	5	1	0
GCF_007632255.1	SAMN12330869	PRJNA555744	Klebsiella aerogenes	Klebsiella	6	2	4	33.333	6	2	1
GCF_007633355.1	SAMN12325360	PRJNA555658	Pseudomonas sp.	Pseudomonas	8	0	8	0.0	8	1	0
GCF_007833495.1	SAMN07411800	PRJNA395632	Pseudomonas putida	Pseudomonas	3	0	3	0.0	3	1	0
GCF_007833555.1	SAMN02768808	PRJNA473315	Klebsiella pneumoniae	Klebsiella	4	0	4	0.0	4	1	0
GCF_007833575.1	SAMN09271081	PRJNA473316	Klebsiella pneumoniae	Klebsiella	4	0	4	0.0	4	1	0
GCF_007833895.1	SAMN11836198	PRJNA544424	Pseudomonas aeruginosa	Pseudomonas	7	1	6	14.286	7	2	1
GCF_007873865.1	SAMN09104544	PRJNA470778	Klebsiella pneumoniae	Klebsiella	30	26	4	86.667	27	4	3
GCF_007954925.2	SAMN12389491	PRJNA553055	Klebsiella pneumoniae	Klebsiella	15	11	4	73.333	14	3	2
GCF_007955015.2	SAMN12389490	PRJNA553055	Klebsiella pneumoniae	Klebsiella	15	11	4	73.333	14	3	2
GCF_007955105.2	SAMN12389483	PRJNA553055	Klebsiella pneumoniae	Klebsiella	15	11	4	73.333	14	3	2
GCF_008033725.1	SAMN08915618	PRJNA449643	Pseudomonas aeruginosa	Pseudomonas	5	0	5	0.0	5	1	0
GCF_008033745.1	SAMN08918338	PRJNA449809	Pseudomonas aeruginosa	Pseudomonas	5	0	5	0.0	5	1	0
GCF_008033765.1	SAMN08915456	PRJNA449629	Pseudomonas aeruginosa	Pseudomonas	5	0	5	0.0	5	1	0
GCF_008065415.1	SAMN12264830	PRJNA554399	Klebsiella pneumoniae	Klebsiella	17	13	4	76.471	16	5	4
GCF_008121515.1	SAMN12588286	PRJNA529592	Klebsiella pneumoniae	Klebsiella	22	14	8	63.636	19	4	3
GCF_008122285.1	SAMN11998170	PRJNA548051	Klebsiella pneumoniae	Klebsiella	4	0	4	0.0	4	1	0
GCF_008123985.1	SAMN12603275	PRJNA560883	Enterobacter hormaechei	Enterobacter	4	0	4	0.0	4	1	0
GCF_008124025.1	SAMN12603274	PRJNA560883	Enterobacter hormaechei	Enterobacter	4	0	4	0.0	4	1	0
GCF_008195485.1	SAMN12634799	PRJNA305687	Pseudomonas aeruginosa	Pseudomonas	20	0	20	0.0	12	1	0
GCF_008245185.1	SAMN12368444	PRJNA556762	Pseudomonas aeruginosa	Pseudomonas	4	0	4	0.0	4	1	0
GCF_008271405.2	SAMN12646121	PRJNA562627	Enterobacter sp.	Enterobacter	3	0	3	0.0	3	1	0
GCF_008364425.2	SAMN12560209	PRJNA559804	Klebsiella grimontii	Klebsiella	3	0	3	0.0	3	1	0
GCF_008364575.2	SAMN12560199	PRJNA559804	Enterobacter asburiae	Enterobacter	4	0	4	0.0	4	1	0
GCF_008364625.2	SAMN12560198	PRJNA559804	Enterobacter dykesii	Enterobacter	4	0	4	0.0	4	1	0
GCF_008365235.1	SAMN12648938	PRJNA562727	Enterobacter kobei	Enterobacter	8	5	3	62.5	7	2	1
GCF_008369685.1	SAMN10986063	PRJNA563201	Klebsiella pneumoniae	Klebsiella	4	0	4	0.0	4	1	0
GCF_008370065.2	SAMN12560201	PRJNA559804	Enterobacter hormaechei	Enterobacter	4	0	4	0.0	4	1	0
GCF_008632415.1	SAMN12741260	PRJNA565355	Klebsiella pneumoniae	Klebsiella	47	43	4	91.489	36	4	3
GCF_008632435.1	SAMN12744724	PRJNA499048	Klebsiella quasipneumoniae	Klebsiella	24	20	4	83.333	22	2	1
GCF_008693405.1	SAMN11056345	PRJNA231221	Klebsiella pneumoniae	Klebsiella	17	13	4	76.471	16	4	3
GCF_008693425.1	SAMN11056346	PRJNA231221	Klebsiella pneumoniae	Klebsiella	7	3	4	42.857	7	3	2
GCF_008693445.1	SAMN11056344	PRJNA231221	Klebsiella pneumoniae	Klebsiella	18	13	5	72.222	18	4	3
GCF_008693465.1	SAMN11056342	PRJNA231221	Klebsiella variicola	Klebsiella	9	5	4	55.556	7	2	1
GCF_008693565.1	SAMN11056362	PRJNA231221	Klebsiella michiganensis	Klebsiella	7	3	4	42.857	7	2	1
GCF_008693885.1	SAMN11056356	PRJNA231221	Klebsiella aerogenes	Klebsiella	4	0	4	0.0	4	1	0
GCF_008693905.1	SAMN11056357	PRJNA231221	Enterobacter hormaechei	Enterobacter	4	0	4	0.0	4	1	0
GCF_008693965.1	SAMN11056352	PRJNA231221	Pseudomonas luteola	Pseudomonas	2	1	1	50.0	2	2	1
GCF_008694045.1	SAMN12780943	PRJNA566120	Klebsiella planticola	Klebsiella	12	9	3	75.0	11	2	1
GCF_008705235.1	SAMN12561707	PRJNA559863	Pseudomonas aeruginosa	Pseudomonas	5	0	5	0.0	5	1	0
GCF_008727695.1	SAMN12807522	PRJNA562727	Klebsiella aerogenes	Klebsiella	20	16	4	80.0	18	2	1
GCF_008728415.1	SAMN12813532	PRJNA573505	Klebsiella pneumoniae	Klebsiella	7	5	2	71.429	7	2	1
GCF_008728695.1	SAMN12228410	PRJNA553055	Klebsiella pneumoniae	Klebsiella	15	11	4	73.333	14	3	2
GCF_008807175.1	SAMN08388679	PRJNA407397	Klebsiella quasipneumoniae	Klebsiella	15	11	4	73.333	14	2	1
GCF_008931325.1	SAMN12289368	PRJNA550014	Enterobacter hormaechei	Enterobacter	19	15	4	78.947	17	3	2
GCF_008931345.1	SAMN12289282	PRJNA550014	Klebsiella pneumoniae	Klebsiella	22	18	4	81.818	16	4	3
GCF_008931405.1	SAMN12289339	PRJNA550014	Enterobacter hormaechei	Enterobacter	25	21	4	84.0	21	2	1
GCF_008931525.1	SAMN12289291	PRJNA550014	Enterobacter hormaechei	Enterobacter	16	10	6	62.5	14	2	1
GCF_008931545.1	SAMN12289356	PRJNA550014	Enterobacter kobei	Enterobacter	22	18	4	81.818	18	4	3
GCF_008931565.1	SAMN12289275	PRJNA550014	Klebsiella pneumoniae	Klebsiella	14	10	4	71.429	13	2	1
GCF_008931585.1	SAMN12289289	PRJNA550014	Enterobacter hormaechei	Enterobacter	20	16	4	80.0	18	3	2
GCF_008931605.1	SAMN12289379	PRJNA550014	Klebsiella michiganensis	Klebsiella	13	9	4	69.231	12	2	1
GCF_008931645.1	SAMN12289303	PRJNA550014	Enterobacter hormaechei	Enterobacter	33	29	4	87.879	26	3	2
GCF_008931665.1	SAMN12289361	PRJNA550014	Klebsiella aerogenes	Klebsiella	14	10	4	71.429	13	2	1
GCF_009002435.1	SAMD00171892	PRJDB8308	Klebsiella quasipneumoniae	Klebsiella	16	12	4	75.0	14	2	1
GCF_009025895.1	SAMN12984737	PRJNA549322	Klebsiella pneumoniae	Klebsiella	14	10	4	71.429	13	3	2
GCF_009036245.1	SAMN08222714	PRJNA388547	Enterobacter sichuanensis	Enterobacter	4	0	4	0.0	4	1	0
GCF_009176645.1	SAMD00143594	PRJDB7530	Enterobacter oligotrophicus	Enterobacter	2	0	2	0.0	2	1	0
GCF_009184765.2	SAMN12995719	PRJNA415108	Enterobacter roggenkampii	Enterobacter	3	1	2	33.333	3	2	1
GCF_009387775.1	SAMN10740431	PRJNA515022	Klebsiella pneumoniae	Klebsiella	17	13	4	76.471	16	3	2
GCF_009387795.1	SAMN10740483	PRJNA515024	Klebsiella quasipneumoniae	Klebsiella	12	8	4	66.667	12	3	2
GCF_009387815.1	SAMN10740630	PRJNA515025	Klebsiella pneumoniae	Klebsiella	17	13	4	76.471	17	3	2
GCF_009387915.1	SAMN10724437	PRJNA514429	Klebsiella pneumoniae	Klebsiella	12	8	4	66.667	12	3	2
GCF_009387945.1	SAMN10721859	PRJNA514280	Klebsiella pneumoniae	Klebsiella	6	2	4	33.333	6	2	1
GCF_009497055.1	SAMN13022768	PRJNA551102	Enterobacter hormaechei	Enterobacter	15	0	15	0.0	15	1	0
GCF_009497675.1	SAMN07709120	PRJNA412294	Pseudomonas aeruginosa	Pseudomonas	15	0	15	0.0	14	1	0
GCF_009497695.1	SAMN08366847	PRJNA407397	Klebsiella pneumoniae	Klebsiella	4	0	4	0.0	4	1	0
GCF_009497715.1	SAMN08366846	PRJNA407397	Klebsiella variicola	Klebsiella	29	25	4	86.207	23	3	2
GCF_009497735.1	SAMN08366845	PRJNA407397	Klebsiella pneumoniae	Klebsiella	42	38	4	90.476	30	4	3
GCF_009497755.1	SAMN08366843	PRJNA407397	Klebsiella pneumoniae	Klebsiella	5	1	4	20.0	5	2	1
GCF_009498255.1	SAMN13133898	PRJNA540114	Klebsiella quasipneumoniae	Klebsiella	4	0	4	0.0	4	1	0
GCF_009556655.1	SAMN13135504	PRJNA579868	Klebsiella pneumoniae	Klebsiella	4	0	4	0.0	4	1	0
GCF_009601745.1	SAMN13161584	PRJNA449090	Klebsiella pneumoniae	Klebsiella	5	0	5	0.0	5	1	0
GCF_009648875.1	SAMN10574818	PRJNA541977	Pseudomonas aeruginosa	Pseudomonas	5	0	5	0.0	5	1	0
GCF_009648915.1	SAMN10574725	PRJNA541977	Enterobacter cancerogenus	Enterobacter	2	0	2	0.0	2	1	0
GCF_009648975.1	SAMN10574723	PRJNA541977	Klebsiella variicola	Klebsiella	4	0	4	0.0	4	1	0
GCF_009648995.1	SAMN10574726	PRJNA541977	Klebsiella pneumoniae	Klebsiella	4	0	4	0.0	4	1	0
GCF_009660375.2	SAMN13153745	PRJNA580263	Klebsiella pneumoniae	Klebsiella	16	12	4	75.0	15	2	1
GCF_009661415.2	SAMN13153760	PRJNA580263	Klebsiella pneumoniae	Klebsiella	4	0	4	0.0	4	1	0
GCF_009661455.2	SAMN13153753	PRJNA580263	Klebsiella pneumoniae	Klebsiella	10	0	10	0.0	10	1	0
GCF_009661485.2	SAMN13153735	PRJNA580263	Klebsiella pneumoniae	Klebsiella	19	15	4	78.947	17	4	3
GCF_009661535.2	SAMN13153741	PRJNA580263	Klebsiella pneumoniae	Klebsiella	15	11	4	73.333	15	2	1
GCF_009661615.2	SAMN13153746	PRJNA580263	Klebsiella pneumoniae	Klebsiella	24	19	5	79.167	21	3	2
GCF_009661725.2	SAMN13153738	PRJNA580263	Klebsiella pneumoniae	Klebsiella	4	0	4	0.0	4	1	0
GCF_009662315.1	SAMN13182580	PRJNA587210	Pseudomonas aeruginosa	Pseudomonas	13	0	13	0.0	9	1	0
GCF_009664165.1	SAMN12307670	PRJNA555326	Pseudomonas aeruginosa	Pseudomonas	12	0	12	0.0	12	1	0
GCF_009676765.1	SAMN13267614	PRJNA589136	Pseudomonas aeruginosa	Pseudomonas	5	0	5	0.0	5	1	0
GCF_009676785.1	SAMN13267615	PRJNA589137	Pseudomonas aeruginosa	Pseudomonas	5	0	5	0.0	5	1	0
GCF_009676885.1	SAMN11126830	PRJNA527076	Pseudomonas aeruginosa	Pseudomonas	5	0	5	0.0	5	1	0
GCF_009684575.1	SAMN10537194	PRJNA509091	Klebsiella pneumoniae	Klebsiella	10	6	4	60.0	9	2	1
GCF_009707385.1	SAMN13290334	PRJNA589720	Klebsiella oxytoca	Klebsiella	3	0	3	0.0	3	1	0
GCF_009707405.1	SAMN13288306	PRJNA589672	Enterobacter cloacae	Enterobacter	12	8	4	66.667	11	3	2
GCF_009720405.1	SAMN07424174	PRJNA540594	Pseudomonas aeruginosa	Pseudomonas	21	16	5	76.19	19	2	1
GCF_009720425.1	SAMN07424172	PRJNA540594	Pseudomonas aeruginosa	Pseudomonas	23	18	5	78.261	12	2	1
GCF_009720445.1	SAMN12307651	PRJNA555326	Klebsiella pneumoniae	Klebsiella	12	8	4	66.667	11	4	3
GCF_009728975.1	SAMN13335391	PRJNA589496	Enterobacter hormaechei	Enterobacter	15	11	4	73.333	15	4	3
GCF_009731405.1	SAMD00186795	PRJDB8799	Klebsiella pneumoniae	Klebsiella	11	0	11	0.0	10	1	0
GCF_009732795.1	SAMN12877719	PRJNA575098	Klebsiella aerogenes	Klebsiella	12	0	12	0.0	5	1	0
GCF_009732815.1	SAMN12877718	PRJNA575098	Klebsiella aerogenes	Klebsiella	11	0	11	0.0	5	1	0
GCF_009732835.1	SAMN12877717	PRJNA575098	Klebsiella aerogenes	Klebsiella	4	0	4	0.0	4	1	0
GCF_009734105.1	SAMN13381623	PRJNA591422	Klebsiella pneumoniae	Klebsiella	25	21	4	84.0	24	4	3
GCF_009738085.1	SAMN10219678	PRJNA495112	Enterobacter hormaechei	Enterobacter	25	18	7	72.0	22	2	1
GCF_009738595.2	SAMN13336383	PRJNA590644	Klebsiella pneumoniae	Klebsiella	17	13	4	76.471	15	5	4
GCF_009755705.1	SAMN13513903	PRJNA549322	Klebsiella pneumoniae	Klebsiella	12	8	4	66.667	9	3	2
GCF_009791475.1	SAMN13564660	PRJNA591422	Klebsiella pneumoniae	Klebsiella	26	22	4	84.615	24	4	3
GCF_009791495.1	SAMN13578407	PRJNA591422	Klebsiella pneumoniae	Klebsiella	25	21	4	84.0	24	4	3
GCF_009833945.1	SAMN13663554	PRJNA540114	Klebsiella pneumoniae	Klebsiella	13	6	7	46.154	12	2	1
GCF_009834285.1	SAMN09988182	PRJNA489756	Klebsiella pneumoniae	Klebsiella	12	10	2	83.333	12	3	2
GCF_009834325.1	SAMN10654518	PRJNA339843	Enterobacter hormaechei	Enterobacter	21	17	4	80.952	18	3	2
GCF_009856585.1	SAMN13671318	PRJNA597257	Klebsiella pneumoniae	Klebsiella	15	12	3	80.0	14	3	2
GCF_009867055.1	SAMN08730588	PRJNA438848	Pseudomonas aeruginosa	Pseudomonas	5	0	5	0.0	5	1	0
GCF_009867115.1	SAMN11105635	PRJNA526630	Klebsiella pneumoniae	Klebsiella	24	18	6	75.0	20	3	2
GCF_009884395.1	SAMN12877722	PRJNA575128	Klebsiella pneumoniae	Klebsiella	6	2	4	33.333	6	2	1
GCF_009884415.1	SAMN12877715	PRJNA575105	Klebsiella pneumoniae	Klebsiella	17	12	5	70.588	16	4	3
GCF_009905155.1	SAMN13757525	PRJNA599539	Enterobacter hormaechei	Enterobacter	2	0	2	0.0	2	1	0
GCF_009905195.1	SAMN13611833	PRJNA596064	Pseudomonas aeruginosa	Pseudomonas	5	0	5	0.0	5	1	0
GCF_009905335.1	SAMN13818259	PRJNA600386	Klebsiella sp.	Klebsiella	3	0	3	0.0	3	1	0
GCF_009906875.1	SAMN13743062	PRJNA599295	Klebsiella pneumoniae	Klebsiella	2	0	2	0.0	2	1	0
GCF_009906895.1	SAMN13742796	PRJNA599291	Klebsiella pneumoniae	Klebsiella	2	0	2	0.0	2	1	0
GCF_009909305.1	SAMN13503956	PRJNA594107	Klebsiella pneumoniae	Klebsiella	4	0	4	0.0	4	1	0
GCF_009909325.1	SAMN13503954	PRJNA594105	Klebsiella pneumoniae	Klebsiella	4	0	4	0.0	4	1	0
GCF_009909445.1	SAMN13829509	PRJNA600670	Klebsiella aerogenes	Klebsiella	24	9	15	37.5	18	2	1
GCF_009911735.1	SAMN13831656	PRJNA600807	Pseudomonas aeruginosa	Pseudomonas	5	0	5	0.0	5	1	0
GCF_009914235.1	SAMN11602135	PRJNA541650	Klebsiella pneumoniae	Klebsiella	10	6	4	60.0	9	3	2
GCF_009914255.1	SAMN11634268	PRJNA542597	Klebsiella pneumoniae	Klebsiella	11	0	11	0.0	11	1	0
GCF_009930835.1	SAMN07692716	PRJNA411992	Enterobacter hormaechei	Enterobacter	9	5	4	55.556	9	2	1
GCF_009930855.1	SAMN07411959	PRJNA395651	Klebsiella michiganensis	Klebsiella	14	11	3	78.571	14	2	1
GCF_009930935.1	SAMN08554725	PRJNA434358	Enterobacter hormaechei	Enterobacter	9	0	9	0.0	9	1	0
GCF_009930975.1	SAMN09499703	PRJNA477755	Klebsiella pneumoniae	Klebsiella	14	6	8	42.857	13	2	1
GCF_009930995.1	SAMN09499702	PRJNA477755	Klebsiella pneumoniae	Klebsiella	19	15	4	78.947	17	3	2
GCF_009931015.1	SAMN09499701	PRJNA477755	Klebsiella pneumoniae	Klebsiella	12	6	6	50.0	11	2	1
GCF_009931035.1	SAMN09499700	PRJNA477755	Klebsiella pneumoniae	Klebsiella	32	28	4	87.5	24	7	6
GCF_009931055.1	SAMN09499694	PRJNA477755	Klebsiella pneumoniae	Klebsiella	4	0	4	0.0	4	1	0
GCF_009931075.1	SAMN09499696	PRJNA477755	Klebsiella pneumoniae	Klebsiella	4	0	4	0.0	4	1	0
GCF_009931095.1	SAMN09499693	PRJNA477755	Klebsiella pneumoniae	Klebsiella	9	5	4	55.556	8	2	1
GCF_009931175.1	SAMN09499691	PRJNA477755	Klebsiella pneumoniae	Klebsiella	5	1	4	20.0	5	2	1
GCF_010093005.1	SAMN13911826	PRJNA602959	Klebsiella michiganensis	Klebsiella	4	0	4	0.0	4	1	0
GCF_010183645.1	SAMN11479264	PRJNA534178	Klebsiella pneumoniae	Klebsiella	19	13	6	68.421	16	4	3
GCF_010183685.1	SAMN11479262	PRJNA534178	Klebsiella pneumoniae	Klebsiella	25	11	14	44.0	21	3	2
GCF_010319625.1	SAMD00167169	PRJDB8177	Enterobacter hormaechei	Enterobacter	12	8	4	66.667	11	3	2
GCF_010365445.1	SAMN13951919	PRJNA604100	Klebsiella ornithinolytica	Klebsiella	16	13	3	81.25	15	3	2
GCF_010367305.1	SAMD00163748	PRJDB8047	Klebsiella pneumoniae	Klebsiella	19	15	4	78.947	17	3	2
GCF_010450855.1	SAMN13978114	PRJNA604666	Klebsiella pneumoniae	Klebsiella	4	0	4	0.0	4	1	0
GCF_010509815.1	SAMN12881488	PRJNA551102	Klebsiella aerogenes	Klebsiella	4	0	4	0.0	4	1	0
GCF_010586985.1	SAMN11618737	PRJNA542320	Klebsiella pneumoniae	Klebsiella	11	6	5	54.545	11	2	1
GCF_010692925.1	SAMN14002398	PRJNA604930	Enterobacter sp.	Enterobacter	4	0	4	0.0	4	1	0
GCF_011006575.1	SAMN13831363	PRJNA600779	Klebsiella pneumoniae	Klebsiella	16	12	4	75.0	15	4	3
GCF_011022255.1	SAMN14132403	PRJNA607401	Klebsiella pneumoniae	Klebsiella	4	0	4	0.0	4	1	0
GCF_011044215.1	SAMN14132375	PRJNA607390	Enterobacter hormaechei	Enterobacter	27	23	4	85.185	24	3	2
GCF_011045335.1	SAMN14142412	PRJNA607627	Enterobacter hormaechei	Enterobacter	33	29	4	87.879	25	2	1
GCF_011045355.1	SAMN14151378	PRJNA607915	Enterobacter hormaechei	Enterobacter	18	14	4	77.778	17	2	1
GCF_011045375.1	SAMN14129756	PRJNA607102	Pseudomonas aeruginosa	Pseudomonas	5	0	5	0.0	5	1	0
GCF_011045595.1	SAMN12559024	PRJNA559783	Klebsiella pneumoniae	Klebsiella	71	0	71	0.0	32	1	0
GCF_011045675.1	SAMN12634701	PRJNA562122	Pseudomonas monteilii	Pseudomonas	12	0	12	0.0	11	1	0
GCF_011045695.1	SAMN12634775	PRJNA562127	Pseudomonas monteilii	Pseudomonas	12	0	12	0.0	11	1	0
GCF_011045775.1	SAMN13737869	PRJNA599031	Klebsiella pneumoniae	Klebsiella	45	33	12	73.333	33	4	3
GCF_011065365.1	SAMN10390469	PRJNA503964	Klebsiella pneumoniae	Klebsiella	9	5	4	55.556	9	2	1
GCF_011066505.1	SAMN10353651	PRJNA503173	Klebsiella pneumoniae	Klebsiella	14	7	7	50.0	13	2	1
GCF_011067245.1	SAMN14249374	PRJNA554399	Klebsiella aerogenes	Klebsiella	8	4	4	50.0	8	3	2
GCF_011068365.1	SAMN14247787	PRJNA609348	Klebsiella pneumoniae	Klebsiella	4	0	4	0.0	4	1	0
GCF_011106605.1	SAMN11246289	PRJNA528846	Klebsiella pneumoniae	Klebsiella	21	17	4	80.952	20	4	3
GCF_011106775.1	SAMN11246288	PRJNA528846	Klebsiella pneumoniae	Klebsiella	21	17	4	80.952	20	4	3
GCF_011106795.1	SAMN11246290	PRJNA528846	Klebsiella pneumoniae	Klebsiella	10	5	5	50.0	10	2	1
GCF_011106815.1	SAMN12911489	PRJNA575816	Pseudomonas aeruginosa	Pseudomonas	19	14	5	73.684	16	2	1
GCF_011129215.1	SAMN11246291	PRJNA528846	Klebsiella pneumoniae	Klebsiella	15	10	5	66.667	15	4	3
GCF_011149255.1	SAMN14258453	PRJNA609711	Klebsiella ornithinolytica	Klebsiella	3	0	3	0.0	3	1	0
GCF_011290675.2	SAMN14258342	PRJNA609701	Klebsiella planticola	Klebsiella	3	0	3	0.0	3	1	0
GCF_011396735.1	SAMD00197875	PRJDB9129	Enterobacter asburiae	Enterobacter	7	0	7	0.0	7	1	0
GCF_011466835.1	SAMN13226654	PRJNA588088	Pseudomonas aeruginosa	Pseudomonas	11	6	5	54.545	11	2	1
GCF_011604705.1	SAMN14372987	PRJNA604100	Enterobacter kobei	Enterobacter	10	6	4	60.0	9	3	2
GCF_011604725.1	SAMN14372988	PRJNA604100	Klebsiella aerogenes	Klebsiella	16	13	3	81.25	15	2	1
GCF_011742055.2	SAMN14402353	PRJNA613369	Klebsiella pneumoniae	Klebsiella	27	17	10	62.963	22	3	2
GCF_011742285.2	SAMN14402321	PRJNA613369	Klebsiella pneumoniae	Klebsiella	26	22	4	84.615	23	5	4
GCF_011742415.2	SAMN14402341	PRJNA613369	Klebsiella pneumoniae	Klebsiella	25	17	8	68.0	19	5	4
GCF_011742505.2	SAMN14402336	PRJNA613369	Klebsiella pneumoniae	Klebsiella	23	12	11	52.174	22	4	3
GCF_011742515.2	SAMN14402333	PRJNA613369	Klebsiella pneumoniae	Klebsiella	14	10	4	71.429	14	3	2
GCF_011742585.2	SAMN14402356	PRJNA613369	Klebsiella pneumoniae	Klebsiella	29	20	9	68.966	25	4	3
GCF_011752495.1	SAMN11445562	PRJNA533219	Klebsiella pneumoniae	Klebsiella	18	13	5	72.222	16	2	1
GCF_011764365.2	SAMD00141414	PRJDB6655	Klebsiella pneumoniae	Klebsiella	36	32	4	88.889	28	4	3
GCF_011769725.1	SAMN14421539	PRJNA613904	Klebsiella pneumoniae	Klebsiella	34	28	6	82.353	23	5	4
GCF_011769805.1	SAMN14421540	PRJNA613905	Klebsiella pneumoniae	Klebsiella	23	19	4	82.609	18	4	3
GCF_011769825.1	SAMN14421541	PRJNA613905	Klebsiella pneumoniae	Klebsiella	30	26	4	86.667	24	4	3
GCF_011784425.1	SAMN13716639	PRJNA598814	Klebsiella variicola	Klebsiella	4	0	4	0.0	4	1	0
GCF_012029655.1	SAMN14446261	PRJNA615066	Klebsiella terrigena	Klebsiella	3	0	3	0.0	3	1	0
GCF_012029695.2	SAMN14453495	PRJNA395086	Klebsiella pneumoniae	Klebsiella	10	6	4	60.0	10	4	3
GCF_012029895.2	SAMN14453497	PRJNA395086	Klebsiella pneumoniae	Klebsiella	8	4	4	50.0	7	3	2
GCF_012029935.2	SAMN14453492	PRJNA395086	Klebsiella pneumoniae	Klebsiella	5	3	2	60.0	5	3	2
GCF_012029945.2	SAMN14453494	PRJNA395086	Klebsiella pneumoniae	Klebsiella	14	10	4	71.429	14	3	2
GCF_012029975.2	SAMN14453493	PRJNA395086	Klebsiella pneumoniae	Klebsiella	15	11	4	73.333	13	3	2
GCF_012030545.2	SAMN14453496	PRJNA395086	Klebsiella pneumoniae	Klebsiella	16	12	4	75.0	15	4	3
GCF_012113615.1	SAMN14486595	PRJNA616311	Klebsiella pneumoniae	Klebsiella	4	0	4	0.0	4	1	0
GCF_012113635.1	SAMN14486704	PRJNA616320	Klebsiella pneumoniae	Klebsiella	6	2	4	33.333	6	2	1
GCF_012113655.1	SAMN14487965	PRJNA616352	Klebsiella pneumoniae	Klebsiella	4	0	4	0.0	4	1	0
GCF_012167075.1	SAMN14487860	PRJNA616344	Klebsiella pneumoniae	Klebsiella	4	0	4	0.0	4	1	0
GCF_012167215.1	SAMN14487873	PRJNA616349	Klebsiella pneumoniae	Klebsiella	4	0	4	0.0	4	1	0
GCF_012167385.1	SAMN14487893	PRJNA616351	Klebsiella pneumoniae	Klebsiella	4	0	4	0.0	4	1	0
GCF_012169405.1	SAMN12568551	PRJNA560092	Klebsiella pneumoniae	Klebsiella	6	2	4	33.333	6	2	1
GCF_012276675.1	SAMN13451386	PRJNA593818	Pseudomonas aeruginosa	Pseudomonas	5	0	5	0.0	5	1	0
GCF_012562255.1	SAMN14492121	PRJNA616711	Enterobacter hormaechei	Enterobacter	15	11	4	73.333	13	2	1
GCF_012767755.2	SAMD00220017	PRJDB9669	Pseudomonas tohonis	Pseudomonas	3	0	3	0.0	3	1	0
GCF_012844345.1	SAMN14604097	PRJNA625636	Pseudomonas sp.	Pseudomonas	12	0	12	0.0	12	1	0
GCF_012935295.1	SAMN14554964	PRJNA623623	Pseudomonas aeruginosa	Pseudomonas	5	0	5	0.0	5	1	0
GCF_012944055.1	SAMN14540328	PRJNA623171	Klebsiella pneumoniae	Klebsiella	4	0	4	0.0	4	1	0
GCF_012971705.1	SAMN14667371	PRJNA627302	Pseudomonas aeruginosa	Pseudomonas	5	0	5	0.0	5	1	0
GCF_012975085.1	SAMN10107915	PRJNA492847	Enterobacter hormaechei	Enterobacter	13	9	4	69.231	12	2	1
GCF_013046845.1	SAMN14534668	PRJNA630061	Enterobacter hormaechei	Enterobacter	11	7	4	63.636	11	2	1
GCF_013168295.1	SAMD00222555	PRJDB9720	Klebsiella pneumoniae	Klebsiella	24	20	4	83.333	23	3	2
GCF_013201095.1	SAMN14970707	PRJNA633788	Pseudomonas aeruginosa	Pseudomonas	5	0	5	0.0	5	1	0
GCF_013201115.1	SAMN14970706	PRJNA633788	Pseudomonas aeruginosa	Pseudomonas	6	0	6	0.0	6	1	0
GCF_013255565.1	SAMN14986373	PRJNA634205	Pseudomonas aeruginosa	Pseudomonas	19	0	19	0.0	14	1	0
GCF_013260445.1	SAMN15013515	PRJNA634931	Pseudomonas aeruginosa	Pseudomonas	5	0	5	0.0	5	1	0
GCF_013282295.1	SAMN12565093	PRJNA559807	Klebsiella pneumoniae	Klebsiella	6	2	4	33.333	6	2	1
GCF_013283935.1	SAMN15042437	PRJNA635516	Klebsiella pneumoniae	Klebsiella	4	0	4	0.0	4	1	0
GCF_013305245.1	SAMN14853914	PRJNA631154	Klebsiella variicola	Klebsiella	4	0	4	0.0	4	1	0
GCF_013305305.1	SAMN14972504	PRJNA633552	Klebsiella pneumoniae	Klebsiella	15	9	6	60.0	13	4	3
GCF_013305325.1	SAMN14859483	PRJNA631348	Klebsiella pneumoniae	Klebsiella	18	13	5	72.222	18	2	1
GCF_013305625.2	SAMN13107355	PRJNA579254	Pseudomonas putida	Pseudomonas	34	24	10	70.588	20	2	1
GCF_013305645.2	SAMN13107356	PRJNA579258	Pseudomonas aeruginosa	Pseudomonas	23	0	23	0.0	19	1	0
GCF_013305665.1	SAMN13107352	PRJNA579252	Pseudomonas sp.	Pseudomonas	7	0	7	0.0	7	1	0
GCF_013305685.1	SAMN13107336	PRJNA579250	Pseudomonas sp.	Pseudomonas	7	0	7	0.0	7	1	0
GCF_013305765.1	SAMN13612476	PRJNA596099	Pseudomonas aeruginosa	Pseudomonas	5	0	5	0.0	5	1	0
GCF_013305815.1	SAMN13612474	PRJNA596099	Pseudomonas aeruginosa	Pseudomonas	5	0	5	0.0	5	1	0
GCF_013305845.1	SAMN13612472	PRJNA596099	Pseudomonas aeruginosa	Pseudomonas	5	0	5	0.0	5	1	0
GCF_013341295.1	SAMN10697223	PRJNA513141	Pseudomonas aeruginosa	Pseudomonas	5	0	5	0.0	5	1	0
GCF_013343155.1	SAMN11056476	PRJNA231221	Pseudomonas sp.	Pseudomonas	5	0	5	0.0	5	1	0
GCF_013343315.1	SAMN14271780	PRJNA610040	Pseudomonas aeruginosa	Pseudomonas	5	0	5	0.0	5	1	0
GCF_013343335.1	SAMN14271777	PRJNA610040	Pseudomonas aeruginosa	Pseudomonas	5	0	5	0.0	5	1	0
GCF_013343355.1	SAMN14271775	PRJNA610040	Pseudomonas aeruginosa	Pseudomonas	5	0	5	0.0	5	1	0
GCF_013343375.1	SAMN14271773	PRJNA610040	Pseudomonas aeruginosa	Pseudomonas	5	0	5	0.0	5	1	0
GCF_013343395.1	SAMN14271772	PRJNA610040	Pseudomonas aeruginosa	Pseudomonas	5	0	5	0.0	5	1	0
GCF_013343435.1	SAMN14271769	PRJNA610040	Pseudomonas aeruginosa	Pseudomonas	5	0	5	0.0	5	1	0
GCF_013343455.1	SAMN14271767	PRJNA610040	Pseudomonas aeruginosa	Pseudomonas	5	0	5	0.0	5	1	0
GCF_013343475.1	SAMN14271766	PRJNA610040	Pseudomonas aeruginosa	Pseudomonas	5	0	5	0.0	5	1	0
GCF_013343495.1	SAMN14271764	PRJNA610040	Pseudomonas aeruginosa	Pseudomonas	5	0	5	0.0	5	1	0
GCF_013343515.1	SAMN14271763	PRJNA610040	Pseudomonas aeruginosa	Pseudomonas	5	0	5	0.0	5	1	0
GCF_013343535.1	SAMN14271762	PRJNA610040	Pseudomonas aeruginosa	Pseudomonas	5	0	5	0.0	5	1	0
GCF_013343555.1	SAMN14271760	PRJNA610040	Pseudomonas aeruginosa	Pseudomonas	5	0	5	0.0	5	1	0
GCF_013343575.1	SAMN14271758	PRJNA610040	Pseudomonas aeruginosa	Pseudomonas	5	0	5	0.0	5	1	0
GCF_013347245.1	SAMN15084586	PRJNA636792	Pseudomonas aeruginosa	Pseudomonas	22	0	22	0.0	14	1	0
GCF_013348885.1	SAMN15186440	PRJNA638288	Klebsiella pneumoniae	Klebsiella	13	11	2	84.615	12	3	2
GCF_013348905.1	SAMN15186447	PRJNA638288	Klebsiella pneumoniae	Klebsiella	13	11	2	84.615	12	3	2
GCF_013348925.1	SAMN15186441	PRJNA638288	Klebsiella pneumoniae	Klebsiella	11	9	2	81.818	10	3	2
GCF_013348945.1	SAMN15186445	PRJNA638288	Klebsiella pneumoniae	Klebsiella	11	9	2	81.818	10	3	2
GCF_013348965.1	SAMN15186446	PRJNA638288	Klebsiella pneumoniae	Klebsiella	13	11	2	84.615	12	3	2
GCF_013348985.1	SAMN15186444	PRJNA638288	Klebsiella pneumoniae	Klebsiella	11	9	2	81.818	10	3	2
GCF_013349005.1	SAMN15186443	PRJNA638288	Klebsiella pneumoniae	Klebsiella	13	11	2	84.615	12	3	2
GCF_013349025.1	SAMN15186442	PRJNA638288	Klebsiella pneumoniae	Klebsiella	13	11	2	84.615	12	3	2
GCF_013349045.1	SAMN15186439	PRJNA638288	Klebsiella pneumoniae	Klebsiella	13	11	2	84.615	12	3	2
GCF_013349065.1	SAMN15186438	PRJNA638288	Klebsiella pneumoniae	Klebsiella	13	11	2	84.615	12	3	2
GCF_013349085.1	SAMN15186437	PRJNA638288	Klebsiella pneumoniae	Klebsiella	13	11	2	84.615	12	3	2
GCF_013366555.2	SAMN15061192	PRJNA635942	Klebsiella quasipneumoniae	Klebsiella	4	0	4	0.0	4	1	0
GCF_013366565.2	SAMN15061189	PRJNA635942	Klebsiella quasipneumoniae	Klebsiella	4	0	4	0.0	4	1	0
GCF_013366575.2	SAMN15061191	PRJNA635942	Klebsiella quasipneumoniae	Klebsiella	4	0	4	0.0	4	1	0
GCF_013366585.2	SAMN15061190	PRJNA635942	Klebsiella quasipneumoniae	Klebsiella	4	0	4	0.0	4	1	0
GCF_013366635.2	SAMN15061188	PRJNA635942	Klebsiella quasipneumoniae	Klebsiella	4	0	4	0.0	4	1	0
GCF_013375955.1	SAMN15299118	PRJNA640151	Enterobacter sp.	Enterobacter	4	0	4	0.0	4	1	0
GCF_013375975.1	SAMN15300311	PRJNA640151	Enterobacter ludwigii	Enterobacter	4	0	4	0.0	4	1	0
GCF_013376535.2	SAMN14548318	PRJNA622869	Klebsiella pneumoniae	Klebsiella	24	17	7	70.833	19	4	3
GCF_013376555.1	SAMN14548317	PRJNA622869	Klebsiella pneumoniae	Klebsiella	5	0	5	0.0	5	1	0
GCF_013376595.1	SAMN14548316	PRJNA622869	Klebsiella pneumoniae	Klebsiella	4	0	4	0.0	4	1	0
GCF_013376775.1	SAMN15336737	PRJNA640884	Pseudomonas aeruginosa	Pseudomonas	19	0	19	0.0	14	1	0
GCF_013376815.1	SAMN15299128	PRJNA640151	Enterobacter cloacae	Enterobacter	5	0	5	0.0	5	1	0
GCF_013376835.1	SAMN15300312	PRJNA640151	Enterobacter pasteurii	Enterobacter	4	0	4	0.0	4	1	0
GCF_013377595.2	SAMN15329711	PRJNA640688	Klebsiella quasipneumoniae	Klebsiella	4	0	4	0.0	4	1	0
GCF_013377655.2	SAMN15329712	PRJNA640688	Klebsiella quasipneumoniae	Klebsiella	4	0	4	0.0	4	1	0
GCF_013377665.2	SAMN15329710	PRJNA640688	Klebsiella quasipneumoniae	Klebsiella	4	0	4	0.0	4	1	0
GCF_013378155.1	SAMN11514670	PRJNA539891	Klebsiella pneumoniae	Klebsiella	20	11	9	55.0	17	3	2
GCF_013378175.1	SAMN11514671	PRJNA539891	Klebsiella pneumoniae	Klebsiella	20	11	9	55.0	17	3	2
GCF_013378195.1	SAMN11514672	PRJNA539891	Klebsiella pneumoniae	Klebsiella	20	11	9	55.0	17	3	2
GCF_013378215.1	SAMN11514673	PRJNA539891	Klebsiella pneumoniae	Klebsiella	20	11	9	55.0	17	3	2
GCF_013378235.1	SAMN11514674	PRJNA539891	Klebsiella pneumoniae	Klebsiella	20	11	9	55.0	17	3	2
GCF_013378255.1	SAMN11514675	PRJNA539891	Klebsiella pneumoniae	Klebsiella	17	13	4	76.471	16	3	2
GCF_013378275.1	SAMN11514676	PRJNA539891	Klebsiella pneumoniae	Klebsiella	17	13	4	76.471	16	3	2
GCF_013378295.1	SAMN11514677	PRJNA539891	Klebsiella pneumoniae	Klebsiella	20	11	9	55.0	17	3	2
GCF_013378315.1	SAMN11514678	PRJNA539891	Klebsiella pneumoniae	Klebsiella	20	11	9	55.0	17	3	2
GCF_013389415.1	SAMN15329677	PRJNA640376	Enterobacter roggenkampii	Enterobacter	4	0	4	0.0	4	1	0
GCF_013393665.2	SAMN13419003	PRJNA592264	Pseudomonas aeruginosa	Pseudomonas	14	0	14	0.0	11	1	0
GCF_013393685.1	SAMN13419538	PRJNA592269	Pseudomonas aeruginosa	Pseudomonas	5	0	5	0.0	5	1	0
GCF_013393705.1	SAMN13419547	PRJNA592271	Pseudomonas aeruginosa	Pseudomonas	11	0	11	0.0	10	1	0
GCF_013394455.1	SAMN13419548	PRJNA592272	Pseudomonas aeruginosa	Pseudomonas	11	0	11	0.0	10	1	0
GCF_013394475.2	SAMN13419657	PRJNA592278	Pseudomonas aeruginosa	Pseudomonas	24	0	24	0.0	19	1	0
GCF_013395035.1	SAMN15347006	PRJNA641213	Pseudomonas aeruginosa	Pseudomonas	5	0	5	0.0	5	1	0
GCF_013403435.2	SAMN15344675	PRJNA635942	Klebsiella aerogenes	Klebsiella	4	0	4	0.0	4	1	0
GCF_013403545.1	SAMN15460797	PRJNA644454	Enterobacter roggenkampii	Enterobacter	4	0	4	0.0	4	1	0
GCF_013407605.1	SAMN12109801	PRJNA550175	Klebsiella pneumoniae	Klebsiella	4	0	4	0.0	4	1	0
GCF_013407715.1	SAMN12109800	PRJNA550175	Klebsiella pneumoniae	Klebsiella	4	0	4	0.0	4	1	0
GCF_013407825.1	SAMN12109799	PRJNA550175	Klebsiella pneumoniae	Klebsiella	4	0	4	0.0	4	1	0
GCF_013408255.1	SAMN12109795	PRJNA550175	Klebsiella pneumoniae	Klebsiella	4	0	4	0.0	4	1	0
GCF_013408385.1	SAMN12109794	PRJNA550175	Klebsiella pneumoniae	Klebsiella	4	0	4	0.0	4	1	0
GCF_013408625.1	SAMN12109792	PRJNA550175	Klebsiella pneumoniae	Klebsiella	4	0	4	0.0	4	1	0
GCF_013408755.1	SAMN12109789	PRJNA550175	Klebsiella pneumoniae	Klebsiella	4	0	4	0.0	4	1	0
GCF_013408885.1	SAMN12109790	PRJNA550175	Klebsiella quasipneumoniae	Klebsiella	4	0	4	0.0	4	1	0
GCF_013409055.1	SAMN12109786	PRJNA550175	Klebsiella pneumoniae	Klebsiella	3	0	3	0.0	3	1	0
GCF_013409125.2	SAMN14908250	PRJNA632188	Pseudomonas sediminis	Pseudomonas	1	0	1	0.0	1	1	0
GCF_013409165.1	SAMN12415685	PRJNA550175	Klebsiella pneumoniae	Klebsiella	4	0	4	0.0	4	1	0
GCF_013416035.1	SAMN14168398	PRJNA539891	Klebsiella pneumoniae	Klebsiella	21	15	6	71.429	17	3	2
GCF_013416055.1	SAMN14168397	PRJNA539891	Klebsiella pneumoniae	Klebsiella	15	9	6	60.0	13	2	1
GCF_013416085.1	SAMN14333445	PRJNA539891	Klebsiella pneumoniae	Klebsiella	19	10	9	52.632	16	3	2
GCF_013416105.1	SAMN14333446	PRJNA539891	Klebsiella pneumoniae	Klebsiella	17	8	9	47.059	15	3	2
GCF_013416125.1	SAMN14333447	PRJNA539891	Klebsiella pneumoniae	Klebsiella	17	11	6	64.706	14	3	2
GCF_013423825.1	SAMN15511588	PRJNA645642	Klebsiella pneumoniae	Klebsiella	29	25	4	86.207	27	3	2
GCF_013425975.1	SAMN15425329	PRJNA643785	Klebsiella ornithinolytica	Klebsiella	3	0	3	0.0	3	1	0
GCF_013457615.1	SAMN13520756	PRJNA594540	Klebsiella ornithinolytica	Klebsiella	3	0	3	0.0	3	1	0
GCF_013457875.1	SAMN13520757	PRJNA594541	Klebsiella ornithinolytica	Klebsiella	3	0	3	0.0	3	1	0
GCF_013462275.1	SAMN11603266	PRJNA541791	Klebsiella planticola	Klebsiella	21	18	3	85.714	17	3	2
GCF_013467605.1	SAMN15346999	PRJNA641213	Pseudomonas aeruginosa	Pseudomonas	5	0	5	0.0	5	1	0
GCF_013590775.1	SAMN15148463	PRJNA605147	Klebsiella grimontii	Klebsiella	3	0	3	0.0	3	1	0
GCF_013606065.1	SAMN15148723	PRJNA605147	Klebsiella grimontii	Klebsiella	3	0	3	0.0	3	1	0
GCF_013608545.1	SAMN15148651	PRJNA605147	Klebsiella grimontii	Klebsiella	3	0	3	0.0	3	1	0
GCF_013610655.1	SAMN15148604	PRJNA605147	Klebsiella michiganensis	Klebsiella	3	0	3	0.0	3	1	0
GCF_013611495.1	SAMN15148624	PRJNA605147	Klebsiella pneumoniae	Klebsiella	2	0	2	0.0	2	1	0
GCF_013615235.1	SAMN15148757	PRJNA605147	Enterobacter sp.	Enterobacter	2	0	2	0.0	2	1	0
GCF_013624225.1	SAMN15148529	PRJNA605147	Klebsiella grimontii	Klebsiella	3	0	3	0.0	3	1	0
GCF_013624375.1	SAMN15148522	PRJNA605147	Klebsiella michiganensis	Klebsiella	3	0	3	0.0	3	1	0
GCF_013624605.1	SAMN15148511	PRJNA605147	Enterobacter hormaechei	Enterobacter	4	0	4	0.0	4	1	0
GCF_013624775.1	SAMN15148509	PRJNA605147	Klebsiella quasipneumoniae	Klebsiella	16	11	5	68.75	13	4	3
GCF_013624995.1	SAMN15148505	PRJNA605147	Enterobacter hormaechei	Enterobacter	4	0	4	0.0	4	1	0
GCF_013625115.1	SAMN15148493	PRJNA605147	Enterobacter hormaechei	Enterobacter	4	0	4	0.0	4	1	0
GCF_013625265.1	SAMN15148488	PRJNA605147	Enterobacter hormaechei	Enterobacter	3	0	3	0.0	3	1	0
GCF_013625435.1	SAMN15148478	PRJNA605147	Enterobacter hormaechei	Enterobacter	3	0	3	0.0	3	1	0
GCF_013625575.1	SAMN15148476	PRJNA605147	Enterobacter hormaechei	Enterobacter	3	0	3	0.0	3	1	0
GCF_013625795.1	SAMN15148471	PRJNA605147	Enterobacter hormaechei	Enterobacter	12	8	4	66.667	12	3	2
GCF_013629235.1	SAMN15148465	PRJNA605147	Enterobacter hormaechei	Enterobacter	4	0	4	0.0	4	1	0
GCF_013629455.1	SAMN15148464	PRJNA605147	Enterobacter hormaechei	Enterobacter	4	0	4	0.0	4	1	0
GCF_013629675.1	SAMN15148460	PRJNA605147	Enterobacter hormaechei	Enterobacter	4	0	4	0.0	4	1	0
GCF_013635015.1	SAMN15148459	PRJNA605147	Klebsiella grimontii	Klebsiella	3	0	3	0.0	3	1	0
GCF_013635255.1	SAMN15148453	PRJNA605147	Enterobacter hormaechei	Enterobacter	6	2	4	33.333	6	2	1
GCF_013635495.1	SAMN15148450	PRJNA605147	Enterobacter hormaechei	Enterobacter	4	0	4	0.0	4	1	0
GCF_013635755.1	SAMN15148444	PRJNA605147	Enterobacter roggenkampii	Enterobacter	1	0	1	0.0	1	1	0
GCF_013636415.1	SAMN15148174	PRJNA605147	Klebsiella michiganensis	Klebsiella	12	9	3	75.0	11	2	1
GCF_013694405.1	SAMN15578212	PRJNA549322	Klebsiella pneumoniae	Klebsiella	21	17	4	80.952	20	3	2
GCF_013694425.1	SAMN15578211	PRJNA549322	Klebsiella pneumoniae	Klebsiella	16	12	4	75.0	16	4	3
GCF_013704985.1	SAMN15148656	PRJNA605147	Klebsiella pneumoniae	Klebsiella	3	0	3	0.0	3	1	0
GCF_013724605.1	SAMN15148755	PRJNA605147	Klebsiella pneumoniae	Klebsiella	8	1	7	12.5	8	2	1
GCF_013725995.1	SAMN15148745	PRJNA605147	Enterobacter roggenkampii	Enterobacter	1	0	1	0.0	1	1	0
GCF_013726395.1	SAMN15148743	PRJNA605147	Enterobacter hormaechei	Enterobacter	3	0	3	0.0	3	1	0
GCF_013727635.1	SAMN15148733	PRJNA605147	Klebsiella aerogenes	Klebsiella	4	0	4	0.0	4	1	0
GCF_013728275.1	SAMN15148729	PRJNA605147	Klebsiella variicola	Klebsiella	4	0	4	0.0	4	1	0
GCF_013728935.1	SAMN15148725	PRJNA605147	Enterobacter roggenkampii	Enterobacter	1	0	1	0.0	1	1	0
GCF_013729075.1	SAMN15148724	PRJNA605147	Klebsiella pneumoniae	Klebsiella	4	0	4	0.0	4	1	0
GCF_013730235.1	SAMN15148716	PRJNA605147	Klebsiella grimontii	Klebsiella	3	0	3	0.0	3	1	0
GCF_013730675.1	SAMN15148715	PRJNA605147	Klebsiella pneumoniae	Klebsiella	4	0	4	0.0	4	1	0
GCF_013731155.1	SAMN15148712	PRJNA605147	Enterobacter hormaechei	Enterobacter	3	0	3	0.0	3	1	0
GCF_013731305.1	SAMN15148711	PRJNA605147	Klebsiella pneumoniae	Klebsiella	16	12	4	75.0	9	3	2
GCF_013731735.1	SAMN15148709	PRJNA605147	Klebsiella pneumoniae	Klebsiella	2	0	2	0.0	2	1	0
GCF_013732655.1	SAMN15148741	PRJNA605147	Klebsiella michiganensis	Klebsiella	3	0	3	0.0	3	1	0
GCF_013733395.1	SAMN15148685	PRJNA605147	Enterobacter roggenkampii	Enterobacter	4	0	4	0.0	4	1	0
GCF_013734035.1	SAMN15148670	PRJNA605147	Klebsiella pneumoniae	Klebsiella	7	0	7	0.0	7	1	0
GCF_013734275.1	SAMN15148671	PRJNA605147	Enterobacter hormaechei	Enterobacter	4	0	4	0.0	4	1	0
GCF_013734595.1	SAMN15148669	PRJNA605147	Klebsiella grimontii	Klebsiella	3	0	3	0.0	3	1	0
GCF_013734915.1	SAMN15148666	PRJNA605147	Enterobacter hormaechei	Enterobacter	4	0	4	0.0	4	1	0
GCF_013735155.1	SAMN15148664	PRJNA605147	Klebsiella pneumoniae	Klebsiella	4	0	4	0.0	4	1	0
GCF_013735435.1	SAMN15148657	PRJNA605147	Klebsiella grimontii	Klebsiella	1	0	1	0.0	1	1	0
GCF_013735895.1	SAMN15148644	PRJNA605147	Klebsiella pneumoniae	Klebsiella	5	0	5	0.0	5	1	0
GCF_013736155.1	SAMN15148642	PRJNA605147	Klebsiella pneumoniae	Klebsiella	10	8	2	80.0	10	3	2
GCF_013736395.1	SAMN15148634	PRJNA605147	Enterobacter cloacae	Enterobacter	4	0	4	0.0	4	1	0
GCF_013736875.1	SAMN15148621	PRJNA605147	Klebsiella sp.	Klebsiella	5	4	1	80.0	5	2	1
GCF_013737695.1	SAMN15148610	PRJNA605147	Klebsiella pneumoniae	Klebsiella	4	0	4	0.0	4	1	0
GCF_013738375.1	SAMN15148580	PRJNA605147	Enterobacter hormaechei	Enterobacter	4	0	4	0.0	4	1	0
GCF_013739595.1	SAMN15148676	PRJNA605147	Enterobacter hormaechei	Enterobacter	4	0	4	0.0	4	1	0
GCF_013740195.1	SAMN15148650	PRJNA605147	Enterobacter asburiae	Enterobacter	4	0	4	0.0	4	1	0
GCF_013740655.1	SAMN15148635	PRJNA605147	Enterobacter hormaechei	Enterobacter	4	0	4	0.0	4	1	0
GCF_013742375.1	SAMN15148572	PRJNA605147	Enterobacter hormaechei	Enterobacter	4	0	4	0.0	4	1	0
GCF_013742615.1	SAMN15148567	PRJNA605147	Enterobacter roggenkampii	Enterobacter	4	0	4	0.0	4	1	0
GCF_013743295.1	SAMN15148549	PRJNA605147	Enterobacter hormaechei	Enterobacter	3	0	3	0.0	3	1	0
GCF_013743755.1	SAMN15148546	PRJNA605147	Enterobacter hormaechei	Enterobacter	3	0	3	0.0	3	1	0
GCF_013743935.1	SAMN15148545	PRJNA605147	Enterobacter hormaechei	Enterobacter	3	0	3	0.0	3	1	0
GCF_013744415.1	SAMN15148534	PRJNA605147	Enterobacter hormaechei	Enterobacter	3	0	3	0.0	3	1	0
GCF_013744615.1	SAMN15148531	PRJNA605147	Klebsiella grimontii	Klebsiella	3	0	3	0.0	3	1	0
GCF_013745295.1	SAMN15148699	PRJNA605147	Klebsiella pneumoniae	Klebsiella	4	0	4	0.0	4	1	0
GCF_013747035.1	SAMN15148653	PRJNA605147	Enterobacter hormaechei	Enterobacter	3	0	3	0.0	3	1	0
GCF_013749735.1	SAMN15148606	PRJNA605147	Enterobacter sp.	Enterobacter	7	0	7	0.0	7	1	0
GCF_013750595.1	SAMN15148597	PRJNA605147	Klebsiella oxytoca	Klebsiella	3	0	3	0.0	3	1	0
GCF_013782005.1	SAMN15148766	PRJNA605147	Enterobacter asburiae	Enterobacter	4	1	3	25.0	4	2	1
GCF_013782105.1	SAMN15148764	PRJNA605147	Klebsiella pneumoniae	Klebsiella	4	0	4	0.0	4	1	0
GCF_013782625.1	SAMN15148763	PRJNA605147	Enterobacter sp.	Enterobacter	1	0	1	0.0	1	1	0
GCF_013783245.1	SAMN15148760	PRJNA605147	Klebsiella pneumoniae	Klebsiella	4	0	4	0.0	4	1	0
GCF_013784105.1	SAMN15148659	PRJNA605147	Enterobacter sp.	Enterobacter	4	0	4	0.0	4	1	0
GCF_013784425.1	SAMN15148645	PRJNA605147	Enterobacter asburiae	Enterobacter	3	0	3	0.0	3	1	0
GCF_013791265.1	SAMN15148502	PRJNA605147	Klebsiella pneumoniae	Klebsiella	4	0	4	0.0	4	1	0
GCF_013792545.1	SAMN15148492	PRJNA605147	Klebsiella pneumoniae	Klebsiella	2	0	2	0.0	2	1	0
GCF_013796245.1	SAMN15148468	PRJNA605147	Klebsiella pneumoniae	Klebsiella	12	8	4	66.667	10	3	2
GCF_013796485.1	SAMN15148466	PRJNA605147	Klebsiella pneumoniae	Klebsiella	12	8	4	66.667	10	3	2
GCF_013805705.1	SAMN15148407	PRJNA605147	Klebsiella pneumoniae	Klebsiella	4	0	4	0.0	4	1	0
GCF_013811445.1	SAMN15148399	PRJNA605147	Klebsiella pneumoniae	Klebsiella	4	0	4	0.0	4	1	0
GCF_013811845.1	SAMN15148398	PRJNA605147	Klebsiella pneumoniae	Klebsiella	4	0	4	0.0	4	1	0
GCF_013813035.1	SAMN15148385	PRJNA605147	Klebsiella pneumoniae	Klebsiella	4	0	4	0.0	4	1	0
GCF_013826045.1	SAMN15148290	PRJNA605147	Klebsiella pneumoniae	Klebsiella	8	4	4	50.0	8	2	1
GCF_013826985.1	SAMN15148287	PRJNA605147	Klebsiella oxytoca	Klebsiella	24	21	3	87.5	20	3	2
GCF_013834745.1	SAMN15148246	PRJNA605147	Klebsiella pneumoniae	Klebsiella	4	0	4	0.0	4	1	0
GCF_013873515.1	SAMN15589926	PRJNA647548	Enterobacter hormaechei	Enterobacter	10	6	4	60.0	10	2	1
GCF_013873655.1	SAMN15589925	PRJNA647546	Enterobacter hormaechei	Enterobacter	27	23	4	85.185	22	3	2
GCF_013873945.1	SAMN15589938	PRJNA647548	Enterobacter hormaechei	Enterobacter	27	23	4	85.185	22	3	2
GCF_013895695.1	SAMN15148140	PRJNA605147	Klebsiella pneumoniae	Klebsiella	8	4	4	50.0	8	2	1
GCF_014041505.2	SAMN15649164	PRJNA648810	Klebsiella pneumoniae	Klebsiella	20	16	4	80.0	18	3	2
GCF_014041645.2	SAMN15649156	PRJNA648810	Klebsiella pneumoniae	Klebsiella	14	10	4	71.429	14	3	2
GCF_014041735.2	SAMN15649152	PRJNA648810	Klebsiella pneumoniae	Klebsiella	12	8	4	66.667	10	3	2
GCF_014041845.2	SAMN15649146	PRJNA648810	Klebsiella pneumoniae	Klebsiella	16	12	4	75.0	15	3	2
GCF_014041955.1	SAMN15594913	PRJNA647675	Enterobacter kobei	Enterobacter	16	13	3	81.25	15	3	2
GCF_014050515.2	SAMN12648330	PRJNA562720	Klebsiella michiganensis	Klebsiella	20	12	8	60.0	20	3	2
GCF_014076515.1	SAMN12671335	PRJNA563305	Pseudomonas putida	Pseudomonas	4	0	4	0.0	3	1	0
GCF_014117285.1	SAMN15648651	PRJNA648784	Enterobacter hormaechei	Enterobacter	17	13	4	76.471	16	4	3
GCF_014123345.1	SAMN15694293	PRJNA650159	Klebsiella pneumoniae	Klebsiella	12	7	5	58.333	12	3	2
GCF_014155905.1	SAMN15732853	PRJNA655354	Pseudomonas aeruginosa	Pseudomonas	10	0	10	0.0	9	1	0
GCF_014162935.2	SAMN15329758	PRJNA640693	Klebsiella pneumoniae	Klebsiella	4	0	4	0.0	4	1	0
GCF_014168575.1	SAMD00194339	PRJDB6962	Klebsiella pneumoniae	Klebsiella	12	8	4	66.667	12	2	1
GCF_014168655.1	SAMD00194355	PRJDB6962	Klebsiella pneumoniae	Klebsiella	12	8	4	66.667	12	2	1
GCF_014168815.1	SAMD00194408	PRJDB6962	Klebsiella sp.	Klebsiella	1	0	1	0.0	1	1	0
GCF_014168875.1	SAMD00194418	PRJDB6962	Klebsiella quasipneumoniae	Klebsiella	10	6	4	60.0	10	2	1
GCF_014168895.1	SAMD00194422	PRJDB6962	Klebsiella quasipneumoniae	Klebsiella	14	10	4	71.429	8	3	2
GCF_014168915.1	SAMD00194424	PRJDB6962	Klebsiella sp.	Klebsiella	1	0	1	0.0	1	1	0
GCF_014169075.1	SAMD00194464	PRJDB6962	Klebsiella sp.	Klebsiella	1	0	1	0.0	1	1	0
GCF_014169215.1	SAMD00194509	PRJDB6962	Klebsiella aerogenes	Klebsiella	4	0	4	0.0	4	1	0
GCF_014169255.1	SAMD00194518	PRJDB6962	Klebsiella quasipneumoniae	Klebsiella	9	4	5	44.444	9	2	1
GCF_014169335.1	SAMD00194529	PRJDB6962	Klebsiella pneumoniae	Klebsiella	5	0	5	0.0	5	1	0
GCF_014169355.1	SAMD00194531	PRJDB6962	Klebsiella quasipneumoniae	Klebsiella	8	4	4	50.0	8	3	2
GCF_014169495.1	SAMD00194558	PRJDB6962	Klebsiella quasipneumoniae	Klebsiella	10	6	4	60.0	10	2	1
GCF_014169515.1	SAMD00194568	PRJDB6962	Klebsiella sp.	Klebsiella	9	8	1	88.889	8	3	2
GCF_014169535.1	SAMD00194569	PRJDB6962	Klebsiella sp.	Klebsiella	9	8	1	88.889	8	3	2
GCF_014169555.1	SAMD00194574	PRJDB6962	Klebsiella sp.	Klebsiella	9	8	1	88.889	8	3	2
GCF_014169755.1	SAMD00194628	PRJDB6962	Klebsiella sp.	Klebsiella	1	0	1	0.0	1	1	0
GCF_014170015.1	SAMN15086847	PRJNA636827	Klebsiella pneumoniae	Klebsiella	18	14	4	77.778	17	3	2
GCF_014170655.1	SAMD00194404	PRJDB6962	Klebsiella quasipneumoniae	Klebsiella	18	14	4	77.778	8	4	3
GCF_014170855.1	SAMD00194412	PRJDB6962	Klebsiella ornithinolytica	Klebsiella	11	7	4	63.636	10	2	1
GCF_014170935.1	SAMD00194474	PRJDB6962	Klebsiella pneumoniae	Klebsiella	22	17	5	77.273	19	3	2
GCF_014171135.1	SAMD00194637	PRJDB6962	Klebsiella ornithinolytica	Klebsiella	21	18	3	85.714	16	4	3
GCF_014189245.1	SAMN11506050	PRJNA534306	Klebsiella quasipneumoniae	Klebsiella	14	10	4	71.429	13	2	1
GCF_014189265.1	SAMN11506065	PRJNA534306	Klebsiella quasipneumoniae	Klebsiella	5	1	4	20.0	5	2	1
GCF_014189335.1	SAMN11506009	PRJNA534306	Klebsiella pneumoniae	Klebsiella	14	10	4	71.429	13	2	1
GCF_014217275.1	SAMN15755083	PRJNA655785	Klebsiella michiganensis	Klebsiella	3	0	3	0.0	3	1	0
GCF_014217315.1	SAMN15755534	PRJNA655803	Pseudomonas aeruginosa	Pseudomonas	5	0	5	0.0	5	1	0
GCF_014217415.1	SAMN09667176	PRJNA481410	Klebsiella variicola	Klebsiella	4	0	4	0.0	4	1	0
GCF_014217705.1	SAMN13531195	PRJNA594810	Pseudomonas putida	Pseudomonas	23	15	8	65.217	15	2	1
GCF_014304835.1	SAMN15816123	PRJNA657141	Klebsiella pneumoniae	Klebsiella	12	8	4	66.667	11	3	2
GCF_014361115.1	SAMN15903654	PRJNA659360	Klebsiella pneumoniae	Klebsiella	13	9	4	69.231	10	3	2
GCF_014467035.1	SAMN15860813	PRJNA658200	Pseudomonas aeruginosa	Pseudomonas	5	0	5	0.0	5	1	0
GCF_014489395.1	SAMN15941323	PRJNA660205	Klebsiella variicola	Klebsiella	30	26	4	86.667	24	3	2
GCF_014490645.1	SAMN10290269	PRJNA498342	Pseudomonas aeruginosa	Pseudomonas	5	0	5	0.0	5	1	0
GCF_014490685.2	SAMN13630455	PRJNA596513	Klebsiella pneumoniae	Klebsiella	17	12	5	70.588	17	3	2
GCF_014490825.1	SAMN15905310	PRJNA659403	Enterobacter roggenkampii	Enterobacter	7	2	5	28.571	7	2	1
GCF_014490845.1	SAMN15905311	PRJNA659404	Enterobacter roggenkampii	Enterobacter	13	10	3	76.923	12	3	2
GCF_014495765.1	SAMN15946737	PRJNA660340	Klebsiella pneumoniae	Klebsiella	19	15	4	78.947	17	4	3
GCF_014495785.1	SAMN15946735	PRJNA660340	Klebsiella pneumoniae	Klebsiella	19	15	4	78.947	17	4	3
GCF_014524505.1	SAMN13881485	PRJNA602106	Enterobacter roggenkampii	Enterobacter	5	1	4	20.0	5	2	1
GCF_014524525.1	SAMN14770898	PRJNA629309	Klebsiella pneumoniae	Klebsiella	20	16	4	80.0	20	4	3
GCF_014596715.2	SAMN15963938	PRJNA660924	Enterobacter sp.	Enterobacter	4	0	4	0.0	4	1	0
GCF_014596785.2	SAMN15963939	PRJNA660924	Klebsiella sp.	Klebsiella	4	0	4	0.0	4	1	0
GCF_014725775.1	SAMN16085534	PRJNA662452	Klebsiella pneumoniae	Klebsiella	15	11	4	73.333	14	3	2
GCF_014764345.1	SAMN16093148	PRJNA662701	Klebsiella pneumoniae	Klebsiella	18	14	4	77.778	16	2	1
GCF_014764425.1	SAMN16178570	PRJNA663768	Pseudomonas putida	Pseudomonas	19	19	0	100.0	16	1	1
GCF_014771415.1	SAMN14450178	PRJNA659615	Enterobacter hormaechei	Enterobacter	25	21	4	84.0	24	3	2
GCF_014788765.1	SAMN16197931	PRJNA664089	Klebsiella pneumoniae	Klebsiella	23	19	4	82.609	17	3	2
GCF_014792125.1	SAMN16229869	PRJNA664682	Pseudomonas aeruginosa	Pseudomonas	6	1	5	16.667	6	2	1
GCF_014826045.1	SAMN11270035	PRJNA529587	Klebsiella pneumoniae	Klebsiella	20	10	10	50.0	16	2	1
GCF_014840955.1	SAMN16222891	PRJNA664531	Klebsiella pneumoniae	Klebsiella	27	23	4	85.185	18	2	1
GCF_014843255.1	SAMN15642698	PRJNA648479	Klebsiella quasipneumoniae	Klebsiella	4	0	4	0.0	4	1	0
GCF_014854655.1	SAMN16275376	PRJNA665936	Pseudomonas aeruginosa	Pseudomonas	5	0	5	0.0	5	1	0
GCF_014854815.1	SAMN09925542	PRJNA488147	Klebsiella pneumoniae	Klebsiella	15	11	4	73.333	14	3	2
GCF_014883955.1	SAMN16246721	PRJNA665232	Klebsiella pneumoniae	Klebsiella	17	13	4	76.471	16	3	2
GCF_014905815.1	SAMD00237915	PRJDB5126	Klebsiella pneumoniae	Klebsiella	24	20	4	83.333	21	4	3
GCF_014930935.1	SAMN16393143	PRJNA667996	Pseudomonas aeruginosa	Pseudomonas	5	0	5	0.0	5	1	0
GCF_014931695.1	SAMN14828832	PRJNA630224	Enterobacter hormaechei	Enterobacter	13	9	4	69.231	13	3	2
GCF_014961485.1	SAMN16418314	PRJNA668675	Klebsiella pneumoniae	Klebsiella	28	24	4	85.714	23	3	2
GCF_015022235.1	SAMN10107914	PRJNA492845	Klebsiella pneumoniae	Klebsiella	29	27	2	93.103	25	3	2
GCF_015024285.2	SAMN13382600	PRJNA591480	Klebsiella pneumoniae	Klebsiella	5	2	3	40.0	5	2	1
GCF_015074825.1	SAMN16423096	PRJNA668381	Klebsiella grimontii	Klebsiella	3	0	3	0.0	3	1	0
GCF_015074925.1	SAMN16386297	PRJNA667838	Klebsiella pneumoniae	Klebsiella	16	12	4	75.0	15	3	2
GCF_015135515.1	SAMD00195879	PRJDB9036	Klebsiella quasipneumoniae	Klebsiella	5	1	4	20.0	5	2	1
GCF_015135595.1	SAMD00195891	PRJDB9036	Enterobacter kobei	Enterobacter	13	9	4	69.231	8	4	3
GCF_015135855.1	SAMD00195900	PRJDB9036	Enterobacter kobei	Enterobacter	6	2	4	33.333	6	2	1
GCF_015136055.1	SAMD00195902	PRJDB9036	Enterobacter kobei	Enterobacter	4	0	4	0.0	4	1	0
GCF_015136315.1	SAMD00195906	PRJDB9036	Enterobacter roggenkampii	Enterobacter	8	4	4	50.0	8	3	2
GCF_015136515.1	SAMD00195912	PRJDB9036	Pseudomonas monteilii	Pseudomonas	5	5	0	100.0	5	1	1
GCF_015137465.1	SAMD00195972	PRJDB9036	Enterobacter kobei	Enterobacter	10	6	4	60.0	9	2	1
GCF_015137655.1	SAMD00195975	PRJDB9036	Enterobacter bugandensis	Enterobacter	4	0	4	0.0	4	1	0
GCF_015137995.1	SAMD00195982	PRJDB9036	Enterobacter hormaechei	Enterobacter	16	12	4	75.0	13	2	1
GCF_015138775.1	SAMD00196002	PRJDB9036	Klebsiella pneumoniae	Klebsiella	5	1	4	20.0	5	2	1
GCF_015139575.1	SAMD00196009	PRJDB9036	Klebsiella michiganensis	Klebsiella	7	3	4	42.857	5	2	1
GCF_015159775.2	SAMN16393502	PRJNA668026	Klebsiella pneumoniae	Klebsiella	11	6	5	54.545	9	4	3
GCF_015168335.1	SAMN16409504	PRJNA668445	Pseudomonas shirazica	Pseudomonas	12	9	3	75.0	8	2	1
GCF_015168595.1	SAMN16515958	PRJNA670619	Enterobacter asburiae	Enterobacter	4	0	4	0.0	4	1	0
GCF_015219805.1	SAMN16456586	PRJNA669204	Klebsiella pneumoniae	Klebsiella	34	30	4	88.235	29	4	3
GCF_015238555.1	SAMN16418109	PRJNA668652	Klebsiella pneumoniae	Klebsiella	25	21	4	84.0	23	3	2
GCF_015238615.1	SAMN13832016	PRJNA600798	Enterobacter hormaechei	Enterobacter	20	17	3	85.0	19	4	3
GCF_015238655.1	SAMN14411776	PRJNA613645	Klebsiella pneumoniae	Klebsiella	14	12	2	85.714	14	4	3
GCF_015238895.1	SAMN14411775	PRJNA613645	Klebsiella pneumoniae	Klebsiella	14	12	2	85.714	14	4	3
GCF_015239135.1	SAMN14411774	PRJNA613645	Klebsiella pneumoniae	Klebsiella	14	12	2	85.714	14	4	3
GCF_015239295.1	SAMN14411773	PRJNA613645	Klebsiella pneumoniae	Klebsiella	16	14	2	87.5	15	4	3
GCF_015243235.1	SAMN16451036	PRJNA669320	Klebsiella pneumoniae	Klebsiella	15	11	4	73.333	14	4	3
GCF_015277755.1	SAMN16604318	PRJNA673324	Klebsiella pneumoniae	Klebsiella	13	11	2	84.615	13	3	2
GCF_015277915.1	SAMN16539444	PRJNA671639	Klebsiella pneumoniae	Klebsiella	33	29	4	87.879	29	4	3
GCF_015277935.1	SAMN16539436	PRJNA671635	Klebsiella pneumoniae	Klebsiella	21	17	4	80.952	21	2	1
GCF_015277955.1	SAMN16539308	PRJNA671633	Klebsiella pneumoniae	Klebsiella	32	28	4	87.5	29	4	3
GCF_015277975.1	SAMN16539445	PRJNA671640	Klebsiella pneumoniae	Klebsiella	5	0	5	0.0	5	1	0
GCF_015277995.1	SAMN16539459	PRJNA671643	Klebsiella pneumoniae	Klebsiella	5	1	4	20.0	5	2	1
GCF_015278015.1	SAMN16539469	PRJNA671645	Klebsiella variicola	Klebsiella	4	0	4	0.0	4	1	0
GCF_015278055.1	SAMN16584924	PRJNA673039	Klebsiella pneumoniae	Klebsiella	5	1	4	20.0	5	2	1
GCF_015278075.1	SAMN16534237	PRJNA671570	Klebsiella quasipneumoniae	Klebsiella	29	23	6	79.31	24	4	3
GCF_015278095.1	SAMN16539551	PRJNA671644	Klebsiella pneumoniae	Klebsiella	19	13	6	68.421	18	3	2
GCF_015283665.1	SAMN16560593	PRJNA672205	Klebsiella pneumoniae	Klebsiella	4	0	4	0.0	4	1	0
GCF_015283885.1	SAMN16560603	PRJNA672205	Klebsiella pneumoniae	Klebsiella	5	1	4	20.0	5	2	1
GCF_015284065.1	SAMN16560595	PRJNA672205	Klebsiella quasipneumoniae	Klebsiella	4	0	4	0.0	4	1	0
GCF_015284185.1	SAMN16560601	PRJNA672205	Klebsiella variicola	Klebsiella	4	0	4	0.0	4	1	0
GCF_015284485.1	SAMN16560602	PRJNA672205	Klebsiella quasipneumoniae	Klebsiella	4	0	4	0.0	4	1	0
GCF_015284665.1	SAMN16560600	PRJNA672205	Klebsiella pneumoniae	Klebsiella	4	0	4	0.0	4	1	0
GCF_015284925.1	SAMN16560577	PRJNA672205	Klebsiella pneumoniae	Klebsiella	21	17	4	80.952	19	2	1
GCF_015285145.1	SAMN16560576	PRJNA672205	Klebsiella pneumoniae	Klebsiella	4	0	4	0.0	4	1	0
GCF_015285645.1	SAMN16560575	PRJNA672205	Klebsiella variicola	Klebsiella	4	0	4	0.0	4	1	0
GCF_015285825.1	SAMN16560597	PRJNA672205	Klebsiella quasipneumoniae	Klebsiella	4	0	4	0.0	4	1	0
GCF_015286005.1	SAMN16560596	PRJNA672205	Klebsiella variicola	Klebsiella	4	0	4	0.0	4	1	0
GCF_015286025.1	SAMN16560594	PRJNA672205	Klebsiella quasipneumoniae	Klebsiella	4	0	4	0.0	4	1	0
GCF_015286225.1	SAMN16560592	PRJNA672205	Klebsiella pneumoniae	Klebsiella	5	1	4	20.0	5	2	1
GCF_015286445.1	SAMN16560591	PRJNA672205	Klebsiella pneumoniae	Klebsiella	4	0	4	0.0	4	1	0
GCF_015286725.1	SAMN16560589	PRJNA672205	Klebsiella variicola	Klebsiella	4	0	4	0.0	4	1	0
GCF_015286965.1	SAMN16560590	PRJNA672205	Klebsiella variicola	Klebsiella	4	0	4	0.0	4	1	0
GCF_015287155.1	SAMN16560588	PRJNA672205	Klebsiella variicola	Klebsiella	4	0	4	0.0	4	1	0
GCF_015287425.1	SAMN16560585	PRJNA672205	Klebsiella variicola	Klebsiella	4	0	4	0.0	4	1	0
GCF_015287605.1	SAMN16560587	PRJNA672205	Klebsiella pneumoniae	Klebsiella	22	18	4	81.818	22	2	1
GCF_015287805.1	SAMN16560584	PRJNA672205	Klebsiella variicola	Klebsiella	4	0	4	0.0	4	1	0
GCF_015288045.1	SAMN16560586	PRJNA672205	Klebsiella variicola	Klebsiella	4	0	4	0.0	4	1	0
GCF_015288205.1	SAMN16560583	PRJNA672205	Klebsiella pneumoniae	Klebsiella	4	0	4	0.0	4	1	0
GCF_015288445.1	SAMN16560582	PRJNA672205	Klebsiella variicola	Klebsiella	4	0	4	0.0	4	1	0
GCF_015288605.1	SAMN16560580	PRJNA672205	Klebsiella pneumoniae	Klebsiella	7	3	4	42.857	7	2	1
GCF_015288785.1	SAMN16560578	PRJNA672205	Klebsiella variicola	Klebsiella	4	0	4	0.0	4	1	0
GCF_015288985.1	SAMN16560570	PRJNA672205	Klebsiella quasipneumoniae	Klebsiella	4	0	4	0.0	4	1	0
GCF_015289145.1	SAMN16560579	PRJNA672205	Klebsiella pneumoniae	Klebsiella	4	0	4	0.0	4	1	0
GCF_015289325.1	SAMN16560574	PRJNA672205	Klebsiella variicola	Klebsiella	4	0	4	0.0	4	1	0
GCF_015289545.1	SAMN16560573	PRJNA672205	Klebsiella pneumoniae	Klebsiella	5	1	4	20.0	5	2	1
GCF_015289765.1	SAMN16560569	PRJNA672205	Klebsiella pneumoniae	Klebsiella	5	1	4	20.0	5	2	1
GCF_015289985.1	SAMN16560571	PRJNA672205	Klebsiella pneumoniae	Klebsiella	4	0	4	0.0	4	1	0
GCF_015290145.1	SAMN16560572	PRJNA672205	Klebsiella pneumoniae	Klebsiella	9	6	3	66.667	8	2	1
GCF_015290365.1	SAMN16539875	PRJNA671645	Klebsiella variicola	Klebsiella	4	0	4	0.0	4	1	0
GCF_015290565.1	SAMN16539468	PRJNA671644	Klebsiella variicola	Klebsiella	4	0	4	0.0	4	1	0
GCF_015290925.1	SAMN16534235	PRJNA671568	Klebsiella pneumoniae	Klebsiella	28	24	4	85.714	25	3	2
GCF_015290985.1	SAMN08915824	PRJNA449686	Klebsiella pneumoniae	Klebsiella	29	24	5	82.759	21	4	3
GCF_015291905.1	SAMN16560581	PRJNA672205	Klebsiella quasipneumoniae	Klebsiella	4	0	4	0.0	4	1	0
GCF_015291925.1	SAMN16539845	PRJNA671655	Klebsiella quasipneumoniae	Klebsiella	4	0	4	0.0	4	1	0
GCF_015338385.1	SAMN16539552	PRJNA671651	Klebsiella pneumoniae	Klebsiella	7	3	4	42.857	7	2	1
GCF_015353095.1	SAMN16659219	PRJNA674503	Klebsiella pneumoniae	Klebsiella	23	17	6	73.913	21	5	4
GCF_015355835.1	SAMN16561437	PRJNA672246	Klebsiella pneumoniae	Klebsiella	4	0	4	0.0	4	1	0
GCF_015355855.1	SAMN16561436	PRJNA672246	Klebsiella pneumoniae	Klebsiella	5	1	4	20.0	5	2	1
GCF_015355875.1	SAMN16561435	PRJNA672246	Klebsiella pneumoniae	Klebsiella	11	9	2	81.818	10	4	3
GCF_015355895.1	SAMN16561434	PRJNA672246	Klebsiella pneumoniae	Klebsiella	11	9	2	81.818	10	5	4
GCF_015355915.1	SAMN16561430	PRJNA672246	Klebsiella pneumoniae	Klebsiella	11	9	2	81.818	11	3	2
GCF_015355935.1	SAMN16561432	PRJNA672246	Klebsiella pneumoniae	Klebsiella	14	12	2	85.714	13	3	2
GCF_015355955.1	SAMN16561429	PRJNA672246	Klebsiella pneumoniae	Klebsiella	5	1	4	20.0	5	2	1
GCF_015355975.1	SAMN16561285	PRJNA672246	Klebsiella pneumoniae	Klebsiella	5	1	4	20.0	5	2	1
GCF_015355995.1	SAMN16561284	PRJNA672246	Klebsiella pneumoniae	Klebsiella	16	14	2	87.5	13	3	2
GCF_015356015.1	SAMN16561283	PRJNA672246	Klebsiella pneumoniae	Klebsiella	14	12	2	85.714	13	3	2
GCF_015356035.1	SAMN16561282	PRJNA672246	Klebsiella pneumoniae	Klebsiella	21	17	4	80.952	18	3	2
GCF_015356055.1	SAMN16561274	PRJNA672246	Klebsiella pneumoniae	Klebsiella	16	10	6	62.5	14	3	2
GCF_015535055.1	SAMN16707732	PRJNA675430	Enterobacter hormaechei	Enterobacter	21	17	4	80.952	18	4	3
GCF_015535675.1	SAMN16233514	PRJNA664791	Enterobacter hormaechei	Enterobacter	22	18	4	81.818	20	3	2
GCF_015571975.1	SAMN16304043	PRJNA662792	Klebsiella terrigena	Klebsiella	3	0	3	0.0	3	1	0
GCF_015601345.1	SAMN16721599	PRJNA670042	Klebsiella sp.	Klebsiella	3	0	3	0.0	3	1	0
GCF_015679205.1	SAMN16790504	PRJNA678216	Pseudomonas fulva	Pseudomonas	28	28	0	100.0	19	2	2
GCF_015679225.1	SAMN16807128	PRJNA678569	Pseudomonas fulva	Pseudomonas	27	27	0	100.0	18	2	2
GCF_015694045.1	SAMN16685814	PRJNA674961	Klebsiella variicola	Klebsiella	15	11	4	73.333	15	2	1
GCF_015694065.1	SAMN16685805	PRJNA674961	Klebsiella pneumoniae	Klebsiella	12	7	5	58.333	12	2	1
GCF_015694085.1	SAMN16685806	PRJNA674961	Klebsiella pneumoniae	Klebsiella	14	10	4	71.429	14	2	1
GCF_015697465.1	SAMN15783930	PRJNA656414	Pseudomonas aeruginosa	Pseudomonas	5	0	5	0.0	5	1	0
GCF_015697605.1	SAMN15783929	PRJNA656414	Pseudomonas aeruginosa	Pseudomonas	5	0	5	0.0	5	1	0
GCF_015697645.1	SAMN15783928	PRJNA656414	Pseudomonas aeruginosa	Pseudomonas	13	0	13	0.0	9	1	0
GCF_015697665.1	SAMN15783927	PRJNA656414	Pseudomonas aeruginosa	Pseudomonas	13	0	13	0.0	11	1	0
GCF_015774895.1	SAMN16951197	PRJNA681357	Klebsiella pneumoniae	Klebsiella	8	4	4	50.0	8	2	1
GCF_015774955.1	SAMN16951199	PRJNA681357	Klebsiella pneumoniae	Klebsiella	27	21	6	77.778	23	3	2
GCF_015775135.1	SAMN16951198	PRJNA681357	Klebsiella pneumoniae	Klebsiella	27	21	6	77.778	24	3	2
GCF_015775275.1	SAMN16951200	PRJNA681357	Klebsiella pneumoniae	Klebsiella	8	4	4	50.0	8	2	1
GCF_015832035.1	SAMN16950524	PRJNA681347	Klebsiella pneumoniae	Klebsiella	4	0	4	0.0	4	1	0
GCF_015832055.1	SAMN16965915	PRJNA681715	Pseudomonas aeruginosa	Pseudomonas	9	1	8	11.111	9	2	1
GCF_015832075.1	SAMN16965916	PRJNA681716	Pseudomonas aeruginosa	Pseudomonas	6	1	5	16.667	6	2	1
GCF_015910145.1	SAMN13747524	PRJNA599404	Klebsiella pneumoniae	Klebsiella	24	19	5	79.167	20	4	3
GCF_015910165.1	SAMN13747523	PRJNA599404	Klebsiella pneumoniae	Klebsiella	12	8	4	66.667	12	2	1
GCF_015910205.1	SAMN13747519	PRJNA599404	Enterobacter hormaechei	Enterobacter	17	8	9	47.059	17	3	2
GCF_015910245.1	SAMN13747512	PRJNA599404	Enterobacter hormaechei	Enterobacter	24	21	3	87.5	23	4	3
GCF_015910265.1	SAMN13747511	PRJNA599404	Enterobacter hormaechei	Enterobacter	23	19	4	82.609	21	3	2
GCF_015910285.1	SAMN13747510	PRJNA599404	Enterobacter hormaechei	Enterobacter	24	20	4	83.333	20	5	4
GCF_015910325.1	SAMN13747521	PRJNA599404	Enterobacter hormaechei	Enterobacter	26	20	6	76.923	21	4	3
GCF_015910345.1	SAMN13747520	PRJNA599404	Enterobacter hormaechei	Enterobacter	26	20	6	76.923	21	4	3
GCF_015910365.1	SAMN13747508	PRJNA599404	Enterobacter hormaechei	Enterobacter	18	11	7	61.111	17	4	3
GCF_015910385.1	SAMN13747507	PRJNA599404	Enterobacter hormaechei	Enterobacter	16	12	4	75.0	16	3	2
GCF_015992265.1	SAMN16872510	PRJNA681463	Klebsiella pneumoniae	Klebsiella	11	9	2	81.818	10	3	2
GCF_015992285.1	SAMN16872507	PRJNA681463	Klebsiella pneumoniae	Klebsiella	12	8	4	66.667	11	2	1
GCF_015992305.1	SAMN16872506	PRJNA681463	Klebsiella pneumoniae	Klebsiella	25	23	2	92.0	16	4	3
GCF_015992325.1	SAMN16872505	PRJNA681463	Klebsiella pneumoniae	Klebsiella	13	11	2	84.615	11	3	2
GCF_015992345.1	SAMN16872503	PRJNA668703	Klebsiella pneumoniae	Klebsiella	18	14	4	77.778	18	2	1
GCF_015992365.1	SAMN16872504	PRJNA681463	Klebsiella quasipneumoniae	Klebsiella	25	21	4	84.0	22	6	5
GCF_015992385.1	SAMN16872512	PRJNA681463	Klebsiella pneumoniae	Klebsiella	13	11	2	84.615	11	3	2
GCF_015992405.1	SAMN16872511	PRJNA681463	Klebsiella pneumoniae	Klebsiella	9	7	2	77.778	9	3	2
GCF_015992425.1	SAMN16872509	PRJNA681463	Klebsiella pneumoniae	Klebsiella	22	16	6	72.727	20	6	5
GCF_015999385.1	SAMN16931445	PRJNA681062	Klebsiella michiganensis	Klebsiella	23	19	4	82.609	22	2	1
GCF_015999625.1	SAMN17005574	PRJNA682695	Klebsiella pneumoniae	Klebsiella	9	5	4	55.556	8	3	2
GCF_016027695.1	SAMN13450422	PRJNA231221	Enterobacter asburiae	Enterobacter	1	0	1	0.0	1	1	0
GCF_016064595.1	SAMN15950776	PRJNA660482	Pseudomonas aeruginosa	Pseudomonas	7	0	7	0.0	6	1	0
GCF_016066025.1	SAMN17016749	PRJNA683049	Klebsiella pneumoniae	Klebsiella	10	6	4	60.0	9	2	1
GCF_016066295.1	SAMN17016748	PRJNA683049	Klebsiella pneumoniae	Klebsiella	4	0	4	0.0	4	1	0
GCF_016066475.1	SAMN17016747	PRJNA683049	Klebsiella pneumoniae	Klebsiella	3	0	3	0.0	3	1	0
GCF_016066695.1	SAMN17016746	PRJNA683049	Klebsiella quasipneumoniae	Klebsiella	4	0	4	0.0	4	1	0
GCF_016067835.1	SAMN16872508	PRJNA681463	Klebsiella pneumoniae	Klebsiella	20	16	4	80.0	18	4	3
GCF_016071735.1	SAMN16705163	PRJNA675363	Klebsiella pneumoniae	Klebsiella	5	0	5	0.0	5	1	0
GCF_016105505.1	SAMN16673817	PRJNA674734	Pseudomonas aeruginosa	Pseudomonas	5	0	5	0.0	5	1	0
GCF_016105665.1	SAMN16673816	PRJNA674734	Pseudomonas aeruginosa	Pseudomonas	5	0	5	0.0	5	1	0
GCF_016105885.1	SAMN16673815	PRJNA674734	Pseudomonas aeruginosa	Pseudomonas	5	0	5	0.0	5	1	0
GCF_016107485.1	SAMN08722738	PRJNA438597	Pseudomonas aeruginosa	Pseudomonas	5	0	5	0.0	5	1	0
GCF_016126855.1	SAMN17054651	PRJNA646837	Enterobacter hormaechei	Enterobacter	14	10	4	71.429	14	2	1
GCF_016126955.1	SAMN16357210	PRJNA231221	Pseudomonas aeruginosa	Pseudomonas	5	0	5	0.0	5	1	0
GCF_016134915.1	SAMN15166411	PRJNA638052	Pseudomonas aeruginosa	Pseudomonas	9	0	9	0.0	9	1	0
GCF_016134935.2	SAMN16076439	PRJNA662093	Pseudomonas simiae	Pseudomonas	1	0	1	0.0	1	1	0
GCF_016237985.1	SAMN17083385	PRJNA685330	Klebsiella quasipneumoniae	Klebsiella	4	0	4	0.0	4	1	0
GCF_016403065.1	SAMN17074909	PRJNA685013	Klebsiella pneumoniae	Klebsiella	15	11	4	73.333	14	3	2
GCF_016403085.1	SAMN17074911	PRJNA685015	Klebsiella pneumoniae	Klebsiella	16	12	4	75.0	15	3	2
GCF_016406145.1	SAMN17103323	PRJNA685985	Pseudomonas putida	Pseudomonas	13	13	0	100.0	12	1	1
GCF_016415705.1	SAMN17016750	PRJNA683049	Klebsiella quasipneumoniae	Klebsiella	4	0	4	0.0	4	1	0
GCF_016510335.1	SAMN17016751	PRJNA683049	Klebsiella quasipneumoniae	Klebsiella	4	0	4	0.0	4	1	0
GCF_016584725.1	SAMN15770402	PRJNA656096	Pseudomonas aeruginosa	Pseudomonas	5	0	5	0.0	5	1	0
GCF_016599735.1	SAMN17152111	PRJNA687652	Klebsiella sp.	Klebsiella	24	20	4	83.333	21	2	1
GCF_016618215.1	SAMN16233476	PRJNA664790	Klebsiella michiganensis	Klebsiella	23	19	4	82.609	21	2	1
GCF_016629585.1	SAMN07211281	PRJEB6891	Klebsiella pneumoniae	Klebsiella	4	0	4	0.0	4	1	0
GCF_016653655.1	SAMN17255686	PRJNA690633	Klebsiella ornithinolytica	Klebsiella	13	10	3	76.923	12	2	1
GCF_016694775.1	SAMN17293201	PRJNA691454	Klebsiella pneumoniae	Klebsiella	4	0	4	0.0	4	1	0
GCF_016725825.1	SAMN16357247	PRJNA231221	Enterobacter hormaechei	Enterobacter	2	0	2	0.0	2	1	0
GCF_016727425.1	SAMN16357245	PRJNA231221	Klebsiella pneumoniae	Klebsiella	6	2	4	33.333	6	2	1
GCF_016743035.1	SAMN17207384	PRJNA689362	Pseudomonas aeruginosa	Pseudomonas	2	0	2	0.0	2	1	0
GCF_016743095.1	SAMN17266661	PRJNA690862	Klebsiella quasipneumoniae	Klebsiella	4	0	4	0.0	4	1	0
GCF_016743115.1	SAMN17266662	PRJNA690863	Pseudomonas aeruginosa	Pseudomonas	25	0	25	0.0	14	1	0
GCF_016745115.1	SAMN15165965	PRJNA638045	Pseudomonas aeruginosa	Pseudomonas	27	0	27	0.0	19	1	0
GCF_016745135.1	SAMN15214140	PRJNA638842	Pseudomonas aeruginosa	Pseudomonas	14	0	14	0.0	11	1	0
GCF_016745155.1	SAMN15214164	PRJNA638869	Pseudomonas aeruginosa	Pseudomonas	13	0	13	0.0	11	1	0
GCF_016745175.1	SAMN15214166	PRJNA638871	Pseudomonas aeruginosa	Pseudomonas	19	0	19	0.0	14	1	0
GCF_016745195.1	SAMN15834152	PRJNA657641	Pseudomonas aeruginosa	Pseudomonas	14	0	14	0.0	11	1	0
GCF_016745355.1	SAMN17252997	PRJNA690587	Enterobacter hormaechei	Enterobacter	18	14	4	77.778	18	2	1
GCF_016756655.1	SAMD00235761	PRJDB10185	Enterobacter roggenkampii	Enterobacter	19	18	1	94.737	13	4	3
GCF_016758865.1	SAMN16707277	PRJNA675412	Klebsiella quasipneumoniae	Klebsiella	22	18	4	81.818	20	3	2
GCF_016767735.1	SAMN14409014	PRJNA613546	Enterobacter hormaechei	Enterobacter	20	16	4	80.0	18	2	1
GCF_016767755.1	SAMN14449833	PRJNA613546	Enterobacter hormaechei	Enterobacter	20	16	4	80.0	18	2	1
GCF_016772535.1	SAMN17348255	PRJNA549322	Klebsiella pneumoniae	Klebsiella	23	20	3	86.957	21	5	4
GCF_016772555.1	SAMN17348254	PRJNA549322	Klebsiella pneumoniae	Klebsiella	19	13	6	68.421	15	4	3
GCF_016772575.1	SAMN17348253	PRJNA549322	Klebsiella pneumoniae	Klebsiella	22	16	6	72.727	18	4	3
GCF_016772595.1	SAMN17348252	PRJNA549322	Klebsiella pneumoniae	Klebsiella	20	14	6	70.0	17	4	3
GCF_016774435.1	SAMN17349264	PRJNA681750	Klebsiella pneumoniae	Klebsiella	22	16	6	72.727	20	3	2
GCF_016774455.1	SAMN17349266	PRJNA682095	Klebsiella pneumoniae	Klebsiella	10	4	6	40.0	10	3	2
GCF_016800965.1	SAMN17506720	PRJNA638288	Klebsiella pneumoniae	Klebsiella	17	12	5	70.588	16	3	2
GCF_016801375.1	SAMN16246926	PRJNA665239	Klebsiella pneumoniae	Klebsiella	20	15	5	75.0	15	5	4
GCF_016804025.1	SAMN14752225	PRJNA628847	Klebsiella pneumoniae	Klebsiella	17	15	2	88.235	17	3	2
GCF_016804125.1	SAMN15547534	PRJNA646592	Klebsiella africana	Klebsiella	4	0	4	0.0	4	1	0
GCF_016811975.1	SAMN17575725	PRJNA548476	Pseudomonas aeruginosa	Pseudomonas	19	0	19	0.0	16	1	0
GCF_016812055.1	SAMN17372728	PRJNA692837	Klebsiella pneumoniae	Klebsiella	23	19	4	82.609	20	4	3
GCF_016864035.1	SAMN12999969	PRJNA576640	Enterobacter hormaechei	Enterobacter	4	0	4	0.0	4	1	0
GCF_016864115.1	SAMN12999973	PRJNA576640	Enterobacter cloacae	Enterobacter	4	0	4	0.0	4	1	0
GCF_016864135.1	SAMN12999974	PRJNA576640	Enterobacter hormaechei	Enterobacter	4	0	4	0.0	4	1	0
GCF_016864155.1	SAMN12999995	PRJNA576640	Enterobacter hormaechei	Enterobacter	4	0	4	0.0	4	1	0
GCF_016864395.1	SAMN05928542	PRJNA343398	Klebsiella pneumoniae	Klebsiella	14	10	4	71.429	14	3	2
GCF_016864415.1	SAMN05383898	PRJNA328898	Pseudomonas aeruginosa	Pseudomonas	5	0	5	0.0	5	1	0
GCF_016903115.1	SAMN16357469	PRJNA231221	Klebsiella pneumoniae	Klebsiella	14	9	5	64.286	14	4	3
GCF_016903155.1	SAMN16357468	PRJNA231221	Klebsiella pneumoniae	Klebsiella	15	11	4	73.333	12	2	1
GCF_016903195.1	SAMN16357447	PRJNA231221	Klebsiella pneumoniae	Klebsiella	36	32	4	88.889	8	4	3
GCF_016903235.1	SAMN16357466	PRJNA231221	Klebsiella pneumoniae	Klebsiella	8	4	4	50.0	8	3	2
GCF_016903255.1	SAMN16357453	PRJNA231221	Klebsiella pneumoniae	Klebsiella	2	0	2	0.0	2	1	0
GCF_016903295.1	SAMN16357465	PRJNA231221	Klebsiella pneumoniae	Klebsiella	16	12	4	75.0	16	2	1
GCF_016903395.1	SAMN16357455	PRJNA231221	Klebsiella pneumoniae	Klebsiella	2	0	2	0.0	2	1	0
GCF_016903415.1	SAMN16357476	PRJNA231221	Klebsiella oxytoca	Klebsiella	3	0	3	0.0	3	1	0
GCF_016903455.1	SAMN16357460	PRJNA231221	Klebsiella pneumoniae	Klebsiella	4	0	4	0.0	4	1	0
GCF_016903475.1	SAMN16357457	PRJNA231221	Klebsiella pneumoniae	Klebsiella	4	0	4	0.0	4	1	0
GCF_016903495.1	SAMN16357454	PRJNA231221	Klebsiella pneumoniae	Klebsiella	4	0	4	0.0	4	1	0
GCF_016903515.1	SAMN16357472	PRJNA231221	Klebsiella pneumoniae	Klebsiella	16	10	6	62.5	15	5	4
GCF_016903715.1	SAMN16357474	PRJNA231221	Klebsiella oxytoca	Klebsiella	7	4	3	57.143	7	2	1
GCF_016903735.1	SAMN16357467	PRJNA231221	Klebsiella pneumoniae	Klebsiella	12	7	5	58.333	10	3	2
GCF_016903755.1	SAMN16357459	PRJNA231221	Klebsiella pneumoniae	Klebsiella	4	0	4	0.0	4	1	0
GCF_016903775.1	SAMN16357449	PRJNA231221	Klebsiella pneumoniae	Klebsiella	6	2	4	33.333	5	3	2
GCF_016903795.1	SAMN16357450	PRJNA231221	Klebsiella pneumoniae	Klebsiella	9	5	4	55.556	9	2	1
GCF_016903875.1	SAMN16357471	PRJNA231221	Klebsiella pneumoniae	Klebsiella	5	0	5	0.0	5	1	0
GCF_016903895.1	SAMN16357463	PRJNA231221	Klebsiella pneumoniae	Klebsiella	6	2	4	33.333	5	2	1
GCF_016903955.1	SAMN16357451	PRJNA231221	Klebsiella pneumoniae	Klebsiella	16	11	5	68.75	15	2	1
GCF_016903975.1	SAMN16357475	PRJNA231221	Klebsiella oxytoca	Klebsiella	30	27	3	90.0	16	3	2
GCF_016904035.1	SAMN16357464	PRJNA231221	Klebsiella pneumoniae	Klebsiella	4	0	4	0.0	4	1	0
GCF_016904095.1	SAMN16357461	PRJNA231221	Klebsiella pneumoniae	Klebsiella	8	4	4	50.0	7	2	1
GCF_016904275.1	SAMN16357470	PRJNA231221	Klebsiella pneumoniae	Klebsiella	20	13	7	65.0	15	5	4
GCF_016904295.1	SAMN16357448	PRJNA231221	Klebsiella pneumoniae	Klebsiella	4	0	4	0.0	4	1	0
GCF_016904315.1	SAMN16357458	PRJNA231221	Klebsiella pneumoniae	Klebsiella	8	4	4	50.0	8	2	1
GCF_016904415.1	SAMN16357456	PRJNA231221	Klebsiella pneumoniae	Klebsiella	13	8	5	61.538	12	3	2
GCF_016904515.1	SAMN16357473	PRJNA231221	Klebsiella oxytoca	Klebsiella	3	0	3	0.0	3	1	0
GCF_016904595.1	SAMN16357452	PRJNA231221	Klebsiella pneumoniae	Klebsiella	16	12	4	75.0	16	2	1
GCF_016904635.1	SAMN16357462	PRJNA231221	Klebsiella pneumoniae	Klebsiella	4	0	4	0.0	4	1	0
GCF_016918825.1	SAMN16357478	PRJNA231221	Klebsiella oxytoca	Klebsiella	3	0	3	0.0	3	1	0
GCF_016925215.1	SAMN17911762	PRJNA701798	Klebsiella pneumoniae	Klebsiella	15	9	6	60.0	14	3	2
GCF_016925235.1	SAMN17911845	PRJNA701804	Klebsiella pneumoniae	Klebsiella	15	9	6	60.0	14	3	2
GCF_016925255.1	SAMN17911902	PRJNA701805	Klebsiella quasipneumoniae	Klebsiella	6	2	4	33.333	6	2	1
GCF_016925275.1	SAMN17911903	PRJNA701806	Klebsiella pneumoniae	Klebsiella	15	9	6	60.0	14	3	2
GCF_016925295.1	SAMN17912169	PRJNA701810	Klebsiella pneumoniae	Klebsiella	15	9	6	60.0	14	3	2
GCF_016925315.1	SAMN17914336	PRJNA701817	Klebsiella pneumoniae	Klebsiella	22	18	4	81.818	16	5	4
GCF_016925335.1	SAMN17915067	PRJNA701845	Klebsiella quasipneumoniae	Klebsiella	6	2	4	33.333	6	2	1
GCF_016925355.1	SAMN17915080	PRJNA701847	Klebsiella pneumoniae	Klebsiella	15	9	6	60.0	14	3	2
GCF_016925375.1	SAMN17915099	PRJNA701849	Klebsiella pneumoniae	Klebsiella	15	9	6	60.0	14	3	2
GCF_016925395.1	SAMN17915108	PRJNA701850	Klebsiella quasipneumoniae	Klebsiella	6	2	4	33.333	6	2	1
GCF_016925415.1	SAMN17915109	PRJNA701851	Klebsiella pneumoniae	Klebsiella	17	10	7	58.824	14	3	2
GCF_016925435.1	SAMN17915140	PRJNA701854	Klebsiella pneumoniae	Klebsiella	16	12	4	75.0	16	2	1
GCF_016925455.1	SAMN17915141	PRJNA701855	Pseudomonas aeruginosa	Pseudomonas	25	0	25	0.0	14	1	0
GCF_016925475.1	SAMN17915152	PRJNA701857	Pseudomonas aeruginosa	Pseudomonas	25	0	25	0.0	14	1	0
GCF_016925675.1	SAMN17899576	PRJNA701649	Pseudomonas hygromyciniae	Pseudomonas	2	2	0	100.0	2	1	1
GCF_016939495.1	SAMN16933261	PRJNA700516	Klebsiella aerogenes	Klebsiella	13	9	4	69.231	13	2	1
GCF_016939535.1	SAMN16933269	PRJNA700516	Klebsiella pneumoniae	Klebsiella	10	6	4	60.0	10	2	1
GCF_016939555.1	SAMN16933270	PRJNA700516	Enterobacter hormaechei	Enterobacter	31	27	4	87.097	18	4	3
GCF_016939675.1	SAMN16933286	PRJNA700516	Klebsiella pneumoniae	Klebsiella	17	12	5	70.588	15	5	4
GCF_016939695.1	SAMN16933289	PRJNA700516	Klebsiella pneumoniae	Klebsiella	11	7	4	63.636	10	2	1
GCF_016939755.1	SAMN16933298	PRJNA700516	Klebsiella pneumoniae	Klebsiella	22	18	4	81.818	16	4	3
GCF_016939775.1	SAMN16933300	PRJNA700516	Klebsiella pneumoniae	Klebsiella	19	15	4	78.947	19	3	2
GCF_016939815.1	SAMN16933304	PRJNA700516	Klebsiella pneumoniae	Klebsiella	25	21	4	84.0	18	4	3
GCF_016939835.1	SAMN16933305	PRJNA700516	Klebsiella pneumoniae	Klebsiella	10	6	4	60.0	10	2	1
GCF_017084505.1	SAMN17976248	PRJNA702614	Klebsiella pneumoniae	Klebsiella	10	6	4	60.0	10	2	1
GCF_017086485.1	SAMN18017667	PRJNA703416	Klebsiella pneumoniae	Klebsiella	16	14	2	87.5	14	3	2
GCF_017161135.1	SAMN13497075	PRJNA593981	Klebsiella pneumoniae	Klebsiella	25	15	10	60.0	18	4	3
GCF_017161155.1	SAMN14858807	PRJNA593981	Klebsiella pneumoniae	Klebsiella	22	18	4	81.818	17	4	3
GCF_017161385.1	SAMN11479267	PRJNA547702	Klebsiella quasipneumoniae	Klebsiella	26	22	4	84.615	22	4	3
GCF_017161485.1	SAMN14082726	PRJNA593981	Klebsiella pneumoniae	Klebsiella	22	18	4	81.818	17	4	3
GCF_017161505.1	SAMN14082702	PRJNA593981	Klebsiella pneumoniae	Klebsiella	19	15	4	78.947	16	4	3
GCF_017161605.1	SAMN17615676	PRJNA695145	Enterobacter hormaechei	Enterobacter	11	7	4	63.636	11	2	1
GCF_017161725.1	SAMN17615675	PRJNA695145	Enterobacter hormaechei	Enterobacter	11	7	4	63.636	11	2	1
GCF_017161745.1	SAMN17615672	PRJNA695145	Enterobacter hormaechei	Enterobacter	11	7	4	63.636	11	2	1
GCF_017161765.1	SAMN17615668	PRJNA695145	Enterobacter hormaechei	Enterobacter	21	17	4	80.952	18	2	1
GCF_017161785.1	SAMN17615670	PRJNA695145	Enterobacter hormaechei	Enterobacter	11	7	4	63.636	11	2	1
GCF_017161805.1	SAMN17615674	PRJNA695145	Enterobacter hormaechei	Enterobacter	11	7	4	63.636	11	2	1
GCF_017161825.1	SAMN17615673	PRJNA695145	Enterobacter hormaechei	Enterobacter	11	7	4	63.636	11	2	1
GCF_017161845.1	SAMN17615671	PRJNA695145	Enterobacter hormaechei	Enterobacter	11	7	4	63.636	11	2	1
GCF_017161865.1	SAMN17615669	PRJNA695145	Enterobacter hormaechei	Enterobacter	11	7	4	63.636	11	2	1
GCF_017277455.1	SAMN17897699	PRJNA701621	Klebsiella pneumoniae	Klebsiella	14	0	14	0.0	13	1	0
GCF_017301375.1	SAMN18096031	PRJNA705688	Klebsiella pneumoniae	Klebsiella	20	13	7	65.0	19	3	2
GCF_017310305.1	SAMN15676897	PRJNA648010	Klebsiella pneumoniae	Klebsiella	21	13	8	61.905	19	4	3
GCF_017310325.1	SAMN15676890	PRJNA648010	Klebsiella pneumoniae	Klebsiella	21	17	4	80.952	17	4	3
GCF_017310345.1	SAMN15676889	PRJNA648010	Klebsiella pneumoniae	Klebsiella	15	11	4	73.333	12	3	2
GCF_017310365.1	SAMN15676888	PRJNA648010	Klebsiella pneumoniae	Klebsiella	20	16	4	80.0	16	4	3
GCF_017310385.1	SAMN15676887	PRJNA648010	Klebsiella pneumoniae	Klebsiella	14	9	5	64.286	13	3	2
GCF_017310405.1	SAMN15676885	PRJNA648010	Klebsiella pneumoniae	Klebsiella	29	18	11	62.069	19	4	3
GCF_017310425.1	SAMN15676882	PRJNA648010	Klebsiella pneumoniae	Klebsiella	21	17	4	80.952	18	5	4
GCF_017310465.1	SAMN16561276	PRJNA672237	Klebsiella oxytoca	Klebsiella	21	9	12	42.857	16	3	2
GCF_017310485.1	SAMN16561277	PRJNA672237	Enterobacter hormaechei	Enterobacter	17	13	4	76.471	13	4	3
GCF_017310565.1	SAMN17271112	PRJNA648010	Klebsiella pneumoniae	Klebsiella	25	19	6	76.0	18	4	3
GCF_017315205.1	SAMN18106513	PRJNA705944	Klebsiella pneumoniae	Klebsiella	4	0	4	0.0	4	1	0
GCF_017347425.1	SAMD00282211	PRJDB11245	Enterobacter asburiae	Enterobacter	19	15	4	78.947	18	3	2
GCF_017348855.1	SAMN18138829	PRJNA638288	Klebsiella michiganensis	Klebsiella	21	17	4	80.952	20	3	2
GCF_017351975.1	SAMN18160617	PRJNA707017	Klebsiella pneumoniae	Klebsiella	4	0	4	0.0	4	1	0
GCF_017357925.1	SAMN18103692	PRJNA705844	Klebsiella pneumoniae	Klebsiella	27	23	4	85.185	24	3	2
GCF_017378395.1	SAMN18237805	PRJNA712958	Pseudomonas aeruginosa	Pseudomonas	5	0	5	0.0	5	1	0
GCF_017378475.1	SAMN18237922	PRJNA712961	Pseudomonas aeruginosa	Pseudomonas	5	0	5	0.0	5	1	0
GCF_017638945.1	SAMN18446056	PRJNA716670	Klebsiella variicola	Klebsiella	5	0	5	0.0	5	1	0
GCF_017639065.1	SAMN17214843	PRJNA689691	Klebsiella pneumoniae	Klebsiella	21	17	4	80.952	21	3	2
GCF_017639085.1	SAMN17214842	PRJNA689691	Klebsiella variicola	Klebsiella	6	2	4	33.333	6	2	1
GCF_017639895.1	SAMN18395722	PRJNA716129	Klebsiella michiganensis	Klebsiella	4	0	4	0.0	4	1	0
GCF_017742895.1	SAMN18478625	PRJNA717115	Klebsiella pneumoniae	Klebsiella	16	12	4	75.0	16	2	1
GCF_017742915.1	SAMN18478563	PRJNA717121	Klebsiella pneumoniae	Klebsiella	15	9	6	60.0	14	3	2
GCF_017742935.1	SAMN18478623	PRJNA717116	Klebsiella pneumoniae	Klebsiella	16	10	6	62.5	14	4	3
GCF_017742955.1	SAMN18478480	PRJNA717133	Klebsiella pneumoniae	Klebsiella	15	9	6	60.0	14	3	2
GCF_017743035.1	SAMN18478622	PRJNA717120	Klebsiella quasipneumoniae	Klebsiella	6	2	4	33.333	6	2	1
GCF_017743095.1	SAMN18450111	PRJNA716566	Klebsiella pneumoniae	Klebsiella	4	0	4	0.0	4	1	0
GCF_017743115.1	SAMN18450112	PRJNA716566	Klebsiella pneumoniae	Klebsiella	4	0	4	0.0	4	1	0
GCF_017743135.1	SAMN18450113	PRJNA716566	Klebsiella pneumoniae	Klebsiella	14	10	4	71.429	13	2	1
GCF_017798285.1	SAMN16931446	PRJNA681064	Klebsiella michiganensis	Klebsiella	3	0	3	0.0	3	1	0
GCF_017809835.1	SAMN15052358	PRJNA635754	Klebsiella pneumoniae	Klebsiella	29	5	24	17.241	25	3	2
GCF_017815715.1	SAMN18450110	PRJNA716566	Klebsiella pneumoniae	Klebsiella	4	0	4	0.0	4	1	0
GCF_017815775.1	SAMN14585699	PRJNA624816	Klebsiella michiganensis	Klebsiella	3	0	3	0.0	3	1	0
GCF_017815795.1	SAMN14590646	PRJNA624988	Klebsiella pneumoniae	Klebsiella	28	23	5	82.143	24	3	2
GCF_017863855.1	SAMN17215155	PRJNA689715	Klebsiella grimontii	Klebsiella	19	16	3	84.211	17	3	2
GCF_017863935.1	SAMN17215154	PRJNA689715	Klebsiella grimontii	Klebsiella	9	6	3	66.667	9	3	2
GCF_017894285.1	SAMN14897098	PRJNA631924	Klebsiella pneumoniae	Klebsiella	10	5	5	50.0	8	3	2
GCF_017894305.1	SAMN14897097	PRJNA631924	Klebsiella pneumoniae	Klebsiella	17	12	5	70.588	15	3	2
GCF_017900915.1	SAMN18536858	PRJNA718464	Pseudomonas aeruginosa	Pseudomonas	5	0	5	0.0	5	1	0
GCF_017916195.1	SAMN18594533	PRJNA719286	Klebsiella pneumoniae	Klebsiella	13	0	13	0.0	12	1	0
GCF_017916215.1	SAMN18603978	PRJNA719361	Klebsiella pneumoniae	Klebsiella	4	0	4	0.0	4	1	0
GCF_017968865.1	SAMN18675296	PRJNA683049	Klebsiella oxytoca	Klebsiella	3	0	3	0.0	3	1	0
GCF_018069685.1	SAMN18678957	PRJNA720753	Klebsiella pneumoniae	Klebsiella	16	12	4	75.0	14	2	1
GCF_018074945.1	SAMN02138554	PRJNA201967	Enterobacter sp.	Enterobacter	22	18	4	81.818	18	3	2
GCF_018075005.1	SAMN02138547	PRJNA201967	Enterobacter sp.	Enterobacter	11	6	5	54.545	11	2	1
GCF_018075085.1	SAMN02138579	PRJNA201967	Klebsiella pneumoniae	Klebsiella	9	5	4	55.556	9	2	1
GCF_018075145.1	SAMN02138543	PRJNA201967	Enterobacter sp.	Enterobacter	25	9	16	36.0	22	2	1
GCF_018075245.1	SAMN02138600	PRJNA201967	Enterobacter sp.	Enterobacter	12	8	4	66.667	12	2	1
GCF_018075325.1	SAMN18696713	PRJNA721027	Klebsiella pneumoniae	Klebsiella	10	6	4	60.0	10	3	2
GCF_018128445.1	SAMN17736023	PRJNA698767	Klebsiella pneumoniae	Klebsiella	12	8	4	66.667	12	3	2
GCF_018128465.1	SAMN17736022	PRJNA698767	Klebsiella pneumoniae	Klebsiella	29	19	10	65.517	25	2	1
GCF_018138045.1	SAMN18738583	PRJNA721782	Pseudomonas aeruginosa	Pseudomonas	36	23	13	63.889	25	2	1
GCF_018138065.1	SAMN18738584	PRJNA721782	Pseudomonas aeruginosa	Pseudomonas	23	18	5	78.261	19	2	1
GCF_018138305.2	SAMN18789105	PRJNA553055	Klebsiella pneumoniae	Klebsiella	7	3	4	42.857	7	4	3
GCF_018139045.1	SAMN18746951	PRJNA722171	Klebsiella pasteurii	Klebsiella	3	0	3	0.0	3	1	0
GCF_018140905.1	SAMN18793569	PRJNA722802	Klebsiella pneumoniae	Klebsiella	10	6	4	60.0	10	2	1
GCF_018140945.1	SAMN18753391	PRJNA722384	Klebsiella michiganensis	Klebsiella	7	3	4	42.857	7	2	1
GCF_018140965.1	SAMN18753389	PRJNA722384	Enterobacter cloacae	Enterobacter	16	7	9	43.75	12	3	2
GCF_018141565.1	SAMN16881673	PRJNA680489	Pseudomonas aeruginosa	Pseudomonas	5	0	5	0.0	5	1	0
GCF_018141625.1	SAMN17065252	PRJNA684637	Pseudomonas aeruginosa	Pseudomonas	5	0	5	0.0	5	1	0
GCF_018141645.1	SAMN17065268	PRJNA684639	Pseudomonas aeruginosa	Pseudomonas	5	0	5	0.0	5	1	0
GCF_018199955.1	SAMN18746132	PRJNA722138	Klebsiella sp.	Klebsiella	16	11	5	68.75	15	4	3
GCF_018204675.1	SAMN18746170	PRJNA722143	Klebsiella sp.	Klebsiella	27	23	4	85.185	21	4	3
GCF_018223825.1	SAMN18839167	PRJNA724008	Klebsiella quasipneumoniae	Klebsiella	13	9	4	69.231	12	2	1
GCF_018223845.1	SAMN18805520	PRJNA723122	Pseudomonas sp.	Pseudomonas	1	1	0	100.0	1	1	1
GCF_018255815.1	SAMN18859124	PRJNA724799	Enterobacter hormaechei	Enterobacter	30	26	4	86.667	25	4	3
GCF_018274525.2	SAMN18878033	PRJNA269675	Klebsiella pneumoniae	Klebsiella	33	29	4	87.879	25	4	3
GCF_018278725.1	SAMN18857597	PRJNA724744	Klebsiella pneumoniae	Klebsiella	16	0	16	0.0	15	1	0
GCF_018279185.1	SAMN13741660	PRJNA599216	Klebsiella pneumoniae	Klebsiella	5	1	4	20.0	5	2	1
GCF_018279245.1	SAMN16132411	PRJNA663432	Pseudomonas aeruginosa	Pseudomonas	22	0	22	0.0	19	1	0
GCF_018279265.1	SAMN16132401	PRJNA663432	Pseudomonas aeruginosa	Pseudomonas	24	0	24	0.0	16	1	0
GCF_018279285.1	SAMN16132400	PRJNA663432	Pseudomonas aeruginosa	Pseudomonas	17	0	17	0.0	15	1	0
GCF_018279305.1	SAMN16132399	PRJNA663432	Pseudomonas aeruginosa	Pseudomonas	5	0	5	0.0	5	1	0
GCF_018279325.1	SAMN17053394	PRJNA549322	Klebsiella pneumoniae	Klebsiella	21	19	2	90.476	20	5	4
GCF_018283505.2	SAMN18913844	PRJNA725484	Klebsiella pneumoniae	Klebsiella	23	19	4	82.609	18	3	2
GCF_018283575.2	SAMN18878040	PRJNA269675	Klebsiella pneumoniae	Klebsiella	33	29	4	87.879	25	4	3
GCF_018310495.1	SAMN18913859	PRJNA725484	Klebsiella pneumoniae	Klebsiella	25	21	4	84.0	22	4	3
GCF_018314115.1	SAMN18898379	PRJNA725664	Klebsiella pneumoniae	Klebsiella	19	15	4	78.947	16	4	3
GCF_018314145.1	SAMN18920621	PRJNA726009	Klebsiella pneumoniae	Klebsiella	13	7	6	53.846	11	3	2
GCF_018324045.1	SAMD00294603	PRJDB11476	Klebsiella variicola	Klebsiella	4	0	4	0.0	4	1	0
GCF_018336835.1	SAMN15234688	PRJNA639385	Klebsiella pneumoniae	Klebsiella	15	11	4	73.333	14	3	2
GCF_018388785.1	SAMN18951231	PRJNA726630	Klebsiella sp.	Klebsiella	4	0	4	0.0	4	1	0
GCF_018394355.1	SAMN19104983	PRJNA728855	Klebsiella pneumoniae	Klebsiella	16	12	4	75.0	16	2	1
GCF_018394395.1	SAMN19111026	PRJNA729118	Enterobacter asburiae	Enterobacter	6	0	6	0.0	6	1	0
GCF_018408275.1	SAMD00195116	PRJDB9018	Pseudomonas sp.	Pseudomonas	1	0	1	0.0	1	1	0
GCF_018409365.1	SAMD00276650	PRJDB11064	Pseudomonas aeruginosa	Pseudomonas	5	0	5	0.0	5	1	0
GCF_018448985.1	SAMN19136540	PRJNA729627	Pseudomonas aeruginosa	Pseudomonas	13	0	13	0.0	12	1	0
GCF_018449045.1	SAMN19107292	PRJNA719697	Klebsiella pneumoniae	Klebsiella	32	28	4	87.5	28	4	3
GCF_018449065.1	SAMN19107302	PRJNA719697	Klebsiella pneumoniae	Klebsiella	32	28	4	87.5	29	4	3
GCF_018454365.1	SAMN19073635	PRJNA728250	Klebsiella pneumoniae	Klebsiella	13	2	11	15.385	13	3	2
GCF_018487825.1	SAMN19107294	PRJNA719697	Klebsiella pneumoniae	Klebsiella	45	41	4	91.111	30	4	3
GCF_018502565.1	SAMN18963535	PRJNA719697	Klebsiella pneumoniae	Klebsiella	50	46	4	92.0	30	4	3
GCF_018502585.1	SAMN18963532	PRJNA719697	Klebsiella pneumoniae	Klebsiella	42	38	4	90.476	26	3	2
GCF_018596855.2	SAMN19316169	PRJNA415108	Enterobacter roggenkampii	Enterobacter	4	1	3	25.0	4	2	1
GCF_018598285.3	SAMN19287564	PRJNA677881	Pseudomonas aeruginosa	Pseudomonas	17	2	15	11.765	13	2	1
GCF_018604105.1	SAMN19186367	PRJNA702614	Klebsiella michiganensis	Klebsiella	17	13	4	76.471	16	2	1
GCF_018604125.1	SAMN19186366	PRJNA702614	Klebsiella quasipneumoniae	Klebsiella	22	18	4	81.818	21	4	3
GCF_018604345.1	SAMN16657684	PRJNA674482	Klebsiella pneumoniae	Klebsiella	16	9	7	56.25	16	3	2
GCF_018604385.1	SAMN18317283	PRJNA714767	Klebsiella pneumoniae	Klebsiella	20	16	4	80.0	18	4	3
GCF_018604765.1	SAMN16453377	PRJNA669428	Klebsiella pneumoniae	Klebsiella	17	13	4	76.471	17	4	3
GCF_018623335.1	SAMN18317431	PRJNA714772	Klebsiella pneumoniae	Klebsiella	25	21	4	84.0	20	4	3
GCF_018638795.1	SAMN18011300	PRJNA703085	Enterobacter mori	Enterobacter	5	0	5	0.0	5	1	0
GCF_018831545.1	SAMN15343240	PRJNA641146	Klebsiella pneumoniae	Klebsiella	13	7	6	53.846	12	3	2
GCF_018885345.1	SAMN19522986	PRJNA734734	Klebsiella pneumoniae	Klebsiella	13	9	4	69.231	13	4	3
GCF_018966505.1	SAMN19652012	PRJNA736526	Klebsiella ornithinolytica	Klebsiella	15	12	3	80.0	15	2	1
GCF_019038575.1	SAMN19730657	PRJNA738490	Klebsiella pneumoniae	Klebsiella	6	1	5	16.667	6	2	1
GCF_019046905.1	SAMN16357569	PRJNA231221	Enterobacter bugandensis	Enterobacter	19	15	4	78.947	18	3	2
GCF_019047005.1	SAMN16357578	PRJNA231221	Enterobacter ludwigii	Enterobacter	4	0	4	0.0	4	1	0
GCF_019047025.1	SAMN16357572	PRJNA231221	Enterobacter roggenkampii	Enterobacter	4	0	4	0.0	4	1	0
GCF_019047105.1	SAMN16357573	PRJNA231221	Enterobacter cloacae	Enterobacter	5	0	5	0.0	5	1	0
GCF_019047785.1	SAMN16357570	PRJNA231221	Enterobacter cancerogenus	Enterobacter	2	0	2	0.0	2	1	0
GCF_019047925.1	SAMN16357583	PRJNA231221	Klebsiella aerogenes	Klebsiella	4	0	4	0.0	4	1	0
GCF_019047945.1	SAMN16357576	PRJNA231221	Enterobacter hormaechei	Enterobacter	2	0	2	0.0	2	1	0
GCF_019047985.1	SAMN16357585	PRJNA231221	Klebsiella quasipneumoniae	Klebsiella	4	0	4	0.0	4	1	0
GCF_019048125.1	SAMN16357584	PRJNA231221	Klebsiella aerogenes	Klebsiella	4	0	4	0.0	4	1	0
GCF_019048245.1	SAMN16357575	PRJNA231221	Enterobacter hormaechei	Enterobacter	3	0	3	0.0	3	1	0
GCF_019048485.1	SAMN16357574	PRJNA231221	Enterobacter asburiae	Enterobacter	19	15	4	78.947	18	2	1
GCF_019048625.1	SAMN16357577	PRJNA231221	Enterobacter hormaechei	Enterobacter	4	0	4	0.0	4	1	0
GCF_019048885.1	SAMN19778273	PRJNA739259	Klebsiella aerogenes	Klebsiella	26	4	22	15.385	24	4	3
GCF_019048985.1	SAMN15198488	PRJNA638617	Klebsiella sp.	Klebsiella	3	0	3	0.0	3	1	0
GCF_019056635.1	SAMN19769864	PRJNA737181	Enterobacter cloacae	Enterobacter	4	0	4	0.0	4	1	0
GCF_019056655.1	SAMN19789732	PRJNA737183	Enterobacter cloacae	Enterobacter	12	0	12	0.0	12	1	0
GCF_019084125.3	SAMN19514382	PRJNA734589	Pseudomonas aeruginosa	Pseudomonas	5	0	5	0.0	5	1	0
GCF_019107685.1	SAMN19925006	PRJNA549322	Klebsiella pneumoniae	Klebsiella	24	20	4	83.333	22	4	3
GCF_019107705.1	SAMN19925007	PRJNA549322	Klebsiella pneumoniae	Klebsiella	14	10	4	71.429	12	3	2
GCF_019134695.1	SAMN19736494	PRJNA737176	Klebsiella pneumoniae	Klebsiella	2	0	2	0.0	2	1	0
GCF_019203945.1	SAMN15184663	PRJNA638257	Enterobacter mori	Enterobacter	5	0	5	0.0	5	1	0
GCF_019222805.1	SAMN20064304	PRJNA702614	Klebsiella variicola	Klebsiella	23	19	4	82.609	21	2	1
GCF_019286375.1	SAMN20115014	PRJNA744713	Klebsiella pneumoniae	Klebsiella	19	14	5	73.684	18	3	2
GCF_019286455.1	SAMN20115067	PRJNA744722	Klebsiella pneumoniae	Klebsiella	31	23	8	74.194	27	7	6
GCF_019286515.1	SAMN20115068	PRJNA744723	Klebsiella pneumoniae	Klebsiella	32	23	9	71.875	27	6	5
GCF_019286635.1	SAMN20115179	PRJNA744726	Klebsiella pneumoniae	Klebsiella	27	17	10	62.963	22	4	3
GCF_019286695.1	SAMN20115183	PRJNA744728	Klebsiella pneumoniae	Klebsiella	27	17	10	62.963	22	4	3
GCF_019286755.1	SAMN20115184	PRJNA744729	Klebsiella pneumoniae	Klebsiella	28	18	10	64.286	22	4	3
GCF_019286855.1	SAMN20115186	PRJNA744731	Klebsiella pneumoniae	Klebsiella	27	17	10	62.963	22	4	3
GCF_019286955.1	SAMN20115187	PRJNA744732	Klebsiella pneumoniae	Klebsiella	11	2	9	18.182	10	3	2
GCF_019287035.1	SAMN20115539	PRJNA744734	Klebsiella pneumoniae	Klebsiella	22	17	5	77.273	20	4	3
GCF_019287095.1	SAMN20115569	PRJNA744738	Klebsiella pneumoniae	Klebsiella	22	16	6	72.727	20	4	3
GCF_019287195.1	SAMN20115570	PRJNA744740	Klebsiella pneumoniae	Klebsiella	22	16	6	72.727	20	4	3
GCF_019317005.1	SAMN20115188	PRJNA744733	Klebsiella pneumoniae	Klebsiella	11	2	9	18.182	10	3	2
GCF_019317025.1	SAMN20130504	PRJNA745012	Klebsiella pneumoniae	Klebsiella	19	13	6	68.421	17	4	3
GCF_019317045.1	SAMN20130506	PRJNA745014	Klebsiella pneumoniae	Klebsiella	45	33	12	73.333	25	5	4
GCF_019317065.1	SAMN20130505	PRJNA745013	Klebsiella pneumoniae	Klebsiella	18	13	5	72.222	17	4	3
GCF_019317085.1	SAMN20130509	PRJNA745017	Klebsiella pneumoniae	Klebsiella	45	33	12	73.333	25	5	4
GCF_019317105.1	SAMN20130519	PRJNA745018	Klebsiella pneumoniae	Klebsiella	12	1	11	8.333	12	2	1
GCF_019317125.1	SAMN20130521	PRJNA745020	Klebsiella pneumoniae	Klebsiella	22	16	6	72.727	20	5	4
GCF_019317145.1	SAMN20130522	PRJNA745021	Klebsiella pneumoniae	Klebsiella	20	14	6	70.0	19	3	2
GCF_019317165.1	SAMN20130528	PRJNA745022	Klebsiella pneumoniae	Klebsiella	7	2	5	28.571	7	3	2
GCF_019317185.1	SAMN20130620	PRJNA745023	Klebsiella pneumoniae	Klebsiella	23	18	5	78.261	21	8	7
GCF_019317205.1	SAMN20130675	PRJNA745024	Klebsiella pneumoniae	Klebsiella	27	17	10	62.963	22	4	3
GCF_019317225.1	SAMN20130677	PRJNA745030	Klebsiella pneumoniae	Klebsiella	11	2	9	18.182	10	3	2
GCF_019317245.1	SAMN20130732	PRJNA745031	Klebsiella pneumoniae	Klebsiella	20	14	6	70.0	17	4	3
GCF_019317265.1	SAMN20130733	PRJNA745032	Klebsiella pneumoniae	Klebsiella	21	16	5	76.19	19	4	3
GCF_019334445.1	SAMN20179302	PRJNA746054	Klebsiella ornithinolytica	Klebsiella	3	0	3	0.0	3	1	0
GCF_019334545.1	SAMN20170224	PRJNA745926	Klebsiella pneumoniae	Klebsiella	17	12	5	70.588	16	4	3
GCF_019334625.1	SAMN20245095	PRJNA746957	Klebsiella pneumoniae	Klebsiella	17	13	4	76.471	16	3	2
GCF_019334705.1	SAMN20115065	PRJNA744719	Klebsiella pneumoniae	Klebsiella	21	16	5	76.19	19	5	4
GCF_019334825.1	SAMN19980635	PRJNA742846	Klebsiella variicola	Klebsiella	4	0	4	0.0	4	1	0
GCF_019355415.1	SAMN14142282	PRJNA607616	Enterobacter hormaechei	Enterobacter	21	17	4	80.952	19	2	1
GCF_019356035.1	SAMN20299883	PRJNA747900	Enterobacter hormaechei	Enterobacter	28	25	3	89.286	25	3	2
GCF_019364615.1	SAMN14889916	PRJNA631492	Pseudomonas aeruginosa	Pseudomonas	22	17	5	77.273	18	2	1
GCF_019378915.1	SAMN20179392	PRJNA745526	Pseudomonas aeruginosa	Pseudomonas	5	0	5	0.0	5	1	0
GCF_019379355.1	SAMN20342957	PRJNA748735	Pseudomonas aeruginosa	Pseudomonas	6	1	5	16.667	6	2	1
GCF_019428485.1	SAMN18388146	PRJNA715927	Klebsiella quasipneumoniae	Klebsiella	10	2	8	20.0	9	2	1
GCF_019428505.1	SAMN18388147	PRJNA715927	Enterobacter asburiae	Enterobacter	25	16	9	64.0	14	4	3
GCF_019434075.1	SAMN20362540	PRJNA749299	Pseudomonas aeruginosa	Pseudomonas	5	0	5	0.0	5	1	0
GCF_019434095.1	SAMN20362539	PRJNA749299	Pseudomonas aeruginosa	Pseudomonas	5	0	5	0.0	5	1	0
GCF_019434135.1	SAMN20362536	PRJNA749299	Pseudomonas aeruginosa	Pseudomonas	5	0	5	0.0	5	1	0
GCF_019434235.1	SAMN20299242	PRJNA747884	Pseudomonas aeruginosa	Pseudomonas	6	1	5	16.667	6	2	1
GCF_019434255.1	SAMN20373013	PRJNA749500	Klebsiella pneumoniae	Klebsiella	12	8	4	66.667	11	3	2
GCF_019434275.1	SAMN20373014	PRJNA749500	Klebsiella pneumoniae	Klebsiella	12	8	4	66.667	11	3	2
GCF_019434295.1	SAMN20375149	PRJNA749500	Klebsiella pneumoniae	Klebsiella	12	8	4	66.667	11	3	2
GCF_019443545.1	SAMN20422817	PRJNA749815	Klebsiella pneumoniae	Klebsiella	18	14	4	77.778	17	4	3
GCF_019443565.1	SAMN20422816	PRJNA749815	Klebsiella pneumoniae	Klebsiella	15	11	4	73.333	14	3	2
GCF_019443585.1	SAMN20422820	PRJNA749815	Klebsiella pneumoniae	Klebsiella	12	8	4	66.667	12	5	4
GCF_019443665.1	SAMN16982406	PRJNA288601	Pseudomonas aeruginosa	Pseudomonas	31	26	5	83.871	16	3	2
GCF_019443845.1	SAMN14422719	PRJNA613959	Enterobacter sp.	Enterobacter	4	0	4	0.0	4	1	0
GCF_019444195.1	SAMN19312573	PRJNA742859	Klebsiella pneumoniae	Klebsiella	18	14	4	77.778	16	4	3
GCF_019444635.1	SAMN11963759	PRJNA547434	Klebsiella pneumoniae	Klebsiella	21	19	2	90.476	18	4	3
GCF_019454345.1	SAMN17108663	PRJNA686203	Klebsiella pneumoniae	Klebsiella	5	1	4	20.0	5	2	1
GCF_019455345.1	SAMN15567838	PRJNA646893	Klebsiella pneumoniae	Klebsiella	4	0	4	0.0	4	1	0
GCF_019458525.1	SAMN20500401	PRJNA750888	Enterobacter hormaechei	Enterobacter	18	14	4	77.778	14	4	3
GCF_019464415.1	SAMN20463152	PRJNA605861	Pseudomonas sp.	Pseudomonas	1	0	1	0.0	1	1	0
GCF_019466145.1	SAMN19429924	PRJNA733651	Pseudomonas aeruginosa	Pseudomonas	5	0	5	0.0	5	1	0
GCF_019537235.1	SAMN20587857	PRJNA752244	Enterobacter hormaechei	Enterobacter	25	20	5	80.0	23	4	3
GCF_019537255.1	SAMN20587856	PRJNA752244	Enterobacter hormaechei	Enterobacter	25	20	5	80.0	23	4	3
GCF_019537275.1	SAMN20587859	PRJNA752244	Enterobacter hormaechei	Enterobacter	23	19	4	82.609	21	4	3
GCF_019537295.1	SAMN20587854	PRJNA752244	Enterobacter hormaechei	Enterobacter	19	15	4	78.947	15	3	2
GCF_019537315.1	SAMN20587858	PRJNA752244	Enterobacter hormaechei	Enterobacter	25	20	5	80.0	23	4	3
GCF_019537335.1	SAMN20587855	PRJNA752244	Enterobacter hormaechei	Enterobacter	25	20	5	80.0	23	4	3
GCF_019702965.1	SAMD00323029	PRJDB11646	Klebsiella pneumoniae	Klebsiella	15	11	4	73.333	14	3	2
GCF_019702985.1	SAMD00323030	PRJDB11646	Klebsiella pneumoniae	Klebsiella	17	11	6	64.706	15	3	2
GCF_019703005.1	SAMD00323031	PRJDB11646	Klebsiella pneumoniae	Klebsiella	17	11	6	64.706	14	3	2
GCF_019703025.1	SAMD00323032	PRJDB11646	Klebsiella pneumoniae	Klebsiella	16	10	6	62.5	14	3	2
GCF_019703045.1	SAMD00323033	PRJDB11646	Klebsiella pneumoniae	Klebsiella	17	11	6	64.706	15	3	2
GCF_019703065.1	SAMD00323034	PRJDB11646	Klebsiella pneumoniae	Klebsiella	15	11	4	73.333	14	3	2
GCF_019703085.1	SAMD00323035	PRJDB11646	Klebsiella pneumoniae	Klebsiella	15	11	4	73.333	14	3	2
GCF_019703105.1	SAMD00323036	PRJDB11646	Klebsiella pneumoniae	Klebsiella	15	11	4	73.333	14	3	2
GCF_019703125.1	SAMD00323037	PRJDB11646	Klebsiella pneumoniae	Klebsiella	16	12	4	75.0	14	3	2
GCF_019703145.1	SAMD00323038	PRJDB11646	Klebsiella pneumoniae	Klebsiella	16	12	4	75.0	14	3	2
GCF_019703165.1	SAMD00323039	PRJDB11646	Klebsiella pneumoniae	Klebsiella	17	11	6	64.706	15	3	2
GCF_019703185.1	SAMD00323040	PRJDB11646	Klebsiella pneumoniae	Klebsiella	16	12	4	75.0	14	3	2
GCF_019703205.1	SAMD00323041	PRJDB11646	Klebsiella pneumoniae	Klebsiella	15	11	4	73.333	14	3	2
GCF_019703225.1	SAMD00323042	PRJDB11646	Klebsiella pneumoniae	Klebsiella	18	12	6	66.667	15	3	2
GCF_019703245.1	SAMD00323043	PRJDB11646	Klebsiella pneumoniae	Klebsiella	18	12	6	66.667	15	3	2
GCF_019710495.1	SAMN20702951	PRJNA753640	Pseudomonas aeruginosa	Pseudomonas	11	5	6	45.455	11	2	1
GCF_019711215.1	SAMN20692924	PRJNA753283	Pseudomonas aeruginosa	Pseudomonas	12	2	10	16.667	11	2	1
GCF_019720855.1	SAMN20822586	PRJNA753283	Pseudomonas aeruginosa	Pseudomonas	20	9	11	45.0	17	3	2
GCF_019720875.1	SAMN20821254	PRJNA753283	Pseudomonas aeruginosa	Pseudomonas	14	0	14	0.0	11	1	0
GCF_019738995.2	SAMN20703519	PRJNA753640	Pseudomonas aeruginosa	Pseudomonas	9	3	6	33.333	9	2	1
GCF_019793595.1	SAMN20855505	PRJNA756116	Klebsiella pneumoniae	Klebsiella	16	12	4	75.0	15	3	2
GCF_019797985.1	SAMEA4724625	PRJNA723772	Klebsiella pneumoniae	Klebsiella	16	12	4	75.0	16	2	1
GCF_019798005.1	SAMEA8602828	PRJNA723772	Klebsiella pneumoniae	Klebsiella	15	11	4	73.333	15	3	2
GCF_019798025.1	SAMEA8602827	PRJNA723772	Klebsiella pneumoniae	Klebsiella	5	1	4	20.0	5	2	1
GCF_019798185.1	SAMEA8602826	PRJNA723772	Klebsiella pneumoniae	Klebsiella	11	7	4	63.636	10	2	1
GCF_019803065.1	SAMN20153793	PRJNA744893	Klebsiella michiganensis	Klebsiella	14	11	3	78.571	10	3	2
GCF_019823065.1	SAMN20845043	PRJNA755842	Pseudomonas mosselii	Pseudomonas	2	0	2	0.0	2	1	0
GCF_019823765.1	SAMN20928629	PRJNA540114	Klebsiella pneumoniae	Klebsiella	20	6	14	30.0	17	2	1
GCF_019823785.1	SAMN20928630	PRJNA540114	Klebsiella pneumoniae	Klebsiella	15	3	12	20.0	14	4	3
GCF_019823805.1	SAMN20928631	PRJNA540114	Klebsiella pneumoniae	Klebsiella	20	6	14	30.0	17	2	1
GCF_019823835.1	SAMN20928633	PRJNA540114	Klebsiella pneumoniae	Klebsiella	16	9	7	56.25	12	3	2
GCF_019823855.1	SAMN20928632	PRJNA540114	Klebsiella pneumoniae	Klebsiella	14	7	7	50.0	13	2	1
GCF_019823875.1	SAMN20928637	PRJNA540114	Klebsiella pneumoniae	Klebsiella	16	2	14	12.5	14	2	1
GCF_019823895.1	SAMN20928636	PRJNA540114	Klebsiella pneumoniae	Klebsiella	19	7	12	36.842	17	3	2
GCF_019823915.1	SAMN20928639	PRJNA540114	Klebsiella pneumoniae	Klebsiella	25	19	6	76.0	22	3	2
GCF_019823935.1	SAMN20928635	PRJNA540114	Klebsiella pneumoniae	Klebsiella	15	8	7	53.333	11	3	2
GCF_019823955.1	SAMN20928638	PRJNA540114	Klebsiella pneumoniae	Klebsiella	21	7	14	33.333	17	2	1
GCF_019856295.1	SAMN20966583	PRJNA757536	Klebsiella planticola	Klebsiella	35	31	4	88.571	27	6	5
GCF_019857245.1	SAMN16656078	PRJNA672835	Pseudomonas aeruginosa	Pseudomonas	6	0	6	0.0	6	1	0
GCF_019857265.1	SAMN16656077	PRJNA672835	Pseudomonas aeruginosa	Pseudomonas	5	0	5	0.0	5	1	0
GCF_019857285.1	SAMN16656075	PRJNA672835	Pseudomonas aeruginosa	Pseudomonas	7	2	5	28.571	6	2	1
GCF_019857305.1	SAMN16656076	PRJNA672835	Pseudomonas aeruginosa	Pseudomonas	6	1	5	16.667	6	2	1
GCF_019857325.1	SAMN16656074	PRJNA672835	Pseudomonas aeruginosa	Pseudomonas	6	1	5	16.667	6	2	1
GCF_019857345.1	SAMN16656073	PRJNA672835	Pseudomonas aeruginosa	Pseudomonas	30	18	12	60.0	20	2	1
GCF_019857365.1	SAMN16656072	PRJNA672835	Pseudomonas aeruginosa	Pseudomonas	13	2	11	15.385	12	2	1
GCF_019857405.1	SAMN19950575	PRJNA672835	Pseudomonas aeruginosa	Pseudomonas	7	2	5	28.571	7	3	2
GCF_019857425.1	SAMN19950574	PRJNA672835	Pseudomonas aeruginosa	Pseudomonas	7	2	5	28.571	7	2	1
GCF_019857445.1	SAMN19950573	PRJNA672835	Pseudomonas aeruginosa	Pseudomonas	6	1	5	16.667	6	2	1
GCF_019857465.1	SAMN19950572	PRJNA672835	Pseudomonas aeruginosa	Pseudomonas	7	2	5	28.571	7	3	2
GCF_019857485.1	SAMN19950571	PRJNA672835	Pseudomonas aeruginosa	Pseudomonas	7	2	5	28.571	7	3	2
GCF_019857505.1	SAMN19950570	PRJNA672835	Pseudomonas aeruginosa	Pseudomonas	6	1	5	16.667	6	2	1
GCF_019857525.1	SAMN19950569	PRJNA672835	Pseudomonas aeruginosa	Pseudomonas	6	0	6	0.0	6	1	0
GCF_019857545.1	SAMN19950568	PRJNA672835	Pseudomonas aeruginosa	Pseudomonas	10	1	9	10.0	10	2	1
GCF_019857565.1	SAMN19950567	PRJNA672835	Pseudomonas aeruginosa	Pseudomonas	6	1	5	16.667	6	2	1
GCF_019857585.1	SAMN19950566	PRJNA672835	Pseudomonas aeruginosa	Pseudomonas	6	1	5	16.667	6	2	1
GCF_019857605.1	SAMN19950565	PRJNA672835	Pseudomonas aeruginosa	Pseudomonas	16	0	16	0.0	10	1	0
GCF_019857625.1	SAMN19950564	PRJNA672835	Pseudomonas aeruginosa	Pseudomonas	10	5	5	50.0	10	2	1
GCF_019857645.1	SAMN19950563	PRJNA672835	Pseudomonas aeruginosa	Pseudomonas	6	1	5	16.667	6	2	1
GCF_019880265.1	SAMN20959416	PRJNA757372	Klebsiella pneumoniae	Klebsiella	19	17	2	89.474	16	2	1
GCF_019880465.1	SAMN16176831	PRJNA640255	Enterobacter cancerogenus	Enterobacter	4	2	2	50.0	4	2	1
GCF_019890895.1	SAMN21035660	PRJNA758781	Klebsiella sp.	Klebsiella	4	0	4	0.0	4	1	0
GCF_019915305.1	SAMN20982458	PRJNA754843	Klebsiella pneumoniae	Klebsiella	4	0	4	0.0	4	1	0
GCF_019915325.1	SAMN20982460	PRJNA754843	Klebsiella pneumoniae	Klebsiella	4	0	4	0.0	4	1	0
GCF_019915345.1	SAMN20982459	PRJNA754843	Klebsiella pneumoniae	Klebsiella	4	0	4	0.0	4	1	0
GCF_019915445.1	SAMN20982451	PRJNA754843	Pseudomonas aeruginosa	Pseudomonas	5	0	5	0.0	5	1	0
GCF_019915465.1	SAMN20982450	PRJNA754843	Pseudomonas aeruginosa	Pseudomonas	5	0	5	0.0	5	1	0
GCF_019915485.1	SAMN20982452	PRJNA754843	Pseudomonas aeruginosa	Pseudomonas	5	0	5	0.0	5	1	0
GCF_019915565.1	SAMN21163724	PRJNA759343	Klebsiella quasipneumoniae	Klebsiella	12	8	4	66.667	10	2	1
GCF_019928625.2	SAMN18874709	PRJNA717739	Klebsiella pneumoniae	Klebsiella	19	15	4	78.947	17	3	2
GCF_019930965.1	SAMN20888892	PRJNA231221	Enterobacter ludwigii	Enterobacter	4	0	4	0.0	4	1	0
GCF_019931695.1	SAMN20964956	PRJNA757479	Klebsiella aerogenes	Klebsiella	12	8	4	66.667	12	3	2
GCF_019968765.1	SAMN18917004	PRJNA725976	Enterobacter sp.	Enterobacter	5	1	4	20.0	5	2	1
GCF_019968785.1	SAMN18917003	PRJNA725976	Enterobacter asburiae	Enterobacter	5	1	4	20.0	5	2	1
GCF_019968805.1	SAMN18917002	PRJNA725976	Enterobacter sp.	Enterobacter	5	1	4	20.0	5	2	1
GCF_019968825.1	SAMN18917000	PRJNA725976	Enterobacter sp.	Enterobacter	7	3	4	42.857	5	2	1
GCF_019968865.1	SAMN18916999	PRJNA725976	Enterobacter asburiae	Enterobacter	5	1	4	20.0	5	2	1
GCF_019968885.1	SAMN18916998	PRJNA725976	Klebsiella planticola	Klebsiella	19	16	3	84.211	16	4	3
GCF_019973635.1	SAMD00396920	PRJDB10427	Klebsiella ornithinolytica	Klebsiella	39	35	4	89.744	21	5	4
GCF_019973695.1	SAMD00268104	PRJDB10973	Enterobacter asburiae	Enterobacter	7	0	7	0.0	7	1	0
GCF_020023445.1	SAMN18487813	PRJNA717148	Klebsiella quasipneumoniae	Klebsiella	25	20	5	80.0	24	4	3
GCF_020023465.1	SAMN18487815	PRJNA717148	Klebsiella pneumoniae	Klebsiella	26	22	4	84.615	21	3	2
GCF_020042625.1	SAMN21366797	PRJNA761942	Enterobacter bugandensis	Enterobacter	4	0	4	0.0	4	1	0
GCF_020080125.1	SAMN21400268	PRJNA762655	Klebsiella pneumoniae	Klebsiella	12	0	12	0.0	11	1	0
GCF_020080145.1	SAMN21399028	PRJNA757181	Klebsiella pneumoniae	Klebsiella	31	26	5	83.871	27	3	2
GCF_020097195.1	SAMN21402700	PRJNA231221	Enterobacter hormaechei	Enterobacter	3	0	3	0.0	3	1	0
GCF_020097235.1	SAMN21218876	PRJNA231221	Enterobacter bugandensis	Enterobacter	18	14	4	77.778	18	2	1
GCF_020097415.1	SAMN21218860	PRJNA231221	Klebsiella quasipneumoniae	Klebsiella	4	0	4	0.0	4	1	0
GCF_020099175.1	SAMN21218859	PRJNA231221	Klebsiella quasipneumoniae	Klebsiella	6	2	4	33.333	6	2	1
GCF_020099215.1	SAMN21218854	PRJNA231221	Enterobacter ludwigii	Enterobacter	4	0	4	0.0	4	1	0
GCF_020099235.1	SAMN21218853	PRJNA231221	Enterobacter bugandensis	Enterobacter	18	14	4	77.778	18	2	1
GCF_020099255.1	SAMN21218852	PRJNA231221	Enterobacter bugandensis	Enterobacter	18	14	4	77.778	18	2	1
GCF_020149545.1	SAMN21399027	PRJNA757181	Enterobacter cloacae	Enterobacter	7	4	3	57.143	7	2	1
GCF_020149785.1	SAMEA3356962	PRJNA646837	Klebsiella pneumoniae	Klebsiella	4	0	4	0.0	4	1	0
GCF_020149805.1	SAMEA3357250	PRJNA646837	Klebsiella variicola	Klebsiella	31	27	4	87.097	15	2	1
GCF_020149825.1	SAMEA3357427	PRJNA646837	Klebsiella pneumoniae	Klebsiella	5	1	4	20.0	5	2	1
GCF_020149875.1	SAMEA3357001	PRJNA646837	Klebsiella pneumoniae	Klebsiella	4	0	4	0.0	4	1	0
GCF_020149895.1	SAMEA3357330	PRJNA646837	Klebsiella pneumoniae	Klebsiella	2	0	2	0.0	2	1	0
GCF_020172745.1	SAMN18487814	PRJNA717148	Klebsiella pneumoniae	Klebsiella	29	25	4	86.207	20	3	2
GCF_020204845.1	SAMN21572715	PRJNA765326	Pseudomonas amygdali	Pseudomonas	2	2	0	100.0	2	1	1
GCF_020215625.1	SAMN20114092	PRJNA744650	Klebsiella pneumoniae	Klebsiella	18	12	6	66.667	14	6	5
GCF_020221715.1	SAMN21848771	PRJNA766467	Klebsiella pneumoniae	Klebsiella	16	12	4	75.0	16	2	1
GCF_020405165.1	SAMN21162574	PRJNA759283	Pseudomonas sp.	Pseudomonas	5	0	5	0.0	5	1	0
GCF_020405265.1	SAMN21874043	PRJNA766751	Klebsiella pneumoniae	Klebsiella	20	14	6	70.0	17	3	2
GCF_020405285.1	SAMN21874042	PRJNA766749	Klebsiella pneumoniae	Klebsiella	18	13	5	72.222	13	3	2
GCF_020459305.1	SAMN21211508	PRJNA662701	Klebsiella pneumoniae	Klebsiella	7	3	4	42.857	6	2	1
GCF_020494085.1	SAMN20982344	PRJNA757901	Enterobacter mori	Enterobacter	5	0	5	0.0	5	1	0
GCF_020520185.1	SAMN21219937	PRJNA760642	Klebsiella pneumoniae	Klebsiella	14	10	4	71.429	13	3	2
GCF_020525485.1	SAMN22024790	PRJNA768294	Klebsiella pneumoniae	Klebsiella	4	0	4	0.0	4	1	0
GCF_020525505.1	SAMN22024792	PRJNA768294	Klebsiella pneumoniae	Klebsiella	4	0	4	0.0	4	1	0
GCF_020525525.1	SAMN22024807	PRJNA768294	Klebsiella quasipneumoniae	Klebsiella	6	2	4	33.333	6	2	1
GCF_020525545.1	SAMN22024815	PRJNA768294	Klebsiella variicola	Klebsiella	5	0	5	0.0	5	1	0
GCF_020525565.1	SAMN22024808	PRJNA768294	Klebsiella quasipneumoniae	Klebsiella	4	0	4	0.0	4	1	0
GCF_020525585.1	SAMN22024806	PRJNA768294	Klebsiella quasipneumoniae	Klebsiella	11	6	5	54.545	10	3	2
GCF_020525605.1	SAMN22024812	PRJNA768294	Klebsiella variicola	Klebsiella	4	0	4	0.0	4	1	0
GCF_020525625.1	SAMN22024811	PRJNA768294	Klebsiella variicola	Klebsiella	4	0	4	0.0	4	1	0
GCF_020525645.1	SAMN22024793	PRJNA768294	Klebsiella pneumoniae	Klebsiella	4	0	4	0.0	4	1	0
GCF_020525705.1	SAMN22024809	PRJNA768294	Klebsiella quasipneumoniae	Klebsiella	6	2	4	33.333	6	3	2
GCF_020525725.1	SAMN22024804	PRJNA768294	Klebsiella quasipneumoniae	Klebsiella	7	3	4	42.857	7	3	2
GCF_020525785.1	SAMN22024803	PRJNA768294	Klebsiella quasipneumoniae	Klebsiella	4	0	4	0.0	4	1	0
GCF_020525805.1	SAMN22024801	PRJNA768294	Klebsiella quasipneumoniae	Klebsiella	6	2	4	33.333	6	2	1
GCF_020525825.1	SAMN22024802	PRJNA768294	Klebsiella quasipneumoniae	Klebsiella	1	0	1	0.0	1	1	0
GCF_020525845.1	SAMN22024791	PRJNA768294	Klebsiella pneumoniae	Klebsiella	4	0	4	0.0	4	1	0
GCF_020525865.1	SAMN22024799	PRJNA768294	Klebsiella pneumoniae	Klebsiella	4	0	4	0.0	4	1	0
GCF_020525885.1	SAMN22024789	PRJNA768294	Klebsiella pneumoniae	Klebsiella	4	0	4	0.0	4	1	0
GCF_020525905.1	SAMN22024798	PRJNA768294	Klebsiella pneumoniae	Klebsiella	5	1	4	20.0	5	2	1
GCF_020525925.1	SAMN22024800	PRJNA768294	Klebsiella quasipneumoniae	Klebsiella	6	2	4	33.333	6	2	1
GCF_020525945.1	SAMN22024797	PRJNA768294	Klebsiella pneumoniae	Klebsiella	5	0	5	0.0	5	1	0
GCF_020525965.1	SAMN22024796	PRJNA768294	Klebsiella pneumoniae	Klebsiella	4	0	4	0.0	4	1	0
GCF_020525985.1	SAMN22024795	PRJNA768294	Klebsiella pneumoniae	Klebsiella	4	0	4	0.0	4	1	0
GCF_020526005.1	SAMN22024794	PRJNA768294	Klebsiella pneumoniae	Klebsiella	17	13	4	76.471	15	3	2
GCF_020526025.1	SAMN22024781	PRJNA768294	Klebsiella pneumoniae	Klebsiella	9	5	4	55.556	9	2	1
GCF_020526045.1	SAMN22024780	PRJNA768294	Klebsiella pneumoniae	Klebsiella	4	0	4	0.0	4	1	0
GCF_020526065.1	SAMN22024782	PRJNA768294	Klebsiella pneumoniae	Klebsiella	4	0	4	0.0	4	1	0
GCF_020526085.1	SAMN22024779	PRJNA768294	Klebsiella africana	Klebsiella	4	0	4	0.0	4	1	0
GCF_020535145.1	SAMN21156845	PRJNA540114	Klebsiella pneumoniae	Klebsiella	23	19	4	82.609	22	3	2
GCF_020540925.1	SAMN22169090	PRJNA769740	Enterobacter cloacae	Enterobacter	5	0	5	0.0	5	1	0
GCF_020641015.1	SAMN22374975	PRJNA772526	Klebsiella pneumoniae	Klebsiella	3	1	2	33.333	3	2	1
GCF_020695365.1	SAMN22377434	PRJNA772913	Enterobacter hormaechei	Enterobacter	21	17	4	80.952	20	3	2
GCF_020695485.1	SAMN22377432	PRJNA772913	Enterobacter hormaechei	Enterobacter	11	6	5	54.545	10	2	1
GCF_020695545.1	SAMN22377431	PRJNA772913	Klebsiella pneumoniae	Klebsiella	16	12	4	75.0	15	4	3
GCF_020695585.1	SAMN22377429	PRJNA772913	Enterobacter hormaechei	Enterobacter	25	21	4	84.0	21	3	2
GCF_020695605.1	SAMN22377422	PRJNA772913	Enterobacter hormaechei	Enterobacter	15	11	4	73.333	15	3	2
GCF_020695625.1	SAMN22377421	PRJNA772913	Klebsiella michiganensis	Klebsiella	12	8	4	66.667	11	2	1
GCF_020695665.1	SAMN22377416	PRJNA772913	Klebsiella pneumoniae	Klebsiella	9	1	8	11.111	9	2	1
GCF_020695685.1	SAMN22377414	PRJNA772913	Enterobacter hormaechei	Enterobacter	10	7	3	70.0	9	2	1
GCF_020695705.1	SAMN22377412	PRJNA772913	Enterobacter hormaechei	Enterobacter	24	20	4	83.333	23	3	2
GCF_020695725.1	SAMN22377411	PRJNA772913	Enterobacter hormaechei	Enterobacter	16	13	3	81.25	16	4	3
GCF_020736285.1	SAMN22599454	PRJNA774952	Klebsiella pneumoniae	Klebsiella	13	9	4	69.231	12	3	2
GCF_020771675.1	SAMN22573149	PRJNA774784	Pseudomonas aeruginosa	Pseudomonas	23	18	5	78.261	19	2	1
GCF_020771755.1	SAMN22573148	PRJNA774784	Pseudomonas aeruginosa	Pseudomonas	10	0	10	0.0	9	1	0
GCF_020783215.1	SAMN22567593	PRJNA774541	Enterobacter ludwigii	Enterobacter	4	0	4	0.0	4	1	0
GCF_020783235.1	SAMN22567595	PRJNA774541	Enterobacter ludwigii	Enterobacter	4	0	4	0.0	4	1	0
GCF_020783255.1	SAMN22567594	PRJNA774541	Enterobacter ludwigii	Enterobacter	4	0	4	0.0	4	1	0
GCF_020808985.1	SAMN22815109	PRJNA776717	Klebsiella pneumoniae	Klebsiella	6	1	5	16.667	6	2	1
GCF_020881955.1	SAMN22871631	PRJNA777725	Enterobacter roggenkampii	Enterobacter	4	0	4	0.0	4	1	0
GCF_020882135.1	SAMN22871632	PRJNA777726	Enterobacter cloacae	Enterobacter	4	0	4	0.0	4	1	0
GCF_020906545.1	SAMN13620534	PRJNA596383	Klebsiella pneumoniae	Klebsiella	17	12	5	70.588	16	2	1
GCF_020911785.1	SAMN23002891	PRJNA778913	Klebsiella pneumoniae	Klebsiella	9	0	9	0.0	9	1	0
GCF_020911805.1	SAMN23002890	PRJNA778913	Klebsiella pneumoniae	Klebsiella	4	0	4	0.0	4	1	0
GCF_020911845.1	SAMN22864319	PRJNA777571	Pseudomonas sp.	Pseudomonas	8	7	1	87.5	8	2	1
GCF_020971765.1	SAMN23067479	PRJNA779677	Enterobacter sp.	Enterobacter	4	0	4	0.0	4	1	0
GCF_020978345.1	SAMN20425746	PRJNA749924	Pseudomonas aeruginosa	Pseudomonas	5	0	5	0.0	5	1	0
GCF_020985265.1	SAMN23219801	PRJNA741538	Klebsiella quasipneumoniae	Klebsiella	17	13	4	76.471	17	3	2
GCF_020990405.1	SAMN23139350	PRJNA780392	Klebsiella pneumoniae	Klebsiella	47	43	4	91.489	37	4	3
GCF_020990445.1	SAMN23245613	PRJNA781297	Pseudomonas aeruginosa	Pseudomonas	19	0	19	0.0	15	1	0
GCF_020990465.1	SAMN23245687	PRJNA781305	Pseudomonas aeruginosa	Pseudomonas	22	0	22	0.0	14	1	0
GCF_020990485.1	SAMN23245698	PRJNA781334	Pseudomonas aeruginosa	Pseudomonas	22	0	22	0.0	14	1	0
GCF_020991145.1	SAMN23249428	PRJNA781387	Klebsiella pneumoniae	Klebsiella	17	13	4	76.471	17	3	2
GCF_020995405.1	SAMN23371669	PRJNA782267	Klebsiella variicola	Klebsiella	4	0	4	0.0	4	1	0
GCF_021029445.1	SAMN18559493	PRJNA718717	Pseudomonas wenzhouensis	Pseudomonas	1	0	1	0.0	1	1	0
GCF_021135615.1	SAMN21016516	PRJNA759850	Klebsiella pneumoniae	Klebsiella	15	11	4	73.333	13	4	3
GCF_021137615.1	SAMN21016509	PRJNA759850	Klebsiella pneumoniae	Klebsiella	14	10	4	71.429	14	2	1
GCF_021137635.1	SAMN21016508	PRJNA759850	Klebsiella pneumoniae	Klebsiella	26	22	4	84.615	22	3	2
GCF_021137655.1	SAMN21016533	PRJNA759850	Klebsiella pneumoniae	Klebsiella	14	10	4	71.429	14	2	1
GCF_021137675.1	SAMN21016532	PRJNA759850	Klebsiella pneumoniae	Klebsiella	44	40	4	90.909	27	6	5
GCF_021137695.1	SAMN21016531	PRJNA759850	Klebsiella pneumoniae	Klebsiella	16	7	9	43.75	12	3	2
GCF_021137715.1	SAMN21016529	PRJNA759850	Klebsiella pneumoniae	Klebsiella	10	6	4	60.0	10	2	1
GCF_021137735.1	SAMN21016528	PRJNA759850	Klebsiella pneumoniae	Klebsiella	9	5	4	55.556	8	4	3
GCF_021137755.1	SAMN21016527	PRJNA759850	Klebsiella pneumoniae	Klebsiella	26	22	4	84.615	22	3	2
GCF_021137775.1	SAMN21016534	PRJNA759850	Klebsiella pneumoniae	Klebsiella	13	8	5	61.538	11	2	1
GCF_021137795.1	SAMN21016525	PRJNA759850	Klebsiella pneumoniae	Klebsiella	13	8	5	61.538	11	2	1
GCF_021137815.1	SAMN21016524	PRJNA759850	Klebsiella pneumoniae	Klebsiella	18	13	5	72.222	11	3	2
GCF_021137835.1	SAMN21016539	PRJNA759850	Klebsiella pneumoniae	Klebsiella	11	7	4	63.636	11	3	2
GCF_021137855.1	SAMN21016535	PRJNA759850	Klebsiella pneumoniae	Klebsiella	15	13	2	86.667	14	3	2
GCF_021137875.1	SAMN21016518	PRJNA759850	Klebsiella pneumoniae	Klebsiella	18	8	10	44.444	17	4	3
GCF_021137895.1	SAMN21016517	PRJNA759850	Klebsiella pneumoniae	Klebsiella	18	8	10	44.444	17	4	3
GCF_021137915.1	SAMN21016540	PRJNA759850	Klebsiella pneumoniae	Klebsiella	5	1	4	20.0	5	2	1
GCF_021137935.1	SAMN21016543	PRJNA759850	Klebsiella pneumoniae	Klebsiella	21	15	6	71.429	20	4	3
GCF_021137955.1	SAMN21016544	PRJNA759850	Klebsiella pneumoniae	Klebsiella	5	1	4	20.0	5	2	1
GCF_021137975.1	SAMN21016542	PRJNA759850	Klebsiella pneumoniae	Klebsiella	10	6	4	60.0	10	3	2
GCF_021138035.1	SAMN21016479	PRJNA759850	Klebsiella pneumoniae	Klebsiella	16	12	4	75.0	15	3	2
GCF_021138155.1	SAMN21016545	PRJNA759850	Klebsiella pneumoniae	Klebsiella	19	15	4	78.947	16	3	2
GCF_021166055.1	SAMN23552373	PRJNA549322	Klebsiella pneumoniae	Klebsiella	6	2	4	33.333	6	2	1
GCF_021166075.1	SAMN23552372	PRJNA549322	Klebsiella pneumoniae	Klebsiella	12	8	4	66.667	11	2	1
GCF_021166095.1	SAMN23552371	PRJNA549322	Klebsiella pneumoniae	Klebsiella	7	3	4	42.857	7	2	1
GCF_021166115.1	SAMN23552370	PRJNA549322	Klebsiella pneumoniae	Klebsiella	12	8	4	66.667	11	3	2
GCF_021166135.1	SAMN23552368	PRJNA549322	Klebsiella pneumoniae	Klebsiella	18	14	4	77.778	17	4	3
GCF_021166155.1	SAMN23552369	PRJNA549322	Klebsiella pneumoniae	Klebsiella	10	6	4	60.0	10	2	1
GCF_021166175.1	SAMN23552367	PRJNA549322	Klebsiella pneumoniae	Klebsiella	4	0	4	0.0	4	1	0
GCF_021166195.1	SAMN23552366	PRJNA549322	Klebsiella pneumoniae	Klebsiella	23	19	4	82.609	21	6	5
GCF_021166215.1	SAMN23552365	PRJNA549322	Klebsiella pneumoniae	Klebsiella	6	2	4	33.333	6	2	1
GCF_021166235.1	SAMN15146843	PRJNA549322	Klebsiella pneumoniae	Klebsiella	21	17	4	80.952	19	4	3
GCF_021166255.2	SAMN23605137	PRJNA749299	Pseudomonas aeruginosa	Pseudomonas	5	0	5	0.0	5	1	0
GCF_021166275.2	SAMN23605136	PRJNA749299	Pseudomonas aeruginosa	Pseudomonas	5	0	5	0.0	5	1	0
GCF_021166295.1	SAMN23605135	PRJNA749299	Pseudomonas aeruginosa	Pseudomonas	5	0	5	0.0	5	1	0
GCF_021166315.2	SAMN23605134	PRJNA749299	Pseudomonas aeruginosa	Pseudomonas	5	0	5	0.0	5	1	0
GCF_021166335.2	SAMN23605133	PRJNA749299	Pseudomonas aeruginosa	Pseudomonas	5	0	5	0.0	5	1	0
GCF_021166355.2	SAMN23605132	PRJNA749299	Pseudomonas aeruginosa	Pseudomonas	5	0	5	0.0	5	1	0
GCF_021166375.2	SAMN23605131	PRJNA749299	Pseudomonas aeruginosa	Pseudomonas	5	0	5	0.0	5	1	0
GCF_021172125.1	SAMN23672522	PRJNA786426	Klebsiella pneumoniae	Klebsiella	26	22	4	84.615	24	3	2
GCF_021184225.1	SAMN23314262	PRJNA782057	Klebsiella sp.	Klebsiella	4	0	4	0.0	4	1	0
GCF_021184245.1	SAMN23672503	PRJNA786423	Pseudomonas aeruginosa	Pseudomonas	13	0	13	0.0	11	1	0
GCF_021184265.1	SAMN23672582	PRJNA786435	Pseudomonas aeruginosa	Pseudomonas	12	7	5	58.333	11	2	1
GCF_021228655.1	SAMN23286080	PRJNA781656	Klebsiella oxytoca	Klebsiella	34	31	3	91.176	26	2	1
GCF_021228695.1	SAMN23286118	PRJNA781656	Klebsiella michiganensis	Klebsiella	5	1	4	20.0	5	2	1
GCF_021228715.1	SAMN23286055	PRJNA781656	Klebsiella oxytoca	Klebsiella	31	28	3	90.323	24	2	1
GCF_021228735.1	SAMN23286136	PRJNA781656	Klebsiella pasteurii	Klebsiella	20	17	3	85.0	18	3	2
GCF_021228755.1	SAMN23286126	PRJNA781656	Klebsiella michiganensis	Klebsiella	14	10	4	71.429	13	2	1
GCF_021228775.1	SAMN23286083	PRJNA781656	Klebsiella oxytoca	Klebsiella	14	11	3	78.571	14	2	1
GCF_021228815.1	SAMN23286194	PRJNA674961	Klebsiella pneumoniae	Klebsiella	15	11	4	73.333	15	2	1
GCF_021228835.1	SAMN23286210	PRJNA674961	Klebsiella variicola	Klebsiella	12	8	4	66.667	12	2	1
GCF_021228855.1	SAMN23799016	PRJNA787404	Klebsiella michiganensis	Klebsiella	13	0	13	0.0	13	1	0
GCF_021228995.1	SAMN23798052	PRJNA787314	Klebsiella michiganensis	Klebsiella	6	3	3	50.0	6	2	1
GCF_021249245.1	SAMN23553085	PRJNA785291	Pseudomonas aeruginosa	Pseudomonas	5	0	5	0.0	5	1	0
GCF_021249265.1	SAMN23898336	PRJNA788123	Klebsiella pneumoniae	Klebsiella	10	6	4	60.0	10	2	1
GCF_021266605.1	SAMN24059709	PRJNA789140	Pseudomonas aeruginosa	Pseudomonas	5	0	5	0.0	5	1	0
GCF_021282525.2	SAMN23773709	PRJNA788750	Pseudomonas monteilii	Pseudomonas	7	0	7	0.0	5	1	0
GCF_021282625.2	SAMN23773730	PRJNA788750	Pseudomonas monteilii	Pseudomonas	10	0	10	0.0	8	1	0
GCF_021282645.2	SAMN23773731	PRJNA788750	Pseudomonas monteilii	Pseudomonas	9	0	9	0.0	7	1	0
GCF_021283055.2	SAMN23773763	PRJNA788750	Pseudomonas monteilii	Pseudomonas	15	0	15	0.0	9	1	0
GCF_021283075.2	SAMN23773712	PRJNA788750	Pseudomonas alloputida	Pseudomonas	8	0	8	0.0	6	1	0
GCF_021283125.2	SAMN23773739	PRJNA788750	Pseudomonas kurunegalensis	Pseudomonas	15	0	15	0.0	13	1	0
GCF_021283165.2	SAMN23773761	PRJNA788750	Pseudomonas soli	Pseudomonas	7	0	7	0.0	6	1	0
GCF_021283365.2	SAMN23773737	PRJNA788750	Pseudomonas monteilii	Pseudomonas	11	0	11	0.0	9	1	0
GCF_021283375.2	SAMN23773752	PRJNA788750	Pseudomonas mosselii	Pseudomonas	3	0	3	0.0	3	1	0
GCF_021283465.2	SAMN23773760	PRJNA788750	Pseudomonas asiatica	Pseudomonas	10	0	10	0.0	9	1	0
GCF_021283545.2	SAMN23773755	PRJNA788750	Pseudomonas alloputida	Pseudomonas	7	0	7	0.0	6	1	0
GCF_021347605.1	SAMN22799449	PRJNA776551	Enterobacter roggenkampii	Enterobacter	6	2	4	33.333	6	2	1
GCF_021378395.1	SAMN14750015	PRJNA628735	Pseudomonas aeruginosa	Pseudomonas	20	0	20	0.0	12	1	0
GCF_021389995.1	SAMN23803106	PRJNA787439	Klebsiella pneumoniae	Klebsiella	10	6	4	60.0	10	3	2
GCF_021390015.1	SAMN23803102	PRJNA787439	Klebsiella pneumoniae	Klebsiella	6	2	4	33.333	6	2	1
GCF_021391575.1	SAMN24290086	PRJNA791461	Klebsiella michiganensis	Klebsiella	20	17	3	85.0	16	2	1
GCF_021397585.1	SAMN24255899	PRJNA553055	Klebsiella pneumoniae	Klebsiella	21	17	4	80.952	18	6	5
GCF_021397695.1	SAMN24341409	PRJNA791797	Enterobacter hormaechei	Enterobacter	10	6	4	60.0	9	3	2
GCF_021397755.1	SAMN24372389	PRJNA792040	Klebsiella pneumoniae	Klebsiella	4	0	4	0.0	4	1	0
GCF_021398115.1	SAMN24425646	PRJNA791797	Enterobacter hormaechei	Enterobacter	8	4	4	50.0	8	3	2
GCF_021398155.1	SAMN24425642	PRJNA792451	Klebsiella pneumoniae	Klebsiella	17	13	4	76.471	15	3	2
GCF_021398445.1	SAMN20587887	PRJNA509089	Klebsiella pneumoniae	Klebsiella	4	0	4	0.0	4	1	0
GCF_021398755.1	SAMN24425653	PRJNA792458	Pseudomonas aeruginosa	Pseudomonas	5	0	5	0.0	5	1	0
GCF_021398915.1	SAMN24372405	PRJNA792043	Klebsiella oxytoca	Klebsiella	3	0	3	0.0	3	1	0
GCF_021431985.1	SAMN24579938	PRJNA793723	Klebsiella pneumoniae	Klebsiella	6	0	6	0.0	6	1	0
GCF_021432005.1	SAMN24579953	PRJNA793726	Klebsiella pneumoniae	Klebsiella	5	0	5	0.0	5	1	0
GCF_021432105.1	SAMN24499276	PRJNA793052	Klebsiella pneumoniae	Klebsiella	17	13	4	76.471	17	3	2
GCF_021432125.1	SAMN24499277	PRJNA793052	Klebsiella pneumoniae	Klebsiella	16	12	4	75.0	16	3	2
GCF_021441845.1	SAMN24469448	PRJNA792880	Klebsiella pneumoniae	Klebsiella	7	3	4	42.857	6	2	1
GCF_021442005.1	SAMN24571286	PRJNA793626	Klebsiella pneumoniae	Klebsiella	15	11	4	73.333	14	3	2
GCF_021442045.1	SAMN24662597	PRJNA794878	Klebsiella pneumoniae	Klebsiella	18	13	5	72.222	16	4	3
GCF_021442065.1	SAMN24662261	PRJNA794878	Klebsiella pneumoniae	Klebsiella	14	10	4	71.429	13	3	2
GCF_021460035.1	SAMN22108528	PRJNA769286	Pseudomonas aeruginosa	Pseudomonas	5	0	5	0.0	5	1	0
GCF_021460155.1	SAMN22108513	PRJNA769286	Klebsiella pneumoniae	Klebsiella	4	0	4	0.0	4	1	0
GCF_021464465.1	SAMN18719795	PRJNA721523	Klebsiella pneumoniae	Klebsiella	6	2	4	33.333	6	2	1
GCF_021484965.1	SAMN24450305	PRJNA792671	Klebsiella pneumoniae	Klebsiella	33	29	4	87.879	32	5	4
GCF_021484985.1	SAMN24648678	PRJNA794363	Klebsiella pneumoniae	Klebsiella	11	5	6	45.455	10	3	2
GCF_021485005.1	SAMN24648677	PRJNA794363	Klebsiella pneumoniae	Klebsiella	10	4	6	40.0	10	3	2
GCF_021485025.1	SAMN24648676	PRJNA794363	Klebsiella pneumoniae	Klebsiella	10	4	6	40.0	10	3	2
GCF_021491615.1	SAMN24596081	PRJNA794006	Enterobacter hormaechei	Enterobacter	4	2	2	50.0	4	3	2
GCF_021491635.1	SAMN24596082	PRJNA794006	Enterobacter hormaechei	Enterobacter	8	4	4	50.0	8	3	2
GCF_021496095.1	SAMN17023568	PRJNA683169	Klebsiella pneumoniae	Klebsiella	27	23	4	85.185	25	6	5
GCF_021496135.1	SAMN24852042	PRJNA796381	Enterobacter hormaechei	Enterobacter	12	8	4	66.667	12	2	1
GCF_021496525.1	SAMN15079954	PRJNA636580	Klebsiella ornithinolytica	Klebsiella	11	8	3	72.727	11	3	2
GCF_021496545.1	SAMN15097741	PRJNA637160	Klebsiella pneumoniae	Klebsiella	4	0	4	0.0	4	1	0
GCF_021496745.1	SAMN14938331	PRJNA633246	Enterobacter cloacae	Enterobacter	25	21	4	84.0	22	3	2
GCF_021497265.1	SAMN13874936	PRJNA601835	Klebsiella pneumoniae	Klebsiella	5	1	4	20.0	5	2	1
GCF_021497285.1	SAMN15195796	PRJNA638475	Pseudomonas aeruginosa	Pseudomonas	9	0	9	0.0	9	1	0
GCF_021497305.1	SAMN15195814	PRJNA638478	Pseudomonas aeruginosa	Pseudomonas	12	0	12	0.0	11	1	0
GCF_021497325.1	SAMN15195942	PRJNA638484	Pseudomonas aeruginosa	Pseudomonas	5	0	5	0.0	5	1	0
GCF_021497345.2	SAMN15195943	PRJNA638486	Pseudomonas aeruginosa	Pseudomonas	10	5	5	50.0	9	2	1
GCF_021497365.2	SAMN15195944	PRJNA638488	Pseudomonas aeruginosa	Pseudomonas	9	4	5	44.444	9	2	1
GCF_021497385.1	SAMN15196021	PRJNA638492	Pseudomonas aeruginosa	Pseudomonas	11	0	11	0.0	10	1	0
GCF_021497405.1	SAMN15196025	PRJNA638494	Pseudomonas aeruginosa	Pseudomonas	15	0	15	0.0	14	1	0
GCF_021497425.1	SAMN15196026	PRJNA638495	Pseudomonas aeruginosa	Pseudomonas	5	0	5	0.0	5	1	0
GCF_021497445.1	SAMN15196027	PRJNA638496	Pseudomonas aeruginosa	Pseudomonas	5	0	5	0.0	5	1	0
GCF_021497485.1	SAMN17023459	PRJNA683150	Klebsiella pneumoniae	Klebsiella	15	11	4	73.333	14	3	2
GCF_021497605.1	SAMN18311224	PRJNA714529	Enterobacter cloacae	Enterobacter	18	15	3	83.333	14	2	1
GCF_021497625.1	SAMN18311225	PRJNA714529	Enterobacter hormaechei	Enterobacter	17	6	11	35.294	14	2	1
GCF_021498005.1	SAMN14987945	PRJNA634307	Klebsiella pneumoniae	Klebsiella	10	8	2	80.0	8	2	1
GCF_021513295.1	SAMN17318937	PRJNA692254	Pseudomonas aeruginosa	Pseudomonas	9	2	7	22.222	7	2	1
GCF_021513375.1	SAMN13234657	PRJNA588274	Pseudomonas aeruginosa	Pseudomonas	5	0	5	0.0	5	1	0
GCF_021513395.1	SAMN13234656	PRJNA588274	Pseudomonas aeruginosa	Pseudomonas	5	0	5	0.0	5	1	0
GCF_021513415.1	SAMN13234653	PRJNA588274	Pseudomonas aeruginosa	Pseudomonas	5	0	5	0.0	5	1	0
GCF_021513435.1	SAMN13234662	PRJNA588274	Pseudomonas aeruginosa	Pseudomonas	5	0	5	0.0	5	1	0
GCF_021513455.1	SAMN13234655	PRJNA588274	Pseudomonas aeruginosa	Pseudomonas	5	0	5	0.0	5	1	0
GCF_021513475.1	SAMN13234654	PRJNA588274	Pseudomonas aeruginosa	Pseudomonas	5	0	5	0.0	5	1	0
GCF_021513495.1	SAMN13234661	PRJNA588274	Pseudomonas aeruginosa	Pseudomonas	5	0	5	0.0	5	1	0
GCF_021513515.1	SAMN13234658	PRJNA588274	Pseudomonas aeruginosa	Pseudomonas	5	0	5	0.0	5	1	0
GCF_021513535.1	SAMN13234660	PRJNA588274	Pseudomonas aeruginosa	Pseudomonas	5	0	5	0.0	5	1	0
GCF_021513555.1	SAMN13234659	PRJNA588274	Pseudomonas aeruginosa	Pseudomonas	5	0	5	0.0	5	1	0
GCF_021513575.1	SAMN13234652	PRJNA588274	Pseudomonas aeruginosa	Pseudomonas	5	0	5	0.0	5	1	0
GCF_021513595.1	SAMN13234650	PRJNA588274	Pseudomonas aeruginosa	Pseudomonas	5	0	5	0.0	5	1	0
GCF_021513615.1	SAMN13234649	PRJNA588274	Pseudomonas aeruginosa	Pseudomonas	5	0	5	0.0	5	1	0
GCF_021513635.1	SAMN13234648	PRJNA588274	Pseudomonas aeruginosa	Pseudomonas	5	0	5	0.0	5	1	0
GCF_021513675.1	SAMN13234651	PRJNA588274	Pseudomonas aeruginosa	Pseudomonas	5	0	5	0.0	5	1	0
GCF_021535085.1	SAMN24562924	PRJNA788123	Klebsiella pneumoniae	Klebsiella	10	6	4	60.0	10	2	1
GCF_021535105.1	SAMN24562925	PRJNA788123	Klebsiella pneumoniae	Klebsiella	8	4	4	50.0	8	2	1
GCF_021560075.1	SAMN24966705	PRJNA796941	Pseudomonas juntendi	Pseudomonas	34	0	34	0.0	21	1	0
GCF_021560095.1	SAMN24836900	PRJNA796221	Klebsiella pneumoniae	Klebsiella	12	10	2	83.333	12	3	2
GCF_021655415.1	SAMD00212274	PRJDB9461	Klebsiella pneumoniae	Klebsiella	4	0	4	0.0	4	1	0
GCF_021655435.1	SAMD00287284	PRJDB9509	Klebsiella pneumoniae	Klebsiella	12	7	5	58.333	12	2	1
GCF_021655455.1	SAMD00287285	PRJDB9509	Klebsiella pneumoniae	Klebsiella	12	7	5	58.333	12	2	1
GCF_021655475.1	SAMD00287286	PRJDB9509	Klebsiella pneumoniae	Klebsiella	17	12	5	70.588	13	4	3
GCF_021655495.1	SAMD00287287	PRJDB9509	Klebsiella pneumoniae	Klebsiella	16	11	5	68.75	12	3	2
GCF_021655515.1	SAMD00287288	PRJDB9509	Klebsiella pneumoniae	Klebsiella	21	11	10	52.381	12	3	2
GCF_021725435.1	SAMN25126227	PRJNA798785	Enterobacter sp.	Enterobacter	23	19	4	82.609	20	5	4
GCF_021725455.1	SAMN25127978	PRJNA798836	Pseudomonas juntendi	Pseudomonas	2	0	2	0.0	2	1	0
GCF_021729765.1	SAMN15395543	PRJNA642368	Klebsiella pneumoniae	Klebsiella	13	9	4	69.231	13	3	2
GCF_021729785.1	SAMN15395544	PRJNA642368	Klebsiella pneumoniae	Klebsiella	27	25	2	92.593	23	4	3
GCF_021729905.1	SAMN15394209	PRJNA642353	Klebsiella pneumoniae	Klebsiella	4	0	4	0.0	4	1	0
GCF_021729925.1	SAMN15394503	PRJNA642368	Klebsiella pneumoniae	Klebsiella	22	20	2	90.909	20	3	2
GCF_021768325.1	SAMN20953120	PRJNA757198	Klebsiella pneumoniae	Klebsiella	23	18	5	78.261	21	4	3
GCF_021869625.1	SAMN25233125	PRJNA800174	Enterobacter cloacae	Enterobacter	29	22	7	75.862	26	4	3
GCF_021869645.1	SAMN25233124	PRJNA800173	Enterobacter cloacae	Enterobacter	17	13	4	76.471	12	2	1
GCF_021869665.1	SAMN25233123	PRJNA800172	Enterobacter cloacae	Enterobacter	31	24	7	77.419	27	5	4
GCF_021869685.1	SAMN25233122	PRJNA800171	Enterobacter cloacae	Enterobacter	18	15	3	83.333	14	3	2
GCF_021869705.1	SAMN13619442	PRJNA595838	Klebsiella sp.	Klebsiella	4	0	4	0.0	4	1	0
GCF_021899575.1	SAMN25260015	PRJNA779589	Klebsiella pneumoniae	Klebsiella	23	19	4	82.609	19	4	3
GCF_021899615.1	SAMN25263166	PRJNA779589	Klebsiella pneumoniae	Klebsiella	22	18	4	81.818	18	4	3
GCF_021899755.1	SAMN25263436	PRJNA779589	Klebsiella pneumoniae	Klebsiella	45	35	10	77.778	33	5	4
GCF_021952745.1	SAMN22551388	PRJNA774102	Klebsiella pneumoniae	Klebsiella	5	1	4	20.0	5	2	1
GCF_021952765.1	SAMN22551386	PRJNA774102	Klebsiella pneumoniae	Klebsiella	17	12	5	70.588	17	3	2
GCF_022009655.1	SAMN25340851	PRJNA801355	Klebsiella pneumoniae	Klebsiella	4	0	4	0.0	4	1	0
GCF_022014715.1	SAMN25390741	PRJNA801791	Enterobacter mori	Enterobacter	5	0	5	0.0	5	1	0
GCF_022023795.1	SAMN13925536	PRJNA603241	Klebsiella quasipneumoniae	Klebsiella	21	17	4	80.952	17	3	2
GCF_022023895.1	SAMN13747518	PRJNA599404	Enterobacter hormaechei	Enterobacter	26	20	6	76.923	21	4	3
GCF_022023915.1	SAMN13747514	PRJNA599404	Enterobacter hormaechei	Enterobacter	24	21	3	87.5	23	4	3
GCF_022023955.1	SAMN13747513	PRJNA599404	Enterobacter hormaechei	Enterobacter	24	21	3	87.5	23	4	3
GCF_022059905.1	SAMN25529517	PRJNA802323	Klebsiella pneumoniae	Klebsiella	34	30	4	88.235	29	4	3
GCF_022163245.2	SAMN25236446	PRJNA800235	Klebsiella michiganensis	Klebsiella	28	25	3	89.286	26	5	4
GCF_022213165.2	SAMN25688706	PRJNA803822	Pseudomonas aeruginosa	Pseudomonas	4	0	4	0.0	4	1	0
GCF_022213405.2	SAMN25688211	PRJNA803812	Klebsiella pneumoniae	Klebsiella	27	23	4	85.185	22	3	2
GCF_022213425.1	SAMN25378372	PRJNA801716	Klebsiella pneumoniae	Klebsiella	7	3	4	42.857	6	2	1
GCF_022220405.1	SAMN25692586	PRJNA803974	Enterobacter cloacae	Enterobacter	4	2	2	50.0	4	3	2
GCF_022313415.2	SAMN25845549	PRJNA805232	Klebsiella quasipneumoniae	Klebsiella	4	0	4	0.0	4	1	0
GCF_022343245.1	SAMN21892164	PRJNA767184	Klebsiella michiganensis	Klebsiella	22	6	16	27.273	18	3	2
GCF_022343265.1	SAMN21906695	PRJNA767500	Klebsiella michiganensis	Klebsiella	25	9	16	36.0	20	3	2
GCF_022353525.1	SAMN13925539	PRJNA603241	Klebsiella pneumoniae	Klebsiella	29	18	11	62.069	24	2	1
GCF_022353585.1	SAMN13925535	PRJNA603241	Klebsiella pneumoniae	Klebsiella	15	11	4	73.333	15	2	1
GCF_022353645.1	SAMN13925550	PRJNA603241	Klebsiella pneumoniae	Klebsiella	30	26	4	86.667	25	3	2
GCF_022353665.1	SAMN13925549	PRJNA603241	Klebsiella pneumoniae	Klebsiella	24	20	4	83.333	23	3	2
GCF_022353705.1	SAMN13925547	PRJNA603241	Klebsiella pneumoniae	Klebsiella	27	23	4	85.185	25	4	3
GCF_022353765.1	SAMN13925544	PRJNA603241	Klebsiella pneumoniae	Klebsiella	19	15	4	78.947	18	2	1
GCF_022353805.1	SAMN13925542	PRJNA603241	Klebsiella pneumoniae	Klebsiella	13	9	4	69.231	13	2	1
GCF_022353825.1	SAMN13925541	PRJNA603241	Klebsiella pneumoniae	Klebsiella	17	13	4	76.471	16	2	1
GCF_022353865.1	SAMN13925594	PRJNA603241	Klebsiella quasipneumoniae	Klebsiella	19	15	4	78.947	18	2	1
GCF_022353985.1	SAMN13925588	PRJNA603241	Klebsiella pneumoniae	Klebsiella	16	12	4	75.0	16	2	1
GCF_022354105.1	SAMN13925582	PRJNA603241	Klebsiella pneumoniae	Klebsiella	25	21	4	84.0	22	2	1
GCF_022354125.1	SAMN13925581	PRJNA603241	Klebsiella pneumoniae	Klebsiella	22	9	13	40.909	17	2	1
GCF_022354165.1	SAMN13925579	PRJNA603241	Klebsiella pneumoniae	Klebsiella	23	19	4	82.609	21	3	2
GCF_022354265.1	SAMN13925531	PRJNA603241	Klebsiella ornithinolytica	Klebsiella	16	13	3	81.25	15	3	2
GCF_022354285.1	SAMN13925530	PRJNA603241	Klebsiella pneumoniae	Klebsiella	18	14	4	77.778	17	3	2
GCF_022354365.1	SAMN13925526	PRJNA603241	Klebsiella pneumoniae	Klebsiella	27	20	7	74.074	21	3	2
GCF_022354525.1	SAMN25953952	PRJNA807088	Klebsiella pneumoniae	Klebsiella	19	13	6	68.421	17	4	3
GCF_022354545.1	SAMN13925604	PRJNA603241	Klebsiella pneumoniae	Klebsiella	24	7	17	29.167	20	2	1
GCF_022354625.1	SAMN13925600	PRJNA603241	Klebsiella pneumoniae	Klebsiella	23	19	4	82.609	22	2	1
GCF_022354665.1	SAMN13925598	PRJNA603241	Klebsiella pneumoniae	Klebsiella	19	15	4	78.947	17	2	1
GCF_022354725.1	SAMN13925595	PRJNA603241	Klebsiella pneumoniae	Klebsiella	14	10	4	71.429	14	2	1
GCF_022354785.1	SAMN17598826	PRJNA695031	Pseudomonas putida	Pseudomonas	3	0	3	0.0	3	1	0
GCF_022369815.1	SAMN15437788	PRJNA643814	Klebsiella pneumoniae	Klebsiella	22	18	4	81.818	20	4	3
GCF_022369925.1	SAMN15437778	PRJNA643814	Klebsiella pneumoniae	Klebsiella	25	21	4	84.0	22	4	3
GCF_022376815.1	SAMN17117771	PRJNA686409	Enterobacter hormaechei	Enterobacter	5	1	4	20.0	5	2	1
GCF_022424055.2	SAMN21357978	PRJNA761695	Pseudomonas aeruginosa	Pseudomonas	10	0	10	0.0	8	1	0
GCF_022433565.1	SAMN17131930	PRJNA658369	Klebsiella quasipneumoniae	Klebsiella	5	1	4	20.0	5	2	1
GCF_022453565.1	SAMN26106931	PRJNA808803	Klebsiella pneumoniae	Klebsiella	23	19	4	82.609	23	3	2
GCF_022453645.1	SAMN26116602	PRJNA808853	Klebsiella pneumoniae	Klebsiella	34	30	4	88.235	29	4	3
GCF_022453765.1	SAMN26182822	PRJNA809509	Pseudomonas aeruginosa	Pseudomonas	5	0	5	0.0	5	1	0
GCF_022453785.1	SAMN26195979	PRJNA809577	Klebsiella variicola	Klebsiella	4	0	4	0.0	4	1	0
GCF_022453825.1	SAMN26196856	PRJNA809640	Pseudomonas aeruginosa	Pseudomonas	5	0	5	0.0	5	1	0
GCF_022475535.1	SAMN26420011	PRJNA812595	Klebsiella oxytoca	Klebsiella	14	11	3	78.571	13	2	1
GCF_022492855.1	SAMN26209581	PRJNA809903	Klebsiella pneumoniae	Klebsiella	19	15	4	78.947	16	6	5
GCF_022492875.1	SAMN26209580	PRJNA809903	Klebsiella pneumoniae	Klebsiella	20	16	4	80.0	16	6	5
GCF_022492895.1	SAMN26209579	PRJNA809903	Klebsiella pneumoniae	Klebsiella	20	16	4	80.0	16	6	5
GCF_022493975.1	SAMN13925553	PRJNA603241	Klebsiella pneumoniae	Klebsiella	24	7	17	29.167	20	2	1
GCF_022494055.1	SAMN13925557	PRJNA603241	Klebsiella quasipneumoniae	Klebsiella	25	21	4	84.0	24	3	2
GCF_022494195.1	SAMN13925564	PRJNA603241	Klebsiella pneumoniae	Klebsiella	19	15	4	78.947	18	2	1
GCF_022494215.1	SAMN13925565	PRJNA603241	Klebsiella pneumoniae	Klebsiella	38	34	4	89.474	31	3	2
GCF_022494255.1	SAMN13925567	PRJNA603241	Klebsiella pneumoniae	Klebsiella	19	15	4	78.947	18	2	1
GCF_022494375.1	SAMN13925573	PRJNA603241	Klebsiella pneumoniae	Klebsiella	23	19	4	82.609	22	2	1
GCF_022494395.1	SAMN13925574	PRJNA603241	Klebsiella pneumoniae	Klebsiella	23	19	4	82.609	22	2	1
GCF_022533445.1	SAMN25846920	PRJNA805242	Pseudomonas aeruginosa	Pseudomonas	5	0	5	0.0	5	1	0
GCF_022533505.1	SAMN26270981	PRJNA810585	Klebsiella pneumoniae	Klebsiella	15	11	4	73.333	14	3	2
GCF_022533525.1	SAMN26270980	PRJNA810585	Klebsiella pneumoniae	Klebsiella	15	11	4	73.333	14	3	2
GCF_022539425.1	SAMN26292662	PRJNA810945	Klebsiella pneumoniae	Klebsiella	24	20	4	83.333	19	4	3
GCF_022558365.1	SAMN18719513	PRJNA721481	Klebsiella pneumoniae	Klebsiella	14	8	6	57.143	12	3	2
GCF_022559545.1	SAMN20458429	PRJNA750451	Pseudomonas aeruginosa	Pseudomonas	5	0	5	0.0	5	1	0
GCF_022559745.1	SAMN23139065	PRJNA780373	Enterobacter kobei	Enterobacter	4	0	4	0.0	4	1	0
GCF_022559765.1	SAMN23139062	PRJNA780373	Klebsiella pneumoniae	Klebsiella	48	44	4	91.667	37	6	5
GCF_022559785.1	SAMN23139063	PRJNA780373	Klebsiella pneumoniae	Klebsiella	29	25	4	86.207	24	5	4
GCF_022559855.1	SAMN25301093	PRJNA801146	Klebsiella grimontii	Klebsiella	15	12	3	80.0	15	3	2
GCF_022569835.1	SAMN26455295	PRJNA813204	Klebsiella michiganensis	Klebsiella	3	0	3	0.0	3	1	0
GCF_022569855.1	SAMN26226229	PRJNA810040	Pseudomonas aeruginosa	Pseudomonas	5	0	5	0.0	5	1	0
GCF_022569895.1	SAMN26226226	PRJNA810040	Pseudomonas aeruginosa	Pseudomonas	5	0	5	0.0	5	1	0
GCF_022569915.1	SAMN26226225	PRJNA810040	Pseudomonas aeruginosa	Pseudomonas	5	0	5	0.0	5	1	0
GCF_022569935.1	SAMN26226224	PRJNA810040	Pseudomonas aeruginosa	Pseudomonas	5	0	5	0.0	5	1	0
GCF_022569975.1	SAMN26226220	PRJNA810040	Pseudomonas aeruginosa	Pseudomonas	5	0	5	0.0	5	1	0
GCF_022569995.1	SAMN26226219	PRJNA810040	Pseudomonas aeruginosa	Pseudomonas	5	0	5	0.0	5	1	0
GCF_022570115.1	SAMN26226218	PRJNA810040	Pseudomonas aeruginosa	Pseudomonas	5	0	5	0.0	5	1	0
GCF_022570235.1	SAMN26226217	PRJNA810040	Pseudomonas aeruginosa	Pseudomonas	5	0	5	0.0	5	1	0
GCF_022570415.1	SAMN26226215	PRJNA810040	Pseudomonas aeruginosa	Pseudomonas	5	0	5	0.0	5	1	0
GCF_022570435.1	SAMN26226214	PRJNA810040	Pseudomonas aeruginosa	Pseudomonas	5	0	5	0.0	5	1	0
GCF_022570455.1	SAMN26226213	PRJNA810040	Pseudomonas aeruginosa	Pseudomonas	11	0	11	0.0	8	1	0
GCF_022570475.1	SAMN26226212	PRJNA810040	Pseudomonas aeruginosa	Pseudomonas	5	0	5	0.0	5	1	0
GCF_022570715.1	SAMN26527994	PRJNA813899	Enterobacter asburiae	Enterobacter	10	5	5	50.0	10	3	2
GCF_022570755.1	SAMN26497585	PRJNA813364	Klebsiella pneumoniae	Klebsiella	20	16	4	80.0	20	3	2
GCF_022577075.1	SAMN21849140	PRJNA766494	Klebsiella pneumoniae	Klebsiella	14	10	4	71.429	14	3	2
GCF_022592575.1	SAMN20294500	PRJNA747739	Klebsiella pneumoniae	Klebsiella	40	34	6	85.0	34	4	3
GCF_022592735.1	SAMN24907213	PRJNA796694	Klebsiella pneumoniae	Klebsiella	21	17	4	80.952	20	4	3
GCF_022605305.1	SAMN26549876	PRJNA473419	Klebsiella oxytoca	Klebsiella	3	0	3	0.0	3	1	0
GCF_022605325.1	SAMN26445370	PRJNA813028	Klebsiella sp.	Klebsiella	3	0	3	0.0	3	1	0
GCF_022637595.1	SAMN26520703	PRJNA631893	Klebsiella planticola	Klebsiella	3	0	3	0.0	3	1	0
GCF_022637915.1	SAMN26564916	PRJNA814681	Pseudomonas aeruginosa	Pseudomonas	5	0	5	0.0	5	1	0
GCF_022638055.1	SAMN26565086	PRJNA784987	Pseudomonas aeruginosa	Pseudomonas	5	0	5	0.0	5	1	0
GCF_022638175.1	SAMN26565131	PRJNA814694	Pseudomonas aeruginosa	Pseudomonas	4	0	4	0.0	4	1	0
GCF_022649105.1	SAMN26565087	PRJNA814691	Pseudomonas aeruginosa	Pseudomonas	5	0	5	0.0	5	1	0
GCF_022649245.1	SAMN26565253	PRJNA814703	Pseudomonas aeruginosa	Pseudomonas	5	0	5	0.0	5	1	0
GCF_022670795.1	SAMN26650298	PRJNA815903	Pseudomonas aeruginosa	Pseudomonas	5	0	5	0.0	5	1	0
GCF_022699305.1	SAMN26668026	PRJNA816291	Klebsiella pneumoniae	Klebsiella	34	14	20	41.176	19	2	1
GCF_022699325.1	SAMN26668869	PRJNA816304	Klebsiella pneumoniae	Klebsiella	18	4	14	22.222	14	2	1
GCF_022699345.1	SAMN26668071	PRJNA816295	Klebsiella pneumoniae	Klebsiella	34	14	20	41.176	19	2	1
GCF_022699485.1	SAMN26741374	PRJNA817017	Pseudomonas aeruginosa	Pseudomonas	5	0	5	0.0	5	1	0
GCF_022699505.1	SAMN26741367	PRJNA817014	Pseudomonas aeruginosa	Pseudomonas	5	0	5	0.0	5	1	0
GCF_022699525.1	SAMN26741403	PRJNA817025	Pseudomonas aeruginosa	Pseudomonas	5	0	5	0.0	5	1	0
GCF_022700635.2	SAMN15963197	PRJNA660892	Pseudomonas aeruginosa	Pseudomonas	5	0	5	0.0	5	1	0
GCF_022700775.1	SAMN16552197	PRJNA671820	Klebsiella aerogenes	Klebsiella	4	0	4	0.0	4	1	0
GCF_022701055.1	SAMN16178551	PRJNA663420	Klebsiella pneumoniae	Klebsiella	12	7	5	58.333	12	3	2
GCF_022749215.1	SAMN26655402	PRJNA816050	Klebsiella pneumoniae	Klebsiella	34	14	20	41.176	19	2	1
GCF_022749475.1	SAMN26814915	PRJNA818063	Klebsiella pneumoniae	Klebsiella	4	0	4	0.0	4	1	0
GCF_022759585.1	SAMN26813722	PRJNA817889	Klebsiella aerogenes	Klebsiella	24	21	3	87.5	21	6	5
GCF_022759605.1	SAMN26813932	PRJNA818004	Klebsiella aerogenes	Klebsiella	20	16	4	80.0	18	2	1
GCF_022759625.1	SAMN22108727	PRJNA769291	Klebsiella pneumoniae	Klebsiella	16	12	4	75.0	16	2	1
GCF_022759645.1	SAMN22108728	PRJNA769291	Klebsiella pneumoniae	Klebsiella	16	12	4	75.0	16	2	1
GCF_022759665.1	SAMN22108729	PRJNA769291	Klebsiella pneumoniae	Klebsiella	16	12	4	75.0	16	2	1
GCF_022759685.1	SAMN22108730	PRJNA769291	Klebsiella pneumoniae	Klebsiella	16	12	4	75.0	16	2	1
GCF_022759705.1	SAMN22108726	PRJNA769291	Klebsiella pneumoniae	Klebsiella	16	12	4	75.0	16	2	1
GCF_022759925.1	SAMN22108732	PRJNA769291	Klebsiella pneumoniae	Klebsiella	26	21	5	80.769	21	5	4
GCF_022759945.1	SAMN22108733	PRJNA769291	Klebsiella pneumoniae	Klebsiella	24	19	5	79.167	20	5	4
GCF_022759965.1	SAMN22108734	PRJNA769291	Klebsiella pneumoniae	Klebsiella	26	21	5	80.769	21	5	4
GCF_022759985.1	SAMN22108735	PRJNA769291	Klebsiella pneumoniae	Klebsiella	23	18	5	78.261	21	4	3
GCF_022760005.1	SAMN22108731	PRJNA769291	Klebsiella pneumoniae	Klebsiella	35	30	5	85.714	28	5	4
GCF_022789105.2	SAMN17766508	PRJNA591480	Klebsiella pneumoniae	Klebsiella	4	0	4	0.0	4	1	0
GCF_022789185.2	SAMN17766507	PRJNA591480	Klebsiella pneumoniae	Klebsiella	4	0	4	0.0	4	1	0
GCF_022789205.2	SAMN17766502	PRJNA591480	Klebsiella pneumoniae	Klebsiella	4	0	4	0.0	4	1	0
GCF_022789345.2	SAMN17766494	PRJNA591480	Klebsiella pneumoniae	Klebsiella	4	0	4	0.0	4	1	0
GCF_022789585.2	SAMN17766480	PRJNA591480	Klebsiella pneumoniae	Klebsiella	4	0	4	0.0	4	1	0
GCF_022789685.2	SAMN17766475	PRJNA591480	Klebsiella pneumoniae	Klebsiella	5	1	4	20.0	5	2	1
GCF_022789725.2	SAMN17766472	PRJNA591480	Klebsiella pneumoniae	Klebsiella	2	0	2	0.0	2	1	0
GCF_022789805.2	SAMN17766468	PRJNA591480	Klebsiella pneumoniae	Klebsiella	4	0	4	0.0	4	1	0
GCF_022789885.2	SAMN17766463	PRJNA591480	Klebsiella pneumoniae	Klebsiella	4	0	4	0.0	4	1	0
GCF_022789905.2	SAMN17766464	PRJNA591480	Klebsiella pneumoniae	Klebsiella	4	0	4	0.0	4	1	0
GCF_022789975.2	SAMN13382597	PRJNA591480	Klebsiella pneumoniae	Klebsiella	4	0	4	0.0	4	1	0
GCF_022789985.2	SAMN13382596	PRJNA591480	Klebsiella pneumoniae	Klebsiella	2	0	2	0.0	2	1	0
GCF_022790165.2	SAMN13382581	PRJNA591480	Klebsiella pneumoniae	Klebsiella	4	0	4	0.0	4	1	0
GCF_022790205.2	SAMN13382579	PRJNA591480	Klebsiella pneumoniae	Klebsiella	4	0	4	0.0	4	1	0
GCF_022790305.2	SAMN13382572	PRJNA591480	Klebsiella pneumoniae	Klebsiella	5	0	5	0.0	5	1	0
GCF_022790445.2	SAMN13382564	PRJNA591480	Klebsiella pneumoniae	Klebsiella	4	0	4	0.0	4	1	0
GCF_022809675.1	SAMN26900494	PRJNA819173	Klebsiella pneumoniae	Klebsiella	15	6	9	40.0	12	3	2
GCF_022809875.1	SAMN26994141	PRJNA820350	Klebsiella pneumoniae	Klebsiella	4	0	4	0.0	4	1	0
GCF_022810825.1	SAMN13781155	PRJNA600039	Pseudomonas aeruginosa	Pseudomonas	5	0	5	0.0	5	1	0
GCF_022810865.1	SAMN16443711	PRJNA669568	Pseudomonas aeruginosa	Pseudomonas	5	0	5	0.0	5	1	0
GCF_022810885.1	SAMN16443710	PRJNA669568	Pseudomonas aeruginosa	Pseudomonas	5	0	5	0.0	5	1	0
GCF_022810905.1	SAMN16443708	PRJNA669568	Pseudomonas aeruginosa	Pseudomonas	5	0	5	0.0	5	1	0
GCF_022810925.1	SAMN16443707	PRJNA669568	Pseudomonas aeruginosa	Pseudomonas	5	0	5	0.0	5	1	0
GCF_022810945.1	SAMN16443705	PRJNA669568	Pseudomonas aeruginosa	Pseudomonas	5	0	5	0.0	5	1	0
GCF_022810965.1	SAMN16443706	PRJNA669568	Pseudomonas aeruginosa	Pseudomonas	5	0	5	0.0	5	1	0
GCF_022810985.1	SAMN16443702	PRJNA669568	Pseudomonas aeruginosa	Pseudomonas	5	0	5	0.0	5	1	0
GCF_022811005.1	SAMN16443704	PRJNA669568	Pseudomonas aeruginosa	Pseudomonas	5	0	5	0.0	5	1	0
GCF_022811025.1	SAMN16443703	PRJNA669568	Pseudomonas aeruginosa	Pseudomonas	5	0	5	0.0	5	1	0
GCF_022811045.1	SAMN16443700	PRJNA669568	Pseudomonas aeruginosa	Pseudomonas	5	0	5	0.0	5	1	0
GCF_022811065.1	SAMN16443701	PRJNA669568	Pseudomonas aeruginosa	Pseudomonas	5	0	5	0.0	5	1	0
GCF_022811805.1	SAMN16443709	PRJNA669568	Pseudomonas aeruginosa	Pseudomonas	5	0	5	0.0	5	1	0
GCF_022818695.2	SAMN17766469	PRJNA591480	Klebsiella quasivariicola	Klebsiella	4	0	4	0.0	4	1	0
GCF_022828525.1	SAMN23012467	PRJNA779111	Klebsiella pneumoniae	Klebsiella	15	11	4	73.333	14	3	2
GCF_022828555.1	SAMN23012466	PRJNA779111	Klebsiella pneumoniae	Klebsiella	15	11	4	73.333	14	3	2
GCF_022828575.1	SAMN23012465	PRJNA779111	Klebsiella pneumoniae	Klebsiella	15	11	4	73.333	14	3	2
GCF_022832735.1	SAMN27117998	PRJNA821637	Enterobacter ludwigii	Enterobacter	5	1	4	20.0	5	2	1
GCF_022869145.1	SAMN27162961	PRJNA822025	Klebsiella pneumoniae	Klebsiella	4	0	4	0.0	4	1	0
GCF_022869665.1	SAMN14078806	PRJNA605254	Klebsiella pneumoniae	Klebsiella	4	0	4	0.0	4	1	0
GCF_022869885.1	SAMN27163261	PRJNA821554	Klebsiella michiganensis	Klebsiella	22	18	4	81.818	20	4	3
GCF_022870025.1	SAMN14078799	PRJNA605254	Pseudomonas aeruginosa	Pseudomonas	5	0	5	0.0	5	1	0
GCF_022870525.1	SAMN14352261	PRJNA611939	Pseudomonas aeruginosa	Pseudomonas	5	0	5	0.0	5	1	0
GCF_022870545.1	SAMN14352263	PRJNA611939	Pseudomonas aeruginosa	Pseudomonas	5	0	5	0.0	5	1	0
GCF_022870565.1	SAMN14352264	PRJNA611939	Pseudomonas aeruginosa	Pseudomonas	6	0	6	0.0	6	1	0
GCF_022870645.1	SAMN16770105	PRJNA676183	Klebsiella pneumoniae	Klebsiella	10	5	5	50.0	8	3	2
GCF_022870805.1	SAMN23040606	PRJNA779558	Klebsiella pneumoniae	Klebsiella	29	22	7	75.862	26	4	3
GCF_022915955.1	SAMN27182089	PRJNA812595	Klebsiella aerogenes	Klebsiella	4	0	4	0.0	4	1	0
GCF_022921135.1	SAMN27304319	PRJNA823511	Klebsiella pneumoniae	Klebsiella	17	13	4	76.471	15	3	2
GCF_022964795.1	SAMN17766602	PRJNA822931	Klebsiella pneumoniae	Klebsiella	19	15	4	78.947	17	3	2
GCF_022964835.1	SAMN17766553	PRJNA822931	Klebsiella pneumoniae	Klebsiella	29	25	4	86.207	25	3	2
GCF_022964855.1	SAMN17766581	PRJNA822931	Klebsiella pneumoniae	Klebsiella	12	3	9	25.0	11	2	1
GCF_022964875.1	SAMN17766548	PRJNA822931	Klebsiella pneumoniae	Klebsiella	24	20	4	83.333	21	4	3
GCF_022982555.1	SAMN27363254	PRJNA823907	Klebsiella pneumoniae	Klebsiella	14	10	4	71.429	13	3	2
GCF_022982575.1	SAMN27363257	PRJNA823907	Klebsiella pneumoniae	Klebsiella	12	10	2	83.333	11	3	2
GCF_022982595.1	SAMN27363255	PRJNA823907	Klebsiella pneumoniae	Klebsiella	12	8	4	66.667	11	3	2
GCF_022982615.1	SAMN27363256	PRJNA823907	Klebsiella pneumoniae	Klebsiella	7	5	2	71.429	7	4	3
GCF_022982715.1	SAMN27363253	PRJNA823907	Klebsiella pneumoniae	Klebsiella	19	13	6	68.421	18	3	2
GCF_023023045.1	SAMN21379558	PRJNA762162	Enterobacter asburiae	Enterobacter	2	1	1	50.0	2	2	1
GCF_023023065.1	SAMN21379557	PRJNA762162	Enterobacter roggenkampii	Enterobacter	4	1	3	25.0	4	2	1
GCF_023023085.1	SAMN21379556	PRJNA762162	Enterobacter cloacae	Enterobacter	15	11	4	73.333	15	2	1
GCF_023023125.1	SAMN21379554	PRJNA762162	Enterobacter kobei	Enterobacter	6	2	4	33.333	6	2	1
GCF_023023145.1	SAMN21379553	PRJNA762162	Enterobacter asburiae	Enterobacter	27	22	5	81.481	24	2	1
GCF_023023265.1	SAMN21379552	PRJNA762162	Enterobacter asburiae	Enterobacter	8	3	5	37.5	8	3	2
GCF_023023665.1	SAMN21379550	PRJNA762162	Enterobacter hormaechei	Enterobacter	15	11	4	73.333	12	2	1
GCF_023023685.1	SAMN21379549	PRJNA762162	Enterobacter roggenkampii	Enterobacter	26	22	4	84.615	21	3	2
GCF_023023705.1	SAMN21379548	PRJNA762162	Enterobacter kobei	Enterobacter	8	4	4	50.0	8	2	1
GCF_023025805.1	SAMN23040723	PRJNA692086	Klebsiella pneumoniae	Klebsiella	11	7	4	63.636	10	2	1
GCF_023066605.1	SAMN22822729	PRJNA776891	Klebsiella pneumoniae	Klebsiella	21	15	6	71.429	19	3	2
GCF_023066625.1	SAMN22822728	PRJNA776891	Klebsiella pneumoniae	Klebsiella	9	5	4	55.556	7	3	2
GCF_023066645.1	SAMN22822727	PRJNA776891	Klebsiella pneumoniae	Klebsiella	24	20	4	83.333	20	4	3
GCF_023066665.1	SAMN22822726	PRJNA776891	Klebsiella pneumoniae	Klebsiella	13	11	2	84.615	11	3	2
GCF_023066685.1	SAMN22822725	PRJNA776891	Klebsiella pneumoniae	Klebsiella	10	6	4	60.0	10	2	1
GCF_023066705.1	SAMN22822724	PRJNA776891	Klebsiella pneumoniae	Klebsiella	8	2	6	25.0	8	2	1
GCF_023066725.1	SAMN22822723	PRJNA776891	Klebsiella pneumoniae	Klebsiella	15	11	4	73.333	14	3	2
GCF_023066745.1	SAMN22822722	PRJNA776891	Klebsiella pneumoniae	Klebsiella	24	20	4	83.333	18	3	2
GCF_023066765.1	SAMN22822721	PRJNA776891	Klebsiella pneumoniae	Klebsiella	29	27	2	93.103	22	3	2
GCF_023066785.1	SAMN22822720	PRJNA776891	Klebsiella pneumoniae	Klebsiella	36	34	2	94.444	22	3	2
GCF_023066805.1	SAMN22822719	PRJNA776891	Klebsiella pneumoniae	Klebsiella	28	26	2	92.857	22	3	2
GCF_023066825.1	SAMN24579863	PRJNA793718	Pseudomonas aeruginosa	Pseudomonas	5	0	5	0.0	5	1	0
GCF_023066845.1	SAMN24579862	PRJNA793718	Pseudomonas aeruginosa	Pseudomonas	9	0	9	0.0	9	1	0
GCF_023066865.1	SAMN24579861	PRJNA793718	Pseudomonas aeruginosa	Pseudomonas	20	15	5	75.0	18	2	1
GCF_023093835.1	SAMN26455257	PRJNA813202	Klebsiella michiganensis	Klebsiella	4	0	4	0.0	4	1	0
GCF_023093935.1	SAMN27570671	PRJNA826526	Pseudomonas aeruginosa	Pseudomonas	10	0	10	0.0	9	1	0
GCF_023093975.1	SAMN27570673	PRJNA826526	Pseudomonas aeruginosa	Pseudomonas	10	3	7	30.0	10	2	1
GCF_023093995.1	SAMN27606095	PRJNA827194	Klebsiella pneumoniae	Klebsiella	18	14	4	77.778	16	2	1
GCF_023101265.1	SAMN27554290	PRJNA826241	Pseudomonas aeruginosa	Pseudomonas	27	22	5	81.481	22	2	1
GCF_023101285.1	SAMN27554289	PRJNA826241	Pseudomonas aeruginosa	Pseudomonas	5	0	5	0.0	5	1	0
GCF_023101305.1	SAMN27554288	PRJNA826241	Pseudomonas aeruginosa	Pseudomonas	12	7	5	58.333	11	2	1
GCF_023101705.1	SAMN21379551	PRJNA762162	Enterobacter asburiae	Enterobacter	18	13	5	72.222	16	3	2
GCF_023184535.1	SAMN27594434	PRJNA827023	Klebsiella pneumoniae	Klebsiella	29	25	4	86.207	23	4	3
GCF_023195715.1	SAMN27117675	PRJNA473419	Enterobacter roggenkampii	Enterobacter	4	0	4	0.0	4	1	0
GCF_023205035.1	SAMN27737682	PRJNA830710	Klebsiella pneumoniae	Klebsiella	38	34	4	89.474	31	3	2
GCF_023205055.1	SAMN27737809	PRJNA830719	Klebsiella quasipneumoniae	Klebsiella	15	11	4	73.333	15	4	3
GCF_023238665.1	SAMN26686306	PRJNA816615	Enterobacter cloacae	Enterobacter	22	18	4	81.818	22	3	2
GCF_023272735.1	SAMN26678607	PRJNA816493	Klebsiella pneumoniae	Klebsiella	11	1	10	9.091	10	2	1
GCF_023272755.1	SAMN27926083	PRJNA832943	Pseudomonas aeruginosa	Pseudomonas	5	0	5	0.0	5	1	0
GCF_023333675.1	SAMN21379547	PRJNA762162	Enterobacter kobei	Enterobacter	32	18	14	56.25	26	4	3
GCF_023347665.1	SAMN25087048	PRJNA798585	Klebsiella pneumoniae	Klebsiella	4	0	4	0.0	4	1	0
GCF_023347685.1	SAMN25087049	PRJNA798585	Klebsiella pneumoniae	Klebsiella	14	9	5	64.286	14	3	2
GCF_023373545.1	SAMN20856063	PRJNA756129	Klebsiella pneumoniae	Klebsiella	13	9	4	69.231	12	3	2
GCF_023373565.1	SAMN20856570	PRJNA756155	Klebsiella quasipneumoniae	Klebsiella	22	18	4	81.818	19	3	2
GCF_023374165.1	SAMN27722566	PRJNA830444	Klebsiella pneumoniae	Klebsiella	38	29	9	76.316	31	3	2
GCF_023374185.1	SAMN27722567	PRJNA830444	Klebsiella pneumoniae	Klebsiella	38	29	9	76.316	31	3	2
GCF_023374205.1	SAMN27722573	PRJNA830444	Klebsiella pneumoniae	Klebsiella	38	29	9	76.316	31	3	2
GCF_023374225.1	SAMN27722574	PRJNA830444	Klebsiella pneumoniae	Klebsiella	24	15	9	62.5	21	2	1
GCF_023374245.1	SAMN27722563	PRJNA830444	Klebsiella pneumoniae	Klebsiella	39	30	9	76.923	31	4	3
GCF_023374275.1	SAMN27966081	PRJNA833245	Enterobacter bugandensis	Enterobacter	4	0	4	0.0	4	1	0
GCF_023375565.1	SAMN27363725	PRJNA823881	Enterobacter roggenkampii	Enterobacter	21	17	4	80.952	21	3	2
GCF_023375585.1	SAMN27363726	PRJNA823881	Enterobacter roggenkampii	Enterobacter	8	4	4	50.0	8	2	1
GCF_023375605.1	SAMN27363748	PRJNA823881	Enterobacter hormaechei	Enterobacter	15	11	4	73.333	15	2	1
GCF_023375625.1	SAMN27363776	PRJNA823881	Enterobacter roggenkampii	Enterobacter	4	1	3	25.0	4	2	1
GCF_023380065.1	SAMN28180381	PRJNA837013	Pseudomonas aeruginosa	Pseudomonas	5	0	5	0.0	5	1	0
GCF_023464655.1	SAMN27739180	PRJNA812595	Klebsiella aerogenes	Klebsiella	4	0	4	0.0	4	1	0
GCF_023518295.1	SAMN16992823	PRJNA682515	Klebsiella pneumoniae	Klebsiella	4	0	4	0.0	4	1	0
GCF_023518315.1	SAMN17214286	PRJNA663420	Klebsiella pneumoniae	Klebsiella	16	12	4	75.0	16	2	1
GCF_023518335.1	SAMN17214426	PRJNA663420	Klebsiella pneumoniae	Klebsiella	16	11	5	68.75	15	2	1
GCF_023520735.1	SAMN28206123	PRJNA837561	Pseudomonas aeruginosa	Pseudomonas	5	0	5	0.0	5	1	0
GCF_023538935.1	SAMN28404993	PRJNA838107	Klebsiella pneumoniae	Klebsiella	11	7	4	63.636	11	3	2
GCF_023538955.1	SAMN28404992	PRJNA838107	Klebsiella pneumoniae	Klebsiella	11	7	4	63.636	11	3	2
GCF_023538975.1	SAMN28404990	PRJNA838107	Klebsiella pneumoniae	Klebsiella	25	18	7	72.0	17	4	3
GCF_023538995.1	SAMN28404989	PRJNA838107	Klebsiella pneumoniae	Klebsiella	19	6	13	31.579	17	3	2
GCF_023546785.1	SAMN28421774	PRJNA838403	Pseudomonas sp.	Pseudomonas	1	1	0	100.0	1	1	1
GCF_023547225.1	SAMN22612719	PRJNA775673	Enterobacter hormaechei	Enterobacter	19	15	4	78.947	14	4	3
GCF_023547315.1	SAMN22612881	PRJNA775676	Enterobacter kobei	Enterobacter	8	4	4	50.0	8	3	2
GCF_023547485.1	SAMN14943921	PRJNA633449	Enterobacter hormaechei	Enterobacter	25	21	4	84.0	21	4	3
GCF_023558885.1	SAMN28416108	PRJNA838260	Enterobacter kobei	Enterobacter	4	0	4	0.0	4	1	0
GCF_023571485.1	SAMN28553478	PRJNA749299	Pseudomonas aeruginosa	Pseudomonas	5	0	5	0.0	5	1	0
GCF_023572735.3	SAMN27549385	PRJNA677881	Pseudomonas aeruginosa	Pseudomonas	25	0	25	0.0	18	1	0
GCF_023572965.1	SAMN28546263	PRJNA839691	Klebsiella pneumoniae	Klebsiella	14	10	4	71.429	12	3	2
GCF_023573585.1	SAMN28515229	PRJNA839226	Klebsiella pneumoniae	Klebsiella	7	3	4	42.857	6	2	1
GCF_023573605.1	SAMN28535410	PRJNA839526	Klebsiella quasipneumoniae	Klebsiella	4	0	4	0.0	4	1	0
GCF_023573645.1	SAMN28095491	PRJNA835045	Klebsiella pneumoniae	Klebsiella	9	5	4	55.556	9	3	2
GCF_023573685.1	SAMN28095489	PRJNA835045	Klebsiella pneumoniae	Klebsiella	12	6	6	50.0	11	2	1
GCF_023573705.1	SAMN28095488	PRJNA835045	Klebsiella pneumoniae	Klebsiella	31	28	3	90.323	20	4	3
GCF_023573725.1	SAMN28095486	PRJNA835045	Klebsiella pneumoniae	Klebsiella	13	7	6	53.846	12	4	3
GCF_023573745.1	SAMN28095485	PRJNA835045	Klebsiella pneumoniae	Klebsiella	10	6	4	60.0	9	2	1
GCF_023573765.1	SAMN28095484	PRJNA835045	Klebsiella pneumoniae	Klebsiella	12	8	4	66.667	11	3	2
GCF_023573785.1	SAMN28095483	PRJNA835045	Klebsiella pneumoniae	Klebsiella	18	14	4	77.778	13	3	2
GCF_023573805.1	SAMN28095482	PRJNA835045	Klebsiella pneumoniae	Klebsiella	24	18	6	75.0	20	4	3
GCF_023573825.1	SAMN28095481	PRJNA835045	Klebsiella pneumoniae	Klebsiella	13	7	6	53.846	12	2	1
GCF_023573865.1	SAMN28095479	PRJNA835045	Klebsiella pneumoniae	Klebsiella	16	14	2	87.5	15	4	3
GCF_023573885.1	SAMN28095478	PRJNA835045	Klebsiella pneumoniae	Klebsiella	16	10	6	62.5	16	5	4
GCF_023588825.1	SAMN28596439	PRJNA841464	Klebsiella variicola	Klebsiella	4	0	4	0.0	4	1	0
GCF_023611805.1	SAMN18435556	PRJNA716383	Pseudomonas sp.	Pseudomonas	1	1	0	100.0	1	1	1
GCF_023612215.1	SAMN13968567	PRJNA604394	Klebsiella pneumoniae	Klebsiella	23	19	4	82.609	23	4	3
GCF_023612335.1	SAMN16675406	PRJNA674815	Pseudomonas aeruginosa	Pseudomonas	5	0	5	0.0	5	1	0
GCF_023612395.1	SAMN18062624	PRJNA579943	Klebsiella pneumoniae	Klebsiella	18	14	4	77.778	15	4	3
GCF_023612435.1	SAMN18062622	PRJNA579943	Klebsiella pneumoniae	Klebsiella	5	1	4	20.0	5	2	1
GCF_023612495.1	SAMN18091014	PRJNA705514	Enterobacter kobei	Enterobacter	4	0	4	0.0	4	1	0
GCF_023615425.1	SAMN28788531	PRJNA812595	Klebsiella ornithinolytica	Klebsiella	5	2	3	40.0	5	2	1
GCF_023650835.1	SAMN23799605	PRJNA787408	Klebsiella pneumoniae	Klebsiella	16	12	4	75.0	16	3	2
GCF_023650855.1	SAMN23802440	PRJNA787416	Klebsiella quasipneumoniae	Klebsiella	17	13	4	76.471	15	3	2
GCF_023650875.1	SAMN24967284	PRJNA797191	Enterobacter roggenkampii	Enterobacter	7	6	1	85.714	6	3	2
GCF_023653925.1	SAMN18537421	PRJNA718517	Klebsiella pneumoniae	Klebsiella	7	3	4	42.857	6	2	1
GCF_023657615.1	SAMN28703774	PRJNA843104	Klebsiella pneumoniae	Klebsiella	19	15	4	78.947	17	3	2
GCF_023657635.1	SAMN28703773	PRJNA843104	Klebsiella pneumoniae	Klebsiella	27	23	4	85.185	21	4	3
GCF_023657655.1	SAMN28703772	PRJNA843104	Klebsiella pneumoniae	Klebsiella	24	20	4	83.333	19	3	2
GCF_023657675.1	SAMN28703771	PRJNA843104	Klebsiella pneumoniae	Klebsiella	27	23	4	85.185	21	3	2
GCF_023657695.1	SAMN28703770	PRJNA843104	Klebsiella pneumoniae	Klebsiella	27	23	4	85.185	21	3	2
GCF_023657715.1	SAMN28703769	PRJNA843104	Klebsiella pneumoniae	Klebsiella	27	23	4	85.185	23	4	3
GCF_023657735.1	SAMN28703768	PRJNA843104	Klebsiella pneumoniae	Klebsiella	19	10	9	52.632	15	2	1
GCF_023657755.1	SAMN28703767	PRJNA843104	Klebsiella pneumoniae	Klebsiella	19	15	4	78.947	19	3	2
GCF_023657775.1	SAMN28703766	PRJNA843104	Klebsiella pneumoniae	Klebsiella	30	26	4	86.667	26	4	3
GCF_023657795.1	SAMN28703765	PRJNA843104	Klebsiella pneumoniae	Klebsiella	16	12	4	75.0	16	2	1
GCF_023657815.1	SAMN28703763	PRJNA843104	Klebsiella pneumoniae	Klebsiella	16	12	4	75.0	16	2	1
GCF_023657835.1	SAMN28703762	PRJNA843104	Klebsiella pneumoniae	Klebsiella	16	12	4	75.0	16	2	1
GCF_023657855.1	SAMN28703761	PRJNA843104	Klebsiella pneumoniae	Klebsiella	16	12	4	75.0	16	2	1
GCF_023657875.1	SAMN28703760	PRJNA843104	Klebsiella pneumoniae	Klebsiella	18	14	4	77.778	18	3	2
GCF_023657895.1	SAMN28703759	PRJNA843104	Klebsiella pneumoniae	Klebsiella	15	11	4	73.333	15	2	1
GCF_023658105.1	SAMN28680540	PRJNA549322	Klebsiella pneumoniae	Klebsiella	16	12	4	75.0	13	2	1
GCF_023658125.1	SAMN28680539	PRJNA549322	Klebsiella pneumoniae	Klebsiella	16	12	4	75.0	13	2	1
GCF_023658145.1	SAMN28680538	PRJNA549322	Klebsiella pneumoniae	Klebsiella	9	5	4	55.556	9	2	1
GCF_023658165.1	SAMN28680537	PRJNA549322	Klebsiella pneumoniae	Klebsiella	12	6	6	50.0	11	3	2
GCF_023658185.1	SAMN28680536	PRJNA549322	Klebsiella pneumoniae	Klebsiella	17	13	4	76.471	14	3	2
GCF_023658205.1	SAMN28680535	PRJNA549322	Klebsiella pneumoniae	Klebsiella	16	12	4	75.0	13	2	1
GCF_023658225.1	SAMN28680534	PRJNA549322	Klebsiella pneumoniae	Klebsiella	17	13	4	76.471	14	3	2
GCF_023658245.1	SAMN28680533	PRJNA549322	Klebsiella pneumoniae	Klebsiella	18	12	6	66.667	15	5	4
GCF_023703815.1	SAMN15547547	PRJNA646592	Klebsiella variicola	Klebsiella	4	0	4	0.0	4	1	0
GCF_023703835.1	SAMN15547548	PRJNA646592	Klebsiella pneumoniae	Klebsiella	4	0	4	0.0	4	1	0
GCF_023703855.1	SAMN15547552	PRJNA646592	Klebsiella pneumoniae	Klebsiella	4	0	4	0.0	4	1	0
GCF_023703875.1	SAMN15547544	PRJNA646592	Klebsiella pneumoniae	Klebsiella	4	0	4	0.0	4	1	0
GCF_023703895.1	SAMN15547546	PRJNA646592	Klebsiella pneumoniae	Klebsiella	4	0	4	0.0	4	1	0
GCF_023703915.1	SAMN15547553	PRJNA646592	Klebsiella pneumoniae	Klebsiella	5	0	5	0.0	5	1	0
GCF_023703935.1	SAMN15547569	PRJNA646592	Klebsiella pneumoniae	Klebsiella	4	0	4	0.0	4	1	0
GCF_023703955.1	SAMN15547571	PRJNA646592	Klebsiella pneumoniae	Klebsiella	4	0	4	0.0	4	1	0
GCF_023703975.1	SAMN15547568	PRJNA646592	Klebsiella pneumoniae	Klebsiella	4	0	4	0.0	4	1	0
GCF_023704015.1	SAMN15547541	PRJNA646592	Klebsiella pneumoniae	Klebsiella	7	2	5	28.571	7	2	1
GCF_023704035.1	SAMN15547540	PRJNA646592	Klebsiella africana	Klebsiella	4	0	4	0.0	4	1	0
GCF_023715965.1	SAMN28907143	PRJNA846980	Klebsiella pneumoniae	Klebsiella	4	0	4	0.0	4	1	0
GCF_023715985.1	SAMN28907142	PRJNA846980	Klebsiella pneumoniae	Klebsiella	7	0	7	0.0	6	1	0
GCF_023734795.1	SAMD00490829	PRJDB13518	Enterobacter hormaechei	Enterobacter	11	7	4	63.636	10	3	2
GCF_023734815.1	SAMD00490830	PRJDB13518	Enterobacter hormaechei	Enterobacter	11	7	4	63.636	10	3	2
GCF_023734835.1	SAMD00490831	PRJDB13518	Enterobacter hormaechei	Enterobacter	9	2	7	22.222	8	2	1
GCF_023734855.1	SAMD00490832	PRJDB13518	Enterobacter hormaechei	Enterobacter	9	5	4	55.556	9	2	1
GCF_023734875.1	SAMD00490833	PRJDB13518	Enterobacter hormaechei	Enterobacter	11	7	4	63.636	10	3	2
GCF_023734895.1	SAMD00490835	PRJDB13518	Enterobacter hormaechei	Enterobacter	11	7	4	63.636	10	3	2
GCF_023734915.1	SAMD00490836	PRJDB13518	Enterobacter hormaechei	Enterobacter	9	5	4	55.556	9	2	1
GCF_023734935.1	SAMD00490837	PRJDB13518	Enterobacter hormaechei	Enterobacter	9	5	4	55.556	9	2	1
GCF_023734955.1	SAMD00490838	PRJDB13518	Enterobacter hormaechei	Enterobacter	10	5	5	50.0	9	2	1
GCF_023734975.1	SAMD00490839	PRJDB13518	Enterobacter hormaechei	Enterobacter	9	5	4	55.556	9	2	1
GCF_023734995.1	SAMD00490840	PRJDB13518	Enterobacter hormaechei	Enterobacter	9	5	4	55.556	9	2	1
GCF_023735015.1	SAMD00490842	PRJDB13518	Enterobacter hormaechei	Enterobacter	11	7	4	63.636	10	3	2
GCF_023735035.1	SAMD00490843	PRJDB13518	Enterobacter hormaechei	Enterobacter	9	5	4	55.556	9	2	1
GCF_023735055.1	SAMD00490844	PRJDB13518	Enterobacter hormaechei	Enterobacter	9	5	4	55.556	9	2	1
GCF_023735075.1	SAMD00490845	PRJDB13518	Enterobacter hormaechei	Enterobacter	9	5	4	55.556	9	2	1
GCF_023735155.1	SAMD00490846	PRJDB13518	Enterobacter hormaechei	Enterobacter	10	5	5	50.0	9	2	1
GCF_023735195.1	SAMD00490847	PRJDB13518	Enterobacter hormaechei	Enterobacter	11	7	4	63.636	10	3	2
GCF_023735215.1	SAMD00490850	PRJDB13518	Enterobacter hormaechei	Enterobacter	10	5	5	50.0	9	2	1
GCF_023735235.1	SAMD00490852	PRJDB13518	Enterobacter hormaechei	Enterobacter	9	5	4	55.556	9	2	1
GCF_023735255.1	SAMD00490854	PRJDB13518	Enterobacter hormaechei	Enterobacter	11	7	4	63.636	10	3	2
GCF_023735275.1	SAMD00490855	PRJDB13518	Enterobacter hormaechei	Enterobacter	10	5	5	50.0	9	2	1
GCF_023735295.1	SAMD00490856	PRJDB13518	Enterobacter hormaechei	Enterobacter	9	5	4	55.556	9	2	1
GCF_023735315.1	SAMD00490857	PRJDB13518	Enterobacter hormaechei	Enterobacter	11	7	4	63.636	10	3	2
GCF_023735335.1	SAMD00490858	PRJDB13518	Enterobacter hormaechei	Enterobacter	9	2	7	22.222	8	2	1
GCF_023735355.1	SAMD00490860	PRJDB13518	Enterobacter hormaechei	Enterobacter	11	7	4	63.636	10	3	2
GCF_023735375.1	SAMD00490862	PRJDB13518	Enterobacter hormaechei	Enterobacter	11	7	4	63.636	10	3	2
GCF_023735395.1	SAMD00490863	PRJDB13518	Enterobacter hormaechei	Enterobacter	11	7	4	63.636	10	3	2
GCF_023735435.1	SAMD00490867	PRJDB13518	Enterobacter hormaechei	Enterobacter	11	7	4	63.636	10	3	2
GCF_023735475.1	SAMD00490871	PRJDB13518	Enterobacter hormaechei	Enterobacter	9	5	4	55.556	9	2	1
GCF_023735495.1	SAMD00490872	PRJDB13518	Enterobacter hormaechei	Enterobacter	9	5	4	55.556	9	2	1
GCF_023735515.1	SAMD00490873	PRJDB13518	Enterobacter hormaechei	Enterobacter	9	5	4	55.556	9	2	1
GCF_023735535.1	SAMD00490874	PRJDB13518	Enterobacter hormaechei	Enterobacter	9	5	4	55.556	9	2	1
GCF_023735615.1	SAMD00490875	PRJDB13518	Enterobacter hormaechei	Enterobacter	9	5	4	55.556	9	2	1
GCF_023735695.1	SAMD00490877	PRJDB13518	Enterobacter hormaechei	Enterobacter	9	5	4	55.556	9	2	1
GCF_023735715.1	SAMD00490878	PRJDB13518	Enterobacter hormaechei	Enterobacter	9	5	4	55.556	9	2	1
GCF_023735735.1	SAMD00490879	PRJDB13518	Enterobacter hormaechei	Enterobacter	9	5	4	55.556	9	2	1
GCF_023735755.1	SAMD00490880	PRJDB13518	Enterobacter hormaechei	Enterobacter	9	5	4	55.556	9	2	1
GCF_023735775.1	SAMD00490881	PRJDB13518	Enterobacter hormaechei	Enterobacter	9	5	4	55.556	9	2	1
GCF_023735795.1	SAMD00490882	PRJDB13518	Enterobacter hormaechei	Enterobacter	9	5	4	55.556	9	2	1
GCF_023735815.1	SAMD00490883	PRJDB13518	Enterobacter hormaechei	Enterobacter	9	5	4	55.556	9	2	1
GCF_023735835.1	SAMD00490884	PRJDB13518	Enterobacter hormaechei	Enterobacter	9	5	4	55.556	9	2	1
GCF_023735855.1	SAMD00490885	PRJDB13518	Enterobacter hormaechei	Enterobacter	9	5	4	55.556	9	2	1
GCF_023735875.1	SAMD00490886	PRJDB13518	Enterobacter hormaechei	Enterobacter	9	5	4	55.556	9	2	1
GCF_023735895.1	SAMD00490887	PRJDB13518	Enterobacter hormaechei	Enterobacter	9	5	4	55.556	9	2	1
GCF_023735915.1	SAMD00490888	PRJDB13518	Enterobacter hormaechei	Enterobacter	9	5	4	55.556	9	2	1
GCF_023735935.1	SAMD00490889	PRJDB13518	Enterobacter hormaechei	Enterobacter	9	5	4	55.556	9	2	1
GCF_023735955.1	SAMD00490890	PRJDB13518	Enterobacter hormaechei	Enterobacter	9	5	4	55.556	9	2	1
GCF_023735975.1	SAMD00490891	PRJDB13518	Enterobacter hormaechei	Enterobacter	9	5	4	55.556	9	2	1
GCF_023735995.1	SAMD00490892	PRJDB13518	Enterobacter hormaechei	Enterobacter	9	5	4	55.556	9	2	1
GCF_023736015.1	SAMD00490893	PRJDB13518	Enterobacter hormaechei	Enterobacter	9	5	4	55.556	9	2	1
GCF_023796915.1	SAMN28922061	PRJNA847190	Klebsiella pneumoniae	Klebsiella	26	22	4	84.615	16	3	2
GCF_023805415.1	SAMN28918927	PRJNA847058	Enterobacter hormaechei	Enterobacter	23	19	4	82.609	20	3	2
GCF_023822305.1	SAMN25582457	PRJNA802725	Pseudomonas aeruginosa	Pseudomonas	5	0	5	0.0	5	1	0
GCF_023897035.1	SAMN14943915	PRJNA633446	Enterobacter hormaechei	Enterobacter	22	18	4	81.818	19	4	3
GCF_023913555.1	SAMN28986224	PRJNA848135	Klebsiella pneumoniae	Klebsiella	11	6	5	54.545	11	3	2
GCF_023913575.1	SAMN28986236	PRJNA848143	Klebsiella pneumoniae	Klebsiella	21	1	20	4.762	19	2	1
GCF_023913595.1	SAMN28986240	PRJNA848146	Klebsiella pneumoniae	Klebsiella	16	12	4	75.0	15	3	2
GCF_023920005.1	SAMN20966683	PRJNA757547	Klebsiella pneumoniae	Klebsiella	7	3	4	42.857	7	3	2
GCF_023920025.1	SAMN20967641	PRJNA757562	Klebsiella pneumoniae	Klebsiella	4	0	4	0.0	4	1	0
GCF_023920045.1	SAMN20967708	PRJNA757570	Klebsiella pneumoniae	Klebsiella	2	0	2	0.0	2	1	0
GCF_023920065.1	SAMN20968387	PRJNA757575	Klebsiella pneumoniae	Klebsiella	6	0	6	0.0	6	1	0
GCF_023920245.1	SAMN26096228	PRJNA473419	Klebsiella quasipneumoniae	Klebsiella	9	5	4	55.556	9	3	2
GCF_023920325.1	SAMN26139404	PRJNA473419	Klebsiella pneumoniae	Klebsiella	24	18	6	75.0	21	6	5
GCF_023920605.1	SAMN26208495	PRJNA473419	Enterobacter cloacae	Enterobacter	20	1	19	5.0	19	2	1
GCF_024081805.1	SAMN19589280	PRJNA735573	Klebsiella pneumoniae	Klebsiella	3	0	3	0.0	3	1	0
GCF_024126335.1	SAMN27739533	PRJNA830884	Pseudomonas aeruginosa	Pseudomonas	5	0	5	0.0	5	1	0
GCF_024126355.1	SAMN27739534	PRJNA830884	Pseudomonas aeruginosa	Pseudomonas	4	0	4	0.0	4	1	0
GCF_024134525.1	SAMN28890170	PRJNA846555	Klebsiella quasipneumoniae	Klebsiella	15	11	4	73.333	15	2	1
GCF_024138415.1	SAMN21479087	PRJNA764201	Klebsiella pneumoniae	Klebsiella	8	4	4	50.0	8	2	1
GCF_024138755.1	SAMN18145423	PRJNA707073	Klebsiella variicola	Klebsiella	4	0	4	0.0	4	1	0
GCF_024138875.1	SAMN18256316	PRJNA713617	Enterobacter cloacae	Enterobacter	30	23	7	76.667	21	5	4
GCF_024138975.1	SAMN18477484	PRJNA717065	Klebsiella pneumoniae	Klebsiella	3	0	3	0.0	3	1	0
GCF_024182005.1	SAMD00490864	PRJDB13518	Enterobacter hormaechei	Enterobacter	11	7	4	63.636	10	3	2
GCF_024182025.1	SAMD00490869	PRJDB13518	Enterobacter hormaechei	Enterobacter	9	5	4	55.556	9	2	1
GCF_024211115.1	SAMN29633644	PRJNA812595	Klebsiella aerogenes	Klebsiella	4	0	4	0.0	4	1	0
GCF_024218835.1	SAMN24667500	PRJNA794990	Enterobacter hormaechei	Enterobacter	2	0	2	0.0	2	1	0
GCF_024223795.1	SAMN29499324	PRJNA855630	Klebsiella pneumoniae	Klebsiella	7	3	4	42.857	6	3	2
GCF_024224355.1	SAMN29499322	PRJNA855630	Klebsiella grimontii	Klebsiella	5	2	3	40.0	5	2	1
GCF_024224875.1	SAMN29499316	PRJNA855630	Klebsiella pneumoniae	Klebsiella	6	2	4	33.333	5	2	1
GCF_024225115.1	SAMN29499319	PRJNA855630	Klebsiella michiganensis	Klebsiella	6	2	4	33.333	6	2	1
GCF_024226435.1	SAMN29499311	PRJNA855630	Klebsiella pneumoniae	Klebsiella	6	2	4	33.333	5	2	1
GCF_024226755.1	SAMN29499314	PRJNA855630	Klebsiella pneumoniae	Klebsiella	7	3	4	42.857	6	3	2
GCF_024227055.1	SAMN29499315	PRJNA855630	Klebsiella pneumoniae	Klebsiella	6	2	4	33.333	5	2	1
GCF_024266805.1	SAMN29513587	PRJNA855990	Pseudomonas aeruginosa	Pseudomonas	5	0	5	0.0	5	1	0
GCF_024266915.1	SAMN28550649	PRJNA839732	Pseudomonas aeruginosa	Pseudomonas	8	3	5	37.5	7	2	1
GCF_024266935.1	SAMN28550875	PRJNA839735	Pseudomonas aeruginosa	Pseudomonas	8	3	5	37.5	7	2	1
GCF_024299245.1	SAMN26245098	PRJNA810335	Klebsiella pneumoniae	Klebsiella	12	5	7	41.667	10	2	1
GCF_024300845.1	SAMN27119722	PRJNA721782	Pseudomonas aeruginosa	Pseudomonas	6	1	5	16.667	6	2	1
GCF_024346655.1	SAMN17173497	PRJNA688319	Klebsiella pneumoniae	Klebsiella	13	7	6	53.846	12	2	1
GCF_024346695.1	SAMN17173567	PRJNA688325	Klebsiella pneumoniae	Klebsiella	13	7	6	53.846	11	2	1
GCF_024346735.1	SAMN17173614	PRJNA688329	Klebsiella pneumoniae	Klebsiella	16	10	6	62.5	14	3	2
GCF_024346775.1	SAMN17173631	PRJNA688350	Klebsiella pneumoniae	Klebsiella	16	10	6	62.5	14	2	1
GCF_024346815.1	SAMN17173807	PRJNA688362	Klebsiella pneumoniae	Klebsiella	13	9	4	69.231	12	3	2
GCF_024346855.1	SAMN17173860	PRJNA688366	Klebsiella pneumoniae	Klebsiella	22	18	4	81.818	18	3	2
GCF_024346895.1	SAMN17174001	PRJNA688379	Klebsiella pneumoniae	Klebsiella	15	3	12	20.0	12	2	1
GCF_024347755.1	SAMD00446295	PRJDB13144	Klebsiella quasipneumoniae	Klebsiella	14	10	4	71.429	13	3	2
GCF_024347795.1	SAMD00446297	PRJDB13144	Klebsiella quasipneumoniae	Klebsiella	18	14	4	77.778	14	4	3
GCF_024347815.1	SAMD00446298	PRJDB13144	Klebsiella quasipneumoniae	Klebsiella	18	14	4	77.778	14	4	3
GCF_024396595.1	SAMN26148623	PRJNA809128	Klebsiella michiganensis	Klebsiella	4	0	4	0.0	4	1	0
GCF_024396855.1	SAMN19931439	PRJNA858218	Klebsiella pneumoniae	Klebsiella	11	7	4	63.636	10	2	1
GCF_024396875.1	SAMN19931475	PRJNA858218	Klebsiella pneumoniae	Klebsiella	29	25	4	86.207	24	4	3
GCF_024396895.1	SAMN19931468	PRJNA858218	Klebsiella pneumoniae	Klebsiella	37	25	12	67.568	30	5	4
GCF_024396915.1	SAMN19931465	PRJNA858218	Klebsiella pneumoniae	Klebsiella	28	20	8	71.429	23	2	1
GCF_024397075.1	SAMN19931463	PRJNA858218	Klebsiella pneumoniae	Klebsiella	10	6	4	60.0	9	2	1
GCF_024397235.1	SAMN19931444	PRJNA858218	Klebsiella pneumoniae	Klebsiella	20	16	4	80.0	17	3	2
GCF_024397355.1	SAMN29762331	PRJNA858973	Pseudomonas aeruginosa	Pseudomonas	5	0	5	0.0	5	1	0
GCF_024397375.1	SAMN29762457	PRJNA858984	Klebsiella pneumoniae	Klebsiella	8	4	4	50.0	8	2	1
GCF_024397815.1	SAMN18721477	PRJNA721588	Klebsiella pneumoniae	Klebsiella	4	0	4	0.0	4	1	0
GCF_024398905.1	SAMN19036487	PRJNA579943	Klebsiella pneumoniae	Klebsiella	3	1	2	33.333	3	2	1
GCF_024494485.1	SAMN29855872	PRJNA860654	Pseudomonas asiatica	Pseudomonas	40	25	15	62.5	26	2	1
GCF_024496125.1	SAMN29889746	PRJNA861119	Klebsiella pneumoniae	Klebsiella	14	10	4	71.429	13	3	2
GCF_024496145.1	SAMN29889745	PRJNA861119	Klebsiella pneumoniae	Klebsiella	16	14	2	87.5	10	4	3
GCF_024496165.1	SAMN29889747	PRJNA861119	Klebsiella pneumoniae	Klebsiella	22	20	2	90.909	20	5	4
GCF_024496185.1	SAMN29889748	PRJNA861119	Klebsiella pneumoniae	Klebsiella	14	10	4	71.429	13	3	2
GCF_024496205.1	SAMN29889749	PRJNA861119	Klebsiella pneumoniae	Klebsiella	6	2	4	33.333	6	2	1
GCF_024496265.1	SAMN29894129	PRJNA673369	Klebsiella pneumoniae	Klebsiella	14	8	6	57.143	11	3	2
GCF_024498655.1	SAMN24394412	PRJNA792222	Klebsiella pneumoniae	Klebsiella	13	11	2	84.615	12	3	2
GCF_024498895.1	SAMN24790942	PRJNA795853	Klebsiella pneumoniae	Klebsiella	12	10	2	83.333	12	2	1
GCF_024505665.1	SAMN29785854	PRJNA859500	Klebsiella pneumoniae	Klebsiella	11	6	5	54.545	10	4	3
GCF_024507915.1	SAMN29939564	PRJNA607328	Pseudomonas aeruginosa	Pseudomonas	5	0	5	0.0	5	1	0
GCF_024507955.1	SAMN29939566	PRJNA607328	Pseudomonas aeruginosa	Pseudomonas	5	0	5	0.0	5	1	0
GCF_024579815.1	SAMN29856549	PRJNA860713	Klebsiella pneumoniae	Klebsiella	38	34	4	89.474	35	4	3
GCF_024584455.1	SAMN30074620	PRJNA864575	Klebsiella pneumoniae	Klebsiella	14	12	2	85.714	13	3	2
GCF_024584475.1	SAMN30074657	PRJNA864578	Klebsiella pneumoniae	Klebsiella	14	12	2	85.714	13	3	2
GCF_024584495.1	SAMN30074508	PRJNA864563	Pseudomonas aeruginosa	Pseudomonas	14	0	14	0.0	11	1	0
GCF_024585185.1	SAMN09519602	PRJNA478567	Klebsiella pneumoniae	Klebsiella	40	36	4	90.0	27	4	3
GCF_024585205.1	SAMN09519601	PRJNA478567	Klebsiella pneumoniae	Klebsiella	37	21	16	56.757	27	3	2
GCF_024585225.1	SAMN09519600	PRJNA478567	Klebsiella pneumoniae	Klebsiella	40	36	4	90.0	27	4	3
GCF_024585245.1	SAMN09519599	PRJNA478567	Klebsiella pneumoniae	Klebsiella	42	38	4	90.476	29	4	3
GCF_024585325.1	SAMN28200646	PRJNA837392	Enterobacter hormaechei	Enterobacter	37	34	3	91.892	26	4	3
GCF_024599655.1	SAMN29928038	PRJNA861833	Enterobacter asburiae	Enterobacter	4	0	4	0.0	4	1	0
GCF_024599795.1	SAMN29928042	PRJNA861833	Enterobacter cloacae	Enterobacter	4	0	4	0.0	4	1	0
GCF_024628885.1	SAMN30114398	PRJNA865496	Klebsiella pneumoniae	Klebsiella	13	11	2	84.615	12	4	3
GCF_024637895.1	SAMN27028875	PRJNA692086	Klebsiella pneumoniae	Klebsiella	22	18	4	81.818	20	3	2
GCF_024637995.1	SAMN28422337	PRJNA838426	Klebsiella pneumoniae	Klebsiella	17	12	5	70.588	16	5	4
GCF_024652825.1	SAMN30160479	PRJNA716566	Klebsiella pneumoniae	Klebsiella	4	0	4	0.0	4	1	0
GCF_024652905.1	SAMN30115167	PRJNA865516	Pseudomonas oryzihabitans	Pseudomonas	7	7	0	100.0	2	2	2
GCF_024652945.3	SAMN30160590	PRJNA866310	Pseudomonas aeruginosa	Pseudomonas	25	20	5	80.0	19	3	2
GCF_024661995.1	SAMN29482475	PRJNA855143	Klebsiella aerogenes	Klebsiella	4	0	4	0.0	4	1	0
GCF_024666265.1	SAMN30176384	PRJNA866984	Klebsiella pneumoniae	Klebsiella	17	12	5	70.588	16	3	2
GCF_024666505.1	SAMN30176386	PRJNA866985	Klebsiella pneumoniae	Klebsiella	20	16	4	80.0	19	3	2
GCF_024730825.1	SAMN30309188	PRJNA869507	Klebsiella pneumoniae	Klebsiella	17	13	4	76.471	14	2	1
GCF_024730945.1	SAMN30309189	PRJNA869509	Klebsiella pneumoniae	Klebsiella	14	10	4	71.429	13	3	2
GCF_024731085.1	SAMN30309203	PRJNA869512	Klebsiella pneumoniae	Klebsiella	7	3	4	42.857	7	2	1
GCF_024734135.1	SAMN28054358	PRJNA834640	Klebsiella pneumoniae	Klebsiella	40	36	4	90.0	30	7	6
GCF_024734155.1	SAMN28054359	PRJNA834640	Klebsiella pneumoniae	Klebsiella	24	20	4	83.333	22	5	4
GCF_024734175.1	SAMN28054360	PRJNA834640	Klebsiella pneumoniae	Klebsiella	24	20	4	83.333	22	5	4
GCF_024734195.1	SAMN28054362	PRJNA834640	Klebsiella pneumoniae	Klebsiella	9	2	7	22.222	9	2	1
GCF_024734215.1	SAMN28054363	PRJNA834640	Klebsiella pneumoniae	Klebsiella	9	2	7	22.222	9	2	1
GCF_024734235.1	SAMN28054357	PRJNA834640	Klebsiella quasipneumoniae	Klebsiella	20	16	4	80.0	19	3	2
GCF_024734255.1	SAMN28054361	PRJNA834640	Klebsiella quasipneumoniae	Klebsiella	17	13	4	76.471	17	3	2
GCF_024734275.1	SAMN28054364	PRJNA834640	Klebsiella quasipneumoniae	Klebsiella	17	13	4	76.471	17	3	2
GCF_024734295.1	SAMN30333744	PRJNA869910	Klebsiella quasipneumoniae	Klebsiella	14	10	4	71.429	14	3	2
GCF_024734755.1	SAMN30333623	PRJNA754843	Klebsiella pneumoniae	Klebsiella	10	6	4	60.0	10	2	1
GCF_024734795.1	SAMN30333621	PRJNA754843	Pseudomonas aeruginosa	Pseudomonas	15	0	15	0.0	12	1	0
GCF_024734815.1	SAMN30333620	PRJNA754843	Pseudomonas aeruginosa	Pseudomonas	5	0	5	0.0	5	1	0
GCF_024741815.1	SAMN30287836	PRJNA869181	Pseudomonas sp.	Pseudomonas	1	0	1	0.0	1	1	0
GCF_024750555.1	SAMN30381623	PRJNA870671	Klebsiella pneumoniae	Klebsiella	31	27	4	87.097	30	5	4
GCF_024750575.1	SAMN30381632	PRJNA870675	Klebsiella pneumoniae	Klebsiella	13	9	4	69.231	13	3	2
GCF_024758605.1	SAMN19717179	PRJNA737586	Klebsiella pneumoniae	Klebsiella	13	9	4	69.231	13	3	2
GCF_024762135.1	SAMN30403289	PRJNA871048	Klebsiella pneumoniae	Klebsiella	16	12	4	75.0	15	5	4
GCF_024803445.1	SAMN30408259	PRJNA871104	Klebsiella variicola	Klebsiella	4	0	4	0.0	4	1	0
GCF_024803465.1	SAMN30408256	PRJNA871104	Klebsiella variicola	Klebsiella	4	0	4	0.0	4	1	0
GCF_024803805.1	SAMN27066003	PRJNA821336	Pseudomonas aeruginosa	Pseudomonas	14	9	5	64.286	13	2	1
GCF_024917255.1	SAMN28174066	PRJNA836696	Klebsiella pneumoniae	Klebsiella	47	12	35	25.532	16	2	1
GCF_024917295.1	SAMN28174081	PRJNA836696	Klebsiella michiganensis	Klebsiella	24	19	5	79.167	17	3	2
GCF_024917315.1	SAMN28173991	PRJNA836696	Enterobacter hormaechei	Enterobacter	4	0	4	0.0	4	1	0
GCF_024917415.1	SAMN28174049	PRJNA836696	Klebsiella pneumoniae	Klebsiella	30	12	18	40.0	16	2	1
GCF_024917435.1	SAMN28173994	PRJNA836696	Klebsiella pneumoniae	Klebsiella	17	13	4	76.471	16	2	1
GCF_024917495.1	SAMN28174036	PRJNA836696	Klebsiella pneumoniae	Klebsiella	22	12	10	54.545	16	2	1
GCF_024917515.1	SAMN28174070	PRJNA836696	Klebsiella pneumoniae	Klebsiella	13	9	4	69.231	11	2	1
GCF_024917555.1	SAMN28174025	PRJNA836696	Klebsiella pneumoniae	Klebsiella	26	22	4	84.615	16	2	1
GCF_024917575.1	SAMN28173987	PRJNA836696	Klebsiella aerogenes	Klebsiella	16	12	4	75.0	16	2	1
GCF_024917595.1	SAMN28174058	PRJNA836696	Klebsiella pneumoniae	Klebsiella	22	10	12	45.455	13	2	1
GCF_024917615.1	SAMN28174020	PRJNA836696	Enterobacter cloacae	Enterobacter	4	0	4	0.0	4	1	0
GCF_024917635.1	SAMN28174063	PRJNA836696	Enterobacter hormaechei	Enterobacter	10	6	4	60.0	10	2	1
GCF_024917675.1	SAMN28174002	PRJNA836696	Enterobacter asburiae	Enterobacter	15	13	2	86.667	14	2	1
GCF_024917695.1	SAMN28174098	PRJNA836696	Klebsiella quasipneumoniae	Klebsiella	15	11	4	73.333	11	4	3
GCF_024917755.1	SAMN28174104	PRJNA836696	Klebsiella pneumoniae	Klebsiella	9	5	4	55.556	7	3	2
GCF_024917775.1	SAMN28173982	PRJNA836696	Enterobacter hormaechei	Enterobacter	4	0	4	0.0	4	1	0
GCF_024917835.1	SAMN28174102	PRJNA836696	Klebsiella pneumoniae	Klebsiella	22	8	14	36.364	20	2	1
GCF_024917855.1	SAMN28174060	PRJNA836696	Klebsiella pneumoniae	Klebsiella	23	14	9	60.87	16	3	2
GCF_024917875.1	SAMN28174085	PRJNA836696	Klebsiella pneumoniae	Klebsiella	16	11	5	68.75	16	2	1
GCF_024917915.1	SAMN28174100	PRJNA836696	Klebsiella pneumoniae	Klebsiella	24	20	4	83.333	22	2	1
GCF_024918055.1	SAMN28174045	PRJNA836696	Klebsiella pneumoniae	Klebsiella	20	0	20	0.0	14	1	0
GCF_024918075.1	SAMN28174007	PRJNA836696	Klebsiella pneumoniae	Klebsiella	12	6	6	50.0	10	3	2
GCF_024918095.1	SAMN28174011	PRJNA836696	Klebsiella pneumoniae	Klebsiella	23	19	4	82.609	15	2	1
GCF_024918175.1	SAMN28173985	PRJNA836696	Klebsiella pneumoniae	Klebsiella	19	10	9	52.632	11	2	1
GCF_024918215.1	SAMN28174038	PRJNA836696	Enterobacter hormaechei	Enterobacter	10	8	2	80.0	7	2	1
GCF_024918255.1	SAMN28174037	PRJNA836696	Enterobacter hormaechei	Enterobacter	17	15	2	88.235	7	2	1
GCF_024918315.1	SAMN28173992	PRJNA836696	Klebsiella pneumoniae	Klebsiella	13	7	6	53.846	12	2	1
GCF_024918355.1	SAMN28174061	PRJNA836696	Klebsiella aerogenes	Klebsiella	15	11	4	73.333	13	3	2
GCF_024918435.1	SAMN28174030	PRJNA836696	Klebsiella pneumoniae	Klebsiella	8	4	4	50.0	8	2	1
GCF_024918475.1	SAMN28174003	PRJNA836696	Klebsiella pneumoniae	Klebsiella	32	0	32	0.0	17	1	0
GCF_024918735.1	SAMN28173998	PRJNA836696	Klebsiella oxytoca	Klebsiella	12	9	3	75.0	12	3	2
GCF_024918795.1	SAMN28174019	PRJNA836696	Enterobacter hormaechei	Enterobacter	9	1	8	11.111	6	2	1
GCF_024918835.1	SAMN28174000	PRJNA836696	Klebsiella pneumoniae	Klebsiella	9	5	4	55.556	9	2	1
GCF_024918855.1	SAMN28173983	PRJNA836696	Klebsiella pneumoniae	Klebsiella	22	17	5	77.273	16	2	1
GCF_024918875.1	SAMN28173989	PRJNA836696	Klebsiella pneumoniae	Klebsiella	8	4	4	50.0	8	2	1
GCF_024971855.1	SAMN20132436	PRJNA745051	Pseudomonas sp.	Pseudomonas	5	2	3	40.0	5	2	1
GCF_024972855.1	SAMN29843201	PRJNA860371	Pseudomonas aeruginosa	Pseudomonas	29	0	29	0.0	21	1	0
GCF_025021485.1	SAMN30618652	PRJNA875571	Enterobacter roggenkampii	Enterobacter	4	0	4	0.0	4	1	0
GCF_025021565.1	SAMN20168915	PRJNA745538	Pseudomonas aeruginosa	Pseudomonas	5	0	5	0.0	5	1	0
GCF_025021745.1	SAMN22234621	PRJNA745538	Pseudomonas aeruginosa	Pseudomonas	5	0	5	0.0	5	1	0
GCF_025079255.1	SAMN27687876	PRJNA830320	Pseudomonas aeruginosa	Pseudomonas	7	0	7	0.0	7	1	0
GCF_025118435.1	SAMN29397002	PRJNA853564	Klebsiella pneumoniae	Klebsiella	7	3	4	42.857	7	2	1
GCF_025118455.1	SAMN29397001	PRJNA853564	Klebsiella pneumoniae	Klebsiella	7	3	4	42.857	7	2	1
GCF_025144525.1	SAMN15813776	PRJNA656934	Klebsiella pneumoniae	Klebsiella	34	26	8	76.471	25	3	2
GCF_025152625.1	SAMN30377401	PRJNA870475	Enterobacter sp.	Enterobacter	4	0	4	0.0	4	1	0
GCF_025152765.1	SAMN30672525	PRJNA673369	Klebsiella pneumoniae	Klebsiella	18	14	4	77.778	11	3	2
GCF_025200575.1	SAMN30466961	PRJNA281531	Klebsiella pneumoniae	Klebsiella	10	6	4	60.0	10	2	1
GCF_025200845.1	SAMN28908268	PRJNA847000	Pseudomonas aeruginosa	Pseudomonas	5	0	5	0.0	5	1	0
GCF_025232415.1	SAMN29187370	PRJNA850540	Klebsiella pneumoniae	Klebsiella	13	9	4	69.231	12	3	2
GCF_025232435.1	SAMN29187369	PRJNA850540	Klebsiella pneumoniae	Klebsiella	13	9	4	69.231	12	3	2
GCF_025244645.1	SAMN30636576	PRJNA832474	Klebsiella pneumoniae	Klebsiella	29	23	6	79.31	26	4	3
GCF_025244885.1	SAMN30697279	PRJNA877370	Enterobacter hormaechei	Enterobacter	4	0	4	0.0	4	1	0
GCF_025244905.1	SAMN30697280	PRJNA877372	Enterobacter mori	Enterobacter	4	0	4	0.0	4	1	0
GCF_025252425.1	SAMN30711370	PRJNA877475	Klebsiella pneumoniae	Klebsiella	13	9	4	69.231	12	3	2
GCF_025258665.1	SAMN29161340	PRJNA692086	Klebsiella pneumoniae	Klebsiella	16	14	2	87.5	15	3	2
GCF_025259665.1	SAMN24523856	PRJNA812595	Klebsiella pneumoniae	Klebsiella	13	9	4	69.231	13	2	1
GCF_025263585.1	SAMN20178252	PRJNA745991	Pseudomonas aeruginosa	Pseudomonas	5	0	5	0.0	5	1	0
GCF_025263605.1	SAMN20244498	PRJNA746969	Pseudomonas aeruginosa	Pseudomonas	5	0	5	0.0	5	1	0
GCF_025263645.1	SAMN20206206	PRJNA746417	Pseudomonas juntendi	Pseudomonas	13	0	13	0.0	11	1	0
GCF_025263705.1	SAMN26417650	PRJNA812504	Pseudomonas aeruginosa	Pseudomonas	6	0	6	0.0	6	1	0
GCF_025263805.1	SAMN29985876	PRJNA862643	Klebsiella michiganensis	Klebsiella	6	2	4	33.333	6	3	2
GCF_025266795.1	SAMN28865091	PRJNA845926	Enterobacter hormaechei	Enterobacter	10	6	4	60.0	10	3	2
GCF_025311535.1	SAMN30695413	PRJNA877279	Enterobacter hormaechei	Enterobacter	6	0	6	0.0	6	1	0
GCF_025311555.1	SAMN30695412	PRJNA877279	Enterobacter hormaechei	Enterobacter	6	0	6	0.0	6	1	0
GCF_025311595.1	SAMN30695411	PRJNA877279	Enterobacter hormaechei	Enterobacter	6	0	6	0.0	6	1	0
GCF_025349945.1	SAMN30696136	PRJNA877288	Klebsiella ornithinolytica	Klebsiella	15	12	3	80.0	12	5	4
GCF_025369895.1	SAMN30506756	PRJNA873893	Enterobacter hormaechei	Enterobacter	21	17	4	80.952	21	2	1
GCF_025397975.1	SAMN30825845	PRJNA613645	Klebsiella pneumoniae	Klebsiella	1	0	1	0.0	1	1	0
GCF_025398075.1	SAMN30819582	PRJNA879940	Pseudomonas aeruginosa	Pseudomonas	13	8	5	61.538	12	2	1
GCF_025398095.1	SAMN30820550	PRJNA879940	Pseudomonas aeruginosa	Pseudomonas	13	8	5	61.538	12	2	1
GCF_025398115.1	SAMN30820551	PRJNA879940	Pseudomonas aeruginosa	Pseudomonas	13	8	5	61.538	12	2	1
GCF_025398135.1	SAMN30820558	PRJNA879940	Pseudomonas aeruginosa	Pseudomonas	13	8	5	61.538	12	2	1
GCF_025398355.1	SAMN24145033	PRJNA812595	Klebsiella pneumoniae	Klebsiella	16	12	4	75.0	13	2	1
GCF_025398395.2	SAMN16505100	PRJNA812595	Enterobacter hormaechei	Enterobacter	6	2	4	33.333	6	2	1
GCF_025398435.1	SAMN17815182	PRJNA812595	Klebsiella pneumoniae	Klebsiella	25	11	14	44.0	22	3	2
GCF_025398695.1	SAMN14792099	PRJNA812595	Klebsiella pneumoniae	Klebsiella	6	0	6	0.0	5	1	0
GCF_025398715.1	SAMN30655620	PRJNA812595	Enterobacter hormaechei	Enterobacter	6	2	4	33.333	6	2	1
GCF_025398835.1	SAMN30863685	PRJNA880798	Pseudomonas aeruginosa	Pseudomonas	5	0	5	0.0	5	1	0
GCF_025398875.1	SAMN30864116	PRJNA880756	Enterobacter kobei	Enterobacter	6	2	4	33.333	6	2	1
GCF_025426135.1	SAMN29981189	PRJNA812595	Enterobacter cloacae	Enterobacter	11	9	2	81.818	11	4	3
GCF_025452135.1	SAMN30711086	PRJNA877471	Pseudomonas aeruginosa	Pseudomonas	5	0	5	0.0	5	1	0
GCF_025490515.1	SAMN30959810	PRJNA883161	Klebsiella pneumoniae	Klebsiella	7	3	4	42.857	7	2	1
GCF_025490535.1	SAMN30957779	PRJNA883008	Klebsiella michiganensis	Klebsiella	3	0	3	0.0	3	1	0
GCF_025502525.1	SAMN30957467	PRJNA415108	Enterobacter sp.	Enterobacter	5	1	4	20.0	5	2	1
GCF_025579125.1	SAMN31152639	PRJNA288601	Klebsiella oxytoca	Klebsiella	7	4	3	57.143	7	3	2
GCF_025579405.1	SAMN31152641	PRJNA288601	Klebsiella variicola	Klebsiella	17	13	4	76.471	16	2	1
GCF_025579425.1	SAMN31152643	PRJNA288601	Klebsiella variicola	Klebsiella	17	13	4	76.471	16	2	1
GCF_025579445.1	SAMN31152640	PRJNA288601	Klebsiella variicola	Klebsiella	17	13	4	76.471	16	2	1
GCF_025579525.1	SAMN31152642	PRJNA288601	Klebsiella variicola	Klebsiella	17	13	4	76.471	16	2	1
GCF_025642275.1	SAMN31002698	PRJNA883948	Pseudomonas tohonis	Pseudomonas	1	0	1	0.0	1	1	0
GCF_025642295.1	SAMN30996806	PRJNA883808	Klebsiella pneumoniae	Klebsiella	14	10	4	71.429	13	3	2
GCF_025642315.1	SAMN30999259	PRJNA883928	Klebsiella pneumoniae	Klebsiella	7	3	4	42.857	7	2	1
GCF_025643115.1	SAMN20924843	PRJNA756735	Klebsiella pneumoniae	Klebsiella	19	15	4	78.947	18	4	3
GCF_025643175.1	SAMN21211080	PRJNA760245	Klebsiella pneumoniae	Klebsiella	16	7	9	43.75	14	2	1
GCF_025665355.1	SAMN30903868	PRJNA881455	Klebsiella michiganensis	Klebsiella	4	0	4	0.0	4	1	0
GCF_025676565.1	SAMN31261055	PRJNA288601	Klebsiella oxytoca	Klebsiella	14	11	3	78.571	13	2	1
GCF_025676585.1	SAMN31261056	PRJNA288601	Klebsiella variicola	Klebsiella	17	13	4	76.471	16	2	1
GCF_025676845.1	SAMN31261057	PRJNA288601	Klebsiella variicola	Klebsiella	17	13	4	76.471	16	2	1
GCF_025677745.1	SAMN29985366	PRJNA862640	Klebsiella pneumoniae	Klebsiella	20	16	4	80.0	19	4	3
GCF_025677765.1	SAMN29985365	PRJNA862640	Klebsiella pneumoniae	Klebsiella	20	16	4	80.0	19	4	3
GCF_025716785.1	SAMN31087429	PRJNA885381	Klebsiella variicola	Klebsiella	5	1	4	20.0	5	2	1
GCF_025723085.1	SAMN22773561	PRJNA776240	Pseudomonas aeruginosa	Pseudomonas	9	0	9	0.0	8	1	0
GCF_025725705.1	SAMN30826912	PRJNA880246	Klebsiella pneumoniae	Klebsiella	9	8	1	88.889	9	3	2
GCF_025732175.1	SAMN30015118	PRJNA863090	Klebsiella oxytoca	Klebsiella	43	40	3	93.023	22	2	1
GCF_025734435.1	SAMN31156880	PRJNA887220	Klebsiella pneumoniae	Klebsiella	31	17	14	54.839	29	4	3
GCF_025790885.1	SAMN14792039	PRJNA812595	Pseudomonas aeruginosa	Pseudomonas	12	0	12	0.0	12	1	0
GCF_025813515.1	SAMN31276742	PRJNA890382	Klebsiella sp.	Klebsiella	8	4	4	50.0	8	2	1
GCF_025837075.1	SAMN30667246	PRJNA862336	Klebsiella pneumoniae	Klebsiella	17	13	4	76.471	16	2	1
GCF_025884075.1	SAMN29388315	PRJNA853446	Klebsiella pneumoniae	Klebsiella	17	12	5	70.588	16	3	2
GCF_025884095.1	SAMN29388314	PRJNA853446	Klebsiella pneumoniae	Klebsiella	18	12	6	66.667	17	4	3
GCF_025884115.1	SAMN29388312	PRJNA853446	Klebsiella pneumoniae	Klebsiella	14	9	5	64.286	14	3	2
GCF_025884135.1	SAMN29388311	PRJNA853446	Klebsiella pneumoniae	Klebsiella	20	15	5	75.0	19	4	3
GCF_025884155.1	SAMN29388310	PRJNA853446	Klebsiella pneumoniae	Klebsiella	20	15	5	75.0	19	4	3
GCF_025884175.1	SAMN29388309	PRJNA853446	Klebsiella pneumoniae	Klebsiella	20	15	5	75.0	19	4	3
GCF_025884195.1	SAMN29388308	PRJNA853446	Klebsiella pneumoniae	Klebsiella	10	5	5	50.0	10	3	2
GCF_025884215.1	SAMN29388307	PRJNA853446	Klebsiella pneumoniae	Klebsiella	20	15	5	75.0	19	4	3
GCF_025884235.1	SAMN29388306	PRJNA853446	Klebsiella pneumoniae	Klebsiella	20	15	5	75.0	19	4	3
GCF_025884255.1	SAMN29388305	PRJNA853446	Klebsiella pneumoniae	Klebsiella	13	8	5	61.538	13	3	2
GCF_025884275.1	SAMN29388304	PRJNA853446	Klebsiella pneumoniae	Klebsiella	28	20	8	71.429	22	3	2
GCF_025905445.1	SAMN31207303	PRJNA886932	Klebsiella pneumoniae	Klebsiella	4	0	4	0.0	4	1	0
GCF_025908315.1	SAMN31018892	PRJNA884324	Pseudomonas paraeruginosa	Pseudomonas	2	0	2	0.0	2	1	0
GCF_025908435.1	SAMN28157411	PRJNA836308	Klebsiella pneumoniae	Klebsiella	15	8	7	53.333	15	4	3
GCF_025917765.1	SAMN29490475	PRJNA855442	Klebsiella pneumoniae	Klebsiella	4	0	4	0.0	4	1	0
GCF_025920065.1	SAMN08714730	PRJNA438398	Klebsiella pneumoniae	Klebsiella	19	15	4	78.947	17	3	2
GCF_025920085.1	SAMN08714644	PRJNA438392	Klebsiella pneumoniae	Klebsiella	19	15	4	78.947	17	3	2
GCF_025920785.1	SAMEA8550523	PRJNA730998	Klebsiella pneumoniae	Klebsiella	13	9	4	69.231	12	3	2
GCF_025946825.1	SAMN31418373	PRJNA893271	Klebsiella pneumoniae	Klebsiella	10	8	2	80.0	9	2	1
GCF_025946845.1	SAMN31373057	PRJNA892243	Klebsiella pneumoniae	Klebsiella	14	10	4	71.429	13	3	2
GCF_025946965.1	SAMN31413558	PRJNA893192	Klebsiella pneumoniae	Klebsiella	13	9	4	69.231	13	4	3
GCF_025946985.1	SAMN31396910	PRJNA892877	Klebsiella pneumoniae	Klebsiella	20	16	4	80.0	12	3	2
GCF_025960245.1	SAMN31308932	PRJNA893570	Klebsiella michiganensis	Klebsiella	20	8	12	40.0	19	3	2
GCF_025985465.1	SAMN11022112	PRJNA524303	Pseudomonas aeruginosa	Pseudomonas	5	0	5	0.0	5	1	0
GCF_025997695.1	SAMD00510808	PRJDB13833	Klebsiella pneumoniae	Klebsiella	18	14	4	77.778	16	3	2
GCF_025999915.1	SAMD00535933	PRJDB13144	Enterobacter roggenkampii	Enterobacter	4	1	3	25.0	4	2	1
GCF_025999975.1	SAMD00535934	PRJDB13144	Enterobacter asburiae	Enterobacter	4	0	4	0.0	4	1	0
GCF_026000835.1	SAMD00536216	PRJDB14388	Klebsiella pneumoniae	Klebsiella	4	0	4	0.0	4	1	0
GCF_026000885.1	SAMD00536217	PRJDB14388	Klebsiella pneumoniae	Klebsiella	4	0	4	0.0	4	1	0
GCF_026013275.1	SAMN31172240	PRJNA887550	Klebsiella pneumoniae	Klebsiella	22	16	6	72.727	19	5	4
GCF_026015945.1	SAMN31455096	PRJNA894355	Enterobacter hormaechei	Enterobacter	21	15	6	71.429	20	4	3
GCF_026016005.1	SAMN31523650	PRJNA895758	Klebsiella pneumoniae	Klebsiella	10	6	4	60.0	9	2	1
GCF_026016665.1	SAMN22314499	PRJNA771509	Klebsiella quasipneumoniae	Klebsiella	17	13	4	76.471	16	2	1
GCF_026069065.1	SAMN31592762	PRJNA288601	Klebsiella variicola	Klebsiella	16	12	4	75.0	16	3	2
GCF_026069095.1	SAMN31592763	PRJNA288601	Klebsiella variicola	Klebsiella	19	15	4	78.947	18	3	2
GCF_026072635.1	SAMD00224199	PRJDB8663	Pseudomonas solani	Pseudomonas	1	0	1	0.0	1	1	0
GCF_026109755.1	SAMN27409789	PRJNA824643	Enterobacter hormaechei	Enterobacter	6	2	4	33.333	6	2	1
GCF_026153495.1	SAMN31311655	PRJNA891137	Klebsiella pneumoniae	Klebsiella	4	0	4	0.0	4	1	0
GCF_026153555.1	SAMN31604419	PRJNA898278	Klebsiella pneumoniae	Klebsiella	13	9	4	69.231	13	3	2
GCF_026167625.1	SAMN25749320	PRJNA804391	Klebsiella pneumoniae	Klebsiella	15	11	4	73.333	14	2	1
GCF_026183455.1	SAMN31664999	PRJNA899573	Pseudomonas putida	Pseudomonas	3	0	3	0.0	3	1	0
GCF_026220715.1	SAMN31759540	PRJNA812595	Klebsiella aerogenes	Klebsiella	4	0	4	0.0	4	1	0
GCF_026240655.1	SAMN31691762	PRJNA900428	Enterobacter hormaechei	Enterobacter	4	0	4	0.0	4	1	0
GCF_026240695.1	SAMN31675492	PRJNA899984	Enterobacter kobei	Enterobacter	12	8	4	66.667	12	5	4
GCF_026247905.1	SAMN29934016	PRJNA590644	Klebsiella pneumoniae	Klebsiella	19	15	4	78.947	17	5	4
GCF_026247925.1	SAMN29934015	PRJNA590644	Klebsiella pneumoniae	Klebsiella	19	15	4	78.947	17	6	5
GCF_026247945.1	SAMN29934020	PRJNA590644	Klebsiella pneumoniae	Klebsiella	19	15	4	78.947	15	5	4
GCF_026247965.1	SAMN29934021	PRJNA590644	Klebsiella pneumoniae	Klebsiella	12	8	4	66.667	8	4	3
GCF_026247985.1	SAMN29934022	PRJNA590644	Klebsiella pneumoniae	Klebsiella	19	15	4	78.947	15	5	4
GCF_026248005.1	SAMN29934023	PRJNA590644	Klebsiella pneumoniae	Klebsiella	19	15	4	78.947	15	5	4
GCF_026248225.1	SAMN29934025	PRJNA590644	Klebsiella pneumoniae	Klebsiella	22	18	4	81.818	18	5	4
GCF_026314315.1	SAMN31667776	PRJNA898983	Klebsiella sp.	Klebsiella	3	0	3	0.0	3	1	0
GCF_026427375.1	SAMN21529401	PRJNA739550	Klebsiella pneumoniae	Klebsiella	23	14	9	60.87	19	3	2
GCF_026427615.1	SAMN21565548	PRJNA765514	Klebsiella pneumoniae	Klebsiella	8	4	4	50.0	8	2	1
GCF_026428275.1	SAMN28236375	PRJNA812928	Pseudomonas sp.	Pseudomonas	5	0	5	0.0	5	1	0
GCF_026625905.1	SAMN31815321	PRJNA903854	Pseudomonas aeruginosa	Pseudomonas	5	0	5	0.0	5	1	0
GCF_026626045.1	SAMN31832933	PRJNA904099	Klebsiella pneumoniae	Klebsiella	33	29	4	87.879	31	3	2
GCF_026626065.1	SAMN31832001	PRJNA904099	Klebsiella pneumoniae	Klebsiella	37	33	4	89.189	33	3	2
GCF_026626085.1	SAMN31836736	PRJNA904099	Klebsiella pneumoniae	Klebsiella	44	40	4	90.909	37	4	3
GCF_026626105.1	SAMN31836844	PRJNA904099	Klebsiella pneumoniae	Klebsiella	44	40	4	90.909	37	5	4
GCF_026626165.1	SAMN31831552	PRJNA904099	Klebsiella pneumoniae	Klebsiella	29	25	4	86.207	27	3	2
GCF_026626185.1	SAMN31836897	PRJNA904099	Klebsiella pneumoniae	Klebsiella	42	36	6	85.714	35	2	1
GCF_026626205.1	SAMN31837087	PRJNA904099	Klebsiella pneumoniae	Klebsiella	40	36	4	90.0	31	5	4
GCF_026626225.1	SAMN31843289	PRJNA904099	Klebsiella pneumoniae	Klebsiella	34	30	4	88.235	28	5	4
GCF_026626245.1	SAMN31843362	PRJNA904099	Klebsiella pneumoniae	Klebsiella	44	40	4	90.909	35	4	3
GCF_026626285.1	SAMN31838583	PRJNA904099	Klebsiella pneumoniae	Klebsiella	40	36	4	90.0	31	5	4
GCF_026636135.1	SAMN31867617	PRJNA905210	Pseudomonas aeruginosa	Pseudomonas	5	0	5	0.0	5	1	0
GCF_026636195.1	SAMN31815323	PRJNA903855	Pseudomonas aeruginosa	Pseudomonas	5	0	5	0.0	5	1	0
GCF_026651915.1	SAMN31269456	PRJNA890191	Klebsiella pneumoniae	Klebsiella	22	18	4	81.818	21	3	2
GCF_026684275.1	SAMN25511760	PRJNA802079	Klebsiella quasipneumoniae	Klebsiella	11	7	4	63.636	11	3	2
GCF_026686735.1	SAMN31875046	PRJNA905558	Pseudomonas triclosanedens	Pseudomonas	11	0	11	0.0	11	1	0
GCF_026727695.1	SAMN28336043	PRJNA838002	Pseudomonas aeruginosa	Pseudomonas	5	0	5	0.0	5	1	0
GCF_026727715.1	SAMN28336042	PRJNA838003	Pseudomonas aeruginosa	Pseudomonas	5	0	5	0.0	5	1	0
GCF_026727735.1	SAMN28336044	PRJNA838005	Pseudomonas aeruginosa	Pseudomonas	5	0	5	0.0	5	1	0
GCF_026727755.1	SAMN28336045	PRJNA838004	Pseudomonas aeruginosa	Pseudomonas	7	0	7	0.0	7	1	0
GCF_026729635.1	SAMN32093418	PRJNA812595	Klebsiella aerogenes	Klebsiella	4	0	4	0.0	4	1	0
GCF_026802135.1	SAMN31854496	PRJNA904789	Klebsiella variicola	Klebsiella	12	8	4	66.667	12	3	2
GCF_026821715.1	SAMN30914361	PRJNA881721	Klebsiella pneumoniae	Klebsiella	19	15	4	78.947	15	5	4
GCF_026870135.1	SAMN32079354	PRJNA909305	Pseudomonas aeruginosa	Pseudomonas	5	0	5	0.0	5	1	0
GCF_026967615.1	SAMN32084726	PRJNA909457	Pseudomonas sp.	Pseudomonas	10	0	10	0.0	7	1	0
GCF_026967695.1	SAMN31152638	PRJNA288601	Klebsiella michiganensis	Klebsiella	9	6	3	66.667	9	2	1
GCF_026967715.1	SAMN30838366	PRJNA288601	Klebsiella quasipneumoniae	Klebsiella	17	13	4	76.471	16	2	1
GCF_026967735.1	SAMN31390134	PRJNA288601	Klebsiella variicola	Klebsiella	17	13	4	76.471	16	2	1
GCF_026967755.1	SAMN31390135	PRJNA288601	Klebsiella variicola	Klebsiella	17	13	4	76.471	16	2	1
GCF_027126715.1	SAMN23708555	PRJNA263680	Klebsiella pneumoniae	Klebsiella	8	4	4	50.0	7	3	2
GCF_027171385.1	SAMN32216000	PRJNA911938	Pseudomonas aeruginosa	Pseudomonas	5	0	5	0.0	5	1	0
GCF_027271235.1	SAMN32214983	PRJNA911934	Enterobacter hormaechei	Enterobacter	22	17	5	77.273	19	4	3
GCF_027359235.1	SAMN32299599	PRJNA913466	Pseudomonas aeruginosa	Pseudomonas	23	18	5	78.261	20	2	1
GCF_027474365.1	SAMN32317434	PRJNA914077	Klebsiella pneumoniae	Klebsiella	27	23	4	85.185	25	3	2
GCF_027558775.1	SAMN28016300	PRJNA833743	Klebsiella pneumoniae	Klebsiella	8	4	4	50.0	8	2	1
GCF_027558815.1	SAMN28016299	PRJNA833743	Klebsiella pneumoniae	Klebsiella	8	4	4	50.0	8	2	1
GCF_027558835.1	SAMN28016298	PRJNA833743	Klebsiella pneumoniae	Klebsiella	8	4	4	50.0	8	2	1
GCF_027570415.1	SAMN30438087	PRJNA867191	Pseudomonas aeruginosa	Pseudomonas	5	0	5	0.0	5	1	0
GCF_027570435.1	SAMN30438092	PRJNA867201	Pseudomonas aeruginosa	Pseudomonas	5	0	5	0.0	5	1	0
GCF_027570455.1	SAMN30438094	PRJNA867199	Pseudomonas aeruginosa	Pseudomonas	6	0	6	0.0	6	1	0
GCF_027570475.1	SAMN30438089	PRJNA867193	Pseudomonas aeruginosa	Pseudomonas	5	0	5	0.0	5	1	0
GCF_027570495.1	SAMN30438091	PRJNA867202	Pseudomonas aeruginosa	Pseudomonas	5	0	5	0.0	5	1	0
GCF_027570515.1	SAMN30438093	PRJNA867200	Pseudomonas aeruginosa	Pseudomonas	5	0	5	0.0	5	1	0
GCF_027570535.1	SAMN30438096	PRJNA867207	Pseudomonas aeruginosa	Pseudomonas	5	0	5	0.0	5	1	0
GCF_027570555.1	SAMN30438097	PRJNA867206	Pseudomonas aeruginosa	Pseudomonas	5	0	5	0.0	5	1	0
GCF_027570575.1	SAMN30438098	PRJNA867205	Pseudomonas aeruginosa	Pseudomonas	5	0	5	0.0	5	1	0
GCF_027570595.1	SAMN30438099	PRJNA867204	Pseudomonas aeruginosa	Pseudomonas	5	0	5	0.0	5	1	0
GCF_027570615.1	SAMN30438100	PRJNA867203	Pseudomonas aeruginosa	Pseudomonas	5	0	5	0.0	5	1	0
GCF_027570635.1	SAMN30438101	PRJNA867213	Pseudomonas aeruginosa	Pseudomonas	5	0	5	0.0	5	1	0
GCF_027570655.1	SAMN30438102	PRJNA867212	Pseudomonas aeruginosa	Pseudomonas	5	0	5	0.0	5	1	0
GCF_027570675.1	SAMN30438104	PRJNA867210	Pseudomonas aeruginosa	Pseudomonas	5	0	5	0.0	5	1	0
GCF_027570715.1	SAMN30438105	PRJNA867209	Pseudomonas aeruginosa	Pseudomonas	15	0	15	0.0	10	1	0
GCF_027570735.1	SAMN30438107	PRJNA867216	Pseudomonas aeruginosa	Pseudomonas	5	0	5	0.0	5	1	0
GCF_027570755.1	SAMN30438108	PRJNA867215	Pseudomonas aeruginosa	Pseudomonas	9	0	9	0.0	7	1	0
GCF_027570775.1	SAMN30438110	PRJNA867221	Pseudomonas aeruginosa	Pseudomonas	5	0	5	0.0	5	1	0
GCF_027570795.1	SAMN30438111	PRJNA867220	Pseudomonas aeruginosa	Pseudomonas	5	0	5	0.0	5	1	0
GCF_027570815.1	SAMN30438114	PRJNA867224	Pseudomonas aeruginosa	Pseudomonas	5	0	5	0.0	5	1	0
GCF_027570835.1	SAMN30438117	PRJNA867231	Pseudomonas aeruginosa	Pseudomonas	5	0	5	0.0	5	1	0
GCF_027570855.1	SAMN30438118	PRJNA867229	Pseudomonas aeruginosa	Pseudomonas	5	0	5	0.0	5	1	0
GCF_027570875.1	SAMN30438119	PRJNA867227	Pseudomonas aeruginosa	Pseudomonas	5	0	5	0.0	5	1	0
GCF_027570895.1	SAMN30438122	PRJNA867274	Pseudomonas aeruginosa	Pseudomonas	5	0	5	0.0	5	1	0
GCF_027570915.1	SAMN30438138	PRJNA867300	Pseudomonas aeruginosa	Pseudomonas	5	0	5	0.0	5	1	0
GCF_027570935.1	SAMN30438136	PRJNA867293	Pseudomonas aeruginosa	Pseudomonas	5	0	5	0.0	5	1	0
GCF_027570955.1	SAMN30438140	PRJNA867298	Pseudomonas aeruginosa	Pseudomonas	5	0	5	0.0	5	1	0
GCF_027570975.1	SAMN30438141	PRJNA867304	Pseudomonas aeruginosa	Pseudomonas	5	0	5	0.0	5	1	0
GCF_027570995.1	SAMN30438124	PRJNA867268	Pseudomonas aeruginosa	Pseudomonas	5	0	5	0.0	5	1	0
GCF_027571015.1	SAMN30438127	PRJNA867290	Pseudomonas aeruginosa	Pseudomonas	5	0	5	0.0	5	1	0
GCF_027571035.1	SAMN30438128	PRJNA867289	Pseudomonas aeruginosa	Pseudomonas	5	0	5	0.0	5	1	0
GCF_027571055.1	SAMN30438109	PRJNA867214	Pseudomonas aeruginosa	Pseudomonas	5	0	5	0.0	5	1	0
GCF_027571075.1	SAMN30438115	PRJNA867223	Pseudomonas aeruginosa	Pseudomonas	5	0	5	0.0	5	1	0
GCF_027571095.1	SAMN30438120	PRJNA867228	Pseudomonas aeruginosa	Pseudomonas	7	0	7	0.0	7	1	0
GCF_027571115.1	SAMN30438121	PRJNA867279	Pseudomonas aeruginosa	Pseudomonas	5	0	5	0.0	5	1	0
GCF_027571135.1	SAMN30438129	PRJNA867285	Pseudomonas aeruginosa	Pseudomonas	5	0	5	0.0	5	1	0
GCF_027571155.1	SAMN30438125	PRJNA867292	Pseudomonas aeruginosa	Pseudomonas	5	0	5	0.0	5	1	0
GCF_027571175.1	SAMN30438130	PRJNA867283	Pseudomonas aeruginosa	Pseudomonas	5	0	5	0.0	5	1	0
GCF_027571195.1	SAMN30438132	PRJNA867297	Pseudomonas aeruginosa	Pseudomonas	5	0	5	0.0	5	1	0
GCF_027571215.1	SAMN30438137	PRJNA867301	Pseudomonas aeruginosa	Pseudomonas	5	0	5	0.0	5	1	0
GCF_027571285.1	SAMN30438086	PRJNA867192	Pseudomonas aeruginosa	Pseudomonas	5	0	5	0.0	5	1	0
GCF_027571305.1	SAMN30438133	PRJNA867296	Pseudomonas aeruginosa	Pseudomonas	5	0	5	0.0	5	1	0
GCF_027571325.1	SAMN30438135	PRJNA867294	Pseudomonas aeruginosa	Pseudomonas	29	0	29	0.0	10	1	0
GCF_027571345.1	SAMN30438139	PRJNA867299	Pseudomonas aeruginosa	Pseudomonas	5	0	5	0.0	5	1	0
GCF_027571365.1	SAMN30438123	PRJNA867272	Pseudomonas aeruginosa	Pseudomonas	5	0	5	0.0	5	1	0
GCF_027577885.1	SAMN31152637	PRJNA288601	Klebsiella michiganensis	Klebsiella	11	8	3	72.727	10	3	2
GCF_027594685.1	SAMN31002545	PRJNA883938	Pseudomonas aeruginosa	Pseudomonas	5	0	5	0.0	5	1	0
GCF_027594885.1	SAMN27753787	PRJNA831437	Klebsiella pneumoniae	Klebsiella	8	4	4	50.0	7	2	1
GCF_027594905.1	SAMN27753786	PRJNA831437	Klebsiella pneumoniae	Klebsiella	6	2	4	33.333	6	2	1
GCF_027594925.1	SAMN27753785	PRJNA831437	Klebsiella pneumoniae	Klebsiella	15	11	4	73.333	15	3	2
GCF_027594945.1	SAMN27753784	PRJNA831437	Klebsiella pneumoniae	Klebsiella	5	1	4	20.0	5	2	1
GCF_027594965.1	SAMN27964220	PRJNA833228	Pseudomonas aeruginosa	Pseudomonas	8	3	5	37.5	8	2	1
GCF_027594985.1	SAMN28016686	PRJNA833752	Pseudomonas aeruginosa	Pseudomonas	16	3	13	18.75	14	2	1
GCF_027595005.1	SAMN28016687	PRJNA833753	Pseudomonas aeruginosa	Pseudomonas	18	0	18	0.0	16	1	0
GCF_027595025.1	SAMN28016697	PRJNA833755	Pseudomonas aeruginosa	Pseudomonas	13	6	7	46.154	13	2	1
GCF_027595085.1	SAMN28016848	PRJNA833765	Pseudomonas putida	Pseudomonas	3	0	3	0.0	3	1	0
GCF_027595125.1	SAMN28016882	PRJNA833772	Enterobacter hormaechei	Enterobacter	6	2	4	33.333	6	2	1
GCF_027595145.1	SAMN28016762	PRJNA833758	Pseudomonas sp.	Pseudomonas	15	15	0	100.0	12	1	1
GCF_027595485.1	SAMN16387621	PRJNA667445	Klebsiella pneumoniae	Klebsiella	24	10	14	41.667	21	4	3
GCF_027595505.1	SAMN16387622	PRJNA667445	Klebsiella aerogenes	Klebsiella	4	0	4	0.0	4	1	0
GCF_027595525.1	SAMN16387623	PRJNA667445	Enterobacter asburiae	Enterobacter	4	0	4	0.0	4	1	0
GCF_027595545.1	SAMN16387624	PRJNA667445	Klebsiella michiganensis	Klebsiella	15	12	3	80.0	10	2	1
GCF_027595585.1	SAMN16387630	PRJNA667445	Klebsiella pneumoniae	Klebsiella	8	4	4	50.0	8	3	2
GCF_027595605.1	SAMN16387632	PRJNA667445	Klebsiella pneumoniae	Klebsiella	23	16	7	69.565	18	5	4
GCF_027595625.1	SAMN16387634	PRJNA667445	Klebsiella pneumoniae	Klebsiella	20	16	4	80.0	19	3	2
GCF_027595645.1	SAMN16387635	PRJNA667445	Klebsiella pneumoniae	Klebsiella	25	17	8	68.0	20	4	3
GCF_027595665.1	SAMN16387639	PRJNA667445	Klebsiella pneumoniae	Klebsiella	7	3	4	42.857	7	2	1
GCF_027595685.1	SAMN16387643	PRJNA667445	Klebsiella pneumoniae	Klebsiella	26	19	7	73.077	20	4	3
GCF_027595705.1	SAMN16387652	PRJNA667445	Klebsiella aerogenes	Klebsiella	4	0	4	0.0	4	1	0
GCF_027595745.1	SAMN16387655	PRJNA667445	Klebsiella pneumoniae	Klebsiella	13	9	4	69.231	13	2	1
GCF_027595845.1	SAMN16387657	PRJNA667445	Klebsiella pneumoniae	Klebsiella	17	12	5	70.588	14	3	2
GCF_027595935.1	SAMN16387637	PRJNA667445	Enterobacter kobei	Enterobacter	13	9	4	69.231	12	2	1
GCF_027627785.1	SAMN28911479	PRJNA847041	Klebsiella oxytoca	Klebsiella	3	0	3	0.0	3	1	0
GCF_027886505.1	SAMN15907138	PRJNA812595	Enterobacter hormaechei	Enterobacter	12	8	4	66.667	11	2	1
GCF_027886525.1	SAMN15907139	PRJNA812595	Enterobacter hormaechei	Enterobacter	8	4	4	50.0	8	2	1
GCF_027886545.1	SAMN15907137	PRJNA812595	Enterobacter hormaechei	Enterobacter	12	8	4	66.667	11	2	1
GCF_027886565.1	SAMN15907136	PRJNA812595	Klebsiella pneumoniae	Klebsiella	9	5	4	55.556	6	5	4
GCF_027886605.1	SAMN32340834	PRJNA914626	Pseudomonas putida	Pseudomonas	2	1	1	50.0	2	2	1
GCF_027886645.1	SAMN32340833	PRJNA914626	Pseudomonas putida	Pseudomonas	1	1	0	100.0	1	1	1
GCF_027886665.1	SAMN32340832	PRJNA914626	Pseudomonas putida	Pseudomonas	1	1	0	100.0	1	1	1
GCF_027913355.1	SAMN32661441	PRJNA922498	Klebsiella pneumoniae	Klebsiella	40	36	4	90.0	29	2	1
GCF_027915295.1	SAMN32653075	PRJNA922444	Pseudomonas tohonis	Pseudomonas	1	0	1	0.0	1	1	0
GCF_027920365.1	SAMN32541572	PRJNA917514	Enterobacter hormaechei	Enterobacter	2	0	2	0.0	2	1	0
GCF_027921545.1	SAMN31765424	PRJNA902659	Klebsiella electrica	Klebsiella	3	0	3	0.0	3	1	0
GCF_027941975.1	SAMN07766632	PRJNA472804	Klebsiella pneumoniae	Klebsiella	16	12	4	75.0	14	5	4
GCF_027942175.1	SAMN27398043	PRJNA824258	Klebsiella pneumoniae	Klebsiella	11	7	4	63.636	9	2	1
GCF_027942195.1	SAMN27398042	PRJNA824258	Klebsiella pneumoniae	Klebsiella	29	4	25	13.793	24	2	1
GCF_027942215.1	SAMN27398041	PRJNA824258	Klebsiella pneumoniae	Klebsiella	20	16	4	80.0	17	3	2
GCF_027945215.1	SAMN32737190	PRJNA923778	Klebsiella michiganensis	Klebsiella	7	3	4	42.857	7	2	1
GCF_027945845.1	SAMD00168436	PRJDB6962	Klebsiella ornithinolytica	Klebsiella	21	18	3	85.714	16	4	3
GCF_028198105.1	SAMN32406711	PRJDB14962	Pseudomonas sp.	Pseudomonas	1	0	1	0.0	1	1	0
GCF_028198205.1	SAMN32745804	PRJNA923839	Enterobacter ludwigii	Enterobacter	13	4	9	30.769	9	3	2
GCF_028219375.1	SAMN31207074	PRJNA888051	Klebsiella pneumoniae	Klebsiella	15	11	4	73.333	14	2	1
GCF_028219495.1	SAMN31207073	PRJNA888051	Klebsiella pneumoniae	Klebsiella	17	13	4	76.471	14	2	1
GCF_028219695.1	SAMN31207072	PRJNA888051	Klebsiella pneumoniae	Klebsiella	8	4	4	50.0	8	2	1
GCF_028219835.1	SAMN31207071	PRJNA888051	Klebsiella pneumoniae	Klebsiella	9	3	6	33.333	9	2	1
GCF_028219935.1	SAMN31207070	PRJNA888051	Klebsiella pneumoniae	Klebsiella	15	11	4	73.333	14	4	3
GCF_028219955.1	SAMN31207069	PRJNA888051	Klebsiella pneumoniae	Klebsiella	13	11	2	84.615	12	4	3
GCF_028219975.1	SAMN31207068	PRJNA888051	Klebsiella pneumoniae	Klebsiella	13	11	2	84.615	12	4	3
GCF_028219995.1	SAMN31207067	PRJNA888051	Klebsiella pneumoniae	Klebsiella	13	11	2	84.615	12	4	3
GCF_028220015.1	SAMN31207066	PRJNA888051	Klebsiella pneumoniae	Klebsiella	7	1	6	14.286	7	2	1
GCF_028220175.1	SAMN31207065	PRJNA888051	Klebsiella pneumoniae	Klebsiella	13	11	2	84.615	12	4	3
GCF_028220555.1	SAMN31207064	PRJNA888051	Klebsiella pneumoniae	Klebsiella	27	23	4	85.185	25	4	3
GCF_028220765.1	SAMN31207063	PRJNA888051	Klebsiella pneumoniae	Klebsiella	6	4	2	66.667	6	2	1
GCF_028220865.1	SAMN31207062	PRJNA888051	Klebsiella pneumoniae	Klebsiella	8	4	4	50.0	8	2	1
GCF_028220965.1	SAMN31207061	PRJNA888051	Klebsiella pneumoniae	Klebsiella	9	3	6	33.333	9	3	2
GCF_028220985.1	SAMN31207060	PRJNA888051	Klebsiella pneumoniae	Klebsiella	13	11	2	84.615	12	4	3
GCF_028221005.1	SAMN31207059	PRJNA888051	Klebsiella pneumoniae	Klebsiella	8	4	4	50.0	8	2	1
GCF_028221025.1	SAMN31207058	PRJNA888051	Klebsiella pneumoniae	Klebsiella	13	11	2	84.615	12	4	3
GCF_028221045.1	SAMN31207057	PRJNA888051	Klebsiella pneumoniae	Klebsiella	8	4	4	50.0	8	2	1
GCF_028221065.1	SAMN31207056	PRJNA888051	Klebsiella pneumoniae	Klebsiella	8	4	4	50.0	8	2	1
GCF_028221085.1	SAMN31207055	PRJNA888051	Klebsiella pneumoniae	Klebsiella	14	10	4	71.429	12	3	2
GCF_028221105.1	SAMN31207054	PRJNA888051	Klebsiella pneumoniae	Klebsiella	8	4	4	50.0	8	2	1
GCF_028221125.1	SAMN31207053	PRJNA888051	Klebsiella pneumoniae	Klebsiella	9	3	6	33.333	9	2	1
GCF_028221225.1	SAMN31207051	PRJNA888051	Klebsiella pneumoniae	Klebsiella	14	10	4	71.429	12	3	2
GCF_028221515.1	SAMN31207050	PRJNA888051	Klebsiella pneumoniae	Klebsiella	14	10	4	71.429	12	3	2
GCF_028221855.1	SAMN31207049	PRJNA888051	Klebsiella pneumoniae	Klebsiella	9	5	4	55.556	8	2	1
GCF_028222115.1	SAMN31207048	PRJNA888051	Klebsiella pneumoniae	Klebsiella	14	10	4	71.429	12	3	2
GCF_028222535.1	SAMN31207047	PRJNA888051	Klebsiella pneumoniae	Klebsiella	19	13	6	68.421	18	3	2
GCF_028222915.1	SAMN31207046	PRJNA888051	Klebsiella pneumoniae	Klebsiella	14	10	4	71.429	12	3	2
GCF_028223205.1	SAMN31207045	PRJNA888051	Klebsiella pneumoniae	Klebsiella	14	10	4	71.429	12	3	2
GCF_028223415.1	SAMN31207044	PRJNA888051	Klebsiella pneumoniae	Klebsiella	14	10	4	71.429	12	3	2
GCF_028223615.1	SAMN31207043	PRJNA888051	Klebsiella pneumoniae	Klebsiella	17	11	6	64.706	16	3	2
GCF_028223855.1	SAMN31207042	PRJNA888051	Klebsiella pneumoniae	Klebsiella	14	10	4	71.429	12	3	2
GCF_028224025.1	SAMN31207041	PRJNA888051	Klebsiella pneumoniae	Klebsiella	10	6	4	60.0	9	2	1
GCF_028224355.1	SAMN31207040	PRJNA888051	Klebsiella pneumoniae	Klebsiella	14	10	4	71.429	12	3	2
GCF_028224675.1	SAMN31207039	PRJNA888051	Klebsiella pneumoniae	Klebsiella	14	10	4	71.429	13	3	2
GCF_028224955.1	SAMN31207038	PRJNA888051	Klebsiella pneumoniae	Klebsiella	14	10	4	71.429	12	3	2
GCF_028225315.1	SAMN31207037	PRJNA888051	Klebsiella pneumoniae	Klebsiella	14	10	4	71.429	12	3	2
GCF_028225535.1	SAMN31207036	PRJNA888051	Klebsiella pneumoniae	Klebsiella	14	10	4	71.429	12	3	2
GCF_028225725.1	SAMN31207035	PRJNA888051	Klebsiella pneumoniae	Klebsiella	14	10	4	71.429	12	3	2
GCF_028225915.1	SAMN31207034	PRJNA888051	Klebsiella pneumoniae	Klebsiella	14	10	4	71.429	12	3	2
GCF_028226055.1	SAMN31207033	PRJNA888051	Klebsiella pneumoniae	Klebsiella	14	10	4	71.429	12	3	2
GCF_028226215.1	SAMN31207032	PRJNA888051	Klebsiella pneumoniae	Klebsiella	14	10	4	71.429	12	3	2
GCF_028226435.1	SAMN31207031	PRJNA888051	Klebsiella pneumoniae	Klebsiella	14	10	4	71.429	12	3	2
GCF_028226565.1	SAMN31207030	PRJNA888051	Klebsiella pneumoniae	Klebsiella	14	10	4	71.429	12	3	2
GCF_028364475.1	SAMN32978013	PRJNA812595	Klebsiella pneumoniae	Klebsiella	28	17	11	60.714	21	4	3
GCF_028366415.1	SAMN32978019	PRJNA812595	Pseudomonas aeruginosa	Pseudomonas	27	0	27	0.0	20	1	0
GCF_028403965.1	SAMN32874240	PRJNA905051	Pseudomonas aeruginosa	Pseudomonas	11	2	9	18.182	10	2	1
GCF_028403985.1	SAMN32874244	PRJNA905051	Pseudomonas aeruginosa	Pseudomonas	13	0	13	0.0	11	1	0
GCF_028404005.1	SAMN32874242	PRJNA905051	Pseudomonas aeruginosa	Pseudomonas	12	0	12	0.0	10	1	0
GCF_028404025.1	SAMN32874249	PRJNA905051	Pseudomonas aeruginosa	Pseudomonas	9	0	9	0.0	8	1	0
GCF_028404045.1	SAMN32874241	PRJNA905051	Pseudomonas aeruginosa	Pseudomonas	9	0	9	0.0	8	1	0
GCF_028404065.1	SAMN32874243	PRJNA905051	Pseudomonas aeruginosa	Pseudomonas	9	0	9	0.0	8	1	0
GCF_028404085.1	SAMN32874245	PRJNA905051	Pseudomonas aeruginosa	Pseudomonas	9	0	9	0.0	9	1	0
GCF_028404105.1	SAMN32874250	PRJNA905051	Pseudomonas aeruginosa	Pseudomonas	8	0	8	0.0	7	1	0
GCF_028471925.1	SAMN32946429	PRJNA929019	Klebsiella pneumoniae	Klebsiella	13	11	2	84.615	11	3	2
GCF_028583665.1	SAMN32542161	PRJNA917544	Klebsiella pneumoniae	Klebsiella	24	15	9	62.5	23	3	2
GCF_028595525.2	SAMN32292837	PRJNA913392	Pseudomonas aeruginosa	Pseudomonas	5	0	5	0.0	5	1	0
GCF_028595865.2	SAMN32292824	PRJNA913392	Pseudomonas aeruginosa	Pseudomonas	10	5	5	50.0	9	2	1
GCF_028596205.1	SAMN32977652	PRJNA929966	Klebsiella pneumoniae	Klebsiella	29	22	7	75.862	26	4	3
GCF_028609785.1	SAMN14968829	PRJNA633720	Klebsiella pneumoniae	Klebsiella	19	15	4	78.947	16	4	3
GCF_028621835.1	SAMN32958782	PRJNA929443	Klebsiella pneumoniae	Klebsiella	4	0	4	0.0	4	1	0
GCF_028622015.1	SAMN33193898	PRJNA932461	Pseudomonas aeruginosa	Pseudomonas	11	0	11	0.0	8	1	0
GCF_028622135.1	SAMN32733969	PRJNA812595	Enterobacter asburiae	Enterobacter	8	4	4	50.0	8	2	1
GCF_028622155.1	SAMN32733973	PRJNA812595	Klebsiella pneumoniae	Klebsiella	19	15	4	78.947	19	4	3
GCF_028622675.1	SAMN32733981	PRJNA812595	Klebsiella grimontii	Klebsiella	15	12	3	80.0	14	3	2
GCF_028622735.1	SAMN32093416	PRJNA812595	Enterobacter hormaechei	Enterobacter	24	20	4	83.333	22	4	3
GCF_028622755.1	SAMN32093417	PRJNA812595	Klebsiella pneumoniae	Klebsiella	19	15	4	78.947	19	3	2
GCF_028622895.1	SAMN32733991	PRJNA812595	Pseudomonas aeruginosa	Pseudomonas	5	0	5	0.0	5	1	0
GCF_028626845.1	SAMN33288247	PRJNA812595	Klebsiella pneumoniae	Klebsiella	18	14	4	77.778	17	3	2
GCF_028735835.1	SAMN29820932	PRJNA860059	Enterobacter sp.	Enterobacter	4	0	4	0.0	4	1	0
GCF_028736015.1	SAMN15907150	PRJNA812595	Klebsiella michiganensis	Klebsiella	9	6	3	66.667	9	2	1
GCF_028743595.1	SAMN33246675	PRJNA933701	Pseudomonas aeruginosa	Pseudomonas	5	0	5	0.0	5	1	0
GCF_028743675.1	SAMN33269781	PRJNA934278	Enterobacter hormaechei	Enterobacter	9	5	4	55.556	9	3	2
GCF_028748965.1	SAMN15907146	PRJNA812595	Klebsiella grimontii	Klebsiella	3	0	3	0.0	3	1	0
GCF_028751785.1	SAMN17508957	PRJNA694231	Pseudomonas aeruginosa	Pseudomonas	34	23	11	67.647	25	2	1
GCF_028752775.1	SAMN21522362	PRJNA721536	Enterobacter hormaechei	Enterobacter	11	7	4	63.636	11	2	1
GCF_028752875.1	SAMN23514820	PRJNA784916	Klebsiella pneumoniae	Klebsiella	11	7	4	63.636	11	2	1
GCF_028753275.1	SAMN28158754	PRJNA836367	Klebsiella pneumoniae	Klebsiella	36	32	4	88.889	31	5	4
GCF_028768445.1	SAMN33216268	PRJNA922451	Klebsiella grimontii	Klebsiella	3	0	3	0.0	3	1	0
GCF_028831855.1	SAMN32767760	PRJNA924715	Klebsiella pneumoniae	Klebsiella	12	8	4	66.667	11	3	2
GCF_028871695.1	SAMN14450692	PRJNA615320	Klebsiella variicola	Klebsiella	31	27	4	87.097	24	2	1
GCF_028872175.1	SAMN15907158	PRJNA812595	Klebsiella pneumoniae	Klebsiella	5	1	4	20.0	5	2	1
GCF_028872235.1	SAMN15907159	PRJNA812595	Enterobacter hormaechei	Enterobacter	18	1	17	5.556	17	2	1
GCF_028891505.1	SAMN15907141	PRJNA812595	Enterobacter hormaechei	Enterobacter	14	0	14	0.0	14	1	0
GCF_028898905.1	SAMN15907134	PRJNA812595	Enterobacter hormaechei	Enterobacter	18	14	4	77.778	17	3	2
GCF_028961985.1	SAMN32964166	PRJNA929559	Pseudomonas aeruginosa	Pseudomonas	5	0	5	0.0	5	1	0
GCF_028994055.1	SAMN33361435	PRJNA936668	Pseudomonas juntendi	Pseudomonas	19	18	1	94.737	19	2	1
GCF_029025805.1	SAMN33453558	PRJNA939005	Klebsiella pneumoniae	Klebsiella	4	0	4	0.0	4	1	0
GCF_029025965.1	SAMN33420447	PRJNA937854	Klebsiella pneumoniae	Klebsiella	28	24	4	85.714	21	4	3
GCF_029026345.1	SAMN33420516	PRJNA937862	Klebsiella pneumoniae	Klebsiella	7	3	4	42.857	7	2	1
GCF_029026845.1	SAMN24018745	PRJNA691968	Klebsiella pneumoniae	Klebsiella	13	9	4	69.231	13	4	3
GCF_029026865.1	SAMN24018744	PRJNA691968	Klebsiella pneumoniae	Klebsiella	19	0	19	0.0	19	1	0
GCF_029027885.1	SAMN28515549	PRJNA839239	Klebsiella michiganensis	Klebsiella	4	0	4	0.0	4	1	0
GCF_029167725.1	SAMN33555564	PRJNA940206	Klebsiella pneumoniae	Klebsiella	16	14	2	87.5	13	4	3
GCF_029168275.1	SAMN33560690	PRJNA940301	Klebsiella pneumoniae	Klebsiella	30	26	4	86.667	22	3	2
GCF_029201245.1	SAMN33573373	PRJNA940515	Pseudomonas aeruginosa	Pseudomonas	5	0	5	0.0	5	1	0
GCF_029201465.1	SAMN29935323	PRJNA861980	Klebsiella pneumoniae	Klebsiella	23	19	4	82.609	17	4	3
GCF_029201485.1	SAMN30273448	PRJNA861980	Klebsiella pneumoniae	Klebsiella	23	19	4	82.609	17	4	3
GCF_029201505.1	SAMN30273449	PRJNA861980	Klebsiella pneumoniae	Klebsiella	9	5	4	55.556	8	2	1
GCF_029201585.1	SAMN30622627	PRJNA875557	Pseudomonas sp.	Pseudomonas	10	0	10	0.0	10	1	0
GCF_029202365.1	SAMN33481888	PRJNA938500	Klebsiella huaxiensis	Klebsiella	1	0	1	0.0	1	1	0
GCF_029203205.1	SAMN31461132	PRJNA894513	Klebsiella pneumoniae	Klebsiella	14	5	9	35.714	13	2	1
GCF_029207635.1	SAMN33277205	PRJNA934675	Enterobacter hormaechei	Enterobacter	4	0	4	0.0	4	1	0
GCF_029223945.1	SAMN33591082	PRJNA941159	Klebsiella pneumoniae	Klebsiella	4	0	4	0.0	4	1	0
GCF_029448435.1	SAMN31888397	PRJNA905913	Klebsiella pneumoniae	Klebsiella	7	3	4	42.857	6	2	1
GCF_029536245.1	SAMN33770999	PRJNA945021	Enterobacter roggenkampii	Enterobacter	5	1	4	20.0	5	2	1
GCF_029541625.1	SAMN23617023	PRJNA786075	Klebsiella pneumoniae	Klebsiella	4	0	4	0.0	4	1	0
GCF_029541645.1	SAMN23961223	PRJNA788315	Klebsiella pneumoniae	Klebsiella	11	5	6	45.455	11	3	2
GCF_029541685.1	SAMN23961225	PRJNA788315	Klebsiella pneumoniae	Klebsiella	6	2	4	33.333	6	2	1
GCF_029541705.1	SAMN23961226	PRJNA788315	Klebsiella pneumoniae	Klebsiella	4	0	4	0.0	4	1	0
GCF_029541725.1	SAMN23617026	PRJNA786075	Klebsiella pneumoniae	Klebsiella	4	0	4	0.0	4	1	0
GCF_029541765.1	SAMN23617029	PRJNA786075	Klebsiella pneumoniae	Klebsiella	4	0	4	0.0	4	1	0
GCF_029541785.1	SAMN23617024	PRJNA786075	Klebsiella pneumoniae	Klebsiella	8	4	4	50.0	8	3	2
GCF_029541805.1	SAMN23617028	PRJNA786075	Klebsiella pneumoniae	Klebsiella	13	9	4	69.231	11	3	2
GCF_029541825.1	SAMN23617030	PRJNA786075	Klebsiella pneumoniae	Klebsiella	21	17	4	80.952	17	3	2
GCF_029541845.1	SAMN23617031	PRJNA786075	Klebsiella pneumoniae	Klebsiella	14	10	4	71.429	14	2	1
GCF_029541865.1	SAMN23617025	PRJNA786075	Klebsiella pneumoniae	Klebsiella	5	0	5	0.0	5	1	0
GCF_029541885.1	SAMN23617027	PRJNA786075	Klebsiella pneumoniae	Klebsiella	35	30	5	85.714	26	3	2
GCF_029541905.1	SAMN23617032	PRJNA786075	Klebsiella pneumoniae	Klebsiella	8	3	5	37.5	8	2	1
GCF_029542165.1	SAMN31525373	PRJNA895848	Klebsiella pneumoniae	Klebsiella	19	15	4	78.947	19	3	2
GCF_029542185.1	SAMN31525422	PRJNA895850	Klebsiella pneumoniae	Klebsiella	20	16	4	80.0	20	3	2
GCF_029542305.1	SAMN32525982	PRJNA917129	Klebsiella pneumoniae	Klebsiella	4	0	4	0.0	4	1	0
GCF_029542685.1	SAMN31523745	PRJNA895759	Enterobacter roggenkampii	Enterobacter	5	0	5	0.0	5	1	0
GCF_029542705.1	SAMN31525273	PRJNA895843	Enterobacter roggenkampii	Enterobacter	5	0	5	0.0	5	1	0
GCF_029542725.1	SAMN31525164	PRJNA895834	Enterobacter quasiroggenkampii	Enterobacter	5	0	5	0.0	5	1	0
GCF_029542745.1	SAMN31525259	PRJNA895841	Enterobacter roggenkampii	Enterobacter	5	0	5	0.0	5	1	0
GCF_029581335.1	SAMN33858865	PRJNA947520	Klebsiella pneumoniae	Klebsiella	7	2	5	28.571	7	2	1
GCF_029590515.1	SAMN33792085	PRJNA945798	Pseudomonas putida	Pseudomonas	23	0	23	0.0	18	1	0
GCF_029624875.1	SAMN33954882	PRJNA949681	Klebsiella pneumoniae	Klebsiella	17	12	5	70.588	17	2	1
GCF_029624895.1	SAMN33954877	PRJNA949681	Klebsiella pneumoniae	Klebsiella	17	12	5	70.588	17	2	1
GCF_029624915.1	SAMN33954878	PRJNA949681	Klebsiella pneumoniae	Klebsiella	17	12	5	70.588	17	2	1
GCF_029624935.1	SAMN33954879	PRJNA949681	Klebsiella pneumoniae	Klebsiella	17	12	5	70.588	17	2	1
GCF_029624955.1	SAMN33954881	PRJNA949681	Klebsiella pneumoniae	Klebsiella	17	12	5	70.588	17	2	1
GCF_029624975.1	SAMN33954876	PRJNA949681	Klebsiella pneumoniae	Klebsiella	17	12	5	70.588	17	2	1
GCF_029624995.1	SAMN33954875	PRJNA949681	Klebsiella pneumoniae	Klebsiella	17	12	5	70.588	17	2	1
GCF_029625015.1	SAMN33954874	PRJNA949681	Klebsiella pneumoniae	Klebsiella	17	12	5	70.588	17	2	1
GCF_029625055.1	SAMN33954880	PRJNA949681	Klebsiella pneumoniae	Klebsiella	18	12	6	66.667	17	2	1
GCF_029625075.1	SAMN33954883	PRJNA949681	Klebsiella pneumoniae	Klebsiella	17	12	5	70.588	17	2	1
GCF_029635815.1	SAMN32289991	PRJNA913290	Klebsiella planticola	Klebsiella	13	10	3	76.923	13	2	1
GCF_029639565.1	SAMN34062071	PRJNA951873	Enterobacter hormaechei	Enterobacter	4	0	4	0.0	4	1	0
GCF_029717425.1	SAMN15488532	PRJNA605147	Klebsiella aerogenes	Klebsiella	4	0	4	0.0	4	1	0
GCF_029717585.1	SAMN15488518	PRJNA605147	Klebsiella aerogenes	Klebsiella	4	0	4	0.0	4	1	0
GCF_029718135.1	SAMN15488602	PRJNA605147	Klebsiella pneumoniae	Klebsiella	4	0	4	0.0	4	1	0
GCF_029718255.1	SAMN15488597	PRJNA605147	Enterobacter ludwigii	Enterobacter	4	0	4	0.0	4	1	0
GCF_029718315.1	SAMN15488591	PRJNA605147	Enterobacter ludwigii	Enterobacter	4	0	4	0.0	4	1	0
GCF_029718635.1	SAMN15488572	PRJNA605147	Enterobacter roggenkampii	Enterobacter	4	0	4	0.0	4	1	0
GCF_029718665.1	SAMN15488570	PRJNA605147	Klebsiella michiganensis	Klebsiella	12	9	3	75.0	11	2	1
GCF_029718685.1	SAMN15488569	PRJNA605147	Klebsiella michiganensis	Klebsiella	11	8	3	72.727	11	2	1
GCF_029718885.1	SAMN15488648	PRJNA605147	Enterobacter ludwigii	Enterobacter	7	0	7	0.0	7	1	0
GCF_029719585.1	SAMN15488699	PRJNA605147	Enterobacter hormaechei	Enterobacter	4	0	4	0.0	4	1	0
GCF_029719845.1	SAMN15488670	PRJNA605147	Enterobacter hormaechei	Enterobacter	4	0	4	0.0	4	1	0
GCF_029719865.1	SAMN15488669	PRJNA605147	Enterobacter hormaechei	Enterobacter	4	0	4	0.0	4	1	0
GCF_029720995.1	SAMN15488726	PRJNA605147	Enterobacter ludwigii	Enterobacter	4	0	4	0.0	4	1	0
GCF_029721015.1	SAMN15488725	PRJNA605147	Enterobacter ludwigii	Enterobacter	4	0	4	0.0	4	1	0
GCF_029721335.1	SAMN15488704	PRJNA605147	Enterobacter hormaechei	Enterobacter	4	0	4	0.0	4	1	0
GCF_029773585.1	SAMN23482372	PRJNA784325	Klebsiella pneumoniae	Klebsiella	9	5	4	55.556	9	2	1
GCF_029814845.1	SAMN34136943	PRJNA954202	Klebsiella pneumoniae	Klebsiella	36	32	4	88.889	28	3	2
GCF_029834495.1	SAMN34139910	PRJNA954335	Enterobacter roggenkampii	Enterobacter	11	7	4	63.636	11	2	1
GCF_029834565.1	SAMN34152342	PRJNA954571	Enterobacter ludwigii	Enterobacter	5	1	4	20.0	5	2	1
GCF_029834605.1	SAMN34035887	PRJNA735900	Klebsiella pneumoniae	Klebsiella	22	17	5	77.273	22	5	4
GCF_029834625.1	SAMN34035886	PRJNA735900	Klebsiella pneumoniae	Klebsiella	24	19	5	79.167	23	5	4
GCF_029853835.1	SAMN34111324	PRJNA549322	Klebsiella pneumoniae	Klebsiella	23	19	4	82.609	21	6	5
GCF_029853855.1	SAMN34111323	PRJNA549322	Klebsiella pneumoniae	Klebsiella	5	1	4	20.0	5	2	1
GCF_029853875.1	SAMN34111322	PRJNA549322	Klebsiella pneumoniae	Klebsiella	31	27	4	87.097	26	7	6
GCF_029854575.1	SAMN34174741	PRJNA955295	Klebsiella pneumoniae	Klebsiella	12	8	4	66.667	12	2	1
GCF_029854595.1	SAMN34175033	PRJNA955305	Klebsiella pneumoniae	Klebsiella	12	8	4	66.667	12	2	1
GCF_029856995.1	SAMN31342292	PRJNA891673	Pseudomonas aeruginosa	Pseudomonas	19	7	12	36.842	15	2	1
GCF_029857015.1	SAMN31342298	PRJNA891673	Pseudomonas aeruginosa	Pseudomonas	11	0	11	0.0	9	1	0
GCF_029867025.1	SAMN34239926	PRJNA957058	Klebsiella pneumoniae	Klebsiella	28	24	4	85.714	24	4	3
GCF_029873395.1	SAMN34233931	PRJNA956928	Enterobacter cloacae	Enterobacter	3	0	3	0.0	3	1	0
GCF_029889725.1	SAMN34178607	PRJNA955456	Klebsiella pneumoniae	Klebsiella	4	0	4	0.0	4	1	0
GCF_029909755.1	SAMN33560847	PRJNA940303	Klebsiella pneumoniae	Klebsiella	8	3	5	37.5	8	3	2
GCF_029916825.1	SAMN33834002	PRJNA946918	Pseudomonas aeruginosa	Pseudomonas	28	1	27	3.571	23	2	1
GCF_029948145.1	SAMN15907133	PRJNA812595	Enterobacter hormaechei	Enterobacter	12	8	4	66.667	11	2	1
GCF_029952745.1	SAMN34353053	PRJNA961147	Klebsiella pneumoniae	Klebsiella	4	0	4	0.0	4	1	0
GCF_029958385.1	SAMN34403540	PRJNA962534	Pseudomonas aeruginosa	Pseudomonas	5	0	5	0.0	5	1	0
GCF_029961245.1	SAMN20344479	PRJNA878812	Pseudomonas aeruginosa	Pseudomonas	5	0	5	0.0	5	1	0
GCF_029961265.1	SAMN20344477	PRJNA878812	Pseudomonas aeruginosa	Pseudomonas	5	0	5	0.0	5	1	0
GCF_029961285.1	SAMN20344481	PRJNA878812	Pseudomonas aeruginosa	Pseudomonas	18	0	18	0.0	13	1	0
GCF_029961305.1	SAMN20344478	PRJNA878812	Pseudomonas aeruginosa	Pseudomonas	5	0	5	0.0	5	1	0
GCF_029961325.1	SAMN20344482	PRJNA878812	Pseudomonas aeruginosa	Pseudomonas	18	0	18	0.0	13	1	0
GCF_029961345.1	SAMN20674995	PRJNA878812	Pseudomonas aeruginosa	Pseudomonas	5	0	5	0.0	5	1	0
GCF_029961385.1	SAMN20675023	PRJNA878812	Pseudomonas aeruginosa	Pseudomonas	5	0	5	0.0	5	1	0
GCF_029961405.1	SAMN20675025	PRJNA878812	Pseudomonas aeruginosa	Pseudomonas	5	0	5	0.0	5	1	0
GCF_029961425.1	SAMN21493821	PRJNA878812	Pseudomonas aeruginosa	Pseudomonas	5	0	5	0.0	5	1	0
GCF_029961445.1	SAMN21493842	PRJNA878812	Pseudomonas aeruginosa	Pseudomonas	5	0	5	0.0	5	1	0
GCF_029961465.1	SAMN22334930	PRJNA878812	Pseudomonas aeruginosa	Pseudomonas	5	0	5	0.0	5	1	0
GCF_029961485.1	SAMN22933764	PRJNA878812	Pseudomonas aeruginosa	Pseudomonas	5	0	5	0.0	5	1	0
GCF_029961505.1	SAMN22334977	PRJNA878812	Pseudomonas aeruginosa	Pseudomonas	5	0	5	0.0	5	1	0
GCF_029961525.1	SAMN15907120	PRJNA878812	Pseudomonas aeruginosa	Pseudomonas	13	0	13	0.0	10	1	0
GCF_029961545.1	SAMN15907155	PRJNA878812	Pseudomonas aeruginosa	Pseudomonas	5	0	5	0.0	5	1	0
GCF_029961565.1	SAMN15907153	PRJNA878812	Pseudomonas aeruginosa	Pseudomonas	12	0	12	0.0	9	1	0
GCF_029961585.1	SAMN15907152	PRJNA878812	Pseudomonas aeruginosa	Pseudomonas	5	0	5	0.0	5	1	0
GCF_029961605.1	SAMN24965767	PRJNA878812	Pseudomonas aeruginosa	Pseudomonas	5	0	5	0.0	5	1	0
GCF_029961625.1	SAMN25755503	PRJNA878812	Pseudomonas aeruginosa	Pseudomonas	11	0	11	0.0	9	1	0
GCF_029961645.1	SAMN26028538	PRJNA878812	Pseudomonas aeruginosa	Pseudomonas	12	0	12	0.0	10	1	0
GCF_029961665.1	SAMN20960115	PRJNA878812	Pseudomonas aeruginosa	Pseudomonas	5	0	5	0.0	5	1	0
GCF_029962145.1	SAMN16822477	PRJNA878812	Pseudomonas aeruginosa	Pseudomonas	12	0	12	0.0	10	1	0
GCF_029962165.1	SAMN25755502	PRJNA878812	Pseudomonas aeruginosa	Pseudomonas	16	11	5	68.75	13	2	1
GCF_029962185.1	SAMN26564915	PRJNA878812	Pseudomonas aeruginosa	Pseudomonas	17	0	17	0.0	12	1	0
GCF_029962205.1	SAMN23286170	PRJNA878812	Pseudomonas aeruginosa	Pseudomonas	10	0	10	0.0	9	1	0
GCF_029962225.1	SAMN34441872	PRJNA963224	Klebsiella pneumoniae	Klebsiella	22	18	4	81.818	20	4	3
GCF_029962245.1	SAMN34443337	PRJNA963238	Klebsiella pneumoniae	Klebsiella	12	7	5	58.333	12	3	2
GCF_029962265.1	SAMN34443338	PRJNA963239	Klebsiella pneumoniae	Klebsiella	12	8	4	66.667	10	5	4
GCF_030007135.1	SAMN14640201	PRJNA626430	Klebsiella pneumoniae	Klebsiella	12	5	7	41.667	10	3	2
GCF_030007315.1	SAMN14640320	PRJNA626430	Klebsiella variicola	Klebsiella	5	1	4	20.0	5	2	1
GCF_030007455.1	SAMN14640188	PRJNA626430	Klebsiella pneumoniae	Klebsiella	5	1	4	20.0	5	2	1
GCF_030011575.1	SAMN34370925	PRJNA961844	Klebsiella pneumoniae	Klebsiella	9	5	4	55.556	7	3	2
GCF_030020765.1	SAMN34258006	PRJNA957586	Klebsiella pneumoniae	Klebsiella	4	0	4	0.0	4	1	0
GCF_030020785.1	SAMN34258171	PRJNA957593	Klebsiella pneumoniae	Klebsiella	4	0	4	0.0	4	1	0
GCF_030020855.1	SAMN34510231	PRJNA965941	Klebsiella pneumoniae	Klebsiella	19	13	6	68.421	14	4	3
GCF_030020875.1	SAMN34510250	PRJNA965942	Klebsiella quasipneumoniae	Klebsiella	8	4	4	50.0	8	4	3
GCF_030020895.1	SAMN34578016	PRJNA967130	Klebsiella pneumoniae	Klebsiella	23	19	4	82.609	21	3	2
GCF_030028275.1	SAMN35005130	PRJNA970529	Pseudomonas aeruginosa	Pseudomonas	5	0	5	0.0	5	1	0
GCF_030034615.1	SAMN33446046	PRJNA938808	Pseudomonas aeruginosa	Pseudomonas	22	1	21	4.545	19	2	1
GCF_030034635.1	SAMN33446047	PRJNA938808	Pseudomonas aeruginosa	Pseudomonas	22	1	21	4.545	19	2	1
GCF_030034655.1	SAMN33446052	PRJNA938808	Pseudomonas aeruginosa	Pseudomonas	22	1	21	4.545	19	2	1
GCF_030034675.1	SAMN33446053	PRJNA938808	Pseudomonas aeruginosa	Pseudomonas	22	1	21	4.545	19	2	1
GCF_030035465.1	SAMN34436301	PRJNA962850	Klebsiella pneumoniae	Klebsiella	11	9	2	81.818	8	3	2
GCF_030035485.1	SAMN34436364	PRJNA962850	Klebsiella pneumoniae	Klebsiella	11	9	2	81.818	10	3	2
GCF_030035505.1	SAMN34439573	PRJNA962850	Klebsiella pneumoniae	Klebsiella	11	9	2	81.818	10	4	3
GCF_030053875.1	SAMN35066628	PRJNA971759	Klebsiella pneumoniae	Klebsiella	15	11	4	73.333	15	3	2
GCF_030061645.1	SAMN26642722	PRJNA815754	Klebsiella pneumoniae	Klebsiella	9	5	4	55.556	9	3	2
GCF_030061665.1	SAMN26642721	PRJNA815754	Klebsiella pneumoniae	Klebsiella	24	20	4	83.333	21	3	2
GCF_030061685.1	SAMN26642720	PRJNA815754	Klebsiella pneumoniae	Klebsiella	15	4	11	26.667	14	3	2
GCF_030061715.1	SAMN26642719	PRJNA815754	Klebsiella pneumoniae	Klebsiella	15	13	2	86.667	14	4	3
GCF_030061755.1	SAMN26642718	PRJNA815754	Klebsiella pneumoniae	Klebsiella	20	16	4	80.0	18	4	3
GCF_030061775.1	SAMN26642717	PRJNA815754	Klebsiella pneumoniae	Klebsiella	19	15	4	78.947	17	3	2
GCF_030061795.1	SAMN26642716	PRJNA815754	Klebsiella pneumoniae	Klebsiella	27	23	4	85.185	24	5	4
GCF_030061815.1	SAMN26642715	PRJNA815754	Klebsiella pneumoniae	Klebsiella	32	28	4	87.5	25	4	3
GCF_030061865.1	SAMN26642714	PRJNA815754	Klebsiella pneumoniae	Klebsiella	29	25	4	86.207	25	5	4
GCF_030062075.1	SAMN26810699	PRJNA721536	Enterobacter hormaechei	Enterobacter	17	13	4	76.471	17	2	1
GCF_030062535.1	SAMN11164559	PRJNA527940	Klebsiella ornithinolytica	Klebsiella	20	17	3	85.0	16	2	1
GCF_030121855.1	SAMN28004147	PRJNA833553	Pseudomonas aeruginosa	Pseudomonas	16	11	5	68.75	15	2	1
GCF_030121875.1	SAMN28004167	PRJNA833554	Pseudomonas aeruginosa	Pseudomonas	12	2	10	16.667	11	2	1
GCF_030121895.1	SAMN28004177	PRJNA833555	Pseudomonas aeruginosa	Pseudomonas	11	0	11	0.0	10	1	0
GCF_030121915.1	SAMN28004186	PRJNA833558	Pseudomonas aeruginosa	Pseudomonas	10	4	6	40.0	9	2	1
GCF_030121935.1	SAMN28004303	PRJNA833560	Pseudomonas aeruginosa	Pseudomonas	13	0	13	0.0	11	1	0
GCF_030121955.1	SAMN28004304	PRJNA833566	Pseudomonas aeruginosa	Pseudomonas	19	0	19	0.0	16	1	0
GCF_030121975.1	SAMN28004302	PRJNA833561	Pseudomonas aeruginosa	Pseudomonas	20	0	20	0.0	11	1	0
GCF_030121995.1	SAMN28004215	PRJNA833562	Pseudomonas aeruginosa	Pseudomonas	14	3	11	21.429	13	3	2
GCF_030122015.1	SAMN28004419	PRJNA833569	Pseudomonas aeruginosa	Pseudomonas	10	2	8	20.0	9	2	1
GCF_030122035.1	SAMN28004420	PRJNA833570	Pseudomonas aeruginosa	Pseudomonas	22	6	16	27.273	18	2	1
GCF_030122055.1	SAMN28004425	PRJNA833571	Pseudomonas aeruginosa	Pseudomonas	12	1	11	8.333	11	2	1
GCF_030122075.1	SAMN28004476	PRJNA833574	Pseudomonas aeruginosa	Pseudomonas	24	19	5	79.167	20	2	1
GCF_030122095.1	SAMN28004767	PRJNA833577	Pseudomonas aeruginosa	Pseudomonas	8	0	8	0.0	8	1	0
GCF_030122115.1	SAMN28004775	PRJNA833580	Pseudomonas aeruginosa	Pseudomonas	14	0	14	0.0	11	1	0
GCF_030122135.1	SAMN28004808	PRJNA833582	Pseudomonas aeruginosa	Pseudomonas	21	16	5	76.19	15	3	2
GCF_030122155.1	SAMN28005019	PRJNA833583	Pseudomonas aeruginosa	Pseudomonas	16	0	16	0.0	14	1	0
GCF_030122725.1	SAMN35102991	PRJNA972998	Klebsiella pneumoniae	Klebsiella	22	18	4	81.818	19	4	3
GCF_030166415.1	SAMN35302190	PRJNA974949	Enterobacter cloacae	Enterobacter	4	0	4	0.0	4	1	0
GCF_030168225.1	SAMN27934724	PRJNA833050	Klebsiella pneumoniae	Klebsiella	13	9	4	69.231	12	4	3
GCF_030169265.1	SAMN30667241	PRJNA876631	Klebsiella pneumoniae	Klebsiella	53	49	4	92.453	37	7	6
GCF_030169555.1	SAMN30667244	PRJNA876631	Klebsiella pneumoniae	Klebsiella	28	24	4	85.714	26	2	1
GCF_030169945.1	SAMN30685707	PRJNA876631	Klebsiella pasteurii	Klebsiella	23	20	3	86.957	20	2	1
GCF_030179035.1	SAMN30974109	PRJNA288601	Enterobacter roggenkampii	Enterobacter	18	14	4	77.778	16	3	2
GCF_030179635.1	SAMN30974096	PRJNA288601	Enterobacter roggenkampii	Enterobacter	10	6	4	60.0	9	2	1
GCF_030179805.1	SAMN30974111	PRJNA288601	Enterobacter asburiae	Enterobacter	9	0	9	0.0	7	1	0
GCF_030179835.1	SAMN30974110	PRJNA288601	Enterobacter asburiae	Enterobacter	20	15	5	75.0	18	4	3
GCF_030183355.2	SAMN32721511	PRJNA924056	Pseudomonas aeruginosa	Pseudomonas	12	0	12	0.0	11	1	0
GCF_030183855.2	SAMN32721349	PRJNA924056	Pseudomonas aeruginosa	Pseudomonas	12	0	12	0.0	11	1	0
GCF_030185815.2	SAMN32721562	PRJNA924056	Pseudomonas aeruginosa	Pseudomonas	8	0	8	0.0	8	1	0
GCF_030185915.2	SAMN32721487	PRJNA924056	Pseudomonas aeruginosa	Pseudomonas	8	0	8	0.0	8	1	0
GCF_030186885.2	SAMN32721492	PRJNA924056	Pseudomonas aeruginosa	Pseudomonas	12	0	12	0.0	11	1	0
GCF_030252225.1	SAMN35554574	PRJNA978384	Klebsiella pneumoniae	Klebsiella	4	0	4	0.0	4	1	0
GCF_030252445.1	SAMN35562460	PRJNA978945	Klebsiella pneumoniae	Klebsiella	19	15	4	78.947	18	3	2
GCF_030253455.1	SAMN33658283	PRJNA942203	Klebsiella electrica	Klebsiella	3	0	3	0.0	3	1	0
GCF_030253475.1	SAMN33329571	PRJNA952532	Pseudomonas aeruginosa	Pseudomonas	26	0	26	0.0	19	1	0
GCF_030263875.1	SAMN35562370	PRJNA978940	Klebsiella pneumoniae	Klebsiella	14	10	4	71.429	13	3	2
GCF_030263955.1	SAMN35301775	PRJNA974929	Pseudomonas sp.	Pseudomonas	5	0	5	0.0	5	1	0
GCF_030264075.1	SAMN33794324	PRJNA945824	Pseudomonas aeruginosa	Pseudomonas	5	0	5	0.0	5	1	0
GCF_030271855.1	SAMN31425199	PRJNA893449	Klebsiella pneumoniae	Klebsiella	42	38	4	90.476	35	3	2
GCF_030271875.1	SAMN31425245	PRJNA893449	Klebsiella pneumoniae	Klebsiella	40	29	11	72.5	31	3	2
GCF_030271895.1	SAMN31425316	PRJNA893449	Klebsiella pneumoniae	Klebsiella	37	33	4	89.189	32	2	1
GCF_030271915.1	SAMN31425346	PRJNA893449	Klebsiella pneumoniae	Klebsiella	39	35	4	89.744	32	3	2
GCF_030271935.1	SAMN31425487	PRJNA893449	Klebsiella pneumoniae	Klebsiella	35	31	4	88.571	31	4	3
GCF_030271955.1	SAMN31425696	PRJNA893449	Klebsiella pneumoniae	Klebsiella	35	31	4	88.571	31	4	3
GCF_030271975.1	SAMN31425922	PRJNA893449	Klebsiella pneumoniae	Klebsiella	36	32	4	88.889	34	3	2
GCF_030271995.1	SAMN31426126	PRJNA893449	Klebsiella pneumoniae	Klebsiella	41	18	23	43.902	35	3	2
GCF_030272015.1	SAMN31425342	PRJNA893449	Klebsiella pneumoniae	Klebsiella	39	35	4	89.744	32	3	2
GCF_030272075.1	SAMN18313885	PRJNA692198	Klebsiella pneumoniae	Klebsiella	4	0	4	0.0	4	1	0
GCF_030284445.1	SAMN35653659	PRJNA980890	Pseudomonas tohonis	Pseudomonas	1	0	1	0.0	1	1	0
GCF_030284485.1	SAMN35632517	PRJNA980413	Klebsiella pneumoniae	Klebsiella	16	10	6	62.5	12	3	2
GCF_030284505.1	SAMN35631498	PRJNA980413	Klebsiella pneumoniae	Klebsiella	20	18	2	90.0	18	3	2
GCF_030291155.1	SAMN35679689	PRJNA179092	Klebsiella pneumoniae	Klebsiella	10	6	4	60.0	9	2	1
GCF_030291695.1	SAMN35676417	PRJNA981489	Klebsiella michiganensis	Klebsiella	4	0	4	0.0	4	1	0
GCF_030295665.1	SAMD00574222	PRJDB15144	Klebsiella pneumoniae	Klebsiella	13	8	5	61.538	13	3	2
GCF_030316115.1	SAMN35723189	PRJNA983276	Klebsiella pneumoniae	Klebsiella	21	9	12	42.857	19	3	2
GCF_030322925.1	SAMN27555111	PRJNA613369	Klebsiella pneumoniae	Klebsiella	17	11	6	64.706	16	4	3
GCF_030323065.1	SAMN28889661	PRJNA846528	Klebsiella sp.	Klebsiella	3	0	3	0.0	3	1	0
GCF_030323605.1	SAMN11649358	PRJNA542945	Klebsiella pneumoniae	Klebsiella	4	0	4	0.0	4	1	0
GCF_030323625.1	SAMN11649350	PRJNA534193	Klebsiella pneumoniae	Klebsiella	4	0	4	0.0	4	1	0
GCF_030323665.1	SAMN11658403	PRJNA543208	Klebsiella pneumoniae	Klebsiella	5	0	5	0.0	5	1	0
GCF_030323685.1	SAMN11230747	PRJNA528408	Klebsiella pneumoniae	Klebsiella	5	0	5	0.0	5	1	0
GCF_030323825.1	SAMN11867826	PRJNA544990	Klebsiella pneumoniae	Klebsiella	10	7	3	70.0	9	3	2
GCF_030324175.1	SAMN30925717	PRJNA882063	Klebsiella pneumoniae	Klebsiella	17	13	4	76.471	16	2	1
GCF_030324195.1	SAMN30926396	PRJNA882063	Enterobacter hormaechei	Enterobacter	22	18	4	81.818	18	3	2
GCF_030343625.2	SAMN35742518	PRJNA983967	Klebsiella oxytoca	Klebsiella	18	15	3	83.333	17	2	1
GCF_030347245.1	SAMN30925679	PRJNA882063	Klebsiella pneumoniae	Klebsiella	17	13	4	76.471	17	2	1
GCF_030369655.1	SAMN35779361	PRJNA983216	Klebsiella pneumoniae	Klebsiella	40	36	4	90.0	26	5	4
GCF_030369815.1	SAMN35795876	PRJNA985230	Pseudomonas aeruginosa	Pseudomonas	5	0	5	0.0	5	1	0
GCF_030369835.1	SAMN35795914	PRJNA985230	Pseudomonas aeruginosa	Pseudomonas	5	0	5	0.0	5	1	0
GCF_030369855.1	SAMN35796076	PRJNA985230	Pseudomonas aeruginosa	Pseudomonas	5	0	5	0.0	5	1	0
GCF_030369875.1	SAMN35796077	PRJNA985230	Pseudomonas asiatica	Pseudomonas	6	0	6	0.0	6	1	0
GCF_030376705.1	SAMN35741684	PRJNA983991	Klebsiella variicola	Klebsiella	5	1	4	20.0	5	2	1
GCF_030384865.1	SAMN35977203	PRJNA987333	Enterobacter roggenkampii	Enterobacter	5	1	4	20.0	5	2	1
GCF_030388285.1	SAMN29618125	PRJNA857160	Pseudomonas aeruginosa	Pseudomonas	5	0	5	0.0	5	1	0
GCF_030388425.1	SAMN33402979	PRJNA937332	Klebsiella pneumoniae	Klebsiella	15	13	2	86.667	13	4	3
GCF_030388445.1	SAMN34122257	PRJNA953676	Klebsiella pneumoniae	Klebsiella	25	16	9	64.0	22	4	3
GCF_030389145.1	SAMN35711604	PRJNA898133	Klebsiella terrigena	Klebsiella	3	0	3	0.0	3	1	0
GCF_030406125.1	SAMN35981010	PRJNA987424	Enterobacter pseudoroggenkampii	Enterobacter	5	0	5	0.0	5	1	0
GCF_030406145.1	SAMN35981008	PRJNA987424	Enterobacter asburiae	Enterobacter	4	0	4	0.0	4	1	0
GCF_030406165.1	SAMN35981009	PRJNA987424	Enterobacter pseudoroggenkampii	Enterobacter	4	0	4	0.0	4	1	0
GCF_030406505.2	SAMN35795218	PRJNA985272	Enterobacter cloacae	Enterobacter	4	0	4	0.0	4	1	0
GCF_030406515.2	SAMN36017048	PRJNA988307	Klebsiella pneumoniae	Klebsiella	20	16	4	80.0	17	3	2
GCF_030412885.1	SAMN35779363	PRJNA983216	Klebsiella pneumoniae	Klebsiella	40	36	4	90.0	26	5	4
GCF_030413195.1	SAMN35084065	PRJNA971377	Pseudomonas aeruginosa	Pseudomonas	23	18	5	78.261	17	2	1
GCF_030413825.1	SAMN35822989	PRJNA986271	Enterobacter hormaechei	Enterobacter	18	14	4	77.778	18	2	1
GCF_030414235.1	SAMN35786900	PRJNA985056	Klebsiella pneumoniae	Klebsiella	4	0	4	0.0	4	1	0
GCF_030436095.1	SAMN36292208	PRJNA991332	Pseudomonas aeruginosa	Pseudomonas	23	12	11	52.174	17	2	1
GCF_030442015.2	SAMN34559500	PRJNA966776	Klebsiella pneumoniae	Klebsiella	5	1	4	20.0	5	2	1
GCF_030442105.2	SAMN34559501	PRJNA966776	Klebsiella pneumoniae	Klebsiella	4	0	4	0.0	4	1	0
GCF_030444495.1	SAMN36290998	PRJNA990946	Pseudomonas aeruginosa	Pseudomonas	5	0	5	0.0	5	1	0
GCF_030444535.1	SAMN35153056	PRJNA973937	Enterobacter asburiae	Enterobacter	11	6	5	54.545	10	2	1
GCF_030444555.1	SAMN35153057	PRJNA973937	Enterobacter asburiae	Enterobacter	29	21	8	72.414	24	2	1
GCF_030444575.1	SAMN35153055	PRJNA973937	Enterobacter asburiae	Enterobacter	16	9	7	56.25	16	3	2
GCF_030444635.1	SAMN35794376	PRJNA985251	Pseudomonas aeruginosa	Pseudomonas	5	0	5	0.0	5	1	0
GCF_030444675.1	SAMN35794378	PRJNA985251	Pseudomonas aeruginosa	Pseudomonas	5	0	5	0.0	5	1	0
GCF_030486465.1	SAMN36341330	PRJNA992103	Enterobacter hormaechei	Enterobacter	5	1	4	20.0	5	2	1
GCF_030489625.1	SAMN36345607	PRJNA992220	Pseudomonas aeruginosa	Pseudomonas	31	0	31	0.0	21	1	0
GCF_030489645.1	SAMN36345843	PRJNA992226	Pseudomonas aeruginosa	Pseudomonas	13	0	13	0.0	11	1	0
GCF_030489745.1	SAMN36281288	PRJNA990923	Klebsiella pneumoniae	Klebsiella	17	13	4	76.471	17	4	3
GCF_030489765.1	SAMN36281311	PRJNA990923	Klebsiella pneumoniae	Klebsiella	25	21	4	84.0	20	5	4
GCF_030489785.1	SAMN36281294	PRJNA990923	Klebsiella pneumoniae	Klebsiella	11	6	5	54.545	9	4	3
GCF_030489805.1	SAMN36281296	PRJNA990923	Klebsiella pneumoniae	Klebsiella	18	16	2	88.889	17	3	2
GCF_030489825.1	SAMN36281291	PRJNA990923	Klebsiella pneumoniae	Klebsiella	25	19	6	76.0	21	4	3
GCF_030489845.1	SAMN36281295	PRJNA990923	Klebsiella pneumoniae	Klebsiella	5	1	4	20.0	5	2	1
GCF_030489865.1	SAMN36281300	PRJNA990923	Klebsiella pneumoniae	Klebsiella	21	17	4	80.952	20	4	3
GCF_030489885.1	SAMN36281299	PRJNA990923	Klebsiella pneumoniae	Klebsiella	21	16	5	76.19	20	3	2
GCF_030489905.1	SAMN36281298	PRJNA990923	Klebsiella pneumoniae	Klebsiella	8	3	5	37.5	6	2	1
GCF_030489925.1	SAMN36281297	PRJNA990923	Klebsiella pneumoniae	Klebsiella	18	16	2	88.889	17	3	2
GCF_030489945.1	SAMN36281306	PRJNA990923	Klebsiella pneumoniae	Klebsiella	13	11	2	84.615	11	3	2
GCF_030489965.1	SAMN36281309	PRJNA990923	Klebsiella variicola	Klebsiella	16	12	4	75.0	16	4	3
GCF_030489985.1	SAMN36281307	PRJNA990923	Klebsiella pneumoniae	Klebsiella	13	11	2	84.615	11	3	2
GCF_030490005.1	SAMN36281327	PRJNA990923	Klebsiella pneumoniae	Klebsiella	22	17	5	77.273	20	4	3
GCF_030490025.1	SAMN36281310	PRJNA990923	Klebsiella pneumoniae	Klebsiella	22	18	4	81.818	20	4	3
GCF_030490045.1	SAMN36281328	PRJNA990923	Klebsiella pneumoniae	Klebsiella	27	22	5	81.481	20	6	5
GCF_030490065.1	SAMN36281324	PRJNA990923	Klebsiella pneumoniae	Klebsiella	29	27	2	93.103	25	3	2
GCF_030490085.1	SAMN36281326	PRJNA990923	Klebsiella pneumoniae	Klebsiella	22	17	5	77.273	20	4	3
GCF_030490105.1	SAMN36281338	PRJNA990923	Klebsiella pneumoniae	Klebsiella	27	23	4	85.185	22	4	3
GCF_030490125.1	SAMN36281318	PRJNA990923	Klebsiella pneumoniae	Klebsiella	11	9	2	81.818	11	3	2
GCF_030490145.1	SAMN36281319	PRJNA990923	Klebsiella pneumoniae	Klebsiella	11	9	2	81.818	11	3	2
GCF_030490165.1	SAMN36281332	PRJNA990923	Klebsiella pneumoniae	Klebsiella	37	33	4	89.189	24	5	4
GCF_030490185.1	SAMN36281317	PRJNA990923	Klebsiella quasipneumoniae	Klebsiella	13	9	4	69.231	13	3	2
GCF_030490205.1	SAMN36281313	PRJNA990923	Klebsiella pneumoniae	Klebsiella	5	3	2	60.0	3	2	1
GCF_030490225.1	SAMN36281333	PRJNA990923	Klebsiella pneumoniae	Klebsiella	8	3	5	37.5	6	2	1
GCF_030490245.1	SAMN36281301	PRJNA990923	Klebsiella pneumoniae	Klebsiella	24	18	6	75.0	20	5	4
GCF_030490405.1	SAMN36281312	PRJNA990923	Klebsiella pneumoniae	Klebsiella	18	16	2	88.889	15	5	4
GCF_030490425.1	SAMN36281329	PRJNA990923	Klebsiella pneumoniae	Klebsiella	26	24	2	92.308	16	4	3
GCF_030490445.1	SAMN36281330	PRJNA990923	Klebsiella pneumoniae	Klebsiella	11	7	4	63.636	10	4	3
GCF_030490465.1	SAMN36281303	PRJNA990923	Klebsiella pneumoniae	Klebsiella	6	2	4	33.333	6	3	2
GCF_030490485.1	SAMN36281304	PRJNA990923	Klebsiella pneumoniae	Klebsiella	25	21	4	84.0	20	5	4
GCF_030490505.1	SAMN36281305	PRJNA990923	Klebsiella pneumoniae	Klebsiella	20	16	4	80.0	14	4	3
GCF_030490535.1	SAMN36281308	PRJNA990923	Klebsiella pneumoniae	Klebsiella	18	12	6	66.667	17	4	3
GCF_030490555.1	SAMN36281320	PRJNA990923	Klebsiella pneumoniae	Klebsiella	20	16	4	80.0	20	3	2
GCF_030490575.1	SAMN36281331	PRJNA990923	Klebsiella pneumoniae	Klebsiella	26	24	2	92.308	16	4	3
GCF_030490595.1	SAMN36281334	PRJNA990923	Klebsiella pneumoniae	Klebsiella	23	17	6	73.913	19	3	2
GCF_030490615.1	SAMN36281315	PRJNA990923	Klebsiella pneumoniae	Klebsiella	12	10	2	83.333	10	4	3
GCF_030490635.1	SAMN36281323	PRJNA990923	Klebsiella pneumoniae	Klebsiella	25	23	2	92.0	19	3	2
GCF_030490655.1	SAMN36281321	PRJNA990923	Klebsiella pneumoniae	Klebsiella	13	9	4	69.231	11	2	1
GCF_030490675.1	SAMN36281316	PRJNA990923	Klebsiella pneumoniae	Klebsiella	39	35	4	89.744	24	4	3
GCF_030490695.1	SAMN36281335	PRJNA990923	Klebsiella pneumoniae	Klebsiella	10	4	6	40.0	8	2	1
GCF_030490715.1	SAMN36281336	PRJNA990923	Klebsiella pneumoniae	Klebsiella	10	4	6	40.0	8	2	1
GCF_030490735.1	SAMN36346258	PRJNA992243	Pseudomonas aeruginosa	Pseudomonas	19	0	19	0.0	15	1	0
GCF_030505295.1	SAMN36378920	PRJNA992970	Enterobacter asburiae	Enterobacter	6	3	3	50.0	6	2	1
GCF_030505415.1	SAMN36385319	PRJNA993242	Klebsiella variicola	Klebsiella	4	0	4	0.0	4	1	0
GCF_030505435.1	SAMN36375298	PRJNA390758	Pseudomonas qingdaonensis	Pseudomonas	25	0	25	0.0	19	1	0
GCF_030505595.1	SAMN36408992	PRJNA993734	Pseudomonas aeruginosa	Pseudomonas	19	14	5	73.684	17	2	1
GCF_030505655.1	SAMN36415118	PRJNA994075	Klebsiella ornithinolytica	Klebsiella	24	21	3	87.5	21	3	2
GCF_030506095.1	SAMN36410974	PRJNA941969	Klebsiella pneumoniae	Klebsiella	15	11	4	73.333	14	3	2
GCF_030506115.1	SAMN36411140	PRJNA941969	Klebsiella pneumoniae	Klebsiella	15	11	4	73.333	14	3	2
GCF_030534295.1	SAMN36450218	PRJNA994841	Klebsiella pneumoniae	Klebsiella	18	14	4	77.778	18	3	2
GCF_030544725.1	SAMN25889007	PRJNA806512	Klebsiella pneumoniae	Klebsiella	7	3	4	42.857	7	3	2
GCF_030544955.1	SAMN33277635	PRJNA934704	Enterobacter mori	Enterobacter	5	0	5	0.0	5	1	0
GCF_030544975.1	SAMN25889008	PRJNA806512	Klebsiella pneumoniae	Klebsiella	25	15	10	60.0	20	3	2
GCF_030552935.1	SAMN36664845	PRJNA997112	Klebsiella pneumoniae	Klebsiella	30	22	8	73.333	25	4	3
GCF_030552975.1	SAMN36621066	PRJNA996717	Klebsiella pneumoniae	Klebsiella	39	35	4	89.744	29	4	3
GCF_030552995.1	SAMN36465167	PRJNA995051	Klebsiella pneumoniae	Klebsiella	15	11	4	73.333	13	3	2
GCF_030553015.1	SAMN36465169	PRJNA995051	Klebsiella pneumoniae	Klebsiella	15	11	4	73.333	13	3	2
GCF_030582295.1	SAMN29160538	PRJNA692086	Klebsiella pneumoniae	Klebsiella	12	8	4	66.667	12	2	1
GCF_030644545.1	SAMN22106528	PRJNA769247	Klebsiella pneumoniae	Klebsiella	7	3	4	42.857	7	2	1
GCF_030644565.1	SAMN22106542	PRJNA769247	Klebsiella pneumoniae	Klebsiella	6	2	4	33.333	5	2	1
GCF_030644585.1	SAMN22106543	PRJNA769247	Klebsiella pneumoniae	Klebsiella	5	1	4	20.0	5	2	1
GCF_030644605.1	SAMN22106519	PRJNA769247	Klebsiella pneumoniae	Klebsiella	12	8	4	66.667	12	2	1
GCF_030644625.1	SAMN22106541	PRJNA769247	Klebsiella pneumoniae	Klebsiella	12	8	4	66.667	12	2	1
GCF_030685615.1	SAMN36766149	PRJNA1000265	Klebsiella pneumoniae	Klebsiella	4	0	4	0.0	4	1	0
GCF_030685635.1	SAMN36766156	PRJNA1000269	Klebsiella pneumoniae	Klebsiella	4	0	4	0.0	4	1	0
GCF_030687335.1	SAMN29204996	PRJNA847632	Pseudomonas sp.	Pseudomonas	1	0	1	0.0	1	1	0
GCF_030687625.1	SAMN29204982	PRJNA847632	Pseudomonas sp.	Pseudomonas	1	0	1	0.0	1	1	0
GCF_030687795.1	SAMN29204976	PRJNA847632	Pseudomonas sp.	Pseudomonas	8	0	8	0.0	7	1	0
GCF_030704345.1	SAMN36780135	PRJNA1000767	Klebsiella pneumoniae	Klebsiella	19	15	4	78.947	17	5	4
GCF_030706805.1	SAMN32978021	PRJNA812595	Enterobacter ludwigii	Enterobacter	6	2	4	33.333	6	2	1
GCF_030717405.1	SAMN36773911	PRJNA1000639	Enterobacter hormaechei	Enterobacter	10	8	2	80.0	10	3	2
GCF_030717425.1	SAMN36811527	PRJNA1000639	Pseudomonas putida	Pseudomonas	25	8	17	32.0	18	2	1
GCF_030717685.1	SAMN36757208	PRJNA1000043	Klebsiella ornithinolytica	Klebsiella	3	0	3	0.0	3	1	0
GCF_030717705.1	SAMN35811331	PRJNA985853	Klebsiella pneumoniae	Klebsiella	14	10	4	71.429	13	3	2
GCF_030717725.1	SAMN35811324	PRJNA985853	Klebsiella pneumoniae	Klebsiella	11	7	4	63.636	10	3	2
GCF_030732205.1	SAMN36884694	PRJNA1003238	Enterobacter hormaechei	Enterobacter	4	0	4	0.0	4	1	0
GCF_030758435.1	SAMN36919166	PRJNA1003970	Pseudomonas aeruginosa	Pseudomonas	24	0	24	0.0	19	1	0
GCF_030845375.1	SAMN36071316	PRJNA981468	Klebsiella pneumoniae	Klebsiella	4	0	4	0.0	4	1	0
GCF_030845395.1	SAMN36071315	PRJNA981468	Klebsiella pneumoniae	Klebsiella	4	0	4	0.0	4	1	0
GCF_030845415.1	SAMN36071314	PRJNA981468	Klebsiella pneumoniae	Klebsiella	18	14	4	77.778	17	3	2
GCF_030845435.1	SAMN36071313	PRJNA981468	Klebsiella pneumoniae	Klebsiella	4	0	4	0.0	4	1	0
GCF_030845455.1	SAMN36071312	PRJNA981468	Klebsiella pneumoniae	Klebsiella	14	10	4	71.429	14	2	1
GCF_030845475.1	SAMN36071311	PRJNA981468	Klebsiella pneumoniae	Klebsiella	15	11	4	73.333	15	3	2
GCF_030845495.1	SAMN36071310	PRJNA981468	Klebsiella pneumoniae	Klebsiella	4	0	4	0.0	4	1	0
GCF_030845515.1	SAMN36071309	PRJNA981468	Klebsiella pneumoniae	Klebsiella	21	17	4	80.952	16	4	3
GCF_030845535.1	SAMN36071308	PRJNA981468	Klebsiella pneumoniae	Klebsiella	4	0	4	0.0	4	1	0
GCF_030845555.1	SAMN36071307	PRJNA981468	Klebsiella pneumoniae	Klebsiella	29	25	4	86.207	26	2	1
GCF_030845575.1	SAMN36071306	PRJNA981468	Klebsiella pneumoniae	Klebsiella	12	7	5	58.333	12	3	2
GCF_030845595.1	SAMN36071305	PRJNA981468	Klebsiella pneumoniae	Klebsiella	13	8	5	61.538	13	4	3
GCF_030845615.1	SAMN36071304	PRJNA981468	Klebsiella pneumoniae	Klebsiella	12	7	5	58.333	12	3	2
GCF_030845635.1	SAMN36071303	PRJNA981468	Klebsiella pneumoniae	Klebsiella	4	0	4	0.0	4	1	0
GCF_030845655.1	SAMN36071302	PRJNA981468	Klebsiella pneumoniae	Klebsiella	4	0	4	0.0	4	1	0
GCF_030845675.1	SAMN36071301	PRJNA981468	Klebsiella pneumoniae	Klebsiella	17	12	5	70.588	15	5	4
GCF_030845695.1	SAMN36071300	PRJNA981468	Klebsiella pneumoniae	Klebsiella	23	12	11	52.174	18	4	3
GCF_030845715.1	SAMN36071299	PRJNA981468	Klebsiella pneumoniae	Klebsiella	16	12	4	75.0	15	5	4
GCF_030845735.1	SAMN36071298	PRJNA981468	Klebsiella pneumoniae	Klebsiella	12	0	12	0.0	11	1	0
GCF_030845755.1	SAMN36071297	PRJNA981468	Klebsiella pneumoniae	Klebsiella	20	16	4	80.0	18	3	2
GCF_030845775.1	SAMN36071296	PRJNA981468	Klebsiella pneumoniae	Klebsiella	7	3	4	42.857	7	2	1
GCF_030845795.1	SAMN36071295	PRJNA981468	Klebsiella pneumoniae	Klebsiella	22	18	4	81.818	17	3	2
GCF_030845815.1	SAMN36071294	PRJNA981468	Klebsiella pneumoniae	Klebsiella	5	0	5	0.0	5	1	0
GCF_030845835.1	SAMN36071293	PRJNA981468	Klebsiella pneumoniae	Klebsiella	4	0	4	0.0	4	1	0
GCF_030845855.1	SAMN36071292	PRJNA981468	Klebsiella pneumoniae	Klebsiella	11	7	4	63.636	11	3	2
GCF_030845875.1	SAMN36071291	PRJNA981468	Klebsiella pneumoniae	Klebsiella	16	12	4	75.0	16	3	2
GCF_030845895.1	SAMN36071290	PRJNA981468	Klebsiella pneumoniae	Klebsiella	28	24	4	85.714	20	7	6
GCF_030845915.1	SAMN36071289	PRJNA981468	Klebsiella pneumoniae	Klebsiella	16	12	4	75.0	16	3	2
GCF_030845935.1	SAMN36071288	PRJNA981468	Klebsiella pneumoniae	Klebsiella	17	7	10	41.176	14	2	1
GCF_030845955.1	SAMN36071287	PRJNA981468	Klebsiella pneumoniae	Klebsiella	30	20	10	66.667	23	4	3
GCF_030845975.1	SAMN36071286	PRJNA981468	Klebsiella pneumoniae	Klebsiella	17	11	6	64.706	14	4	3
GCF_030846055.1	SAMN36942424	PRJNA1004410	Klebsiella pneumoniae	Klebsiella	16	11	5	68.75	16	2	1
GCF_030846075.1	SAMN36942422	PRJNA1004410	Klebsiella pneumoniae	Klebsiella	28	24	4	85.714	21	2	1
GCF_030847575.1	SAMN20294572	PRJNA747748	Klebsiella pneumoniae	Klebsiella	16	12	4	75.0	15	3	2
GCF_030847665.1	SAMN35394399	PRJNA976530	Enterobacter hormaechei	Enterobacter	20	9	11	45.0	17	3	2
GCF_030847685.1	SAMN35394398	PRJNA976530	Enterobacter hormaechei	Enterobacter	20	9	11	45.0	17	3	2
GCF_030847705.1	SAMN35394396	PRJNA976530	Enterobacter hormaechei	Enterobacter	26	20	6	76.923	22	3	2
GCF_030847725.1	SAMN35394394	PRJNA976530	Enterobacter hormaechei	Enterobacter	37	31	6	83.784	27	4	3
GCF_030847745.1	SAMN35394392	PRJNA976530	Enterobacter hormaechei	Enterobacter	19	15	4	78.947	18	3	2
GCF_030847765.2	SAMN35394391	PRJNA976530	Enterobacter hormaechei	Enterobacter	19	15	4	78.947	18	3	2
GCF_030847785.1	SAMN35394389	PRJNA976530	Enterobacter hormaechei	Enterobacter	4	1	3	25.0	4	2	1
GCF_030847805.1	SAMN35394388	PRJNA976530	Enterobacter hormaechei	Enterobacter	11	7	4	63.636	11	5	4
GCF_030847825.1	SAMN35394387	PRJNA976530	Enterobacter hormaechei	Enterobacter	18	13	5	72.222	16	2	1
GCF_030847845.1	SAMN35394385	PRJNA976530	Enterobacter hormaechei	Enterobacter	18	13	5	72.222	16	2	1
GCF_030847865.1	SAMN35394383	PRJNA976530	Enterobacter hormaechei	Enterobacter	5	1	4	20.0	5	2	1
GCF_030847905.1	SAMN35394415	PRJNA976530	Enterobacter hormaechei	Enterobacter	21	17	4	80.952	19	4	3
GCF_030847925.1	SAMN35394414	PRJNA976530	Enterobacter hormaechei	Enterobacter	21	17	4	80.952	19	4	3
GCF_030847945.1	SAMN35394413	PRJNA976530	Enterobacter hormaechei	Enterobacter	17	13	4	76.471	16	3	2
GCF_030847965.1	SAMN35394412	PRJNA976530	Enterobacter hormaechei	Enterobacter	22	18	4	81.818	17	3	2
GCF_030847985.1	SAMN35394411	PRJNA976530	Enterobacter hormaechei	Enterobacter	4	1	3	25.0	3	2	1
GCF_030848005.1	SAMN35394410	PRJNA976530	Enterobacter hormaechei	Enterobacter	10	7	3	70.0	10	2	1
GCF_030848025.1	SAMN35394409	PRJNA976530	Enterobacter hormaechei	Enterobacter	16	12	4	75.0	14	3	2
GCF_030848045.1	SAMN35394408	PRJNA976530	Enterobacter hormaechei	Enterobacter	23	13	10	56.522	21	3	2
GCF_030848065.1	SAMN35394406	PRJNA976530	Enterobacter hormaechei	Enterobacter	21	14	7	66.667	19	3	2
GCF_030848085.1	SAMN35394404	PRJNA976530	Enterobacter hormaechei	Enterobacter	27	20	7	74.074	23	4	3
GCF_030848105.2	SAMN35394403	PRJNA976530	Enterobacter hormaechei	Enterobacter	8	1	7	12.5	8	2	1
GCF_030848125.1	SAMN35394402	PRJNA976530	Enterobacter hormaechei	Enterobacter	13	2	11	15.385	13	3	2
GCF_030848145.1	SAMN35394401	PRJNA976530	Enterobacter hormaechei	Enterobacter	20	9	11	45.0	17	3	2
GCF_030848165.1	SAMN35394400	PRJNA976530	Enterobacter hormaechei	Enterobacter	20	10	10	50.0	18	4	3
GCF_030848185.1	SAMN35394397	PRJNA976530	Enterobacter hormaechei	Enterobacter	17	9	8	52.941	14	3	2
GCF_030848345.1	SAMN35394416	PRJNA976530	Enterobacter hormaechei	Enterobacter	18	15	3	83.333	17	3	2
GCF_030848965.1	SAMN36946811	PRJNA1004578	Klebsiella pneumoniae	Klebsiella	10	6	4	60.0	9	2	1
GCF_030863585.1	SAMN29409900	PRJNA833550	Klebsiella pneumoniae	Klebsiella	22	18	4	81.818	21	3	2
GCF_030863645.1	SAMN32262091	PRJNA912905	Enterobacter hormaechei	Enterobacter	22	18	4	81.818	20	4	3
GCF_030863665.1	SAMN32262092	PRJNA912905	Enterobacter hormaechei	Enterobacter	17	4	13	23.529	15	3	2
GCF_030863685.1	SAMN32262093	PRJNA912905	Enterobacter hormaechei	Enterobacter	14	2	12	14.286	13	2	1
GCF_030863705.1	SAMN32262094	PRJNA912905	Enterobacter hormaechei	Enterobacter	14	2	12	14.286	13	2	1
GCF_030863725.1	SAMN32262095	PRJNA912905	Enterobacter hormaechei	Enterobacter	16	14	2	87.5	16	3	2
GCF_030863745.1	SAMN32262096	PRJNA912905	Enterobacter hormaechei	Enterobacter	6	2	4	33.333	6	2	1
GCF_030863985.1	SAMN36794656	PRJNA1001124	Klebsiella pneumoniae	Klebsiella	3	1	2	33.333	3	2	1
GCF_030866865.1	SAMN36794655	PRJNA1001124	Klebsiella pneumoniae	Klebsiella	3	1	2	33.333	3	2	1
GCF_030866885.1	SAMN36795974	PRJNA1001145	Pseudomonas aeruginosa	Pseudomonas	27	22	5	81.481	22	2	1
GCF_030866905.1	SAMN36795973	PRJNA1001145	Pseudomonas aeruginosa	Pseudomonas	17	13	4	76.471	14	2	1
GCF_030866925.2	SAMN36795972	PRJNA1001145	Pseudomonas aeruginosa	Pseudomonas	27	23	4	85.185	22	2	1
GCF_030908425.1	SAMN37016131	PRJNA1006277	Pseudomonas aeruginosa	Pseudomonas	27	9	18	33.333	19	2	1
GCF_030908445.1	SAMN37016128	PRJNA1006274	Pseudomonas aeruginosa	Pseudomonas	5	0	5	0.0	5	1	0
GCF_030931055.1	SAMN37044519	PRJNA985803	Klebsiella quasipneumoniae	Klebsiella	8	4	4	50.0	8	2	1
GCF_030931735.1	SAMN37044514	PRJNA985803	Klebsiella quasipneumoniae	Klebsiella	8	4	4	50.0	8	2	1
GCF_031042315.1	SAMN35365784	PRJNA812595	Klebsiella aerogenes	Klebsiella	4	0	4	0.0	4	1	0
GCF_031165635.1	SAMN36534146	PRJNA996242	Enterobacter hormaechei	Enterobacter	27	23	4	85.185	24	3	2
GCF_031166165.1	SAMN36534145	PRJNA996242	Enterobacter hormaechei	Enterobacter	25	20	5	80.0	22	3	2
GCF_031166305.1	SAMN36534144	PRJNA996242	Enterobacter asburiae	Enterobacter	5	1	4	20.0	5	2	1
GCF_031167025.1	SAMN36534143	PRJNA996242	Enterobacter asburiae	Enterobacter	6	2	4	33.333	6	2	1
GCF_031199395.2	SAMN37177602	PRJNA1010010	Enterobacter roggenkampii	Enterobacter	5	1	4	20.0	5	2	1
GCF_031201845.1	SAMN27926465	PRJNA832970	Enterobacter kobei	Enterobacter	23	19	4	82.609	19	4	3
GCF_031211485.1	SAMN33818149	PRJNA946185	Pseudomonas aeruginosa	Pseudomonas	11	0	11	0.0	10	1	0
GCF_031212645.1	SAMN33819801	PRJNA946319	Pseudomonas aeruginosa	Pseudomonas	26	0	26	0.0	19	1	0
GCF_031216605.1	SAMN31713467	PRJNA901438	Enterobacter bugandensis	Enterobacter	6	2	4	33.333	6	2	1
GCF_031218175.1	SAMN31713468	PRJNA901437	Enterobacter bugandensis	Enterobacter	4	0	4	0.0	4	1	0
GCF_031218375.1	SAMN33819876	PRJNA946325	Pseudomonas aeruginosa	Pseudomonas	16	0	16	0.0	12	1	0
GCF_031219395.1	SAMN33819968	PRJNA946336	Pseudomonas aeruginosa	Pseudomonas	18	0	18	0.0	12	1	0
GCF_031220265.1	SAMN33820238	PRJNA946345	Pseudomonas aeruginosa	Pseudomonas	8	0	8	0.0	8	1	0
GCF_031221745.1	SAMN33821273	PRJNA946369	Pseudomonas aeruginosa	Pseudomonas	17	0	17	0.0	13	1	0
GCF_031222225.1	SAMN33821385	PRJNA946373	Pseudomonas aeruginosa	Pseudomonas	7	0	7	0.0	7	1	0
GCF_031223175.1	SAMN33822888	PRJNA946379	Pseudomonas aeruginosa	Pseudomonas	8	0	8	0.0	8	1	0
GCF_031224255.1	SAMN33825348	PRJNA946634	Pseudomonas aeruginosa	Pseudomonas	12	7	5	58.333	10	2	1
GCF_031224875.1	SAMN33826223	PRJNA946656	Pseudomonas aeruginosa	Pseudomonas	10	5	5	50.0	9	2	1
GCF_031312745.1	SAMN30403719	PRJNA871072	Klebsiella pneumoniae	Klebsiella	14	8	6	57.143	14	4	3
GCF_031326245.1	SAMN37272497	PRJNA1010831	Klebsiella pneumoniae	Klebsiella	8	3	5	37.5	8	2	1
GCF_031326265.1	SAMN37272496	PRJNA1010831	Klebsiella pneumoniae	Klebsiella	13	9	4	69.231	11	3	2
GCF_031326285.1	SAMN37272498	PRJNA1010831	Klebsiella pneumoniae	Klebsiella	18	14	4	77.778	17	3	2
GCF_031326305.1	SAMN37159814	PRJNA1009511	Pseudomonas aeruginosa	Pseudomonas	9	0	9	0.0	6	1	0
GCF_031326325.1	SAMN37157008	PRJNA1009511	Pseudomonas aeruginosa	Pseudomonas	16	11	5	68.75	13	2	1
GCF_031357205.1	SAMN35073601	PRJNA972347	Klebsiella pneumoniae	Klebsiella	15	11	4	73.333	14	2	1
GCF_031357365.1	SAMN35073602	PRJNA972348	Klebsiella pneumoniae	Klebsiella	16	12	4	75.0	14	2	1
GCF_031378325.1	SAMN36728752	PRJNA812595	Enterobacter hormaechei	Enterobacter	22	18	4	81.818	20	3	2
GCF_031432775.1	SAMN37200066	PRJNA1010831	Klebsiella pneumoniae	Klebsiella	12	8	4	66.667	12	3	2
GCF_031432835.1	SAMN37200060	PRJNA1010831	Enterobacter cloacae	Enterobacter	4	1	3	25.0	4	2	1
GCF_031432895.1	SAMN37200061	PRJNA1010831	Enterobacter hormaechei	Enterobacter	13	9	4	69.231	11	2	1
GCF_031432915.1	SAMN37200059	PRJNA1010831	Klebsiella pneumoniae	Klebsiella	8	4	4	50.0	8	2	1
GCF_031676375.1	SAMN36776117	PRJNA1000727	Klebsiella pneumoniae	Klebsiella	27	19	8	70.37	22	3	2
GCF_031844645.1	SAMN37319580	PRJNA1014128	Pseudomonas putida	Pseudomonas	30	23	7	76.667	24	2	1
GCF_031851395.1	SAMN37298530	PRJNA1013080	Enterobacter ludwigii	Enterobacter	5	0	5	0.0	5	1	0
GCF_031851415.1	SAMN37298529	PRJNA1013080	Enterobacter asburiae	Enterobacter	5	0	5	0.0	5	1	0
GCF_031851435.1	SAMN37298528	PRJNA1013080	Enterobacter ludwigii	Enterobacter	5	0	5	0.0	5	1	0
GCF_031851455.1	SAMN37298527	PRJNA1013080	Enterobacter bugandensis	Enterobacter	5	0	5	0.0	5	1	0
GCF_031851475.1	SAMN37298526	PRJNA1013080	Enterobacter asburiae	Enterobacter	5	0	5	0.0	5	1	0
GCF_031851495.1	SAMN37298525	PRJNA1013080	Enterobacter asburiae	Enterobacter	5	0	5	0.0	5	1	0
GCF_031851515.1	SAMN37298523	PRJNA1013080	Enterobacter ludwigii	Enterobacter	5	0	5	0.0	5	1	0
GCF_031851585.1	SAMN37298533	PRJNA1013080	Enterobacter ludwigii	Enterobacter	5	0	5	0.0	5	1	0
GCF_031851605.1	SAMN37298532	PRJNA1013080	Enterobacter ludwigii	Enterobacter	5	0	5	0.0	5	1	0
GCF_031851625.1	SAMN37298531	PRJNA1013080	Enterobacter cloacae	Enterobacter	5	0	5	0.0	5	1	0
GCF_031851725.1	SAMN37400331	PRJNA1017619	Pseudomonas aeruginosa	Pseudomonas	5	0	5	0.0	5	1	0
GCF_031852185.1	SAMN37418113	PRJNA1017966	Enterobacter hormaechei	Enterobacter	3	0	3	0.0	3	1	0
GCF_031885215.1	SAMN37434702	PRJNA1018462	Klebsiella pneumoniae	Klebsiella	12	10	2	83.333	10	4	3
GCF_032146325.1	SAMN37368305	PRJNA1016098	Klebsiella variicola	Klebsiella	22	18	4	81.818	21	2	1
GCF_032202365.1	SAMN35394395	PRJNA976530	Enterobacter hormaechei	Enterobacter	30	24	6	80.0	24	3	2
GCF_032202545.1	SAMN35394393	PRJNA976530	Enterobacter hormaechei	Enterobacter	22	16	6	72.727	16	3	2
GCF_032202685.1	SAMN35394390	PRJNA976530	Enterobacter hormaechei	Enterobacter	26	24	2	92.308	21	5	4
GCF_032202905.1	SAMN35394407	PRJNA976530	Enterobacter hormaechei	Enterobacter	8	1	7	12.5	8	2	1
GCF_032231025.1	SAMN37404417	PRJNA1017673	Pseudomonas aeruginosa	Pseudomonas	8	0	8	0.0	8	1	0
GCF_032231045.1	SAMN37404410	PRJNA1017673	Pseudomonas aeruginosa	Pseudomonas	14	0	14	0.0	12	1	0
GCF_032231085.1	SAMN37404367	PRJNA1017673	Pseudomonas aeruginosa	Pseudomonas	22	0	22	0.0	14	1	0
GCF_032231105.1	SAMN37404386	PRJNA1017673	Pseudomonas aeruginosa	Pseudomonas	15	0	15	0.0	12	1	0
GCF_032231155.1	SAMN36017835	PRJNA988417	Enterobacter hormaechei	Enterobacter	4	0	4	0.0	4	1	0
GCF_032248875.1	SAMN37449614	PRJNA1018721	Klebsiella pneumoniae	Klebsiella	21	17	4	80.952	17	5	4
GCF_032252935.1	SAMN37453332	PRJNA787324	Pseudomonas aeruginosa	Pseudomonas	5	0	5	0.0	5	1	0
GCF_032252955.1	SAMN37492478	PRJNA1019677	Pseudomonas aeruginosa	Pseudomonas	5	0	5	0.0	5	1	0
GCF_032252975.1	SAMN37493051	PRJNA1019677	Pseudomonas aeruginosa	Pseudomonas	5	0	5	0.0	5	1	0
GCF_032253935.1	SAMN37513143	PRJNA1020101	Klebsiella pneumoniae	Klebsiella	11	7	4	63.636	11	2	1
GCF_032292255.1	SAMN37649568	PRJNA812595	Pseudomonas aeruginosa	Pseudomonas	15	0	15	0.0	15	1	0
GCF_032298955.1	SAMN37300945	PRJNA800017	Enterobacter hormaechei	Enterobacter	11	7	4	63.636	9	5	4
GCF_032301015.1	SAMN37542530	PRJNA1021037	Enterobacter asburiae	Enterobacter	16	13	3	81.25	14	2	1
GCF_032302155.1	SAMN37527804	PRJNA1020684	Enterobacter hormaechei	Enterobacter	21	17	4	80.952	19	2	1
GCF_032343715.1	SAMN37529182	PRJNA1020811	Klebsiella pneumoniae	Klebsiella	16	12	4	75.0	14	3	2
GCF_032344435.1	SAMN37529181	PRJNA1020811	Klebsiella pneumoniae	Klebsiella	13	9	4	69.231	12	4	3
GCF_032348595.1	SAMN37529176	PRJNA1020811	Klebsiella pneumoniae	Klebsiella	14	10	4	71.429	14	3	2
GCF_032349915.1	SAMN37529177	PRJNA1020811	Enterobacter cloacae	Enterobacter	26	19	7	73.077	21	5	4
GCF_032351815.1	SAMN37529174	PRJNA1020811	Enterobacter hormaechei	Enterobacter	26	22	4	84.615	22	4	3
GCF_032352615.1	SAMN37529173	PRJNA1020811	Enterobacter cloacae	Enterobacter	15	12	3	80.0	13	3	2
GCF_032389435.1	SAMEA111505541	PRJEB56918	Enterobacter sp.	Enterobacter	3	0	3	0.0	3	1	0
GCF_032463405.1	SAMN37300943	PRJNA800017	Klebsiella pneumoniae	Klebsiella	8	2	6	25.0	8	3	2
GCF_032463705.1	SAMN37501216	PRJNA1009511	Pseudomonas aeruginosa	Pseudomonas	6	1	5	16.667	6	2	1
GCF_032598925.1	SAMN34473594	PRJNA964491	Pseudomonas aeruginosa	Pseudomonas	13	0	13	0.0	11	1	0
GCF_032600985.1	SAMN32105454	PRJNA909928	Enterobacter hormaechei	Enterobacter	4	0	4	0.0	4	1	0
GCF_032633365.1	SAMN37752284	PRJNA812595	Klebsiella aerogenes	Klebsiella	4	0	4	0.0	4	1	0
GCF_032680825.1	SAMN37682765	PRJNA983216	Klebsiella pneumoniae	Klebsiella	44	40	4	90.909	30	4	3
GCF_032680845.1	SAMN37682764	PRJNA983216	Klebsiella pneumoniae	Klebsiella	44	40	4	90.909	30	4	3
GCF_032681185.1	SAMN37648162	PRJNA607328	Pseudomonas aeruginosa	Pseudomonas	7	0	7	0.0	7	1	0
GCF_032681225.1	SAMN37688352	PRJNA1024078	Klebsiella pneumoniae	Klebsiella	19	15	4	78.947	16	4	3
GCF_032696765.1	SAMN30521252	PRJNA873916	Pseudomonas aeruginosa	Pseudomonas	6	0	6	0.0	6	1	0
GCF_032699645.1	SAMN30521439	PRJNA873916	Pseudomonas aeruginosa	Pseudomonas	7	0	7	0.0	7	1	0
GCF_032738105.1	SAMN37844966	PRJNA288601	Klebsiella quasipneumoniae	Klebsiella	6	2	4	33.333	6	2	1
GCF_032759475.1	SAMN37684971	PRJNA1023934	Klebsiella pneumoniae	Klebsiella	25	21	4	84.0	23	6	5
GCF_032761935.1	SAMN37730772	PRJNA1025935	Pseudomonas aeruginosa	Pseudomonas	5	0	5	0.0	5	1	0
GCF_032807725.1	SAMN37686350	PRJNA1023973	Klebsiella pneumoniae	Klebsiella	4	0	4	0.0	4	1	0
GCF_032811685.1	SAMN37713002	PRJNA1025117	Pseudomonas aeruginosa	Pseudomonas	5	0	5	0.0	5	1	0
GCF_032826355.1	SAMN37160976	PRJNA528846	Klebsiella pneumoniae	Klebsiella	23	19	4	82.609	21	6	5
GCF_032827515.1	SAMN37171686	PRJNA528846	Klebsiella pneumoniae	Klebsiella	31	27	4	87.097	24	5	4
GCF_032829175.1	SAMN37176067	PRJNA528846	Klebsiella pneumoniae	Klebsiella	18	14	4	77.778	16	4	3
GCF_032833155.1	SAMN37176142	PRJNA528846	Klebsiella pneumoniae	Klebsiella	14	9	5	64.286	14	4	3
GCF_032833975.1	SAMN37176446	PRJNA528846	Klebsiella pneumoniae	Klebsiella	19	15	4	78.947	18	4	3
GCF_032843885.3	SAMN37733290	PRJNA1026085	Pseudomonas aeruginosa	Pseudomonas	14	0	14	0.0	11	1	0
GCF_032847385.1	SAMN37543188	PRJNA1021047	Pseudomonas aeruginosa	Pseudomonas	31	19	12	61.29	23	2	1
GCF_032878355.1	SAMN28747376	PRJNA843573	Klebsiella pneumoniae	Klebsiella	11	6	5	54.545	10	2	1
GCF_032878755.1	SAMN28747375	PRJNA843573	Klebsiella pneumoniae	Klebsiella	19	15	4	78.947	17	4	3
GCF_032941915.1	SAMN27488910	PRJNA830655	Pseudomonas aeruginosa	Pseudomonas	5	0	5	0.0	5	1	0
GCF_033037675.1	SAMN35565688	PRJNA979126	Klebsiella quasipneumoniae	Klebsiella	18	14	4	77.778	17	4	3
GCF_033100215.1	SAMN37823614	PRJNA1028370	Klebsiella sp.	Klebsiella	5	0	5	0.0	5	1	0
GCF_033100295.1	SAMN30109939	PRJNA288601	Klebsiella quasipneumoniae	Klebsiella	20	16	4	80.0	20	2	1
GCF_033108345.1	SAMN37852367	PRJNA1028789	Pseudomonas aeruginosa	Pseudomonas	5	0	5	0.0	5	1	0
GCF_033130105.1	SAMD00113925	PRJDB6828	Enterobacter asburiae	Enterobacter	6	2	4	33.333	5	2	1
GCF_033216995.1	SAMN37928634	PRJNA1031150	Pseudomonas aeruginosa	Pseudomonas	22	0	22	0.0	16	1	0
GCF_033217895.1	SAMN37928633	PRJNA1031150	Pseudomonas aeruginosa	Pseudomonas	14	1	13	7.143	12	2	1
GCF_033219075.1	SAMN37928632	PRJNA1031150	Pseudomonas aeruginosa	Pseudomonas	28	0	28	0.0	17	1	0
GCF_033219955.1	SAMN37928631	PRJNA1031150	Pseudomonas aeruginosa	Pseudomonas	25	0	25	0.0	14	1	0
GCF_033221155.1	SAMN37928630	PRJNA1031150	Pseudomonas aeruginosa	Pseudomonas	13	0	13	0.0	12	1	0
GCF_033222185.1	SAMN37928629	PRJNA1031150	Pseudomonas aeruginosa	Pseudomonas	24	0	24	0.0	13	1	0
GCF_033223225.1	SAMN37928628	PRJNA1031150	Pseudomonas aeruginosa	Pseudomonas	21	1	20	4.762	14	2	1
GCF_033224565.1	SAMN37928627	PRJNA1031150	Pseudomonas aeruginosa	Pseudomonas	25	0	25	0.0	14	1	0
GCF_033225445.1	SAMN37928626	PRJNA1031150	Pseudomonas aeruginosa	Pseudomonas	18	0	18	0.0	14	1	0
GCF_033226745.1	SAMN37928625	PRJNA1031150	Pseudomonas aeruginosa	Pseudomonas	24	0	24	0.0	14	1	0
GCF_033227745.1	SAMN37928624	PRJNA1031150	Pseudomonas aeruginosa	Pseudomonas	16	3	13	18.75	13	2	1
GCF_033228545.1	SAMN37928623	PRJNA1031150	Pseudomonas aeruginosa	Pseudomonas	5	0	5	0.0	5	1	0
GCF_033229485.1	SAMN37928622	PRJNA1031150	Pseudomonas aeruginosa	Pseudomonas	5	0	5	0.0	5	1	0
GCF_033230305.1	SAMN37928621	PRJNA1031150	Pseudomonas aeruginosa	Pseudomonas	5	0	5	0.0	5	1	0
GCF_033232085.1	SAMN37928619	PRJNA1031150	Pseudomonas aeruginosa	Pseudomonas	23	0	23	0.0	14	1	0
GCF_033238325.1	SAMN37951971	PRJNA1010831	Klebsiella pneumoniae	Klebsiella	35	31	4	88.571	25	5	4
GCF_033240085.1	SAMN37951970	PRJNA1010831	Klebsiella pneumoniae	Klebsiella	21	17	4	80.952	20	4	3
GCF_033242065.1	SAMN37951969	PRJNA1010831	Klebsiella pneumoniae	Klebsiella	27	23	4	85.185	25	5	4
GCF_033243425.1	SAMN37951968	PRJNA1010831	Klebsiella pneumoniae	Klebsiella	27	23	4	85.185	25	5	4
GCF_033244325.1	SAMN37951967	PRJNA1010831	Klebsiella pneumoniae	Klebsiella	17	13	4	76.471	16	4	3
GCF_033245165.1	SAMN37951966	PRJNA1010831	Klebsiella pneumoniae	Klebsiella	33	29	4	87.879	25	5	4
GCF_033245965.1	SAMN37951965	PRJNA1010831	Klebsiella pneumoniae	Klebsiella	28	24	4	85.714	25	4	3
GCF_033251225.1	SAMN37951964	PRJNA1010831	Klebsiella pneumoniae	Klebsiella	29	25	4	86.207	25	6	5
GCF_033252145.1	SAMN37951963	PRJNA1010831	Klebsiella pneumoniae	Klebsiella	17	13	4	76.471	16	4	3
GCF_033253045.1	SAMN37951962	PRJNA1010831	Klebsiella pneumoniae	Klebsiella	21	17	4	80.952	20	4	3
GCF_033253665.1	SAMN37951961	PRJNA1010831	Klebsiella pneumoniae	Klebsiella	26	21	5	80.769	22	4	3
GCF_033254545.1	SAMN37951960	PRJNA1010831	Klebsiella pneumoniae	Klebsiella	14	7	7	50.0	13	2	1
GCF_033255445.1	SAMN37951959	PRJNA1010831	Klebsiella pneumoniae	Klebsiella	17	13	4	76.471	15	3	2
GCF_033256205.1	SAMN37951958	PRJNA1010831	Klebsiella pneumoniae	Klebsiella	30	26	4	86.667	25	6	5
GCF_033257165.1	SAMN37951957	PRJNA1010831	Klebsiella pneumoniae	Klebsiella	25	14	11	56.0	23	3	2
GCF_033258285.1	SAMN37954806	PRJNA1031759	Klebsiella pneumoniae	Klebsiella	14	10	4	71.429	12	3	2
GCF_033259165.1	SAMN37954868	PRJNA1031760	Klebsiella pneumoniae	Klebsiella	11	9	2	81.818	10	4	3
GCF_033335935.1	SAMN37951956	PRJNA1031647	Pseudomonas aeruginosa	Pseudomonas	27	0	27	0.0	20	1	0
GCF_033374175.1	SAMN32803238	PRJNA925669	Pseudomonas aeruginosa	Pseudomonas	16	0	16	0.0	13	1	0
GCF_033375015.1	SAMN32803237	PRJNA925669	Pseudomonas aeruginosa	Pseudomonas	10	0	10	0.0	8	1	0
GCF_033375815.1	SAMN32803236	PRJNA925669	Pseudomonas aeruginosa	Pseudomonas	21	0	21	0.0	19	1	0
GCF_033392255.1	SAMN37709345	PRJNA607328	Pseudomonas aeruginosa	Pseudomonas	5	0	5	0.0	5	1	0
GCF_033393195.1	SAMN37709346	PRJNA607328	Pseudomonas aeruginosa	Pseudomonas	5	0	5	0.0	5	1	0
GCF_033394235.1	SAMN37709347	PRJNA607328	Pseudomonas aeruginosa	Pseudomonas	5	0	5	0.0	5	1	0
GCF_033395015.1	SAMN37709348	PRJNA607328	Pseudomonas aeruginosa	Pseudomonas	5	0	5	0.0	5	1	0
GCF_033563215.1	SAMN36813343	PRJNA1001627	Klebsiella pneumoniae	Klebsiella	41	37	4	90.244	33	4	3
GCF_033564015.1	SAMN36813357	PRJNA1001628	Klebsiella pneumoniae	Klebsiella	41	37	4	90.244	36	3	2
GCF_033615795.1	SAMN38047953	PRJNA995413	Pseudomonas aeruginosa	Pseudomonas	7	0	7	0.0	7	1	0
GCF_033798725.1	SAMN37987679	PRJNA1032231	Klebsiella pneumoniae	Klebsiella	17	12	5	70.588	16	2	1
GCF_033802585.1	SAMN38124869	PRJNA599529	Klebsiella pneumoniae	Klebsiella	13	9	4	69.231	13	3	2
GCF_033802605.1	SAMN38124868	PRJNA599529	Enterobacter cloacae	Enterobacter	15	12	3	80.0	15	2	1
GCF_033802785.1	SAMN38201183	PRJNA1010831	Klebsiella pneumoniae	Klebsiella	23	19	4	82.609	21	5	4
GCF_033802845.1	SAMN38212343	PRJNA1039341	Klebsiella pneumoniae	Klebsiella	20	16	4	80.0	16	5	4
GCF_033807335.1	SAMN37501192	PRJNA1019652	Klebsiella pneumoniae	Klebsiella	14	11	3	78.571	11	3	2
GCF_033807355.1	SAMN37501193	PRJNA1019652	Klebsiella pneumoniae	Klebsiella	17	15	2	88.235	14	5	4
GCF_033807375.1	SAMN37501191	PRJNA1019652	Klebsiella pneumoniae	Klebsiella	18	16	2	88.889	16	4	3
GCF_033807395.1	SAMN37501187	PRJNA1019652	Klebsiella pneumoniae	Klebsiella	27	23	4	85.185	25	4	3
GCF_033807415.1	SAMN37501186	PRJNA1019652	Klebsiella pneumoniae	Klebsiella	27	23	4	85.185	25	4	3
GCF_033807435.1	SAMN37501185	PRJNA1019652	Klebsiella pneumoniae	Klebsiella	27	23	4	85.185	25	4	3
GCF_033807455.1	SAMN37501184	PRJNA1019652	Klebsiella pneumoniae	Klebsiella	27	23	4	85.185	25	4	3
GCF_033807835.1	SAMN34044671	PRJNA951526	Pseudomonas aeruginosa	Pseudomonas	5	0	5	0.0	5	1	0
GCF_033847565.1	SAMN38040180	PRJNA1033641	Klebsiella pneumoniae	Klebsiella	24	20	4	83.333	21	3	2
GCF_033848475.1	SAMN38040181	PRJNA1033641	Klebsiella pneumoniae	Klebsiella	13	9	4	69.231	13	2	1
GCF_033849915.1	SAMN38040182	PRJNA1033641	Klebsiella pneumoniae	Klebsiella	22	18	4	81.818	20	3	2
GCF_033850575.1	SAMN38040183	PRJNA1033641	Klebsiella pneumoniae	Klebsiella	36	30	6	83.333	31	3	2
GCF_033852495.1	SAMN38040184	PRJNA1033641	Klebsiella pneumoniae	Klebsiella	14	10	4	71.429	12	3	2
GCF_033854795.1	SAMN38040185	PRJNA1033641	Klebsiella pneumoniae	Klebsiella	24	20	4	83.333	21	3	2
GCF_033857255.1	SAMN38040186	PRJNA1033641	Klebsiella pneumoniae	Klebsiella	33	29	4	87.879	32	3	2
GCF_033859755.1	SAMN38040188	PRJNA1033641	Klebsiella pneumoniae	Klebsiella	32	28	4	87.5	29	3	2
GCF_033860475.1	SAMN38040189	PRJNA1033641	Klebsiella oxytoca	Klebsiella	31	28	3	90.323	22	3	2
GCF_033861315.1	SAMN38040190	PRJNA1033641	Klebsiella pneumoniae	Klebsiella	33	29	4	87.879	26	3	2
GCF_033862455.1	SAMN38040191	PRJNA1033641	Klebsiella pneumoniae	Klebsiella	41	37	4	90.244	34	4	3
GCF_033863175.1	SAMN38040192	PRJNA1033641	Klebsiella pneumoniae	Klebsiella	41	37	4	90.244	35	4	3
GCF_033863975.1	SAMN38040194	PRJNA1033641	Klebsiella pneumoniae	Klebsiella	40	36	4	90.0	35	5	4
GCF_033864495.1	SAMN38040195	PRJNA1033641	Klebsiella oxytoca	Klebsiella	42	39	3	92.857	34	3	2
GCF_033865275.1	SAMN38040196	PRJNA1033641	Klebsiella pneumoniae	Klebsiella	39	35	4	89.744	33	3	2
GCF_033865735.1	SAMN38040197	PRJNA1033641	Klebsiella oxytoca	Klebsiella	42	35	7	83.333	33	4	3
GCF_033867515.1	SAMN38040198	PRJNA1033641	Klebsiella pneumoniae	Klebsiella	35	31	4	88.571	27	3	2
GCF_033868275.1	SAMN38040199	PRJNA1033641	Klebsiella pneumoniae	Klebsiella	37	33	4	89.189	34	6	5
GCF_033868475.1	SAMN38040200	PRJNA1033641	Klebsiella pneumoniae	Klebsiella	39	35	4	89.744	33	3	2
GCF_033869415.1	SAMN38040201	PRJNA1033641	Klebsiella pneumoniae	Klebsiella	47	43	4	91.489	37	4	3
GCF_033869935.1	SAMN38040202	PRJNA1033641	Klebsiella pneumoniae	Klebsiella	47	43	4	91.489	37	4	3
GCF_033870115.1	SAMN38040203	PRJNA1033641	Klebsiella pneumoniae	Klebsiella	39	35	4	89.744	33	3	2
GCF_033870135.1	SAMN38040193	PRJNA1033641	Klebsiella pneumoniae	Klebsiella	34	28	6	82.353	30	4	3
GCF_033870295.1	SAMN38256471	PRJNA1040351	Klebsiella ornithinolytica	Klebsiella	3	0	3	0.0	3	1	0
GCF_033870315.1	SAMN38256646	PRJNA1040401	Klebsiella planticola	Klebsiella	3	0	3	0.0	3	1	0
GCF_033878155.1	SAMN38237310	PRJNA1039972	Klebsiella quasipneumoniae	Klebsiella	7	3	4	42.857	7	2	1
GCF_033954935.1	SAMN35741682	PRJNA983988	Enterobacter ludwigii	Enterobacter	4	0	4	0.0	4	1	0
GCF_033970445.1	SAMN38450470	PRJNA288601	Klebsiella variicola	Klebsiella	8	4	4	50.0	8	2	1
GCF_033971305.1	SAMN30942335	PRJNA882560	Pseudomonas aeruginosa	Pseudomonas	6	0	6	0.0	5	1	0
GCF_034043555.1	SAMN38256365	PRJNA1040337	Klebsiella ornithinolytica	Klebsiella	3	0	3	0.0	3	1	0
GCF_034044195.1	SAMN38257105	PRJNA1040415	Klebsiella aerogenes	Klebsiella	30	21	9	70.0	24	4	3
GCF_034059295.1	SAMN38194383	PRJNA1037606	Pseudomonas sp.	Pseudomonas	2	2	0	100.0	2	1	1
GCF_034119905.1	SAMN38378067	PRJNA1044173	Klebsiella aerogenes	Klebsiella	6	2	4	33.333	6	2	1
GCF_034119945.1	SAMN38378423	PRJNA1044173	Klebsiella aerogenes	Klebsiella	5	1	4	20.0	5	2	1
GCF_034120075.1	SAMN38396342	PRJNA1044173	Klebsiella aerogenes	Klebsiella	9	5	4	55.556	9	3	2
GCF_034120115.1	SAMN38395276	PRJNA1044173	Klebsiella aerogenes	Klebsiella	6	2	4	33.333	6	2	1
GCF_034120285.1	SAMN38396338	PRJNA1044173	Klebsiella aerogenes	Klebsiella	8	4	4	50.0	8	3	2
GCF_034120925.1	SAMN38646036	PRJNA812595	Pseudomonas aeruginosa	Pseudomonas	12	0	12	0.0	10	1	0
GCF_034121025.1	SAMN38396362	PRJNA1044173	Klebsiella aerogenes	Klebsiella	10	6	4	60.0	10	3	2
GCF_034123205.1	SAMN38396442	PRJNA1044173	Klebsiella aerogenes	Klebsiella	6	2	4	33.333	6	3	2
GCF_034125425.1	SAMN38396618	PRJNA1044173	Klebsiella aerogenes	Klebsiella	7	3	4	42.857	7	2	1
GCF_034126985.1	SAMN38646027	PRJNA812595	Klebsiella pneumoniae	Klebsiella	19	15	4	78.947	19	4	3
GCF_034127495.1	SAMN38396620	PRJNA1044173	Klebsiella aerogenes	Klebsiella	11	7	4	63.636	9	3	2
GCF_034128605.1	SAMN38397047	PRJNA1044173	Klebsiella aerogenes	Klebsiella	15	11	4	73.333	14	3	2
GCF_034130585.1	SAMN38397048	PRJNA1044173	Klebsiella aerogenes	Klebsiella	19	15	4	78.947	16	3	2
GCF_034132705.1	SAMN38397050	PRJNA1044173	Klebsiella aerogenes	Klebsiella	5	1	4	20.0	5	2	1
GCF_034190815.1	SAMN38392819	PRJNA1036250	Pseudomonas aeruginosa	Pseudomonas	10	0	10	0.0	9	1	0
GCF_034197875.1	SAMN38396735	PRJNA1044173	Klebsiella aerogenes	Klebsiella	8	4	4	50.0	8	3	2
GCF_034197895.1	SAMN38396698	PRJNA1044173	Klebsiella aerogenes	Klebsiella	5	1	4	20.0	5	2	1
GCF_034259225.1	SAMN38478866	PRJNA1046249	Klebsiella pneumoniae	Klebsiella	16	12	4	75.0	15	4	3
GCF_034259265.1	SAMN37196536	PRJNA1010754	Klebsiella pneumoniae	Klebsiella	21	17	4	80.952	19	3	2
GCF_034259285.1	SAMN37196594	PRJNA1010757	Klebsiella pneumoniae	Klebsiella	25	21	4	84.0	22	3	2
GCF_034330985.1	SAMN38788857	PRJNA812595	Klebsiella aerogenes	Klebsiella	4	0	4	0.0	4	1	0
GCF_034331165.1	SAMN38788847	PRJNA288601	Enterobacter asburiae	Enterobacter	5	0	5	0.0	5	1	0
GCF_034331225.1	SAMN38788849	PRJNA812595	Klebsiella variicola	Klebsiella	7	3	4	42.857	7	3	2
GCF_034340365.2	SAMN38111790	PRJNA1036031	Klebsiella pneumoniae	Klebsiella	8	4	4	50.0	8	3	2
GCF_034341085.2	SAMN38111789	PRJNA1036031	Klebsiella pneumoniae	Klebsiella	10	6	4	60.0	8	3	2
GCF_034421615.1	SAMN38454646	PRJNA1045648	Klebsiella pneumoniae	Klebsiella	17	12	5	70.588	17	4	3
GCF_034424075.1	SAMN38692017	PRJNA1049319	Klebsiella pneumoniae	Klebsiella	22	18	4	81.818	19	3	2
GCF_034424095.1	SAMN38693953	PRJNA1049394	Klebsiella pneumoniae	Klebsiella	9	5	4	55.556	9	2	1
GCF_034438375.1	SAMN38701699	PRJNA1049574	Pseudomonas aeruginosa	Pseudomonas	24	19	5	79.167	20	2	1
GCF_034477785.1	SAMN38757442	PRJNA1050918	Klebsiella pneumoniae	Klebsiella	12	8	4	66.667	12	2	1
GCF_034479915.1	SAMN38792442	PRJNA1010831	Klebsiella pneumoniae	Klebsiella	20	11	9	55.0	18	3	2
GCF_034479935.1	SAMN38792443	PRJNA1010831	Klebsiella pneumoniae	Klebsiella	17	13	4	76.471	17	3	2
GCF_034480705.1	SAMN37212534	PRJNA1010778	Pseudomonas aeruginosa	Pseudomonas	21	0	21	0.0	13	1	0
GCF_034480885.1	SAMN37212751	PRJNA1010778	Pseudomonas aeruginosa	Pseudomonas	21	0	21	0.0	13	1	0
GCF_034554675.1	SAMN37347773	PRJNA1015184	Klebsiella quasipneumoniae	Klebsiella	4	0	4	0.0	4	1	0
GCF_034555355.1	SAMN38457033	PRJNA1010354	Pseudomonas sp.	Pseudomonas	2	0	2	0.0	2	1	0
GCF_034564955.1	SAMN38508346	PRJNA1046729	Klebsiella pneumoniae	Klebsiella	46	42	4	91.304	36	6	5
GCF_034565915.1	SAMN38508345	PRJNA1046729	Klebsiella pneumoniae	Klebsiella	42	38	4	90.476	34	5	4
GCF_034661255.1	SAMN38415150	PRJNA1044916	Klebsiella pneumoniae	Klebsiella	14	10	4	71.429	13	3	2
GCF_035184745.2	SAMN31423285	PRJNA893438	Klebsiella pneumoniae	Klebsiella	34	30	4	88.235	28	5	4
GCF_035184765.2	SAMN31423286	PRJNA893438	Klebsiella pneumoniae	Klebsiella	17	13	4	76.471	16	5	4
GCF_035197065.1	SAMN37931712	PRJNA1031220	Pseudomonas aeruginosa	Pseudomonas	5	0	5	0.0	5	1	0
GCF_035197965.1	SAMN37931713	PRJNA1031220	Pseudomonas aeruginosa	Pseudomonas	5	0	5	0.0	5	1	0
GCF_035201625.1	SAMN35326331	PRJNA975440	Klebsiella pneumoniae	Klebsiella	16	10	6	62.5	14	2	1
GCF_035205985.1	SAMN37160979	PRJNA1009788	Pseudomonas aeruginosa	Pseudomonas	24	19	5	79.167	19	2	1
GCF_035323065.1	SAMN37144361	PRJNA998770	Enterobacter hormaechei	Enterobacter	4	0	4	0.0	4	1	0
GCF_035323105.1	SAMN37144499	PRJNA998770	Enterobacter ludwigii	Enterobacter	4	0	4	0.0	4	1	0
GCF_035323845.1	SAMN37486342	PRJNA998770	Enterobacter hormaechei	Enterobacter	4	0	4	0.0	4	1	0
GCF_035324935.1	SAMN37486346	PRJNA998770	Enterobacter ludwigii	Enterobacter	4	0	4	0.0	4	1	0
GCF_035556855.1	SAMN39334909	PRJNA812595	Klebsiella aerogenes	Klebsiella	4	0	4	0.0	4	1	0
GCF_035556915.1	SAMN39334912	PRJNA812595	Enterobacter asburiae	Enterobacter	4	0	4	0.0	4	1	0
GCF_035557175.1	SAMN39334914	PRJNA812595	Klebsiella pneumoniae	Klebsiella	24	20	4	83.333	23	3	2
GCF_035557195.1	SAMN39334915	PRJNA812595	Pseudomonas aeruginosa	Pseudomonas	9	4	5	44.444	8	2	1
GCF_035557615.1	SAMN39334901	PRJNA812595	Klebsiella pneumoniae	Klebsiella	25	21	4	84.0	23	3	2
GCF_035581385.1	SAMN38771716	PRJNA1010831	Klebsiella pneumoniae	Klebsiella	18	14	4	77.778	17	3	2
GCF_035584575.1	SAMN38937583	PRJNA1054978	Klebsiella pneumoniae	Klebsiella	20	16	4	80.0	17	3	2
GCF_035593365.1	SAMN36780008	PRJNA1000761	Klebsiella pneumoniae	Klebsiella	19	15	4	78.947	17	5	4
GCF_035594075.1	SAMN38756473	PRJNA1050876	Klebsiella variicola	Klebsiella	15	11	4	73.333	14	2	1
GCF_035594185.1	SAMN38771721	PRJNA1010831	Enterobacter hormaechei	Enterobacter	27	9	18	33.333	26	2	1
GCF_035594225.1	SAMN38771720	PRJNA1010831	Klebsiella pneumoniae	Klebsiella	17	13	4	76.471	17	3	2
GCF_035594245.1	SAMN38771719	PRJNA1010831	Klebsiella pneumoniae	Klebsiella	20	16	4	80.0	19	3	2
GCF_035594265.1	SAMN38771718	PRJNA1010831	Klebsiella pneumoniae	Klebsiella	19	15	4	78.947	18	2	1
GCF_035594725.1	SAMN38771715	PRJNA1010831	Klebsiella pneumoniae	Klebsiella	11	7	4	63.636	11	3	2
GCF_035595475.1	SAMN38771717	PRJNA1010831	Klebsiella pneumoniae	Klebsiella	6	2	4	33.333	6	2	1
GCF_035596235.1	SAMN38771714	PRJNA1010831	Klebsiella pneumoniae	Klebsiella	23	19	4	82.609	20	3	2
GCF_035596915.1	SAMN38771713	PRJNA1010831	Klebsiella pneumoniae	Klebsiella	15	11	4	73.333	14	3	2
GCF_035597335.1	SAMN38771712	PRJNA1010831	Klebsiella pneumoniae	Klebsiella	17	13	4	76.471	16	3	2
GCF_035598075.1	SAMN38771711	PRJNA1010831	Klebsiella pneumoniae	Klebsiella	9	5	4	55.556	8	2	1
GCF_035598475.1	SAMN38771710	PRJNA1010831	Klebsiella pneumoniae	Klebsiella	11	2	9	18.182	9	2	1
GCF_035599035.1	SAMN38771709	PRJNA1010831	Klebsiella pneumoniae	Klebsiella	4	0	4	0.0	4	1	0
GCF_035620075.1	SAMN38913277	PRJNA1054238	Klebsiella pneumoniae	Klebsiella	27	23	4	85.185	23	3	2
GCF_035620095.1	SAMN38931008	PRJNA1054738	Klebsiella pneumoniae	Klebsiella	14	10	4	71.429	13	3	2
GCF_035620215.1	SAMN38525977	PRJNA1047197	Klebsiella sp.	Klebsiella	4	0	4	0.0	4	1	0
GCF_035621175.1	SAMN38122038	PRJNA812595	Pseudomonas aeruginosa	Pseudomonas	12	0	12	0.0	10	1	0
GCF_035621195.1	SAMN38122036	PRJNA812595	Klebsiella pneumoniae	Klebsiella	6	2	4	33.333	6	2	1
GCF_035621255.1	SAMN39085175	PRJNA1056138	Pseudomonas aeruginosa	Pseudomonas	32	0	32	0.0	22	1	0
GCF_035621275.1	SAMN39090616	PRJNA1056145	Klebsiella pneumoniae	Klebsiella	24	20	4	83.333	23	4	3
GCF_035621395.1	SAMN36704776	PRJNA998467	Pseudomonas aeruginosa	Pseudomonas	7	0	7	0.0	7	1	0
GCF_035621535.1	SAMN39108861	PRJNA1056808	Klebsiella pneumoniae	Klebsiella	13	11	2	84.615	13	4	3
GCF_035621575.1	SAMN35788525	PRJNA1057770	Klebsiella pneumoniae	Klebsiella	5	3	2	60.0	5	2	1
GCF_035621635.1	SAMN39171894	PRJNA1058378	Enterobacter hormaechei	Enterobacter	5	0	5	0.0	5	1	0
GCF_035658175.1	SAMN39181635	PRJNA1010831	Klebsiella pneumoniae	Klebsiella	23	21	2	91.304	20	3	2
GCF_035658195.1	SAMN39181636	PRJNA1010831	Klebsiella pneumoniae	Klebsiella	11	7	4	63.636	11	2	1
GCF_035658215.1	SAMN39239327	PRJNA1060492	Klebsiella pneumoniae	Klebsiella	26	22	4	84.615	24	3	2
GCF_035658275.1	SAMN39246787	PRJNA1060877	Enterobacter bugandensis	Enterobacter	4	0	4	0.0	4	1	0
GCF_035658455.1	SAMN39278676	PRJNA1061669	Klebsiella pneumoniae	Klebsiella	38	34	4	89.474	28	4	3
GCF_035666215.1	SAMN39278653	PRJNA1061838	Pseudomonas aeruginosa	Pseudomonas	5	0	5	0.0	5	1	0
GCF_035666235.1	SAMN39299876	PRJNA1062447	Klebsiella pneumoniae	Klebsiella	11	7	4	63.636	11	2	1
GCF_035758525.1	SAMN39325221	PRJNA1062919	Pseudomonas putida	Pseudomonas	1	1	0	100.0	1	1	1
GCF_035835995.1	SAMN39325020	PRJNA1062907	Enterobacter wuhouensis	Enterobacter	4	0	4	0.0	4	1	0
GCF_035847925.1	SAMN39216373	PRJNA1060220	Enterobacter bugandensis	Enterobacter	4	0	4	0.0	4	1	0
GCF_035928105.1	SAMN39432888	PRJNA1064433	Klebsiella pneumoniae	Klebsiella	28	24	4	85.714	22	4	3
GCF_035932355.1	SAMN39449843	PRJNA1065010	Klebsiella pneumoniae	Klebsiella	21	17	4	80.952	18	3	2
GCF_035984435.1	SAMN39265383	PRJNA1061317	Pseudomonas aeruginosa	Pseudomonas	5	0	5	0.0	5	1	0
GCF_036080835.1	SAMN39595407	PRJNA812595	Klebsiella aerogenes	Klebsiella	4	0	4	0.0	4	1	0
GCF_036080915.1	SAMN39595400	PRJNA812595	Enterobacter hormaechei	Enterobacter	32	27	5	84.375	26	4	3
GCF_036080935.1	SAMN39595401	PRJNA812595	Enterobacter hormaechei	Enterobacter	14	10	4	71.429	14	3	2
GCF_036232065.1	SAMN32413579	PRJNA916184	Pseudomonas aeruginosa	Pseudomonas	9	0	9	0.0	8	1	0
GCF_036232085.1	SAMN32413578	PRJNA916184	Pseudomonas aeruginosa	Pseudomonas	5	0	5	0.0	5	1	0
GCF_036232105.1	SAMN32413577	PRJNA916184	Pseudomonas aeruginosa	Pseudomonas	5	0	5	0.0	5	1	0
GCF_036232125.1	SAMN32413576	PRJNA916184	Pseudomonas aeruginosa	Pseudomonas	5	0	5	0.0	5	1	0
GCF_036232145.1	SAMN32413575	PRJNA916184	Pseudomonas aeruginosa	Pseudomonas	5	0	5	0.0	5	1	0
GCF_036232165.1	SAMN32413574	PRJNA916184	Pseudomonas aeruginosa	Pseudomonas	5	0	5	0.0	5	1	0
GCF_036232185.1	SAMN32413573	PRJNA916184	Pseudomonas aeruginosa	Pseudomonas	5	0	5	0.0	5	1	0
GCF_036232205.1	SAMN32413572	PRJNA916184	Pseudomonas aeruginosa	Pseudomonas	5	0	5	0.0	5	1	0
GCF_036232225.1	SAMN32413571	PRJNA916184	Pseudomonas aeruginosa	Pseudomonas	5	0	5	0.0	5	1	0
GCF_036232245.1	SAMN32413570	PRJNA916184	Pseudomonas aeruginosa	Pseudomonas	5	0	5	0.0	5	1	0
GCF_036232265.1	SAMN32413569	PRJNA916184	Pseudomonas aeruginosa	Pseudomonas	5	0	5	0.0	5	1	0
GCF_036232285.1	SAMN32413568	PRJNA916184	Pseudomonas aeruginosa	Pseudomonas	5	0	5	0.0	5	1	0
GCF_036232305.1	SAMN32413567	PRJNA916184	Pseudomonas aeruginosa	Pseudomonas	5	0	5	0.0	5	1	0
GCF_036232325.1	SAMN32413566	PRJNA916184	Pseudomonas aeruginosa	Pseudomonas	5	0	5	0.0	5	1	0
GCF_036232345.1	SAMN32413565	PRJNA916184	Pseudomonas aeruginosa	Pseudomonas	5	0	5	0.0	5	1	0
GCF_036232365.1	SAMN32413564	PRJNA916184	Pseudomonas aeruginosa	Pseudomonas	5	0	5	0.0	5	1	0
GCF_036232385.1	SAMN32413563	PRJNA916184	Pseudomonas aeruginosa	Pseudomonas	5	0	5	0.0	5	1	0
GCF_036232405.1	SAMN32413562	PRJNA916184	Pseudomonas aeruginosa	Pseudomonas	5	0	5	0.0	5	1	0
GCF_036232425.1	SAMN32413561	PRJNA916184	Pseudomonas aeruginosa	Pseudomonas	5	0	5	0.0	5	1	0
GCF_036232455.1	SAMN32413560	PRJNA916184	Pseudomonas aeruginosa	Pseudomonas	5	0	5	0.0	5	1	0
GCF_036232495.1	SAMN32413559	PRJNA916184	Pseudomonas aeruginosa	Pseudomonas	5	0	5	0.0	5	1	0
GCF_036232525.1	SAMN32413558	PRJNA916184	Pseudomonas aeruginosa	Pseudomonas	5	0	5	0.0	5	1	0
GCF_036232565.1	SAMN32413557	PRJNA916184	Pseudomonas aeruginosa	Pseudomonas	5	0	5	0.0	5	1	0
GCF_036232585.1	SAMN32413556	PRJNA916184	Pseudomonas aeruginosa	Pseudomonas	5	0	5	0.0	5	1	0
GCF_036232605.1	SAMN32413555	PRJNA916184	Pseudomonas aeruginosa	Pseudomonas	5	0	5	0.0	5	1	0
GCF_036232625.1	SAMN32413554	PRJNA916184	Pseudomonas aeruginosa	Pseudomonas	5	0	5	0.0	5	1	0
GCF_036232645.1	SAMN32413553	PRJNA916184	Pseudomonas aeruginosa	Pseudomonas	5	0	5	0.0	5	1	0
GCF_036232665.1	SAMN32413552	PRJNA916184	Pseudomonas aeruginosa	Pseudomonas	5	0	5	0.0	5	1	0
GCF_036232685.1	SAMN32413551	PRJNA916184	Pseudomonas aeruginosa	Pseudomonas	5	0	5	0.0	5	1	0
GCF_036232705.1	SAMN32413550	PRJNA916184	Pseudomonas aeruginosa	Pseudomonas	5	0	5	0.0	5	1	0
GCF_036232725.1	SAMN32413549	PRJNA916184	Pseudomonas aeruginosa	Pseudomonas	5	0	5	0.0	5	1	0
GCF_036232745.1	SAMN32413548	PRJNA916184	Pseudomonas aeruginosa	Pseudomonas	5	0	5	0.0	5	1	0
GCF_036232765.1	SAMN32413547	PRJNA916184	Pseudomonas aeruginosa	Pseudomonas	9	0	9	0.0	7	1	0
GCF_036232785.1	SAMN32413546	PRJNA916184	Pseudomonas aeruginosa	Pseudomonas	5	0	5	0.0	5	1	0
GCF_036232805.1	SAMN32413545	PRJNA916184	Pseudomonas aeruginosa	Pseudomonas	5	0	5	0.0	5	1	0
GCF_036232825.1	SAMN32413544	PRJNA916184	Pseudomonas aeruginosa	Pseudomonas	5	0	5	0.0	5	1	0
GCF_036232845.1	SAMN32413543	PRJNA916184	Pseudomonas aeruginosa	Pseudomonas	5	0	5	0.0	5	1	0
GCF_036232865.1	SAMN32413542	PRJNA916184	Pseudomonas aeruginosa	Pseudomonas	5	0	5	0.0	5	1	0
GCF_036232885.1	SAMN32413541	PRJNA916184	Pseudomonas aeruginosa	Pseudomonas	5	0	5	0.0	5	1	0
GCF_036232905.1	SAMN32413540	PRJNA916184	Pseudomonas aeruginosa	Pseudomonas	5	0	5	0.0	5	1	0
GCF_036232925.1	SAMN32413539	PRJNA916184	Pseudomonas aeruginosa	Pseudomonas	5	0	5	0.0	5	1	0
GCF_036232945.1	SAMN32413538	PRJNA916184	Pseudomonas aeruginosa	Pseudomonas	5	0	5	0.0	5	1	0
GCF_036233095.1	SAMN32413537	PRJNA916184	Pseudomonas aeruginosa	Pseudomonas	5	0	5	0.0	5	1	0
GCF_036233115.1	SAMN32413536	PRJNA916184	Pseudomonas aeruginosa	Pseudomonas	5	0	5	0.0	5	1	0
GCF_036233135.1	SAMN32413535	PRJNA916184	Pseudomonas aeruginosa	Pseudomonas	5	0	5	0.0	5	1	0
GCF_036233155.1	SAMN32413534	PRJNA916184	Pseudomonas aeruginosa	Pseudomonas	5	0	5	0.0	5	1	0
GCF_036233175.1	SAMN32413533	PRJNA916184	Pseudomonas aeruginosa	Pseudomonas	5	0	5	0.0	5	1	0
GCF_036233195.1	SAMN32413532	PRJNA916184	Pseudomonas aeruginosa	Pseudomonas	5	0	5	0.0	5	1	0
GCF_036233215.1	SAMN32413531	PRJNA916184	Pseudomonas aeruginosa	Pseudomonas	5	0	5	0.0	5	1	0
GCF_036233235.1	SAMN32413530	PRJNA916184	Pseudomonas aeruginosa	Pseudomonas	5	0	5	0.0	5	1	0
GCF_036233255.1	SAMN32413529	PRJNA916184	Pseudomonas aeruginosa	Pseudomonas	5	0	5	0.0	5	1	0
GCF_036233275.1	SAMN32413528	PRJNA916184	Pseudomonas aeruginosa	Pseudomonas	5	0	5	0.0	5	1	0
GCF_036233295.1	SAMN32413527	PRJNA916184	Pseudomonas aeruginosa	Pseudomonas	5	0	5	0.0	5	1	0
GCF_036233315.1	SAMN32413526	PRJNA916184	Pseudomonas aeruginosa	Pseudomonas	5	0	5	0.0	5	1	0
GCF_036233335.1	SAMN32413525	PRJNA916184	Pseudomonas aeruginosa	Pseudomonas	5	0	5	0.0	5	1	0
GCF_036233355.1	SAMN32413524	PRJNA916184	Pseudomonas aeruginosa	Pseudomonas	6	0	6	0.0	6	1	0
GCF_036233375.1	SAMN32413523	PRJNA916184	Pseudomonas aeruginosa	Pseudomonas	5	0	5	0.0	5	1	0
GCF_036233395.1	SAMN32413522	PRJNA916184	Pseudomonas aeruginosa	Pseudomonas	5	0	5	0.0	5	1	0
GCF_036233415.1	SAMN32413521	PRJNA916184	Pseudomonas aeruginosa	Pseudomonas	5	0	5	0.0	5	1	0
GCF_036233435.1	SAMN32413520	PRJNA916184	Pseudomonas aeruginosa	Pseudomonas	5	0	5	0.0	5	1	0
GCF_036233455.1	SAMN32413519	PRJNA916184	Pseudomonas aeruginosa	Pseudomonas	5	0	5	0.0	5	1	0
GCF_036233475.1	SAMN32413518	PRJNA916184	Pseudomonas aeruginosa	Pseudomonas	5	0	5	0.0	5	1	0
GCF_036233495.1	SAMN32413517	PRJNA916184	Pseudomonas aeruginosa	Pseudomonas	5	0	5	0.0	5	1	0
GCF_036233515.1	SAMN32413516	PRJNA916184	Pseudomonas aeruginosa	Pseudomonas	5	0	5	0.0	5	1	0
GCF_036233535.1	SAMN32413515	PRJNA916184	Pseudomonas aeruginosa	Pseudomonas	5	0	5	0.0	5	1	0
GCF_036233555.1	SAMN32413514	PRJNA916184	Pseudomonas aeruginosa	Pseudomonas	5	0	5	0.0	5	1	0
GCF_036233575.1	SAMN32413513	PRJNA916184	Pseudomonas aeruginosa	Pseudomonas	5	0	5	0.0	5	1	0
GCF_036233595.1	SAMN32413512	PRJNA916184	Pseudomonas aeruginosa	Pseudomonas	5	0	5	0.0	5	1	0
GCF_036233615.1	SAMN32413511	PRJNA916184	Pseudomonas aeruginosa	Pseudomonas	5	0	5	0.0	5	1	0
GCF_036233635.1	SAMN32413510	PRJNA916184	Pseudomonas aeruginosa	Pseudomonas	5	0	5	0.0	5	1	0
GCF_036233655.1	SAMN32413509	PRJNA916184	Pseudomonas aeruginosa	Pseudomonas	5	0	5	0.0	5	1	0
GCF_036233675.1	SAMN32413508	PRJNA916184	Pseudomonas aeruginosa	Pseudomonas	5	0	5	0.0	5	1	0
GCF_036233695.1	SAMN32413507	PRJNA916184	Pseudomonas aeruginosa	Pseudomonas	5	0	5	0.0	5	1	0
GCF_036233715.1	SAMN32413506	PRJNA916184	Pseudomonas aeruginosa	Pseudomonas	5	0	5	0.0	5	1	0
GCF_036233735.1	SAMN32413505	PRJNA916184	Pseudomonas aeruginosa	Pseudomonas	5	0	5	0.0	5	1	0
GCF_036233755.1	SAMN32413504	PRJNA916184	Pseudomonas aeruginosa	Pseudomonas	5	0	5	0.0	5	1	0
GCF_036234315.1	SAMN32413503	PRJNA916184	Pseudomonas aeruginosa	Pseudomonas	5	0	5	0.0	5	1	0
GCF_036236015.1	SAMN32413502	PRJNA916184	Pseudomonas aeruginosa	Pseudomonas	5	0	5	0.0	5	1	0
GCF_036236975.1	SAMN32413501	PRJNA916184	Pseudomonas aeruginosa	Pseudomonas	5	0	5	0.0	5	1	0
GCF_036236995.1	SAMN32413500	PRJNA916184	Pseudomonas aeruginosa	Pseudomonas	5	0	5	0.0	5	1	0
GCF_036237015.1	SAMN32413499	PRJNA916184	Pseudomonas aeruginosa	Pseudomonas	5	0	5	0.0	5	1	0
GCF_036237035.1	SAMN32413498	PRJNA916184	Pseudomonas aeruginosa	Pseudomonas	5	0	5	0.0	5	1	0
GCF_036237055.1	SAMN32413497	PRJNA916184	Pseudomonas aeruginosa	Pseudomonas	5	0	5	0.0	5	1	0
GCF_036237075.1	SAMN32413496	PRJNA916184	Pseudomonas aeruginosa	Pseudomonas	5	0	5	0.0	5	1	0
GCF_036237095.1	SAMN32413495	PRJNA916184	Pseudomonas aeruginosa	Pseudomonas	5	0	5	0.0	5	1	0
GCF_036237115.1	SAMN32413494	PRJNA916184	Pseudomonas aeruginosa	Pseudomonas	5	0	5	0.0	5	1	0
GCF_036254055.1	SAMN38447508	PRJNA1045566	Klebsiella pneumoniae	Klebsiella	24	12	12	50.0	22	4	3
GCF_036282765.1	SAMN38915981	PRJNA1054337	Klebsiella aerogenes	Klebsiella	4	0	4	0.0	4	1	0
GCF_036287395.1	SAMN39484454	PRJNA1066284	Klebsiella pneumoniae	Klebsiella	21	17	4	80.952	17	3	2
GCF_036287415.1	SAMN39484517	PRJNA1066292	Klebsiella pneumoniae	Klebsiella	4	0	4	0.0	4	1	0
GCF_036287435.1	SAMN39484689	PRJNA1066299	Klebsiella pneumoniae	Klebsiella	6	2	4	33.333	6	2	1
GCF_036287455.1	SAMN39484733	PRJNA1066301	Klebsiella pneumoniae	Klebsiella	6	2	4	33.333	6	2	1
GCF_036287495.1	SAMN39489492	PRJNA1066493	Klebsiella pneumoniae	Klebsiella	11	7	4	63.636	9	3	2
GCF_036287515.1	SAMN39489714	PRJNA1066502	Klebsiella pneumoniae	Klebsiella	22	6	16	27.273	17	3	2
GCF_036287585.1	SAMN39499813	PRJNA1064408	Klebsiella pneumoniae	Klebsiella	8	4	4	50.0	8	3	2
GCF_036287625.1	SAMN39500185	PRJNA1064408	Klebsiella pneumoniae	Klebsiella	16	11	5	68.75	15	3	2
GCF_036287765.1	SAMN39501656	PRJNA1064408	Klebsiella pneumoniae	Klebsiella	22	18	4	81.818	18	3	2
GCF_036287785.1	SAMN39499960	PRJNA1064408	Klebsiella pneumoniae	Klebsiella	17	12	5	70.588	15	3	2
GCF_036287845.1	SAMN39532325	PRJNA1064408	Klebsiella pasteurii	Klebsiella	5	2	3	40.0	5	3	2
GCF_036320985.1	SAMN39432603	PRJNA1064408	Klebsiella pneumoniae	Klebsiella	18	13	5	72.222	17	3	2
GCF_036321465.1	SAMN39526083	PRJNA1067404	Klebsiella pneumoniae	Klebsiella	20	16	4	80.0	19	3	2
GCF_036326305.1	SAMN39122631	PRJNA812595	Pseudomonas aeruginosa	Pseudomonas	23	0	23	0.0	19	1	0
GCF_036347655.1	SAMN39589781	PRJNA1064408	Klebsiella pneumoniae	Klebsiella	23	17	6	73.913	20	3	2
GCF_036347675.1	SAMN39593715	PRJNA1064408	Klebsiella pneumoniae	Klebsiella	10	6	4	60.0	10	3	2
GCF_036347735.1	SAMN39584281	PRJNA1068297	Pseudomonas putida	Pseudomonas	23	23	0	100.0	17	1	1
GCF_036362745.1	SAMN39598613	PRJNA1068642	Klebsiella pneumoniae	Klebsiella	5	0	5	0.0	5	1	0
GCF_036417415.1	SAMN39664788	PRJNA1070833	Klebsiella pneumoniae	Klebsiella	31	26	5	83.871	22	4	3
GCF_036417615.1	SAMN39665667	PRJNA1070833	Klebsiella pneumoniae	Klebsiella	31	26	5	83.871	22	4	3
GCF_036417685.1	SAMN39665566	PRJNA1070833	Klebsiella pneumoniae	Klebsiella	4	0	4	0.0	4	1	0
GCF_036417705.1	SAMN39669687	PRJNA1071011	Pseudomonas aeruginosa	Pseudomonas	5	0	5	0.0	5	1	0
GCF_036417805.1	SAMN39669686	PRJNA1071011	Pseudomonas aeruginosa	Pseudomonas	5	0	5	0.0	5	1	0
GCF_036417915.1	SAMN39669685	PRJNA1071011	Pseudomonas aeruginosa	Pseudomonas	5	0	5	0.0	5	1	0
GCF_036417995.1	SAMN39669684	PRJNA1071011	Pseudomonas aeruginosa	Pseudomonas	5	0	5	0.0	5	1	0
GCF_036418055.1	SAMN39669683	PRJNA1071011	Pseudomonas aeruginosa	Pseudomonas	5	0	5	0.0	5	1	0
GCF_036418125.1	SAMN39669681	PRJNA1071011	Pseudomonas aeruginosa	Pseudomonas	5	0	5	0.0	5	1	0
GCF_036418185.1	SAMN39669679	PRJNA1071011	Pseudomonas aeruginosa	Pseudomonas	33	0	33	0.0	12	1	0
GCF_036418275.1	SAMN39669678	PRJNA1071011	Pseudomonas aeruginosa	Pseudomonas	10	0	10	0.0	10	1	0
GCF_036418295.1	SAMN39669677	PRJNA1071011	Pseudomonas aeruginosa	Pseudomonas	13	0	13	0.0	12	1	0
GCF_036429575.1	SAMN39683583	PRJNA1071287	Klebsiella pneumoniae	Klebsiella	12	7	5	58.333	10	3	2
GCF_036451995.1	SAMN35640683	PRJNA470993	Klebsiella pneumoniae	Klebsiella	20	16	4	80.0	18	2	1
GCF_036452015.1	SAMN35640682	PRJNA470993	Klebsiella variicola	Klebsiella	17	13	4	76.471	16	3	2
GCF_036452035.1	SAMN35640681	PRJNA470993	Klebsiella pneumoniae	Klebsiella	27	17	10	62.963	23	3	2
GCF_036452075.1	SAMN35640679	PRJNA470993	Klebsiella pneumoniae	Klebsiella	15	11	4	73.333	15	3	2
GCF_036452095.1	SAMN35640678	PRJNA470993	Klebsiella pneumoniae	Klebsiella	15	11	4	73.333	15	3	2
GCF_036452115.1	SAMN35640677	PRJNA470993	Klebsiella pneumoniae	Klebsiella	25	21	4	84.0	24	3	2
GCF_036452175.1	SAMN35640676	PRJNA470993	Klebsiella pneumoniae	Klebsiella	11	7	4	63.636	10	3	2
GCF_036541145.1	SAMN39683492	PRJNA1071283	Klebsiella pneumoniae	Klebsiella	4	0	4	0.0	4	1	0
GCF_036542045.1	SAMN39725114	PRJNA1072026	Klebsiella pneumoniae	Klebsiella	4	0	4	0.0	4	1	0
GCF_036542105.1	SAMN39782182	PRJNA1072970	Pseudomonas aeruginosa	Pseudomonas	5	0	5	0.0	5	1	0
GCF_036542125.1	SAMN39604747	PRJNA1068822	Enterobacter ludwigii	Enterobacter	4	0	4	0.0	4	1	0
GCF_036542205.1	SAMN39712905	PRJNA1071819	Klebsiella pneumoniae	Klebsiella	23	16	7	69.565	20	3	2
GCF_036542225.1	SAMN39714101	PRJNA1071826	Klebsiella pneumoniae	Klebsiella	4	0	4	0.0	4	1	0
GCF_036542245.1	SAMN39715931	PRJNA1071865	Klebsiella pneumoniae	Klebsiella	4	0	4	0.0	4	1	0
GCF_036542345.1	SAMN39714430	PRJNA1071829	Klebsiella pneumoniae	Klebsiella	9	5	4	55.556	8	2	1
GCF_036542365.1	SAMN39714597	PRJNA1071829	Klebsiella pneumoniae	Klebsiella	4	0	4	0.0	4	1	0
GCF_036549095.1	SAMN39714598	PRJNA1071829	Klebsiella pneumoniae	Klebsiella	4	0	4	0.0	4	1	0
GCF_036549135.1	SAMN39743267	PRJNA1072306	Klebsiella pneumoniae	Klebsiella	4	0	4	0.0	4	1	0
GCF_036598075.1	SAMN39726039	PRJNA1071731	Klebsiella pneumoniae	Klebsiella	20	16	4	80.0	19	4	3
GCF_036599745.1	SAMN39726040	PRJNA1071731	Klebsiella pneumoniae	Klebsiella	20	16	4	80.0	19	4	3
GCF_036687385.1	SAMN39434441	PRJNA1064408	Klebsiella pneumoniae	Klebsiella	16	12	4	75.0	15	3	2
GCF_036687405.1	SAMN39434823	PRJNA1064408	Klebsiella variicola	Klebsiella	6	2	4	33.333	6	3	2
GCF_036687415.1	SAMN39434824	PRJNA1064408	Enterobacter hormaechei	Enterobacter	5	1	4	20.0	5	2	1
GCF_036687425.1	SAMN39435300	PRJNA1064408	Klebsiella pneumoniae	Klebsiella	5	1	4	20.0	5	2	1
GCF_036687435.1	SAMN39435301	PRJNA1064408	Klebsiella pneumoniae	Klebsiella	5	1	4	20.0	5	2	1
GCF_036687455.1	SAMN39435459	PRJNA1064408	Klebsiella oxytoca	Klebsiella	4	1	3	25.0	4	2	1
GCF_036688165.2	SAMN39585554	PRJNA1065027	Pseudomonas aeruginosa	Pseudomonas	28	22	6	78.571	23	2	1
GCF_036776515.1	SAMN36734344	PRJNA999445	Pseudomonas aeruginosa	Pseudomonas	35	19	16	54.286	24	2	1
GCF_036785835.1	SAMN22837225	PRJNA411762	Klebsiella pneumoniae	Klebsiella	5	1	4	20.0	5	2	1
GCF_036786065.1	SAMN22837213	PRJNA411762	Klebsiella ornithinolytica	Klebsiella	15	10	5	66.667	12	3	2
GCF_036786095.1	SAMN22875523	PRJNA411762	Klebsiella ornithinolytica	Klebsiella	12	9	3	75.0	12	2	1
GCF_036787225.1	SAMN09205472	PRJNA411762	Klebsiella pneumoniae	Klebsiella	15	13	2	86.667	13	5	4
GCF_036789295.1	SAMN22875531	PRJNA411762	Klebsiella ornithinolytica	Klebsiella	12	9	3	75.0	12	2	1
GCF_036791365.1	SAMN22875475	PRJNA411762	Klebsiella ornithinolytica	Klebsiella	13	10	3	76.923	12	3	2
GCF_036795285.1	SAMN16093056	PRJNA660821	Klebsiella pneumoniae	Klebsiella	5	0	5	0.0	5	1	0
GCF_036810575.1	SAMN38122022	PRJNA812595	Klebsiella aerogenes	Klebsiella	4	0	4	0.0	4	1	0
GCF_036835625.1	SAMN36987766	PRJNA826241	Pseudomonas aeruginosa	Pseudomonas	8	0	8	0.0	7	1	0
GCF_036884245.1	SAMN39976604	PRJNA1077593	Klebsiella pneumoniae	Klebsiella	2	0	2	0.0	2	1	0
GCF_036884315.1	SAMN34800963	PRJNA968005	Klebsiella pneumoniae	Klebsiella	16	10	6	62.5	14	2	1
GCF_036884455.1	SAMN33052307	PRJNA1074938	Klebsiella pneumoniae	Klebsiella	20	16	4	80.0	20	2	1
GCF_036936505.1	SAMN37733154	PRJNA1026073	Enterobacter sp.	Enterobacter	4	0	4	0.0	4	1	0
GCF_036967225.1	SAMN39981283	PRJNA1077762	Klebsiella pneumoniae	Klebsiella	22	16	6	72.727	19	4	3
GCF_037008725.1	SAMN40254327	PRJNA812595	Enterobacter bugandensis	Enterobacter	5	0	5	0.0	5	1	0
GCF_037008945.1	SAMN40254320	PRJNA812595	Enterobacter bugandensis	Enterobacter	5	0	5	0.0	5	1	0
GCF_037009005.1	SAMN40254322	PRJNA812595	Klebsiella pneumoniae	Klebsiella	32	26	6	81.25	26	4	3
GCF_037023225.1	SAMN39726038	PRJNA1071731	Klebsiella pneumoniae	Klebsiella	37	33	4	89.189	30	4	3
GCF_037024145.1	SAMN39724762	PRJNA1072014	Klebsiella pneumoniae	Klebsiella	21	15	6	71.429	20	4	3
GCF_037024235.1	SAMN39724761	PRJNA1072014	Klebsiella pneumoniae	Klebsiella	21	15	6	71.429	20	4	3
GCF_037024245.1	SAMN39724760	PRJNA1072014	Klebsiella pneumoniae	Klebsiella	21	15	6	71.429	20	4	3
GCF_037024275.1	SAMN39724759	PRJNA1072014	Klebsiella pneumoniae	Klebsiella	21	15	6	71.429	20	4	3
GCF_037024325.1	SAMN39724758	PRJNA1072014	Klebsiella pneumoniae	Klebsiella	21	15	6	71.429	20	4	3
GCF_037024335.1	SAMN39724757	PRJNA1072014	Klebsiella pneumoniae	Klebsiella	21	15	6	71.429	20	4	3
GCF_037024345.1	SAMN39724756	PRJNA1072014	Klebsiella pneumoniae	Klebsiella	21	15	6	71.429	20	4	3
GCF_037024355.1	SAMN39724755	PRJNA1072014	Klebsiella pneumoniae	Klebsiella	21	15	6	71.429	20	4	3
GCF_037024385.1	SAMN39724754	PRJNA1072014	Klebsiella pneumoniae	Klebsiella	21	15	6	71.429	20	4	3
GCF_037024855.1	SAMN39724753	PRJNA1072014	Klebsiella pneumoniae	Klebsiella	14	12	2	85.714	13	5	4
GCF_037081885.1	SAMN40199726	PRJNA1082105	Klebsiella michiganensis	Klebsiella	9	6	3	66.667	6	2	1
GCF_037081915.1	SAMN40199723	PRJNA1082105	Klebsiella ornithinolytica	Klebsiella	5	2	3	40.0	5	2	1
GCF_037081955.1	SAMN40199722	PRJNA1082105	Klebsiella michiganensis	Klebsiella	3	0	3	0.0	3	1	0
GCF_037094485.1	SAMN40200543	PRJNA1082224	Klebsiella pneumoniae	Klebsiella	15	11	4	73.333	14	3	2
GCF_037094715.1	SAMN40229531	PRJNA1083024	Pseudomonas juntendi	Pseudomonas	12	0	12	0.0	11	1	0
GCF_037094725.1	SAMN40229550	PRJNA1083024	Pseudomonas juntendi	Pseudomonas	15	0	15	0.0	11	1	0
GCF_037099735.1	SAMN40228434	PRJNA1083023	Pseudomonas monteilii	Pseudomonas	12	1	11	8.333	10	2	1
GCF_037099805.1	SAMN40243610	PRJNA1083290	Klebsiella pneumoniae	Klebsiella	10	6	4	60.0	8	2	1
GCF_037099835.1	SAMN40243988	PRJNA1083294	Klebsiella pneumoniae	Klebsiella	11	5	6	45.455	11	2	1
GCF_037100305.1	SAMN40243381	PRJNA1083283	Klebsiella pneumoniae	Klebsiella	6	0	6	0.0	6	1	0
GCF_037126195.1	SAMN39526338	PRJNA1067413	Klebsiella pneumoniae	Klebsiella	32	28	4	87.5	29	6	5
GCF_037157685.1	SAMN40144595	PRJNA1025935	Klebsiella pneumoniae	Klebsiella	7	3	4	42.857	6	2	1
GCF_037157695.1	SAMN40144601	PRJNA1025935	Klebsiella pneumoniae	Klebsiella	6	2	4	33.333	6	2	1
GCF_037157705.1	SAMN40144600	PRJNA1025935	Klebsiella pneumoniae	Klebsiella	15	4	11	26.667	6	2	1
GCF_037157715.1	SAMN40144599	PRJNA1025935	Klebsiella pneumoniae	Klebsiella	12	4	8	33.333	9	2	1
GCF_037157725.1	SAMN40144598	PRJNA1025935	Klebsiella pneumoniae	Klebsiella	5	3	2	60.0	4	2	1
GCF_037157735.1	SAMN40144597	PRJNA1025935	Klebsiella pneumoniae	Klebsiella	13	7	6	53.846	11	3	2
GCF_037157745.1	SAMN40144596	PRJNA1025935	Klebsiella pneumoniae	Klebsiella	19	15	4	78.947	16	2	1
GCF_037202015.1	SAMN40347977	PRJNA1083745	Klebsiella pneumoniae	Klebsiella	11	7	4	63.636	11	2	1
GCF_037217235.1	SAMN40316311	PRJNA1085666	Enterobacter hormaechei	Enterobacter	3	0	3	0.0	3	1	0
GCF_037224975.1	SAMN40123753	PRJNA1007270	Klebsiella quasipneumoniae	Klebsiella	10	6	4	60.0	10	2	1
GCF_037229455.1	SAMN40123754	PRJNA1007270	Klebsiella variicola	Klebsiella	4	0	4	0.0	4	1	0
GCF_037249905.1	SAMN40242869	PRJNA1083274	Klebsiella pneumoniae	Klebsiella	14	10	4	71.429	13	3	2
GCF_037251875.1	SAMN40242871	PRJNA1083274	Klebsiella pneumoniae	Klebsiella	14	10	4	71.429	13	3	2
GCF_037253905.1	SAMN40242870	PRJNA1083274	Klebsiella pneumoniae	Klebsiella	9	5	4	55.556	8	2	1
GCF_037267025.1	SAMN40123746	PRJNA1007270	Pseudomonas aeruginosa	Pseudomonas	5	0	5	0.0	5	1	0
GCF_037279725.1	SAMN40123770	PRJNA1007270	Klebsiella pneumoniae	Klebsiella	11	7	4	63.636	9	4	3
GCF_037281465.1	SAMN40123771	PRJNA1007270	Klebsiella pneumoniae	Klebsiella	8	4	4	50.0	8	2	1
GCF_037282145.1	SAMN40123774	PRJNA1007270	Klebsiella pneumoniae	Klebsiella	4	0	4	0.0	4	1	0
GCF_037283275.1	SAMN40123773	PRJNA1007270	Klebsiella pneumoniae	Klebsiella	4	0	4	0.0	4	1	0
GCF_037285345.1	SAMN40123772	PRJNA1007270	Pseudomonas aeruginosa	Pseudomonas	5	0	5	0.0	5	1	0
GCF_037287405.1	SAMN40123759	PRJNA1007270	Pseudomonas aeruginosa	Pseudomonas	5	0	5	0.0	5	1	0
GCF_037287425.1	SAMN40123758	PRJNA1007270	Pseudomonas aeruginosa	Pseudomonas	5	0	5	0.0	5	1	0
GCF_037287465.1	SAMN40123747	PRJNA1007270	Pseudomonas aeruginosa	Pseudomonas	5	0	5	0.0	5	1	0
GCF_037287485.1	SAMN40123752	PRJNA1007270	Klebsiella quasipneumoniae	Klebsiella	10	6	4	60.0	10	2	1
GCF_037287495.1	SAMN40123755	PRJNA1007270	Klebsiella variicola	Klebsiella	4	0	4	0.0	4	1	0
GCF_037287505.1	SAMN40123780	PRJNA1007270	Pseudomonas aeruginosa	Pseudomonas	5	0	5	0.0	5	1	0
GCF_037287515.1	SAMN40123786	PRJNA1007270	Klebsiella pneumoniae	Klebsiella	20	13	7	65.0	19	3	2
GCF_037287535.1	SAMN40123783	PRJNA1007270	Pseudomonas aeruginosa	Pseudomonas	5	0	5	0.0	5	1	0
GCF_037287545.1	SAMN40123784	PRJNA1007270	Pseudomonas aeruginosa	Pseudomonas	5	0	5	0.0	5	1	0
GCF_037287575.1	SAMN40123790	PRJNA1007270	Klebsiella pneumoniae	Klebsiella	4	0	4	0.0	4	1	0
GCF_037287585.1	SAMN40123779	PRJNA1007270	Pseudomonas aeruginosa	Pseudomonas	5	0	5	0.0	5	1	0
GCF_037289385.1	SAMN40123789	PRJNA1007270	Klebsiella pneumoniae	Klebsiella	4	0	4	0.0	4	1	0
GCF_037329525.1	SAMN40411204	PRJNA450216	Klebsiella pneumoniae	Klebsiella	4	0	4	0.0	4	1	0
GCF_037429355.1	SAMN40557126	PRJNA812595	Klebsiella aerogenes	Klebsiella	4	0	4	0.0	4	1	0
GCF_037477725.1	SAMN33790406	PRJNA945360	Klebsiella pneumoniae	Klebsiella	19	15	4	78.947	17	2	1
GCF_037477735.1	SAMN33790403	PRJNA945360	Klebsiella pneumoniae	Klebsiella	15	11	4	73.333	14	3	2
GCF_037477745.1	SAMN33790404	PRJNA945360	Klebsiella pneumoniae	Klebsiella	24	20	4	83.333	20	5	4
GCF_037477755.1	SAMN33790399	PRJNA945360	Klebsiella pneumoniae	Klebsiella	15	11	4	73.333	13	3	2
GCF_037477765.1	SAMN33790398	PRJNA945360	Klebsiella pneumoniae	Klebsiella	15	10	5	66.667	14	3	2
GCF_037477785.1	SAMN33790395	PRJNA945360	Klebsiella pneumoniae	Klebsiella	16	12	4	75.0	16	4	3
GCF_037477795.1	SAMN33790394	PRJNA945360	Klebsiella pneumoniae	Klebsiella	15	11	4	73.333	14	2	1
GCF_037477805.1	SAMN33790393	PRJNA945360	Klebsiella pneumoniae	Klebsiella	4	0	4	0.0	4	1	0
GCF_037477815.1	SAMN33790391	PRJNA945360	Klebsiella pneumoniae	Klebsiella	14	9	5	64.286	13	2	1
GCF_037477825.1	SAMN33790407	PRJNA945360	Klebsiella pneumoniae	Klebsiella	14	10	4	71.429	13	3	2
GCF_037477835.1	SAMN33790405	PRJNA945360	Klebsiella pneumoniae	Klebsiella	18	14	4	77.778	16	3	2
GCF_037477845.1	SAMN33790402	PRJNA945360	Klebsiella pneumoniae	Klebsiella	18	14	4	77.778	16	2	1
GCF_037477855.1	SAMN33790396	PRJNA945360	Klebsiella pneumoniae	Klebsiella	19	15	4	78.947	16	4	3
GCF_037478015.1	SAMN40408128	PRJNA1086682	Klebsiella pneumoniae	Klebsiella	5	1	4	20.0	5	2	1
GCF_037482125.1	SAMN40409792	PRJNA1086688	Pseudomonas aeruginosa	Pseudomonas	5	0	5	0.0	5	1	0
GCF_037756035.1	SAMN40298386	PRJNA607328	Pseudomonas putida	Pseudomonas	4	0	4	0.0	3	1	0
GCF_037758665.1	SAMN40298385	PRJNA607328	Pseudomonas putida	Pseudomonas	1	0	1	0.0	1	1	0
GCF_037890715.1	SAMN39595402	PRJNA812595	Klebsiella pneumoniae	Klebsiella	21	17	4	80.952	20	3	2
GCF_037890725.1	SAMN39122632	PRJNA812595	Pseudomonas aeruginosa	Pseudomonas	10	0	10	0.0	8	1	0
GCF_037914935.1	SAMN40298384	PRJNA607328	Pseudomonas aeruginosa	Pseudomonas	6	0	6	0.0	6	1	0
GCF_037920605.1	SAMN37703292	PRJNA1024683	Klebsiella pneumoniae	Klebsiella	10	6	4	60.0	10	2	1
GCF_037950385.1	SAMN40212194	PRJNA1082511	Klebsiella quasipneumoniae	Klebsiella	9	5	4	55.556	9	3	2
GCF_037966485.2	SAMN36542811	PRJNA996332	Klebsiella pneumoniae	Klebsiella	32	28	4	87.5	30	4	3
GCF_037968335.2	SAMN36542810	PRJNA996332	Klebsiella pneumoniae	Klebsiella	46	37	9	80.435	38	3	2
GCF_038069265.1	SAMN40921372	PRJNA812595	Enterobacter hormaechei	Enterobacter	19	13	6	68.421	19	3	2
GCF_038069315.1	SAMN40921363	PRJNA812595	Pseudomonas aeruginosa	Pseudomonas	5	0	5	0.0	5	1	0
GCF_038069335.1	SAMN40921362	PRJNA812595	Pseudomonas aeruginosa	Pseudomonas	5	0	5	0.0	5	1	0
GCF_038069355.1	SAMN40921367	PRJNA812595	Enterobacter kobei	Enterobacter	4	0	4	0.0	4	1	0
GCF_038098595.1	SAMN40739512	PRJNA1095920	Klebsiella pneumoniae	Klebsiella	18	14	4	77.778	18	3	2
GCF_038178705.1	SAMN23446385	PRJNA783753	Klebsiella variicola	Klebsiella	16	12	4	75.0	16	3	2
GCF_038380145.1	SAMN38258759	PRJNA1040447	Klebsiella ornithinolytica	Klebsiella	30	27	3	90.0	26	3	2
GCF_038396595.1	SAMN32573667	PRJNA918318	Pseudomonas aeruginosa	Pseudomonas	5	0	5	0.0	5	1	0
GCF_038396855.1	SAMN36409406	PRJNA1096771	Pseudomonas aeruginosa	Pseudomonas	5	0	5	0.0	5	1	0
GCF_038396885.1	SAMN40937331	PRJNA1099401	Pseudomonas aeruginosa	Pseudomonas	22	17	5	77.273	19	2	1
GCF_038397815.1	SAMN40968176	PRJNA1100406	Pseudomonas aeruginosa	Pseudomonas	17	12	5	70.588	15	2	1
GCF_038418245.1	SAMN41020281	PRJNA812595	Pseudomonas aeruginosa	Pseudomonas	26	0	26	0.0	20	1	0
GCF_038418305.1	SAMN41020283	PRJNA812595	Enterobacter hormaechei	Enterobacter	24	20	4	83.333	24	3	2
GCF_038418325.1	SAMN41020284	PRJNA812595	Klebsiella pneumoniae	Klebsiella	14	10	4	71.429	14	2	1
GCF_038418345.1	SAMN41020285	PRJNA812595	Klebsiella pneumoniae	Klebsiella	20	10	10	50.0	14	2	1
GCF_038418385.1	SAMN41020286	PRJNA812595	Klebsiella pneumoniae	Klebsiella	25	21	4	84.0	24	5	4
GCF_038420425.1	SAMN31521935	PRJNA895735	Pseudomonas aeruginosa	Pseudomonas	8	0	8	0.0	8	1	0
GCF_038430125.1	SAMN36766255	PRJNA1000275	Klebsiella pneumoniae	Klebsiella	20	16	4	80.0	18	3	2
GCF_038430215.1	SAMN36766254	PRJNA1000275	Klebsiella pneumoniae	Klebsiella	21	17	4	80.952	20	4	3
GCF_038430245.1	SAMN36766253	PRJNA1000275	Klebsiella pneumoniae	Klebsiella	30	24	6	80.0	24	5	4
GCF_038430465.1	SAMN36766251	PRJNA1000275	Klebsiella pneumoniae	Klebsiella	25	21	4	84.0	20	3	2
GCF_038430715.1	SAMN36766250	PRJNA1000275	Klebsiella quasipneumoniae	Klebsiella	20	16	4	80.0	18	2	1
GCF_038431215.1	SAMN36766249	PRJNA1000275	Klebsiella pneumoniae	Klebsiella	21	17	4	80.952	20	4	3
GCF_038431885.1	SAMN36766215	PRJNA1000275	Pseudomonas aeruginosa	Pseudomonas	15	0	15	0.0	14	1	0
GCF_038431895.1	SAMN36766214	PRJNA1000275	Pseudomonas aeruginosa	Pseudomonas	9	0	9	0.0	9	1	0
GCF_038431905.1	SAMN36766213	PRJNA1000275	Pseudomonas aeruginosa	Pseudomonas	15	0	15	0.0	14	1	0
GCF_038431915.1	SAMN36766212	PRJNA1000275	Pseudomonas aeruginosa	Pseudomonas	13	0	13	0.0	12	1	0
GCF_038431925.1	SAMN36766211	PRJNA1000275	Pseudomonas aeruginosa	Pseudomonas	5	0	5	0.0	5	1	0
GCF_038431935.1	SAMN36766210	PRJNA1000275	Pseudomonas aeruginosa	Pseudomonas	14	9	5	64.286	14	2	1
GCF_038431945.1	SAMN36766209	PRJNA1000275	Pseudomonas aeruginosa	Pseudomonas	5	0	5	0.0	5	1	0
GCF_038432515.1	SAMN36766208	PRJNA1000275	Pseudomonas aeruginosa	Pseudomonas	16	0	16	0.0	12	1	0
GCF_038433795.1	SAMN36766207	PRJNA1000275	Pseudomonas aeruginosa	Pseudomonas	15	11	4	73.333	14	3	2
GCF_038435155.1	SAMN36766206	PRJNA1000275	Pseudomonas aeruginosa	Pseudomonas	5	0	5	0.0	5	1	0
GCF_038442825.1	SAMN40918467	PRJNA288601	Klebsiella variicola	Klebsiella	8	4	4	50.0	8	2	1
GCF_038444095.1	SAMN40981038	PRJNA1100799	Klebsiella pneumoniae	Klebsiella	7	3	4	42.857	6	2	1
GCF_038444445.1	SAMN40981037	PRJNA1100799	Klebsiella pneumoniae	Klebsiella	7	3	4	42.857	6	2	1
GCF_038445195.1	SAMN40981036	PRJNA1100799	Klebsiella pneumoniae	Klebsiella	7	3	4	42.857	6	2	1
GCF_038447555.1	SAMN38201489	PRJNA1038782	Klebsiella pneumoniae	Klebsiella	13	9	4	69.231	12	3	2
GCF_038448985.1	SAMN40918481	PRJNA288601	Klebsiella michiganensis	Klebsiella	4	3	1	75.0	4	2	1
GCF_038592855.1	SAMN41002031	PRJNA1101738	Klebsiella pneumoniae	Klebsiella	19	15	4	78.947	19	2	1
GCF_038626985.1	SAMN41094950	PRJNA812595	Enterobacter hormaechei	Enterobacter	16	12	4	75.0	13	4	3
GCF_038627005.1	SAMN41094951	PRJNA812595	Enterobacter roggenkampii	Enterobacter	4	0	4	0.0	4	1	0
GCF_038627025.1	SAMN41094952	PRJNA812595	Enterobacter hormaechei	Enterobacter	16	12	4	75.0	15	2	1
GCF_038627045.1	SAMN41094953	PRJNA812595	Enterobacter hormaechei	Enterobacter	8	4	4	50.0	8	3	2
GCF_038627095.1	SAMN41094957	PRJNA812595	Enterobacter hormaechei	Enterobacter	26	8	18	30.769	23	2	1
GCF_038627175.1	SAMN41094956	PRJNA812595	Klebsiella pneumoniae	Klebsiella	23	19	4	82.609	22	3	2
GCF_038630195.1	SAMN41094958	PRJNA812595	Klebsiella pneumoniae	Klebsiella	28	24	4	85.714	21	3	2
GCF_038674545.1	SAMN41028361	PRJNA1102729	Klebsiella pneumoniae	Klebsiella	4	0	4	0.0	4	1	0
GCF_038684765.1	SAMN41018411	PRJNA1090858	Klebsiella pneumoniae	Klebsiella	5	1	4	20.0	5	2	1
GCF_038686745.1	SAMN41018408	PRJNA1090858	Klebsiella pneumoniae	Klebsiella	4	0	4	0.0	4	1	0
GCF_038689005.1	SAMN41018410	PRJNA1090858	Klebsiella pneumoniae	Klebsiella	4	0	4	0.0	4	1	0
GCF_038691155.1	SAMN41018409	PRJNA1090858	Klebsiella pneumoniae	Klebsiella	4	0	4	0.0	4	1	0
GCF_038727575.1	SAMN30881388	PRJNA879875	Enterobacter asburiae	Enterobacter	4	1	3	25.0	4	2	1
GCF_038750345.1	SAMN36775361	PRJNA1000705	Pseudomonas kurunegalensis	Pseudomonas	27	17	10	62.963	23	2	1
GCF_038977565.1	SAMN41075543	PRJNA1104369	Klebsiella pneumoniae	Klebsiella	16	14	2	87.5	13	3	2
GCF_038979805.1	SAMN41075591	PRJNA1104370	Klebsiella pneumoniae	Klebsiella	11	9	2	81.818	10	3	2
GCF_038981815.1	SAMN41075473	PRJNA1104368	Klebsiella pneumoniae	Klebsiella	11	9	2	81.818	10	3	2
GCF_039134825.1	SAMN41050928	PRJNA1103349	Klebsiella pneumoniae	Klebsiella	7	3	4	42.857	6	2	1
GCF_039512425.1	SAMN41101937	PRJNA1105422	Pseudomonas aeruginosa	Pseudomonas	10	0	10	0.0	10	1	0
GCF_039515315.1	SAMN41106963	PRJNA1105646	Klebsiella pneumoniae	Klebsiella	20	18	2	90.0	16	3	2
GCF_039515985.1	SAMN41106964	PRJNA1105649	Klebsiella pneumoniae	Klebsiella	25	15	10	60.0	20	3	2
GCF_039518015.1	SAMN41106943	PRJNA1105644	Klebsiella pneumoniae	Klebsiella	12	10	2	83.333	11	3	2
GCF_039519055.1	SAMN41106960	PRJNA1105645	Klebsiella pneumoniae	Klebsiella	13	9	4	69.231	11	3	2
GCF_039519595.1	SAMN41050904	PRJNA1103345	Klebsiella planticola	Klebsiella	16	13	3	81.25	16	3	2
GCF_039519865.1	SAMN41076123	PRJNA1104382	Klebsiella pneumoniae	Klebsiella	14	10	4	71.429	13	3	2
GCF_039519935.1	SAMN41076128	PRJNA1104388	Klebsiella pneumoniae	Klebsiella	15	13	2	86.667	12	3	2
GCF_039520045.1	SAMN41076126	PRJNA1104385	Klebsiella pneumoniae	Klebsiella	10	6	4	60.0	10	3	2
GCF_039520115.1	SAMN41076125	PRJNA1104384	Klebsiella pneumoniae	Klebsiella	15	11	4	73.333	14	3	2
GCF_039520285.1	SAMN41076124	PRJNA1104383	Klebsiella pneumoniae	Klebsiella	5	4	1	80.0	5	2	1
GCF_039520935.1	SAMN41076127	PRJNA1104387	Klebsiella pneumoniae	Klebsiella	8	6	2	75.0	7	2	1
GCF_039545765.1	SAMN41075592	PRJNA1104371	Klebsiella pneumoniae	Klebsiella	11	9	2	81.818	10	3	2
GCF_039545775.1	SAMN41076730	PRJNA1104397	Klebsiella variicola	Klebsiella	4	0	4	0.0	4	1	0
GCF_039545785.1	SAMN41075352	PRJNA1104315	Klebsiella pneumoniae	Klebsiella	14	12	2	85.714	13	4	3
GCF_039555165.1	SAMN36719476	PRJNA925669	Pseudomonas aeruginosa	Pseudomonas	16	0	16	0.0	13	1	0
GCF_039555235.1	SAMN37275729	PRJNA1012750	Klebsiella pneumoniae	Klebsiella	30	26	4	86.667	16	4	3
GCF_039555645.1	SAMN41075781	PRJNA1104378	Klebsiella pneumoniae	Klebsiella	18	14	4	77.778	16	3	2
GCF_039555755.1	SAMN40943204	PRJNA1099586	Pseudomonas sediminis	Pseudomonas	1	0	1	0.0	1	1	0
GCF_039566115.1	SAMN35344984	PRJNA559804	Klebsiella variicola	Klebsiella	4	0	4	0.0	4	1	0
GCF_039566125.1	SAMN35344985	PRJNA559804	Klebsiella pneumoniae	Klebsiella	9	5	4	55.556	9	2	1
GCF_039604935.1	SAMN41327119	PRJNA812595	Klebsiella pneumoniae	Klebsiella	18	14	4	77.778	16	2	1
GCF_039605015.1	SAMN41327114	PRJNA812595	Klebsiella oxytoca	Klebsiella	16	13	3	81.25	16	2	1
GCF_039622755.1	SAMN31648909	PRJNA899139	Pseudomonas aeruginosa	Pseudomonas	5	0	5	0.0	5	1	0
GCF_039622765.1	SAMN31664472	PRJNA899561	Pseudomonas aeruginosa	Pseudomonas	5	0	5	0.0	5	1	0
GCF_039622815.1	SAMN31665928	PRJNA899661	Pseudomonas aeruginosa	Pseudomonas	5	0	5	0.0	5	1	0
GCF_039622885.1	SAMN31782784	PRJNA903095	Pseudomonas aeruginosa	Pseudomonas	5	0	5	0.0	5	1	0
GCF_039623865.1	SAMN32635504	PRJNA921853	Enterobacter asburiae	Enterobacter	17	13	4	76.471	14	2	1
GCF_039634495.1	SAMN36905049	PRJNA1003791	Pseudomonas fulva	Pseudomonas	27	21	6	77.778	21	2	1
GCF_039634505.1	SAMN36905085	PRJNA1003802	Pseudomonas sp.	Pseudomonas	35	19	16	54.286	22	2	1
GCF_039634515.1	SAMN38150179	PRJNA1036782	Pseudomonas putida	Pseudomonas	21	18	3	85.714	16	2	1
GCF_039653425.1	SAMN41407425	PRJNA812595	Klebsiella pneumoniae	Klebsiella	21	17	4	80.952	21	4	3
GCF_039653445.1	SAMN41407426	PRJNA812595	Klebsiella pneumoniae	Klebsiella	29	24	5	82.759	23	3	2
GCF_039653465.1	SAMN41407427	PRJNA812595	Klebsiella pneumoniae	Klebsiella	15	11	4	73.333	15	3	2
GCF_039702325.1	SAMN41377788	PRJNA1110805	Pseudomonas aeruginosa	Pseudomonas	5	0	5	0.0	5	1	0
GCF_039703805.1	SAMN41315130	PRJNA1110002	Klebsiella pneumoniae	Klebsiella	14	10	4	71.429	14	2	1
GCF_039703855.1	SAMN41315587	PRJNA1110011	Klebsiella pneumoniae	Klebsiella	20	11	9	55.0	16	3	2
GCF_039703985.1	SAMN41315737	PRJNA1110026	Klebsiella pneumoniae	Klebsiella	5	1	4	20.0	5	2	1
GCF_039704295.1	SAMN41315736	PRJNA1110025	Klebsiella pneumoniae	Klebsiella	35	31	4	88.571	26	3	2
GCF_039704325.1	SAMN41315744	PRJNA1110025	Klebsiella pneumoniae	Klebsiella	4	0	4	0.0	4	1	0
GCF_039704375.1	SAMN41315805	PRJNA1110030	Klebsiella pneumoniae	Klebsiella	25	8	17	32.0	18	3	2
GCF_039704535.1	SAMN41316973	PRJNA1110049	Klebsiella pneumoniae	Klebsiella	4	0	4	0.0	4	1	0
GCF_039705005.1	SAMN41317032	PRJNA1110054	Klebsiella pneumoniae	Klebsiella	31	27	4	87.097	26	4	3
GCF_039718975.1	SAMN27594634	PRJNA827035	Enterobacter chuandaensis	Enterobacter	15	12	3	80.0	15	2	1
GCF_039720155.1	SAMN41257751	PRJNA1108917	Klebsiella pneumoniae	Klebsiella	17	13	4	76.471	17	2	1
GCF_039720385.1	SAMN41258061	PRJNA1108924	Klebsiella pneumoniae	Klebsiella	4	0	4	0.0	4	1	0
GCF_039720415.1	SAMN41258137	PRJNA1108927	Klebsiella pneumoniae	Klebsiella	11	7	4	63.636	11	2	1
GCF_039721295.1	SAMN41258151	PRJNA1108932	Klebsiella pneumoniae	Klebsiella	4	0	4	0.0	4	1	0
GCF_039721945.1	SAMN41258185	PRJNA1108935	Klebsiella quasipneumoniae	Klebsiella	4	0	4	0.0	4	1	0
GCF_039722655.1	SAMN41258202	PRJNA1108940	Klebsiella pneumoniae	Klebsiella	4	0	4	0.0	4	1	0
GCF_039723445.1	SAMN41258466	PRJNA1108944	Klebsiella pneumoniae	Klebsiella	12	8	4	66.667	12	2	1
GCF_039725435.1	SAMN41315461	PRJNA1110005	Klebsiella pneumoniae	Klebsiella	18	14	4	77.778	16	2	1
GCF_039727585.1	SAMN13618294	PRJNA596303	Klebsiella pneumoniae	Klebsiella	4	0	4	0.0	4	1	0
GCF_039727605.1	SAMN41378131	PRJNA1110810	Enterobacter roggenkampii	Enterobacter	6	2	4	33.333	6	2	1
GCF_039734725.1	SAMN41479334	PRJNA812595	Enterobacter hormaechei	Enterobacter	4	0	4	0.0	4	1	0
GCF_039734745.1	SAMN41479335	PRJNA812595	Klebsiella aerogenes	Klebsiella	5	1	4	20.0	5	2	1
GCF_039734785.1	SAMN41479338	PRJNA812595	Klebsiella pneumoniae	Klebsiella	18	14	4	77.778	18	2	1
GCF_039734825.1	SAMN41479337	PRJNA812595	Klebsiella pneumoniae	Klebsiella	18	14	4	77.778	18	4	3
GCF_039830125.1	SAMN41380030	PRJNA1110994	Pseudomonas aeruginosa	Pseudomonas	5	0	5	0.0	5	1	0
GCF_039850505.1	SAMN41399802	PRJNA1111709	Enterobacter sp.	Enterobacter	4	0	4	0.0	4	1	0
GCF_039880285.1	SAMN39595399	PRJNA812595	Pseudomonas kurunegalensis	Pseudomonas	4	2	2	50.0	3	2	1
GCF_039904215.1	SAMN41471405	PRJNA1113959	Pseudomonas aeruginosa	Pseudomonas	5	0	5	0.0	5	1	0
GCF_039906065.1	SAMN41483274	PRJNA1114384	Enterobacter hormaechei	Enterobacter	22	18	4	81.818	20	2	1
GCF_039908025.1	SAMN40265678	PRJNA1083994	Pseudomonas aeruginosa	Pseudomonas	16	0	16	0.0	11	1	0
GCF_039908075.1	SAMN40265799	PRJNA1083994	Pseudomonas aeruginosa	Pseudomonas	22	0	22	0.0	12	1	0
GCF_039919425.1	SAMN41494455	PRJNA607328	Pseudomonas aeruginosa	Pseudomonas	5	0	5	0.0	5	1	0
GCF_039921825.1	SAMN41494452	PRJNA607328	Pseudomonas aeruginosa	Pseudomonas	6	0	6	0.0	6	1	0
GCF_039924275.1	SAMN41494456	PRJNA607328	Pseudomonas aeruginosa	Pseudomonas	5	0	5	0.0	5	1	0
GCF_040008295.1	SAMN41494451	PRJNA607328	Pseudomonas aeruginosa	Pseudomonas	5	0	5	0.0	5	1	0
GCF_040029055.1	SAMN41531516	PRJNA1116330	Klebsiella pneumoniae	Klebsiella	4	0	4	0.0	4	1	0
GCF_040029785.2	SAMN41531519	PRJNA1116332	Klebsiella pneumoniae	Klebsiella	5	1	4	20.0	5	2	1
GCF_040031875.1	SAMN41551932	PRJNA1116829	Klebsiella pneumoniae	Klebsiella	22	17	5	77.273	21	4	3
GCF_040047695.1	SAMN41561446	PRJNA1117195	Klebsiella pneumoniae	Klebsiella	16	12	4	75.0	15	4	3
GCF_040047705.1	SAMN41551931	PRJNA1116829	Klebsiella pneumoniae	Klebsiella	18	13	5	72.222	18	3	2
GCF_040059225.1	SAMN41422173	PRJNA1112354	Enterobacter cloacae	Enterobacter	5	0	5	0.0	5	1	0
GCF_040084805.1	SAMN41551933	PRJNA1116835	Pseudomonas aeruginosa	Pseudomonas	5	0	5	0.0	5	1	0
GCF_040084815.1	SAMN41387349	PRJNA1111283	Klebsiella pneumoniae	Klebsiella	2	0	2	0.0	2	1	0
GCF_040105165.1	SAMN41638874	PRJNA1119178	Klebsiella pneumoniae	Klebsiella	30	26	4	86.667	28	3	2
GCF_040215115.1	SAMN41684531	PRJNA1120221	Klebsiella michiganensis	Klebsiella	15	0	15	0.0	14	1	0
GCF_040250275.1	SAMN41744912	PRJNA1121241	Klebsiella pneumoniae	Klebsiella	11	7	4	63.636	11	3	2
GCF_040256655.1	SAMN41258613	PRJNA1108951	Klebsiella pneumoniae	Klebsiella	37	33	4	89.189	26	3	2
GCF_040256665.1	SAMN41784246	PRJNA1122339	Klebsiella pneumoniae	Klebsiella	15	11	4	73.333	13	3	2
GCF_040256755.1	SAMN41039775	PRJNA1103093	Klebsiella pneumoniae	Klebsiella	19	13	6	68.421	18	3	2
GCF_040267715.1	SAMN41811824	PRJNA1123461	Klebsiella oxytoca	Klebsiella	3	0	3	0.0	3	1	0
GCF_040268335.1	SAMN41687624	PRJNA1120349	Pseudomonas aeruginosa	Pseudomonas	7	2	5	28.571	7	2	1
GCF_040281505.1	SAMN37208214	PRJNA997121	Pseudomonas solani	Pseudomonas	1	0	1	0.0	1	1	0
GCF_040282295.1	SAMN38327772	PRJNA1042960	Klebsiella pneumoniae	Klebsiella	16	12	4	75.0	13	3	2
GCF_040282925.1	SAMN40406820	PRJNA1086647	Klebsiella pneumoniae	Klebsiella	22	16	6	72.727	19	4	3
GCF_040283595.2	SAMN40406929	PRJNA1086654	Klebsiella pneumoniae	Klebsiella	23	17	6	73.913	19	5	4
GCF_040429595.1	SAMN41523228	PRJNA1116115	Pseudomonas aeruginosa	Pseudomonas	5	0	5	0.0	5	1	0
GCF_040429605.1	SAMN41523227	PRJNA1116115	Pseudomonas aeruginosa	Pseudomonas	15	0	15	0.0	15	1	0
GCF_040436045.1	SAMN31264327	PRJNA889999	Klebsiella pneumoniae	Klebsiella	12	10	2	83.333	11	3	2
GCF_040436055.1	SAMN31264326	PRJNA889999	Klebsiella pneumoniae	Klebsiella	8	4	4	50.0	8	3	2
GCF_040436295.1	SAMN31264325	PRJNA889999	Klebsiella pneumoniae	Klebsiella	12	10	2	83.333	11	3	2
GCF_040436505.1	SAMN41685779	PRJNA1120246	Klebsiella quasipneumoniae	Klebsiella	4	0	4	0.0	4	1	0
GCF_040436535.1	SAMN41685780	PRJNA1120246	Klebsiella variicola	Klebsiella	5	1	4	20.0	5	2	1
GCF_040436555.1	SAMN41685785	PRJNA1120246	Klebsiella pneumoniae	Klebsiella	9	5	4	55.556	8	2	1
GCF_040436695.1	SAMN41685788	PRJNA1120246	Klebsiella pneumoniae	Klebsiella	4	0	4	0.0	4	1	0
GCF_040436715.1	SAMN41685790	PRJNA1120246	Klebsiella pneumoniae	Klebsiella	4	0	4	0.0	4	1	0
GCF_040436885.1	SAMN41685799	PRJNA1120246	Klebsiella pneumoniae	Klebsiella	18	14	4	77.778	16	2	1
GCF_040437135.1	SAMN41685801	PRJNA1120246	Enterobacter hormaechei	Enterobacter	4	0	4	0.0	4	1	0
GCF_040437535.1	SAMN41685802	PRJNA1120246	Enterobacter hormaechei	Enterobacter	4	0	4	0.0	4	1	0
GCF_040438085.1	SAMN41685806	PRJNA1120246	Klebsiella pneumoniae	Klebsiella	4	0	4	0.0	4	1	0
GCF_040438255.1	SAMN41685807	PRJNA1120246	Klebsiella pneumoniae	Klebsiella	4	0	4	0.0	4	1	0
GCF_040498885.1	SAMN41943074	PRJNA1126452	Klebsiella pneumoniae	Klebsiella	24	20	4	83.333	17	4	3
GCF_040518045.1	SAMN40375161	PRJNA1086370	Klebsiella pneumoniae	Klebsiella	19	15	4	78.947	16	3	2
GCF_040529165.1	SAMN41726972	PRJNA1121092	Klebsiella pneumoniae	Klebsiella	4	0	4	0.0	4	1	0
GCF_040543265.1	SAMN41660857	PRJNA1119654	Enterobacter hormaechei	Enterobacter	4	0	4	0.0	4	1	0
GCF_040548635.1	SAMN41660821	PRJNA1119654	Enterobacter hormaechei	Enterobacter	4	0	4	0.0	4	1	0
GCF_040550165.1	SAMN41660847	PRJNA1119654	Klebsiella pneumoniae	Klebsiella	4	0	4	0.0	4	1	0
GCF_040550265.1	SAMN41660845	PRJNA1119654	Klebsiella pneumoniae	Klebsiella	4	0	4	0.0	4	1	0
GCF_040550565.1	SAMN41660842	PRJNA1119654	Klebsiella quasipneumoniae	Klebsiella	4	0	4	0.0	4	1	0
GCF_040550655.1	SAMN41660841	PRJNA1119654	Klebsiella pneumoniae	Klebsiella	4	0	4	0.0	4	1	0
GCF_040560445.1	SAMN41814230	PRJNA1123618	Pseudomonas aeruginosa	Pseudomonas	17	12	5	70.588	15	3	2
GCF_040562075.1	SAMN41816897	PRJNA1123623	Pseudomonas aeruginosa	Pseudomonas	23	18	5	78.261	19	3	2
GCF_040571315.1	SAMN31248477	PRJNA889558	Klebsiella pneumoniae	Klebsiella	12	10	2	83.333	11	3	2
GCF_040571335.1	SAMN42207715	PRJNA1129159	Pseudomonas aeruginosa	Pseudomonas	18	0	18	0.0	15	1	0
GCF_040571345.1	SAMN42207716	PRJNA1129159	Klebsiella michiganensis	Klebsiella	24	20	4	83.333	21	2	1
GCF_040580825.1	SAMN41808994	PRJNA1025935	Pseudomonas aeruginosa	Pseudomonas	5	0	5	0.0	5	1	0
GCF_040581105.1	SAMN41808993	PRJNA1025935	Pseudomonas aeruginosa	Pseudomonas	5	0	5	0.0	5	1	0
GCF_040581215.1	SAMN41808992	PRJNA1025935	Pseudomonas aeruginosa	Pseudomonas	5	0	5	0.0	5	1	0
GCF_040616415.1	SAMN39898430	PRJNA1075031	Klebsiella pneumoniae	Klebsiella	6	2	4	33.333	6	2	1
GCF_040616425.1	SAMN40406961	PRJNA1086659	Klebsiella pneumoniae	Klebsiella	22	16	6	72.727	19	4	3
GCF_040687745.1	SAMN35130612	PRJNA973555	Klebsiella pneumoniae	Klebsiella	4	0	4	0.0	4	1	0
GCF_040687755.1	SAMN35130611	PRJNA973555	Klebsiella pneumoniae	Klebsiella	4	0	4	0.0	4	1	0
GCF_040687765.1	SAMN35130610	PRJNA973555	Klebsiella pneumoniae	Klebsiella	4	0	4	0.0	4	1	0
GCF_040687775.1	SAMN35130609	PRJNA973555	Klebsiella pneumoniae	Klebsiella	4	0	4	0.0	4	1	0
GCF_040687785.1	SAMN35130608	PRJNA973555	Klebsiella pneumoniae	Klebsiella	2	0	2	0.0	2	1	0
GCF_040687985.1	SAMN42123393	PRJNA1129078	Klebsiella pneumoniae	Klebsiella	27	23	4	85.185	24	6	5
GCF_040687995.1	SAMN42123392	PRJNA1129078	Klebsiella pneumoniae	Klebsiella	24	20	4	83.333	23	4	3
GCF_040703095.1	SAMN42326985	PRJNA1131946	Klebsiella pneumoniae	Klebsiella	5	1	4	20.0	5	2	1
GCF_040703115.1	SAMN42318133	PRJNA1131755	Klebsiella pneumoniae	Klebsiella	12	0	12	0.0	12	1	0
GCF_040703135.1	SAMN42272941	PRJNA1131176	Klebsiella pneumoniae	Klebsiella	15	9	6	60.0	13	3	2
GCF_040735515.1	SAMN38049408	PRJNA1034027	Enterobacter hormaechei	Enterobacter	16	9	7	56.25	14	2	1
GCF_040735585.1	SAMN38049406	PRJNA1034027	Enterobacter roggenkampii	Enterobacter	4	0	4	0.0	4	1	0
GCF_040735615.1	SAMN38049405	PRJNA1034027	Klebsiella pneumoniae	Klebsiella	30	24	6	80.0	26	4	3
GCF_040735625.1	SAMN38049404	PRJNA1034027	Klebsiella quasipneumoniae	Klebsiella	4	0	4	0.0	4	1	0
GCF_040735975.1	SAMN41074222	PRJNA1104273	Pseudomonas aeruginosa	Pseudomonas	5	0	5	0.0	5	1	0
GCF_040759875.1	SAMN42393194	PRJNA1134111	Pseudomonas fulva	Pseudomonas	27	17	10	62.963	24	2	1
GCF_040763065.1	SAMN32542126	PRJNA1071971	Klebsiella pneumoniae	Klebsiella	27	22	5	81.481	15	4	3
GCF_040763075.1	SAMN32542124	PRJNA1071971	Klebsiella pneumoniae	Klebsiella	28	23	5	82.143	15	4	3
GCF_040763085.1	SAMN32542119	PRJNA1071971	Klebsiella pneumoniae	Klebsiella	15	10	5	66.667	13	4	3
GCF_040763115.1	SAMN32542116	PRJNA1071971	Klebsiella pneumoniae	Klebsiella	15	10	5	66.667	13	4	3
GCF_040763125.1	SAMN32542113	PRJNA1071971	Klebsiella pneumoniae	Klebsiella	13	8	5	61.538	13	3	2
GCF_040784875.1	SAMN42420334	PRJNA1134426	Klebsiella pneumoniae	Klebsiella	15	13	2	86.667	13	4	3
GCF_040784925.1	SAMN42273878	PRJNA1131293	Pseudomonas sp.	Pseudomonas	1	0	1	0.0	1	1	0
GCF_040790895.1	SAMN42409777	PRJNA1134358	Pseudomonas asiatica	Pseudomonas	14	0	14	0.0	8	1	0
GCF_040803885.1	SAMN42423318	PRJNA1134648	Klebsiella pneumoniae	Klebsiella	14	8	6	57.143	13	4	3
GCF_040804525.1	SAMN42391532	PRJNA1133948	Klebsiella sp.	Klebsiella	4	0	4	0.0	4	1	0
GCF_040805115.1	SAMN42402387	PRJNA1134333	Pseudomonas fulva	Pseudomonas	26	26	0	100.0	19	2	2
GCF_040834065.1	SAMN42392509	PRJNA1134078	Enterobacter asburiae	Enterobacter	5	1	4	20.0	5	2	1
GCF_040834085.1	SAMN42392505	PRJNA1134078	Enterobacter cloacae	Enterobacter	5	0	5	0.0	5	1	0
GCF_040834095.1	SAMN42392507	PRJNA1134078	Enterobacter vonholyi	Enterobacter	5	0	5	0.0	5	1	0
GCF_040892575.1	SAMN42392504	PRJNA1134078	Enterobacter cloacae	Enterobacter	5	0	5	0.0	5	1	0
GCF_040892585.1	SAMN42392506	PRJNA1134078	Enterobacter cloacae	Enterobacter	5	0	5	0.0	5	1	0
GCF_040893155.1	SAMN42479578	PRJNA1135347	Klebsiella variicola	Klebsiella	4	0	4	0.0	4	1	0
GCF_040894335.1	SAMN42431182	PRJNA1134648	Klebsiella pneumoniae	Klebsiella	18	14	4	77.778	16	6	5
GCF_040930385.1	SAMN42326857	PRJNA1131943	Klebsiella variicola	Klebsiella	6	2	4	33.333	6	2	1
GCF_040931625.1	SAMN42232248	PRJNA1130897	Pseudomonas aeruginosa	Pseudomonas	5	0	5	0.0	5	1	0
GCF_040931635.1	SAMN42232247	PRJNA1130897	Pseudomonas aeruginosa	Pseudomonas	22	0	22	0.0	16	1	0
GCF_040931645.1	SAMN42338160	PRJNA1132269	Klebsiella pneumoniae	Klebsiella	18	14	4	77.778	17	4	3
GCF_040939135.1	SAMN42399998	PRJNA1134281	Pseudomonas fulva	Pseudomonas	25	25	0	100.0	18	1	1
GCF_040939565.1	SAMN40221516	PRJNA1083002	Klebsiella pneumoniae	Klebsiella	26	6	20	23.077	23	2	1
GCF_040939675.1	SAMN40221559	PRJNA1083007	Klebsiella pneumoniae	Klebsiella	26	6	20	23.077	23	2	1
GCF_040983885.2	SAMN42814193	PRJNA1140135	Klebsiella pneumoniae	Klebsiella	7	4	3	57.143	7	2	1
GCF_040983925.2	SAMN42814192	PRJNA1140135	Klebsiella pneumoniae	Klebsiella	10	7	3	70.0	9	3	2
GCF_041002795.1	SAMN42440417	PRJNA1135755	Klebsiella planticola	Klebsiella	22	16	6	72.727	21	3	2
GCF_041002845.1	SAMN42440416	PRJNA1135755	Klebsiella planticola	Klebsiella	22	16	6	72.727	21	3	2
GCF_041002895.1	SAMN42440415	PRJNA1135755	Klebsiella ornithinolytica	Klebsiella	22	16	6	72.727	21	3	2
GCF_041003495.1	SAMN42440414	PRJNA1135755	Klebsiella pneumoniae	Klebsiella	22	16	6	72.727	20	4	3
GCF_041003655.1	SAMN42440410	PRJNA1135755	Klebsiella pneumoniae	Klebsiella	16	12	4	75.0	16	3	2
GCF_041003725.1	SAMN42440409	PRJNA1135755	Klebsiella pasteurii	Klebsiella	5	2	3	40.0	5	2	1
GCF_041003735.1	SAMN42440408	PRJNA1135755	Klebsiella pasteurii	Klebsiella	5	2	3	40.0	5	2	1
GCF_041003805.1	SAMN42440407	PRJNA1135755	Klebsiella pneumoniae	Klebsiella	25	21	4	84.0	23	3	2
GCF_041003815.1	SAMN42440406	PRJNA1135755	Enterobacter asburiae	Enterobacter	16	10	6	62.5	16	4	3
GCF_041004025.1	SAMN42440405	PRJNA1135755	Klebsiella quasipneumoniae	Klebsiella	21	17	4	80.952	18	3	2
GCF_041004035.1	SAMN42440404	PRJNA1135755	Klebsiella quasipneumoniae	Klebsiella	21	17	4	80.952	20	3	2
GCF_041004125.1	SAMN42440403	PRJNA1135755	Enterobacter hormaechei	Enterobacter	23	19	4	82.609	21	4	3
GCF_041004185.1	SAMN42440401	PRJNA1135755	Klebsiella pneumoniae	Klebsiella	13	9	4	69.231	13	3	2
GCF_041004285.1	SAMN42440397	PRJNA1135755	Enterobacter hormaechei	Enterobacter	32	28	4	87.5	25	5	4
GCF_041004435.1	SAMN42440394	PRJNA1135755	Klebsiella pneumoniae	Klebsiella	10	6	4	60.0	10	2	1
GCF_041004465.1	SAMN42440393	PRJNA1135755	Enterobacter hormaechei	Enterobacter	27	23	4	85.185	24	3	2
GCF_041004475.1	SAMN42440392	PRJNA1135755	Enterobacter hormaechei	Enterobacter	31	20	11	64.516	26	4	3
GCF_041004885.1	SAMN42440391	PRJNA1135755	Klebsiella pneumoniae	Klebsiella	17	11	6	64.706	14	2	1
GCF_041005335.1	SAMN42440390	PRJNA1135755	Enterobacter hormaechei	Enterobacter	24	20	4	83.333	22	4	3
GCF_041005825.1	SAMN42440389	PRJNA1135755	Enterobacter hormaechei	Enterobacter	43	37	6	86.047	32	5	4
GCF_041005965.1	SAMN42440387	PRJNA1135755	Enterobacter hormaechei	Enterobacter	20	16	4	80.0	18	2	1
GCF_041006055.1	SAMN42760310	PRJNA1139109	Klebsiella pneumoniae	Klebsiella	12	0	12	0.0	12	1	0
GCF_041006285.1	SAMN42440385	PRJNA1135755	Klebsiella pneumoniae	Klebsiella	11	5	6	45.455	9	2	1
GCF_041006445.1	SAMN19611296	PRJNA736151	Enterobacter ludwigii	Enterobacter	4	0	4	0.0	4	1	0
GCF_041014805.1	SAMN35450268	PRJNA977101	Klebsiella quasipneumoniae	Klebsiella	25	21	4	84.0	22	4	3
GCF_041022025.1	SAMN42768047	PRJNA1139232	Klebsiella pneumoniae	Klebsiella	15	13	2	86.667	15	3	2
GCF_041022035.1	SAMN42768431	PRJNA1139245	Klebsiella pneumoniae	Klebsiella	10	8	2	80.0	9	3	2
GCF_041022045.1	SAMN42768480	PRJNA1139252	Klebsiella pneumoniae	Klebsiella	15	11	4	73.333	14	3	2
GCF_041022055.1	SAMN42768481	PRJNA1139253	Klebsiella pneumoniae	Klebsiella	26	24	2	92.308	22	3	2
GCF_041022065.1	SAMN42768869	PRJNA1139309	Klebsiella pneumoniae	Klebsiella	9	5	4	55.556	9	2	1
GCF_041022075.1	SAMN42768880	PRJNA1139310	Klebsiella pneumoniae	Klebsiella	9	5	4	55.556	9	2	1
GCF_041022085.1	SAMN42769079	PRJNA1139322	Klebsiella pneumoniae	Klebsiella	16	12	4	75.0	14	3	2
GCF_041022095.1	SAMN42769060	PRJNA1139315	Klebsiella pneumoniae	Klebsiella	8	6	2	75.0	6	3	2
GCF_041026645.1	SAMN42777018	PRJNA1139686	Klebsiella pneumoniae	Klebsiella	5	1	4	20.0	5	2	1
GCF_041026665.1	SAMN42787567	PRJNA1139812	Klebsiella pneumoniae	Klebsiella	24	20	4	83.333	23	4	3
GCF_041075275.1	SAMN42447756	PRJNA991498	Klebsiella quasipneumoniae	Klebsiella	4	0	4	0.0	4	1	0
GCF_041080615.1	SAMN42876768	PRJNA1141108	Pseudomonas aeruginosa	Pseudomonas	23	18	5	78.261	20	2	1
GCF_041081805.1	SAMN42316426	PRJNA1131623	Klebsiella pneumoniae	Klebsiella	15	6	9	40.0	12	3	2
GCF_041081935.1	SAMN42315894	PRJNA1131621	Klebsiella pneumoniae	Klebsiella	10	6	4	60.0	10	3	2
GCF_041110985.1	SAMN43047201	PRJNA288601	Enterobacter ludwigii	Enterobacter	6	2	4	33.333	6	2	1
GCF_041116645.1	SAMN42927410	PRJNA1142088	Klebsiella pneumoniae	Klebsiella	4	0	4	0.0	4	1	0
GCF_041154335.1	SAMD00787771	PRJDB11064	Pseudomonas aeruginosa	Pseudomonas	5	0	5	0.0	5	1	0
GCF_041154375.1	SAMD00574245	PRJDB15137	Enterobacter asburiae	Enterobacter	5	1	4	20.0	5	2	1
GCF_041154685.1	SAMD00760303	PRJDB17760	Klebsiella pasteurii	Klebsiella	3	0	3	0.0	3	1	0
GCF_041200215.1	SAMN43016815	PRJNA1143696	Klebsiella pneumoniae	Klebsiella	17	15	2	88.235	14	4	3
GCF_041200225.2	SAMN43016820	PRJNA1143699	Klebsiella pneumoniae	Klebsiella	4	0	4	0.0	4	1	0
GCF_041200235.1	SAMN43016818	PRJNA1143697	Klebsiella pneumoniae	Klebsiella	23	19	4	82.609	21	3	2
GCF_041200245.2	SAMN43016821	PRJNA1143700	Klebsiella pneumoniae	Klebsiella	4	0	4	0.0	4	1	0
GCF_041200255.1	SAMN43017035	PRJNA1143702	Klebsiella pneumoniae	Klebsiella	7	3	4	42.857	7	2	1
GCF_041200275.1	SAMN43017825	PRJNA1143714	Klebsiella pneumoniae	Klebsiella	22	18	4	81.818	20	5	4
GCF_041200285.1	SAMN43017826	PRJNA1143716	Klebsiella pneumoniae	Klebsiella	21	17	4	80.952	20	4	3
GCF_041212775.1	SAMN42990734	PRJNA1143028	Klebsiella pneumoniae	Klebsiella	19	15	4	78.947	19	4	3
GCF_041213405.1	SAMN42990731	PRJNA1143028	Klebsiella pneumoniae	Klebsiella	22	18	4	81.818	21	3	2
GCF_041213435.1	SAMN42990733	PRJNA1143028	Klebsiella pneumoniae	Klebsiella	13	9	4	69.231	13	4	3
GCF_041214325.1	SAMN42990732	PRJNA1143028	Klebsiella pneumoniae	Klebsiella	13	9	4	69.231	12	4	3
GCF_041215515.1	SAMN42990730	PRJNA1143028	Klebsiella pneumoniae	Klebsiella	24	20	4	83.333	23	4	3
GCF_041216295.1	SAMN42990729	PRJNA1143028	Klebsiella pneumoniae	Klebsiella	23	19	4	82.609	22	4	3
GCF_041216965.1	SAMN42990724	PRJNA1143028	Klebsiella pneumoniae	Klebsiella	24	20	4	83.333	23	4	3
GCF_041217655.1	SAMN42990728	PRJNA1143028	Klebsiella pneumoniae	Klebsiella	18	14	4	77.778	16	4	3
GCF_041218425.1	SAMN42990725	PRJNA1143028	Klebsiella pneumoniae	Klebsiella	15	11	4	73.333	14	4	3
GCF_041218735.1	SAMN42990726	PRJNA1143028	Klebsiella pneumoniae	Klebsiella	13	9	4	69.231	12	3	2
GCF_041218905.1	SAMN42990727	PRJNA1143028	Klebsiella pneumoniae	Klebsiella	11	7	4	63.636	11	3	2
GCF_041219915.1	SAMN42990720	PRJNA1143028	Klebsiella pneumoniae	Klebsiella	16	12	4	75.0	15	5	4
GCF_041220685.1	SAMN42990721	PRJNA1143028	Klebsiella pneumoniae	Klebsiella	9	5	4	55.556	9	3	2
GCF_041221275.1	SAMN42990719	PRJNA1143028	Klebsiella pneumoniae	Klebsiella	8	4	4	50.0	8	3	2
GCF_041221345.1	SAMN42990722	PRJNA1143028	Klebsiella pneumoniae	Klebsiella	27	23	4	85.185	23	4	3
GCF_041221375.1	SAMN42990718	PRJNA1143028	Klebsiella pneumoniae	Klebsiella	13	9	4	69.231	12	3	2
GCF_041221385.1	SAMN42990714	PRJNA1143028	Klebsiella pneumoniae	Klebsiella	7	3	4	42.857	7	4	3
GCF_041221395.1	SAMN42990713	PRJNA1143028	Klebsiella pneumoniae	Klebsiella	9	5	4	55.556	9	3	2
GCF_041221405.1	SAMN42990703	PRJNA1143028	Klebsiella pneumoniae	Klebsiella	12	8	4	66.667	11	3	2
GCF_041221755.1	SAMN42990715	PRJNA1143028	Klebsiella pneumoniae	Klebsiella	13	9	4	69.231	12	4	3
GCF_041221885.1	SAMN42990717	PRJNA1143028	Klebsiella pneumoniae	Klebsiella	18	13	5	72.222	18	3	2
GCF_041221895.1	SAMN42990707	PRJNA1143028	Klebsiella pneumoniae	Klebsiella	12	8	4	66.667	11	3	2
GCF_041221905.1	SAMN42990706	PRJNA1143028	Klebsiella pneumoniae	Klebsiella	16	12	4	75.0	16	4	3
GCF_041221915.1	SAMN42990716	PRJNA1143028	Klebsiella pneumoniae	Klebsiella	9	5	4	55.556	9	3	2
GCF_041221925.1	SAMN42990708	PRJNA1143028	Klebsiella pneumoniae	Klebsiella	18	14	4	77.778	18	4	3
GCF_041221935.1	SAMN42990712	PRJNA1143028	Klebsiella pneumoniae	Klebsiella	25	21	4	84.0	22	4	3
GCF_041222145.1	SAMN42990711	PRJNA1143028	Klebsiella pneumoniae	Klebsiella	24	20	4	83.333	23	3	2
GCF_041222155.1	SAMN42990710	PRJNA1143028	Klebsiella pneumoniae	Klebsiella	14	10	4	71.429	14	4	3
GCF_041222175.1	SAMN42990700	PRJNA1143028	Klebsiella pneumoniae	Klebsiella	27	23	4	85.185	23	4	3
GCF_041222185.1	SAMN42990702	PRJNA1143028	Klebsiella pneumoniae	Klebsiella	26	6	20	23.077	20	3	2
GCF_041222585.1	SAMN42990701	PRJNA1143028	Klebsiella pneumoniae	Klebsiella	31	6	25	19.355	20	3	2
GCF_041222685.1	SAMN42990698	PRJNA1143028	Klebsiella pneumoniae	Klebsiella	11	7	4	63.636	11	3	2
GCF_041222775.1	SAMN43024765	PRJNA716566	Klebsiella pneumoniae	Klebsiella	4	0	4	0.0	4	1	0
GCF_041281675.1	SAMN43024753	PRJNA716566	Klebsiella pneumoniae	Klebsiella	5	1	4	20.0	5	2	1
GCF_041282635.1	SAMN24965732	PRJNA812595	Klebsiella aerogenes	Klebsiella	4	0	4	0.0	4	1	0
GCF_041282745.1	SAMN24965758	PRJNA812595	Klebsiella michiganensis	Klebsiella	4	1	3	25.0	4	2	1
GCF_041283295.1	SAMN25755508	PRJNA812595	Klebsiella aerogenes	Klebsiella	8	4	4	50.0	8	2	1
GCF_041283355.1	SAMN27182086	PRJNA812595	Klebsiella michiganensis	Klebsiella	9	6	3	66.667	9	2	1
GCF_041283395.1	SAMN28103368	PRJNA812595	Klebsiella michiganensis	Klebsiella	9	6	3	66.667	9	2	1
GCF_041283405.1	SAMN30655644	PRJNA812595	Klebsiella michiganensis	Klebsiella	9	6	3	66.667	9	2	1
GCF_041283475.1	SAMN38251286	PRJNA812595	Klebsiella pasteurii	Klebsiella	9	6	3	66.667	8	3	2
GCF_041283485.1	SAMN32093411	PRJNA812595	Klebsiella michiganensis	Klebsiella	21	17	4	80.952	20	2	1
GCF_041283495.1	SAMN34191887	PRJNA812595	Klebsiella michiganensis	Klebsiella	7	3	4	42.857	7	3	2
GCF_041283525.1	SAMN43062898	PRJNA1145345	Klebsiella pneumoniae	Klebsiella	17	13	4	76.471	17	2	1
GCF_041283535.1	SAMN43062803	PRJNA1145340	Klebsiella pneumoniae	Klebsiella	23	19	4	82.609	20	5	4
GCF_041283545.1	SAMN43063510	PRJNA1145346	Klebsiella pneumoniae	Klebsiella	23	19	4	82.609	20	5	4
GCF_041283575.1	SAMN43063518	PRJNA1145354	Klebsiella pneumoniae	Klebsiella	22	18	4	81.818	20	5	4
GCF_041283585.1	SAMN43063539	PRJNA1145355	Klebsiella pneumoniae	Klebsiella	20	16	4	80.0	17	3	2
GCF_041296515.1	SAMN43024041	PRJNA1143962	Klebsiella pneumoniae	Klebsiella	15	10	5	66.667	13	3	2
GCF_041318315.1	SAMN29495195	PRJNA850883	Klebsiella aerogenes	Klebsiella	17	13	4	76.471	16	2	1
GCF_041318405.1	SAMN29495193	PRJNA850883	Klebsiella pneumoniae	Klebsiella	31	27	4	87.097	25	4	3
GCF_041318575.1	SAMN29495192	PRJNA850883	Klebsiella pneumoniae	Klebsiella	14	10	4	71.429	14	2	1
GCF_041318585.1	SAMN29495191	PRJNA850883	Klebsiella pneumoniae	Klebsiella	17	13	4	76.471	14	3	2
GCF_041319315.1	SAMN29495188	PRJNA850883	Pseudomonas nitroreducens	Pseudomonas	10	10	0	100.0	10	1	1
GCF_041320625.1	SAMN43077342	PRJNA1145638	Klebsiella quasipneumoniae	Klebsiella	16	12	4	75.0	15	3	2
GCF_041320635.1	SAMN43076945	PRJNA1145622	Klebsiella pneumoniae	Klebsiella	21	16	5	76.19	16	3	2
GCF_041320645.1	SAMN43077410	PRJNA1145647	Klebsiella pneumoniae	Klebsiella	14	10	4	71.429	13	3	2
GCF_041344895.2	SAMN43062716	PRJNA1145326	Klebsiella pneumoniae	Klebsiella	18	14	4	77.778	15	4	3
GCF_041344955.1	SAMN43111172	PRJNA1146755	Pseudomonas aeruginosa	Pseudomonas	11	6	5	54.545	10	2	1
GCF_041344965.1	SAMN43111171	PRJNA1146755	Pseudomonas aeruginosa	Pseudomonas	15	10	5	66.667	13	2	1
GCF_041344975.1	SAMN43111170	PRJNA1146755	Pseudomonas aeruginosa	Pseudomonas	17	12	5	70.588	14	2	1
GCF_041344985.1	SAMN43111169	PRJNA1146755	Pseudomonas aeruginosa	Pseudomonas	14	0	14	0.0	12	1	0
GCF_041346665.1	SAMN42216240	PRJNA1130653	Klebsiella pneumoniae	Klebsiella	14	10	4	71.429	13	3	2
GCF_041346895.1	SAMN42216241	PRJNA1130653	Klebsiella pneumoniae	Klebsiella	15	9	6	60.0	13	4	3
GCF_041346905.1	SAMN42216242	PRJNA1130653	Klebsiella pneumoniae	Klebsiella	23	18	5	78.261	20	4	3
GCF_041346915.1	SAMN42216243	PRJNA1130653	Klebsiella pneumoniae	Klebsiella	15	11	4	73.333	15	3	2
GCF_041378885.1	SAMN42901643	PRJNA791797	Enterobacter hormaechei	Enterobacter	8	4	4	50.0	8	3	2
GCF_041378905.1	SAMN42902467	PRJNA791797	Enterobacter hormaechei	Enterobacter	10	6	4	60.0	9	3	2
GCF_041378915.1	SAMN42902419	PRJNA791797	Enterobacter hormaechei	Enterobacter	11	7	4	63.636	9	3	2
GCF_041378925.1	SAMN42902456	PRJNA791797	Enterobacter hormaechei	Enterobacter	10	6	4	60.0	9	3	2
GCF_041378935.1	SAMN43049402	PRJNA1145087	Pseudomonas aeruginosa	Pseudomonas	5	0	5	0.0	5	1	0
GCF_041379735.1	SAMN43160958	PRJNA1147610	Klebsiella aerogenes	Klebsiella	4	0	4	0.0	4	1	0
GCF_041379785.1	SAMN43024701	PRJNA716566	Klebsiella pneumoniae	Klebsiella	4	0	4	0.0	4	1	0
GCF_041410215.1	SAMN43023879	PRJNA791797	Enterobacter hormaechei	Enterobacter	22	18	4	81.818	19	3	2
GCF_041462765.1	SAMN43321952	PRJNA288601	Enterobacter roggenkampii	Enterobacter	6	2	4	33.333	6	2	1
GCF_041514425.1	SAMN43269588	PRJNA1130897	Pseudomonas aeruginosa	Pseudomonas	5	0	5	0.0	5	1	0
GCF_041514435.1	SAMN43063630	PRJNA1150147	Klebsiella pneumoniae	Klebsiella	24	20	4	83.333	17	6	5
GCF_041514545.1	SAMN43272214	PRJNA1150147	Klebsiella pneumoniae	Klebsiella	22	18	4	81.818	20	5	4
GCF_041514655.1	SAMN43272233	PRJNA1150156	Klebsiella pneumoniae	Klebsiella	21	17	4	80.952	20	3	2
GCF_041514725.1	SAMN43272272	PRJNA1150157	Klebsiella pneumoniae	Klebsiella	11	9	2	81.818	10	3	2
GCF_041514735.1	SAMN43272452	PRJNA1150160	Klebsiella pneumoniae	Klebsiella	4	0	4	0.0	4	1	0
GCF_041515505.2	SAMN43272468	PRJNA1150172	Klebsiella pneumoniae	Klebsiella	6	2	4	33.333	6	3	2
GCF_041516195.1	SAMN43272523	PRJNA1150176	Klebsiella pneumoniae	Klebsiella	5	1	4	20.0	5	2	1
GCF_041516885.1	SAMN43273390	PRJNA1150181	Klebsiella pneumoniae	Klebsiella	5	1	4	20.0	5	2	1
GCF_041518305.1	SAMN43273399	PRJNA1150183	Klebsiella pneumoniae	Klebsiella	4	0	4	0.0	4	1	0
GCF_041518535.1	SAMN43273600	PRJNA1150184	Klebsiella pneumoniae	Klebsiella	4	0	4	0.0	4	1	0
GCF_041519425.1	SAMN43269664	PRJNA1130897	Pseudomonas aeruginosa	Pseudomonas	5	0	5	0.0	5	1	0
GCF_041519535.1	SAMN43269780	PRJNA1130897	Pseudomonas aeruginosa	Pseudomonas	5	0	5	0.0	5	1	0
GCF_041519645.1	SAMN43269763	PRJNA1130897	Pseudomonas aeruginosa	Pseudomonas	5	0	5	0.0	5	1	0
GCF_041529985.1	SAMN43273619	PRJNA1150187	Klebsiella pneumoniae	Klebsiella	5	1	4	20.0	5	2	1
GCF_041529995.1	SAMN43273609	PRJNA1150185	Klebsiella pneumoniae	Klebsiella	4	0	4	0.0	4	1	0
GCF_041530005.1	SAMN43274017	PRJNA1150200	Klebsiella pneumoniae	Klebsiella	4	0	4	0.0	4	1	0
GCF_041530015.1	SAMN43273852	PRJNA1150196	Klebsiella pneumoniae	Klebsiella	4	0	4	0.0	4	1	0
GCF_041530025.1	SAMN43273719	PRJNA1150194	Klebsiella pneumoniae	Klebsiella	4	0	4	0.0	4	1	0
GCF_041530375.1	SAMN43288858	PRJNA1150551	Klebsiella pneumoniae	Klebsiella	17	12	5	70.588	17	2	1
GCF_041545425.1	SAMN42776767	PRJNA1139702	Klebsiella pneumoniae	Klebsiella	10	6	4	60.0	8	4	3
GCF_041545435.1	SAMN42776768	PRJNA1139702	Klebsiella pneumoniae	Klebsiella	15	12	3	80.0	14	4	3
GCF_041545445.1	SAMN42776769	PRJNA1139702	Klebsiella pneumoniae	Klebsiella	17	13	4	76.471	15	5	4
GCF_041725675.1	SAMN43359353	PRJNA554399	Klebsiella ornithinolytica	Klebsiella	12	9	3	75.0	10	3	2
GCF_041725755.1	SAMN43359352	PRJNA554399	Klebsiella ornithinolytica	Klebsiella	11	8	3	72.727	10	3	2
GCF_041726275.1	SAMN43305047	PRJNA1151211	Klebsiella pneumoniae	Klebsiella	14	10	4	71.429	13	3	2
GCF_041734115.1	SAMN43400397	PRJNA1153625	Klebsiella pneumoniae	Klebsiella	16	12	4	75.0	14	3	2
GCF_041734125.1	SAMN43400623	PRJNA1153628	Klebsiella pneumoniae	Klebsiella	17	13	4	76.471	14	3	2
GCF_041753685.1	SAMN40910348	PRJNA1098507	Klebsiella variicola	Klebsiella	4	0	4	0.0	4	1	0
GCF_041765335.1	SAMN40910478	PRJNA1098507	Klebsiella variicola	Klebsiella	4	0	4	0.0	4	1	0
GCF_041765355.1	SAMN40910475	PRJNA1098507	Klebsiella variicola	Klebsiella	6	0	6	0.0	5	1	0
GCF_041816245.1	SAMN40910354	PRJNA1098507	Klebsiella variicola	Klebsiella	4	0	4	0.0	4	1	0
GCF_041828825.1	SAMN40910347	PRJNA1098507	Klebsiella quasipneumoniae	Klebsiella	4	0	4	0.0	4	1	0
GCF_041834285.1	SAMN40910345	PRJNA1098507	Klebsiella variicola	Klebsiella	4	0	4	0.0	4	1	0
GCF_041834295.1	SAMN40910344	PRJNA1098507	Klebsiella variicola	Klebsiella	4	0	4	0.0	4	1	0
GCF_041834835.1	SAMN40910342	PRJNA1098507	Klebsiella variicola	Klebsiella	4	0	4	0.0	4	1	0
GCF_041853195.1	SAMN40910336	PRJNA1098507	Klebsiella variicola	Klebsiella	4	0	4	0.0	4	1	0
GCF_041857135.1	SAMN42954612	PRJNA1142680	Klebsiella variicola	Klebsiella	4	0	4	0.0	4	1	0
GCF_041860035.1	SAMN40910809	PRJNA1098507	Klebsiella variicola	Klebsiella	4	0	4	0.0	4	1	0
GCF_041860105.1	SAMN40910453	PRJNA1098507	Klebsiella variicola	Klebsiella	4	0	4	0.0	4	1	0
GCF_041860115.1	SAMN40910451	PRJNA1098507	Klebsiella variicola	Klebsiella	4	0	4	0.0	4	1	0
GCF_041860125.1	SAMN40910446	PRJNA1098507	Klebsiella quasipneumoniae	Klebsiella	4	0	4	0.0	4	1	0
GCF_041860145.1	SAMN40910376	PRJNA1098507	Klebsiella variicola	Klebsiella	4	0	4	0.0	4	1	0
GCF_041860165.1	SAMN40910371	PRJNA1098507	Klebsiella quasipneumoniae	Klebsiella	5	0	5	0.0	5	1	0
GCF_041860345.1	SAMN40910459	PRJNA1098507	Klebsiella variicola	Klebsiella	4	0	4	0.0	4	1	0
GCF_041860365.1	SAMN40910457	PRJNA1098507	Klebsiella variicola	Klebsiella	4	0	4	0.0	4	1	0
GCF_041860435.1	SAMN40910448	PRJNA1098507	Klebsiella quasipneumoniae	Klebsiella	4	0	4	0.0	4	1	0
GCF_041860455.1	SAMN40910445	PRJNA1098507	Klebsiella variicola	Klebsiella	4	0	4	0.0	4	1	0
GCF_041860475.1	SAMN40910443	PRJNA1098507	Klebsiella variicola	Klebsiella	6	2	4	33.333	6	2	1
GCF_041860805.1	SAMN40910511	PRJNA1098507	Klebsiella variicola	Klebsiella	4	0	4	0.0	4	1	0
GCF_041860815.1	SAMN40910734	PRJNA1098507	Klebsiella variicola	Klebsiella	4	0	4	0.0	4	1	0
GCF_041860875.1	SAMN28626347	PRJNA835677	Klebsiella pneumoniae	Klebsiella	4	0	4	0.0	4	1	0
GCF_041860885.1	SAMN28626339	PRJNA835677	Klebsiella pneumoniae	Klebsiella	4	0	4	0.0	4	1	0
GCF_041860895.1	SAMN28626335	PRJNA835677	Klebsiella pneumoniae	Klebsiella	5	1	4	20.0	5	2	1
GCF_041860905.1	SAMN28626334	PRJNA835677	Klebsiella pneumoniae	Klebsiella	4	0	4	0.0	4	1	0
GCF_041860915.1	SAMN28626331	PRJNA835677	Klebsiella pneumoniae	Klebsiella	6	1	5	16.667	6	2	1
GCF_041860925.1	SAMN28626329	PRJNA835677	Klebsiella pneumoniae	Klebsiella	4	0	4	0.0	4	1	0
GCF_041860935.1	SAMN28626323	PRJNA835677	Klebsiella pneumoniae	Klebsiella	4	0	4	0.0	4	1	0
GCF_041860945.1	SAMN28626318	PRJNA835677	Klebsiella pneumoniae	Klebsiella	5	1	4	20.0	5	2	1
GCF_041860955.1	SAMN28626316	PRJNA835677	Klebsiella pneumoniae	Klebsiella	5	1	4	20.0	5	2	1
GCF_041860965.1	SAMN28626304	PRJNA835677	Klebsiella pneumoniae	Klebsiella	4	0	4	0.0	4	1	0
GCF_041860975.1	SAMN28626300	PRJNA835677	Klebsiella pneumoniae	Klebsiella	4	0	4	0.0	4	1	0
GCF_041860985.1	SAMN28626299	PRJNA835677	Klebsiella pneumoniae	Klebsiella	4	0	4	0.0	4	1	0
GCF_041860995.1	SAMN28626296	PRJNA835677	Klebsiella pneumoniae	Klebsiella	4	0	4	0.0	4	1	0
GCF_041861005.1	SAMN28626290	PRJNA835677	Klebsiella variicola	Klebsiella	4	0	4	0.0	4	1	0
GCF_041861015.1	SAMN28626287	PRJNA835677	Klebsiella pneumoniae	Klebsiella	5	1	4	20.0	5	2	1
GCF_041861025.1	SAMN28626276	PRJNA835677	Klebsiella pneumoniae	Klebsiella	5	1	4	20.0	5	2	1
GCF_041861035.1	SAMN28626275	PRJNA835677	Klebsiella pneumoniae	Klebsiella	6	2	4	33.333	6	2	1
GCF_041861045.1	SAMN28626267	PRJNA835677	Klebsiella quasipneumoniae	Klebsiella	4	0	4	0.0	4	1	0
GCF_041861055.1	SAMN28626263	PRJNA835677	Klebsiella pneumoniae	Klebsiella	4	0	4	0.0	4	1	0
GCF_041861065.1	SAMN28626258	PRJNA835677	Klebsiella variicola	Klebsiella	4	0	4	0.0	4	1	0
GCF_041861085.1	SAMN28626242	PRJNA835677	Klebsiella pneumoniae	Klebsiella	5	0	5	0.0	5	1	0
GCF_041861095.1	SAMN28626241	PRJNA835677	Klebsiella pneumoniae	Klebsiella	4	0	4	0.0	4	1	0
GCF_041861105.1	SAMN32676144	PRJNA922900	Klebsiella pneumoniae	Klebsiella	4	0	4	0.0	4	1	0
GCF_041861115.1	SAMN32676136	PRJNA922900	Klebsiella pneumoniae	Klebsiella	4	0	4	0.0	4	1	0
GCF_041861135.1	SAMN28626226	PRJNA835677	Klebsiella variicola	Klebsiella	4	0	4	0.0	4	1	0
GCF_041861145.1	SAMN28626224	PRJNA835677	Klebsiella pneumoniae	Klebsiella	5	1	4	20.0	5	2	1
GCF_041861155.1	SAMN32676150	PRJNA922900	Klebsiella pneumoniae	Klebsiella	4	0	4	0.0	4	1	0
GCF_041861165.1	SAMN32676138	PRJNA922900	Klebsiella pneumoniae	Klebsiella	5	1	4	20.0	5	2	1
GCF_041861175.1	SAMN32676124	PRJNA922900	Klebsiella pneumoniae	Klebsiella	4	0	4	0.0	4	1	0
GCF_041861195.1	SAMN32676118	PRJNA922900	Klebsiella pneumoniae	Klebsiella	4	0	4	0.0	4	1	0
GCF_041861205.1	SAMN32676117	PRJNA922900	Klebsiella pneumoniae	Klebsiella	4	0	4	0.0	4	1	0
GCF_041861225.1	SAMN32676111	PRJNA922900	Klebsiella pneumoniae	Klebsiella	4	0	4	0.0	4	1	0
GCF_041861235.1	SAMN32676100	PRJNA922900	Klebsiella pneumoniae	Klebsiella	4	0	4	0.0	4	1	0
GCF_041861245.1	SAMN32676095	PRJNA922900	Klebsiella pneumoniae	Klebsiella	4	0	4	0.0	4	1	0
GCF_041861255.1	SAMN32676088	PRJNA922900	Klebsiella pneumoniae	Klebsiella	4	0	4	0.0	4	1	0
GCF_041861265.1	SAMN32676085	PRJNA922900	Klebsiella pneumoniae	Klebsiella	5	0	5	0.0	5	1	0
GCF_041861275.1	SAMN32676084	PRJNA922900	Klebsiella pneumoniae	Klebsiella	4	0	4	0.0	4	1	0
GCF_041861285.1	SAMN32676082	PRJNA922900	Klebsiella pneumoniae	Klebsiella	5	0	5	0.0	5	1	0
GCF_041861295.1	SAMN32676075	PRJNA922900	Klebsiella pneumoniae	Klebsiella	4	0	4	0.0	4	1	0
GCF_041861315.1	SAMN32676067	PRJNA922900	Klebsiella variicola	Klebsiella	4	0	4	0.0	4	1	0
GCF_041861325.1	SAMN32676066	PRJNA922900	Klebsiella pneumoniae	Klebsiella	4	0	4	0.0	4	1	0
GCF_041861335.1	SAMN32676063	PRJNA922900	Klebsiella pneumoniae	Klebsiella	4	0	4	0.0	4	1	0
GCF_041861345.1	SAMN32676061	PRJNA922900	Klebsiella pneumoniae	Klebsiella	4	0	4	0.0	4	1	0
GCF_041861355.1	SAMN32676060	PRJNA922900	Klebsiella pneumoniae	Klebsiella	4	0	4	0.0	4	1	0
GCF_041861465.1	SAMN40910386	PRJNA1098507	Klebsiella quasipneumoniae	Klebsiella	4	0	4	0.0	4	1	0
GCF_041861485.1	SAMN40910384	PRJNA1098507	Klebsiella variicola	Klebsiella	5	0	5	0.0	5	1	0
GCF_041861505.1	SAMN40910382	PRJNA1098507	Klebsiella quasipneumoniae	Klebsiella	5	1	4	20.0	5	2	1
GCF_041861535.1	SAMN40910378	PRJNA1098507	Klebsiella variicola	Klebsiella	5	1	4	20.0	5	2	1
GCF_041861605.1	SAMN40910367	PRJNA1098507	Klebsiella variicola	Klebsiella	4	0	4	0.0	4	1	0
GCF_041861625.1	SAMN40910365	PRJNA1098507	Klebsiella variicola	Klebsiella	4	0	4	0.0	4	1	0
GCF_041861735.1	SAMN40910775	PRJNA1098507	Klebsiella variicola	Klebsiella	5	0	5	0.0	5	1	0
GCF_041861775.1	SAMN40910737	PRJNA1098507	Klebsiella variicola	Klebsiella	4	0	4	0.0	4	1	0
GCF_041861805.1	SAMN40910728	PRJNA1098507	Klebsiella variicola	Klebsiella	4	0	4	0.0	4	1	0
GCF_041863175.1	SAMN40910514	PRJNA1098507	Klebsiella variicola	Klebsiella	11	7	4	63.636	11	2	1
GCF_041865045.1	SAMN40910550	PRJNA1098507	Klebsiella variicola	Klebsiella	5	1	4	20.0	5	2	1
GCF_041869545.1	SAMN40910789	PRJNA1098507	Klebsiella variicola	Klebsiella	8	4	4	50.0	8	2	1
GCF_041870035.1	SAMN40910576	PRJNA1098507	Klebsiella variicola	Klebsiella	4	0	4	0.0	4	1	0
GCF_041870165.1	SAMN43432890	PRJNA1154789	Klebsiella pneumoniae	Klebsiella	18	14	4	77.778	17	4	3
GCF_041879285.1	SAMN13675193	PRJNA597413	Pseudomonas putida	Pseudomonas	3	0	3	0.0	3	1	0
GCF_041889455.1	SAMN38656430	PRJNA692086	Klebsiella pneumoniae	Klebsiella	11	7	4	63.636	11	4	3
GCF_041889465.1	SAMN40910596	PRJNA1098507	Klebsiella variicola	Klebsiella	4	0	4	0.0	4	1	0
GCF_041889635.1	SAMN40910571	PRJNA1098507	Klebsiella variicola	Klebsiella	4	0	4	0.0	4	1	0
GCF_041889855.1	SAMN40910536	PRJNA1098507	Klebsiella quasipneumoniae	Klebsiella	4	0	4	0.0	4	1	0
GCF_041890075.1	SAMN40910533	PRJNA1098507	Klebsiella quasipneumoniae	Klebsiella	5	0	5	0.0	5	1	0
GCF_041890115.1	SAMN40910531	PRJNA1098507	Klebsiella variicola	Klebsiella	4	0	4	0.0	4	1	0
GCF_041897585.1	SAMN40910733	PRJNA1098507	Klebsiella variicola	Klebsiella	4	0	4	0.0	4	1	0
GCF_041897635.1	SAMN40910678	PRJNA1098507	Klebsiella variicola	Klebsiella	4	0	4	0.0	4	1	0
GCF_041897755.1	SAMN40910658	PRJNA1098507	Klebsiella quasipneumoniae	Klebsiella	4	0	4	0.0	4	1	0
GCF_041900615.1	SAMN40910766	PRJNA1098507	Klebsiella variicola	Klebsiella	4	0	4	0.0	4	1	0
GCF_041902825.1	SAMN40910637	PRJNA1098507	Klebsiella variicola	Klebsiella	4	0	4	0.0	4	1	0
GCF_041902915.1	SAMN40910730	PRJNA1098507	Klebsiella variicola	Klebsiella	4	0	4	0.0	4	1	0
GCF_041902925.1	SAMN40910729	PRJNA1098507	Klebsiella variicola	Klebsiella	4	0	4	0.0	4	1	0
GCF_041902935.1	SAMN40910727	PRJNA1098507	Klebsiella quasipneumoniae	Klebsiella	4	0	4	0.0	4	1	0
GCF_041903085.1	SAMN40910712	PRJNA1098507	Klebsiella variicola	Klebsiella	4	0	4	0.0	4	1	0
GCF_041903215.1	SAMN40910693	PRJNA1098507	Klebsiella variicola	Klebsiella	6	2	4	33.333	6	2	1
GCF_041903225.1	SAMN40910692	PRJNA1098507	Klebsiella variicola	Klebsiella	4	0	4	0.0	4	1	0
GCF_041903335.1	SAMN40910681	PRJNA1098507	Klebsiella variicola	Klebsiella	12	8	4	66.667	12	2	1
GCF_041903385.1	SAMN40910674	PRJNA1098507	Klebsiella quasipneumoniae	Klebsiella	4	0	4	0.0	4	1	0
GCF_041903405.1	SAMN40910671	PRJNA1098507	Klebsiella variicola	Klebsiella	4	0	4	0.0	4	1	0
GCF_041903425.1	SAMN40910668	PRJNA1098507	Klebsiella variicola	Klebsiella	4	0	4	0.0	4	1	0
GCF_041903435.1	SAMN40910667	PRJNA1098507	Klebsiella quasipneumoniae	Klebsiella	4	0	4	0.0	4	1	0
GCF_041903465.1	SAMN40910664	PRJNA1098507	Klebsiella quasipneumoniae	Klebsiella	7	3	4	42.857	7	2	1
GCF_041903475.1	SAMN40910663	PRJNA1098507	Klebsiella variicola	Klebsiella	4	0	4	0.0	4	1	0
GCF_041903495.1	SAMN40910661	PRJNA1098507	Klebsiella variicola	Klebsiella	4	0	4	0.0	4	1	0
GCF_041920705.1	SAMN40910676	PRJNA1098507	Klebsiella variicola	Klebsiella	2	0	2	0.0	2	1	0
GCF_041920825.1	SAMN40910639	PRJNA1098507	Klebsiella variicola	Klebsiella	4	0	4	0.0	4	1	0
GCF_041920885.1	SAMN40910600	PRJNA1098507	Klebsiella variicola	Klebsiella	4	0	4	0.0	4	1	0
GCF_041920905.1	SAMN40910598	PRJNA1098507	Klebsiella variicola	Klebsiella	4	0	4	0.0	4	1	0
GCF_041926165.1	SAMN40910590	PRJNA1098507	Klebsiella variicola	Klebsiella	4	0	4	0.0	4	1	0
GCF_041926175.1	SAMN40910589	PRJNA1098507	Klebsiella variicola	Klebsiella	4	0	4	0.0	4	1	0
GCF_041926215.1	SAMN40910544	PRJNA1098507	Klebsiella variicola	Klebsiella	2	0	2	0.0	2	1	0
GCF_041926525.1	SAMN40910540	PRJNA1098507	Klebsiella variicola	Klebsiella	4	0	4	0.0	4	1	0
GCF_041926595.1	SAMN40910528	PRJNA1098507	Klebsiella variicola	Klebsiella	4	0	4	0.0	4	1	0
GCF_041926685.1	SAMN40910510	PRJNA1098507	Klebsiella variicola	Klebsiella	4	0	4	0.0	4	1	0
GCF_041926725.1	SAMN40910506	PRJNA1098507	Klebsiella variicola	Klebsiella	4	0	4	0.0	4	1	0
GCF_041926745.1	SAMN40910504	PRJNA1098507	Klebsiella variicola	Klebsiella	9	5	4	55.556	9	2	1
GCF_041926875.1	SAMN40910586	PRJNA1098507	Klebsiella variicola	Klebsiella	4	0	4	0.0	4	1	0
GCF_041926935.1	SAMN40910579	PRJNA1098507	Klebsiella variicola	Klebsiella	4	0	4	0.0	4	1	0
GCF_041927005.1	SAMN40910569	PRJNA1098507	Klebsiella variicola	Klebsiella	5	1	4	20.0	5	2	1
GCF_041927015.1	SAMN40910568	PRJNA1098507	Klebsiella quasipneumoniae	Klebsiella	4	0	4	0.0	4	1	0
GCF_041927025.1	SAMN40910566	PRJNA1098507	Klebsiella quasipneumoniae	Klebsiella	4	0	4	0.0	4	1	0
GCF_041927085.1	SAMN40910560	PRJNA1098507	Klebsiella variicola	Klebsiella	5	1	4	20.0	5	2	1
GCF_041927175.1	SAMN40910551	PRJNA1098507	Klebsiella variicola	Klebsiella	4	0	4	0.0	4	1	0
GCF_041927185.1	SAMN40910549	PRJNA1098507	Klebsiella variicola	Klebsiella	4	0	4	0.0	4	1	0
GCF_041927225.1	SAMN43458164	PRJNA1155332	Pseudomonas hormoni	Pseudomonas	3	0	3	0.0	3	1	0
GCF_041937165.1	SAMN41075129	PRJNA1104303	Enterobacter adelaidei	Enterobacter	25	19	6	76.0	17	6	5
GCF_041941425.1	SAMEA8948756	PRJEB27256	Klebsiella pneumoniae	Klebsiella	4	0	4	0.0	4	1	0
GCF_041941435.1	SAMEA8948743	PRJEB27256	Klebsiella variicola	Klebsiella	4	0	4	0.0	4	1	0
GCF_041941465.1	SAMN40127311	PRJNA1080370	Pseudomonas solani	Pseudomonas	1	0	1	0.0	1	1	0
GCF_041951335.1	SAMN43534921	PRJNA1158327	Pseudomonas aeruginosa	Pseudomonas	5	0	5	0.0	5	1	0
GCF_042021345.1	SAMN43586368	PRJNA812595	Klebsiella pneumoniae	Klebsiella	5	1	4	20.0	5	2	1
GCF_042134625.2	SAMN43381671	PRJNA1102845	Klebsiella pneumoniae	Klebsiella	15	11	4	73.333	15	4	3
GCF_042134635.1	SAMN43381725	PRJNA1102845	Klebsiella pneumoniae	Klebsiella	6	2	4	33.333	6	2	1
GCF_042134645.2	SAMN43381719	PRJNA1102845	Klebsiella pneumoniae	Klebsiella	9	5	4	55.556	9	4	3
GCF_042137955.1	SAMN43543512	PRJNA1158576	Klebsiella oxytoca	Klebsiella	3	0	3	0.0	3	1	0
GCF_042137965.1	SAMN43543511	PRJNA1158576	Klebsiella grimontii	Klebsiella	3	0	3	0.0	3	1	0
GCF_042187215.1	SAMN10587461	PRJNA998576	Pseudomonas aeruginosa	Pseudomonas	5	0	5	0.0	5	1	0
GCF_042190245.1	SAMN13742267	PRJNA598819	Klebsiella pneumoniae	Klebsiella	5	1	4	20.0	5	2	1
GCF_042190875.1	SAMN13742270	PRJNA599072	Klebsiella pneumoniae	Klebsiella	5	1	4	20.0	5	2	1
GCF_042192385.1	SAMN32016857	PRJNA907919	Klebsiella pneumoniae	Klebsiella	18	14	4	77.778	16	3	2
GCF_042230465.1	SAMN43771769	PRJNA1161147	Klebsiella pneumoniae	Klebsiella	10	6	4	60.0	10	3	2
GCF_042246085.1	SAMN43046597	PRJNA1144935	Enterobacter roggenkampii	Enterobacter	5	0	5	0.0	5	1	0
GCF_042256275.1	SAMN43764415	PRJNA1160922	Klebsiella pneumoniae	Klebsiella	10	6	4	60.0	8	4	3
GCF_042434935.1	SAMN43309383	PRJNA1151271	Enterobacter sichuanensis	Enterobacter	4	0	4	0.0	4	1	0
GCF_042451655.1	SAMN38236202	PRJNA1039950	Klebsiella pneumoniae	Klebsiella	9	5	4	55.556	8	2	1
GCF_042452385.1	SAMN38236207	PRJNA1039950	Klebsiella pneumoniae	Klebsiella	9	5	4	55.556	8	2	1
GCF_042465075.1	SAMN43909416	PRJNA700695	Pseudomonas aeruginosa	Pseudomonas	5	0	5	0.0	5	1	0
GCF_042466135.1	SAMN37309006	PRJNA1013722	Klebsiella aerogenes	Klebsiella	9	5	4	55.556	9	3	2
GCF_042482205.1	SAMN37094462	PRJNA1007674	Klebsiella pneumoniae	Klebsiella	5	1	4	20.0	5	2	1
GCF_042487505.1	SAMN41922213	PRJNA1126136	Klebsiella pneumoniae	Klebsiella	5	0	5	0.0	5	1	0
GCF_042489295.1	SAMN41922212	PRJNA1126136	Klebsiella pneumoniae	Klebsiella	5	0	5	0.0	5	1	0
GCF_042490795.1	SAMN41922211	PRJNA1126136	Klebsiella pneumoniae	Klebsiella	5	0	5	0.0	5	1	0
GCF_042666995.1	SAMN38256269	PRJNA1040332	Pseudomonas aeruginosa	Pseudomonas	23	14	9	60.87	17	2	1
GCF_042762265.1	SAMN30120879	PRJNA865536	Klebsiella pneumoniae	Klebsiella	16	12	4	75.0	14	3	2
GCF_042762715.1	SAMN30120906	PRJNA865392	Enterobacter hormaechei	Enterobacter	6	3	3	50.0	5	2	1
GCF_042848125.1	SAMD00792078	PRJDB10427	Pseudomonas guariconensis	Pseudomonas	24	2	22	8.333	21	2	1
GCF_042981295.1	SAMN41940802	PRJNA1126397	Klebsiella pneumoniae	Klebsiella	4	0	4	0.0	4	1	0
GCF_043099395.1	SAMN43835797	PRJNA1163067	Klebsiella pneumoniae	Klebsiella	8	3	5	37.5	8	2	1
GCF_043099465.1	SAMN43983159	PRJNA1166943	Klebsiella pneumoniae	Klebsiella	20	16	4	80.0	18	3	2
GCF_043099475.1	SAMN43983158	PRJNA1166943	Klebsiella pneumoniae	Klebsiella	22	18	4	81.818	20	4	3
GCF_043099485.1	SAMN43983157	PRJNA1166943	Klebsiella pneumoniae	Klebsiella	20	16	4	80.0	18	3	2
GCF_043099495.1	SAMN43983156	PRJNA1166943	Klebsiella pneumoniae	Klebsiella	20	16	4	80.0	19	3	2
GCF_043099505.1	SAMN43983155	PRJNA1166943	Klebsiella pneumoniae	Klebsiella	22	16	6	72.727	19	5	4
GCF_043099515.1	SAMN43983154	PRJNA1166943	Klebsiella pneumoniae	Klebsiella	24	18	6	75.0	21	4	3
GCF_043099525.1	SAMN43983153	PRJNA1166943	Klebsiella pneumoniae	Klebsiella	24	18	6	75.0	21	4	3
GCF_043099535.1	SAMN43983152	PRJNA1166943	Klebsiella pneumoniae	Klebsiella	24	18	6	75.0	21	4	3
GCF_043099545.1	SAMN43983151	PRJNA1166943	Klebsiella pneumoniae	Klebsiella	40	34	6	85.0	28	6	5
GCF_043099555.1	SAMN43983150	PRJNA1166943	Klebsiella pneumoniae	Klebsiella	24	18	6	75.0	21	4	3
GCF_043099565.1	SAMN43983149	PRJNA1166943	Klebsiella pneumoniae	Klebsiella	24	18	6	75.0	21	4	3
GCF_043099575.1	SAMN43983148	PRJNA1166943	Klebsiella pneumoniae	Klebsiella	24	18	6	75.0	21	4	3
GCF_043099585.1	SAMN43983147	PRJNA1166943	Klebsiella pneumoniae	Klebsiella	24	18	6	75.0	21	4	3
GCF_043099595.1	SAMN43983146	PRJNA1166943	Klebsiella pneumoniae	Klebsiella	26	20	6	76.923	19	3	2
GCF_043099605.1	SAMN43983145	PRJNA1166943	Klebsiella pneumoniae	Klebsiella	22	16	6	72.727	20	4	3
GCF_043099615.1	SAMN43983144	PRJNA1166943	Klebsiella pneumoniae	Klebsiella	24	18	6	75.0	21	4	3
GCF_043099625.1	SAMN43983143	PRJNA1166943	Klebsiella pneumoniae	Klebsiella	24	18	6	75.0	21	4	3
GCF_043099635.1	SAMN43983142	PRJNA1166943	Klebsiella pneumoniae	Klebsiella	14	12	2	85.714	10	4	3
GCF_043099645.1	SAMN43983141	PRJNA1166943	Klebsiella pneumoniae	Klebsiella	17	15	2	88.235	16	3	2
GCF_043099655.1	SAMN43983140	PRJNA1166943	Klebsiella pneumoniae	Klebsiella	6	4	2	66.667	5	3	2
GCF_043099665.1	SAMN43983139	PRJNA1166943	Klebsiella pneumoniae	Klebsiella	25	21	4	84.0	20	3	2
GCF_043099675.1	SAMN43983138	PRJNA1166943	Klebsiella pneumoniae	Klebsiella	23	17	6	73.913	20	4	3
GCF_043099685.1	SAMN43983137	PRJNA1166943	Klebsiella pneumoniae	Klebsiella	25	19	6	76.0	21	4	3
GCF_043099695.1	SAMN43983136	PRJNA1166943	Klebsiella pneumoniae	Klebsiella	14	10	4	71.429	12	3	2
GCF_043099705.1	SAMN43983135	PRJNA1166943	Klebsiella pneumoniae	Klebsiella	20	14	6	70.0	17	3	2
GCF_043099715.1	SAMN43983134	PRJNA1166943	Klebsiella pneumoniae	Klebsiella	23	17	6	73.913	20	4	3
GCF_043187905.1	SAMN44078320	PRJNA1169543	Klebsiella pneumoniae	Klebsiella	5	3	2	60.0	4	2	1
GCF_043226835.1	SAMN43390301	PRJNA1153289	Pseudomonas aeruginosa	Pseudomonas	5	0	5	0.0	5	1	0
GCF_043231275.1	SAMN44015588	PRJNA1167819	Pseudomonas aeruginosa	Pseudomonas	5	0	5	0.0	5	1	0
GCF_043234225.1	SAMN44109759	PRJNA1170544	Enterobacter hormaechei	Enterobacter	12	10	2	83.333	11	3	2
GCF_043235915.1	SAMN44024878	PRJNA1168084	Pseudomonas aeruginosa	Pseudomonas	5	0	5	0.0	5	1	0
GCF_043289705.1	SAMN44024836	PRJNA1168081	Pseudomonas aeruginosa	Pseudomonas	5	0	5	0.0	5	1	0
GCF_043508675.1	SAMN33298162	PRJNA935132	Klebsiella ornithinolytica	Klebsiella	10	7	3	70.0	10	2	1
GCF_043509305.1	SAMN33298165	PRJNA935132	Klebsiella ornithinolytica	Klebsiella	27	24	3	88.889	24	3	2
GCF_043521465.1	SAMN44263602	PRJNA1172101	Klebsiella pneumoniae	Klebsiella	12	8	4	66.667	12	4	3
GCF_043522075.1	SAMN44263743	PRJNA1172101	Klebsiella pneumoniae	Klebsiella	14	10	4	71.429	13	4	3
GCF_043570445.1	SAMN44089060	PRJNA1170021	Klebsiella pneumoniae	Klebsiella	8	3	5	37.5	8	2	1
GCF_043571095.1	SAMN44091243	PRJNA1170058	Klebsiella pneumoniae	Klebsiella	10	2	8	20.0	10	3	2
GCF_043584765.1	SAMN32737831	PRJNA923762	Pseudomonas aeruginosa	Pseudomonas	5	0	5	0.0	5	1	0
GCF_043588795.1	SAMN44090421	PRJNA1170052	Klebsiella pneumoniae	Klebsiella	15	7	8	46.667	14	3	2
GCF_043636175.1	SAMN44084093	PRJNA1169829	Klebsiella pneumoniae	Klebsiella	4	0	4	0.0	4	1	0
GCF_043636885.1	SAMN44084092	PRJNA1169829	Klebsiella pneumoniae	Klebsiella	4	0	4	0.0	4	1	0
GCF_043638275.1	SAMN44084091	PRJNA1169829	Klebsiella quasipneumoniae	Klebsiella	4	0	4	0.0	4	1	0
GCF_043638925.1	SAMN44084090	PRJNA1169829	Klebsiella pneumoniae	Klebsiella	4	0	4	0.0	4	1	0
GCF_043639595.1	SAMN44084089	PRJNA1169829	Klebsiella pneumoniae	Klebsiella	4	0	4	0.0	4	1	0
GCF_043640565.1	SAMN44084088	PRJNA1169829	Klebsiella pneumoniae	Klebsiella	4	0	4	0.0	4	1	0
GCF_043641835.1	SAMN44084087	PRJNA1169829	Klebsiella pneumoniae	Klebsiella	4	0	4	0.0	4	1	0
GCF_043647335.1	SAMN44383937	PRJNA288601	Enterobacter ludwigii	Enterobacter	5	0	5	0.0	5	1	0
GCF_043873805.1	SAMN41940909	PRJNA1126400	Klebsiella pneumoniae	Klebsiella	4	0	4	0.0	4	1	0
GCF_043949965.1	SAMN43428684	PRJNA1154671	Klebsiella quasipneumoniae	Klebsiella	8	4	4	50.0	8	2	1
GCF_043950115.1	SAMN44033303	PRJNA1168299	Klebsiella pneumoniae	Klebsiella	13	9	4	69.231	12	3	2
GCF_043950135.1	SAMN44340251	PRJNA1174405	Klebsiella pneumoniae	Klebsiella	14	12	2	85.714	13	4	3
GCF_043950185.1	SAMN44359594	PRJNA1175394	Klebsiella pneumoniae	Klebsiella	14	12	2	85.714	12	3	2
GCF_043950235.1	SAMN44084054	PRJNA1169829	Klebsiella pneumoniae	Klebsiella	16	10	6	62.5	15	3	2
GCF_043950255.1	SAMN44084055	PRJNA1169829	Klebsiella pneumoniae	Klebsiella	28	24	4	85.714	25	4	3
GCF_043950265.1	SAMN44084056	PRJNA1169829	Klebsiella pneumoniae	Klebsiella	17	12	5	70.588	15	2	1
GCF_043950275.1	SAMN44084057	PRJNA1169829	Klebsiella pneumoniae	Klebsiella	17	11	6	64.706	16	3	2
GCF_043950295.1	SAMN44084058	PRJNA1169829	Klebsiella pneumoniae	Klebsiella	21	17	4	80.952	20	4	3
GCF_043950305.1	SAMN44084059	PRJNA1169829	Klebsiella pneumoniae	Klebsiella	22	17	5	77.273	20	3	2
GCF_043950315.1	SAMN44084061	PRJNA1169829	Klebsiella pneumoniae	Klebsiella	16	11	5	68.75	15	3	2
GCF_043950325.1	SAMN44084062	PRJNA1169829	Klebsiella pneumoniae	Klebsiella	17	11	6	64.706	15	3	2
GCF_043950335.1	SAMN44084063	PRJNA1169829	Klebsiella pneumoniae	Klebsiella	16	11	5	68.75	15	3	2
GCF_043950345.1	SAMN44084064	PRJNA1169829	Klebsiella pneumoniae	Klebsiella	24	18	6	75.0	19	5	4
GCF_043950355.1	SAMN44084065	PRJNA1169829	Klebsiella pneumoniae	Klebsiella	13	6	7	46.154	10	3	2
GCF_043950365.1	SAMN44084066	PRJNA1169829	Klebsiella pneumoniae	Klebsiella	17	11	6	64.706	15	3	2
GCF_043950375.1	SAMN44084067	PRJNA1169829	Klebsiella pneumoniae	Klebsiella	21	17	4	80.952	18	4	3
GCF_043950385.1	SAMN44084068	PRJNA1169829	Klebsiella pneumoniae	Klebsiella	17	11	6	64.706	15	3	2
GCF_043950395.1	SAMN44084069	PRJNA1169829	Klebsiella pneumoniae	Klebsiella	32	23	9	71.875	24	5	4
GCF_043950405.1	SAMN44084070	PRJNA1169829	Klebsiella pneumoniae	Klebsiella	12	6	6	50.0	11	2	1
GCF_043950415.1	SAMN44084071	PRJNA1169829	Klebsiella pneumoniae	Klebsiella	17	12	5	70.588	15	2	1
GCF_043950425.1	SAMN44084072	PRJNA1169829	Klebsiella pneumoniae	Klebsiella	20	16	4	80.0	18	5	4
GCF_043950445.1	SAMN44084074	PRJNA1169829	Klebsiella pneumoniae	Klebsiella	23	11	12	47.826	14	5	4
GCF_043950455.1	SAMN44084075	PRJNA1169829	Klebsiella pneumoniae	Klebsiella	6	0	6	0.0	6	1	0
GCF_043950465.1	SAMN44084076	PRJNA1169829	Klebsiella pneumoniae	Klebsiella	13	11	2	84.615	13	2	1
GCF_043950475.1	SAMN44084077	PRJNA1169829	Klebsiella pneumoniae	Klebsiella	14	10	4	71.429	12	3	2
GCF_043950485.1	SAMN44084078	PRJNA1169829	Klebsiella pneumoniae	Klebsiella	18	14	4	77.778	17	3	2
GCF_043950495.1	SAMN44084079	PRJNA1169829	Klebsiella pneumoniae	Klebsiella	18	14	4	77.778	16	2	1
GCF_043950505.1	SAMN44084080	PRJNA1169829	Klebsiella pneumoniae	Klebsiella	10	6	4	60.0	10	2	1
GCF_043950515.1	SAMN44084081	PRJNA1169829	Klebsiella pneumoniae	Klebsiella	14	10	4	71.429	13	2	1
GCF_043950535.1	SAMN44084084	PRJNA1169829	Klebsiella pneumoniae	Klebsiella	4	0	4	0.0	4	1	0
GCF_043950545.1	SAMN44084085	PRJNA1169829	Klebsiella variicola	Klebsiella	4	0	4	0.0	4	1	0
GCF_043950555.1	SAMN44084086	PRJNA1169829	Klebsiella pneumoniae	Klebsiella	6	1	5	16.667	6	2	1
GCF_043964395.1	SAMN39551862	PRJNA1067818	Enterobacter sichuanensis	Enterobacter	4	0	4	0.0	4	1	0
GCF_043965205.1	SAMN39551861	PRJNA1067818	Enterobacter hormaechei	Enterobacter	16	12	4	75.0	15	2	1
GCF_043965215.1	SAMN39551860	PRJNA1067818	Enterobacter asburiae	Enterobacter	4	0	4	0.0	4	1	0
GCF_043965265.1	SAMN39551859	PRJNA1067818	Enterobacter sp.	Enterobacter	12	8	4	66.667	12	2	1
GCF_043965975.1	SAMN39551858	PRJNA1067818	Enterobacter roggenkampii	Enterobacter	5	1	4	20.0	5	2	1
GCF_043966005.1	SAMN39551857	PRJNA1067818	Enterobacter hormaechei	Enterobacter	13	10	3	76.923	11	3	2
GCF_043966055.1	SAMN39551856	PRJNA1067818	Enterobacter asburiae	Enterobacter	6	1	5	16.667	6	2	1
GCF_043966785.1	SAMN39551855	PRJNA1067818	Enterobacter hormaechei	Enterobacter	14	0	14	0.0	14	1	0
GCF_043966805.1	SAMN39551854	PRJNA1067818	Enterobacter sp.	Enterobacter	4	0	4	0.0	4	1	0
GCF_043966825.1	SAMN39551853	PRJNA1067818	Enterobacter bugandensis	Enterobacter	5	0	5	0.0	5	1	0
GCF_043967495.1	SAMN39551852	PRJNA1067818	Enterobacter hormaechei	Enterobacter	11	7	4	63.636	8	2	1
GCF_043967505.1	SAMN39551851	PRJNA1067818	Enterobacter bugandensis	Enterobacter	4	0	4	0.0	4	1	0
GCF_043967515.1	SAMN39551850	PRJNA1067818	Enterobacter hormaechei	Enterobacter	15	11	4	73.333	13	3	2
GCF_043968005.1	SAMN39551849	PRJNA1067818	Enterobacter hormaechei	Enterobacter	17	14	3	82.353	14	2	1
GCF_043968015.1	SAMN39551848	PRJNA1067818	Enterobacter roggenkampii	Enterobacter	4	0	4	0.0	4	1	0
GCF_043968025.1	SAMN39551847	PRJNA1067818	Enterobacter hormaechei	Enterobacter	22	10	12	45.455	21	2	1
GCF_043968685.1	SAMN39551845	PRJNA1067818	Enterobacter hormaechei	Enterobacter	4	0	4	0.0	4	1	0
GCF_043968695.1	SAMN39551844	PRJNA1067818	Enterobacter hormaechei	Enterobacter	17	13	4	76.471	16	2	1
GCF_043969345.1	SAMN39551843	PRJNA1067818	Enterobacter hormaechei	Enterobacter	9	5	4	55.556	8	2	1
GCF_043969355.1	SAMN39551842	PRJNA1067818	Enterobacter kobei	Enterobacter	4	0	4	0.0	4	1	0
GCF_043969365.1	SAMN39551841	PRJNA1067818	Enterobacter hormaechei	Enterobacter	22	1	21	4.545	21	2	1
GCF_043970015.1	SAMN39551840	PRJNA1067818	Enterobacter hormaechei	Enterobacter	2	0	2	0.0	2	1	0
GCF_043970025.1	SAMN39551839	PRJNA1067818	Enterobacter soli	Enterobacter	37	34	3	91.892	17	3	2
GCF_043970035.1	SAMN39551838	PRJNA1067818	Enterobacter hormaechei	Enterobacter	3	0	3	0.0	3	1	0
GCF_043970685.1	SAMN39551837	PRJNA1067818	Enterobacter bugandensis	Enterobacter	4	0	4	0.0	4	1	0
GCF_043970695.1	SAMN39551836	PRJNA1067818	Enterobacter hormaechei	Enterobacter	4	0	4	0.0	4	1	0
GCF_043970705.1	SAMN39551835	PRJNA1067818	Enterobacter hormaechei	Enterobacter	9	5	4	55.556	8	2	1
GCF_043971355.1	SAMN39551834	PRJNA1067818	Enterobacter hormaechei	Enterobacter	4	0	4	0.0	4	1	0
GCF_043971365.1	SAMN39551833	PRJNA1067818	Enterobacter bugandensis	Enterobacter	4	0	4	0.0	4	1	0
GCF_043971375.1	SAMN39551832	PRJNA1067818	Enterobacter chengduensis	Enterobacter	17	0	17	0.0	15	1	0
GCF_043972025.1	SAMN39551831	PRJNA1067818	Enterobacter bugandensis	Enterobacter	4	0	4	0.0	4	1	0
GCF_043972035.1	SAMN39551830	PRJNA1067818	Enterobacter kobei	Enterobacter	4	0	4	0.0	4	1	0
GCF_043972045.1	SAMN39551829	PRJNA1067818	Enterobacter hormaechei	Enterobacter	9	5	4	55.556	8	2	1
GCF_043972695.1	SAMN39551828	PRJNA1067818	Enterobacter quasiroggenkampii	Enterobacter	4	0	4	0.0	4	1	0
GCF_043972705.1	SAMN39551827	PRJNA1067818	Enterobacter cloacae	Enterobacter	4	0	4	0.0	4	1	0
GCF_043972715.1	SAMN39551825	PRJNA1067818	Enterobacter hormaechei	Enterobacter	15	11	4	73.333	14	2	1
GCF_043973385.1	SAMN39551824	PRJNA1067818	Enterobacter hormaechei	Enterobacter	4	0	4	0.0	4	1	0
GCF_043973395.1	SAMN39551823	PRJNA1067818	Enterobacter hormaechei	Enterobacter	3	0	3	0.0	3	1	0
GCF_043973405.1	SAMN39551820	PRJNA1067818	Enterobacter mori	Enterobacter	5	0	5	0.0	5	1	0
GCF_043974055.1	SAMN39551818	PRJNA1067818	Enterobacter cloacae	Enterobacter	13	9	4	69.231	13	3	2
GCF_043974065.1	SAMN39551826	PRJNA1067818	Enterobacter ludwigii	Enterobacter	4	0	4	0.0	4	1	0
GCF_043974645.1	SAMN39551821	PRJNA1067818	Enterobacter hormaechei	Enterobacter	16	12	4	75.0	12	3	2
GCF_043974655.1	SAMN39551819	PRJNA1067818	Enterobacter hormaechei	Enterobacter	33	28	5	84.848	19	3	2
GCF_043995085.1	SAMN44340905	PRJNA1174415	Pseudomonas aeruginosa	Pseudomonas	9	0	9	0.0	7	1	0
GCF_044095145.1	SAMN44389079	PRJNA1176333	Enterobacter hormaechei	Enterobacter	15	11	4	73.333	15	2	1
GCF_044218815.1	SAMN42513305	PRJNA1136410	Pseudomonas sp.	Pseudomonas	5	0	5	0.0	5	1	0
GCF_044218825.1	SAMN42513306	PRJNA1136410	Pseudomonas sp.	Pseudomonas	5	0	5	0.0	5	1	0
GCF_044218835.1	SAMN42513307	PRJNA1136410	Pseudomonas sp.	Pseudomonas	5	0	5	0.0	5	1	0
GCF_044218865.1	SAMN42513310	PRJNA1136410	Pseudomonas sp.	Pseudomonas	5	5	0	100.0	5	1	1
GCF_044219445.1	SAMN42513312	PRJNA1136410	Pseudomonas sp.	Pseudomonas	5	5	0	100.0	5	1	1
GCF_044324755.1	SAMN43516777	PRJNA1157569	Klebsiella quasipneumoniae	Klebsiella	4	0	4	0.0	4	1	0
GCF_044336405.1	SAMN44080690	PRJNA1130897	Pseudomonas aeruginosa	Pseudomonas	5	0	5	0.0	5	1	0
GCF_044336655.1	SAMN32988074	PRJNA929672	Klebsiella pneumoniae	Klebsiella	10	8	2	80.0	5	3	2
GCF_044336665.1	SAMN32988078	PRJNA929672	Klebsiella pneumoniae	Klebsiella	6	4	2	66.667	5	2	1
GCF_044336675.1	SAMN32988068	PRJNA929672	Klebsiella pneumoniae	Klebsiella	8	4	4	50.0	7	2	1
GCF_044336685.1	SAMN32988067	PRJNA929672	Klebsiella pneumoniae	Klebsiella	8	4	4	50.0	7	2	1
GCF_044344005.1	SAMN44348667	PRJNA1174820	Klebsiella pneumoniae	Klebsiella	9	5	4	55.556	9	3	2
GCF_044344475.1	SAMN32967355	PRJNA929672	Enterobacter asburiae	Enterobacter	6	2	4	33.333	6	2	1
GCF_044346335.1	SAMN32967354	PRJNA929672	Enterobacter hormaechei	Enterobacter	11	7	4	63.636	10	3	2
GCF_044346485.1	SAMN32967353	PRJNA929672	Enterobacter hormaechei	Enterobacter	9	5	4	55.556	9	2	1
GCF_044346935.1	SAMN32967352	PRJNA929672	Enterobacter hormaechei	Enterobacter	5	1	4	20.0	5	2	1
GCF_044348845.1	SAMN32967351	PRJNA929672	Enterobacter hormaechei	Enterobacter	7	4	3	57.143	6	2	1
GCF_044348955.1	SAMN32988076	PRJNA929672	Klebsiella pneumoniae	Klebsiella	6	4	2	66.667	5	2	1
GCF_044349345.1	SAMN32988077	PRJNA929672	Klebsiella pneumoniae	Klebsiella	6	4	2	66.667	5	2	1
GCF_044350965.1	SAMN32988073	PRJNA929672	Klebsiella pneumoniae	Klebsiella	10	8	2	80.0	5	3	2
GCF_044351085.1	SAMN32988072	PRJNA929672	Klebsiella pneumoniae	Klebsiella	10	8	2	80.0	5	3	2
GCF_044351545.1	SAMN32988071	PRJNA929672	Klebsiella pneumoniae	Klebsiella	9	5	4	55.556	7	2	1
GCF_044353385.1	SAMN32988063	PRJNA929672	Klebsiella pneumoniae	Klebsiella	5	3	2	60.0	5	2	1
GCF_044353525.1	SAMN32988062	PRJNA929672	Klebsiella pneumoniae	Klebsiella	10	8	2	80.0	5	3	2
GCF_044354005.1	SAMN32988059	PRJNA929672	Klebsiella pneumoniae	Klebsiella	5	3	2	60.0	5	2	1
GCF_044355835.1	SAMN32988058	PRJNA929672	Klebsiella pneumoniae	Klebsiella	12	8	4	66.667	7	3	2
GCF_044355935.1	SAMN26567301	PRJNA929672	Klebsiella pneumoniae	Klebsiella	13	9	4	69.231	12	3	2
GCF_044356415.1	SAMN26567300	PRJNA929672	Klebsiella pneumoniae	Klebsiella	23	17	6	73.913	14	4	3
GCF_044358985.1	SAMN32542159	PRJNA917544	Klebsiella pneumoniae	Klebsiella	5	0	5	0.0	5	1	0
GCF_044500605.1	SAMN42431385	PRJNA1134685	Enterobacter kobei	Enterobacter	4	0	4	0.0	4	1	0
GCF_044592445.1	SAMN43942722	PRJNA1165149	Klebsiella pneumoniae	Klebsiella	15	13	2	86.667	13	3	2
GCF_044593295.1	SAMN44490027	PRJNA1179373	Klebsiella pneumoniae	Klebsiella	30	26	4	86.667	28	3	2
GCF_044593305.1	SAMN43942761	PRJNA1165149	Klebsiella pneumoniae	Klebsiella	5	1	4	20.0	5	2	1
GCF_044603305.1	SAMN44361702	PRJNA1175428	Klebsiella pneumoniae	Klebsiella	17	13	4	76.471	17	4	3
GCF_044740725.1	SAMN43942716	PRJNA1165149	Klebsiella pneumoniae	Klebsiella	5	1	4	20.0	5	2	1
GCF_044757525.1	SAMN43820147	PRJNA1162694	Pseudomonas aeruginosa	Pseudomonas	5	0	5	0.0	5	1	0
GCF_044757535.1	SAMN43820516	PRJNA1162694	Pseudomonas aeruginosa	Pseudomonas	5	0	5	0.0	5	1	0
GCF_044757545.1	SAMN43820455	PRJNA1162694	Pseudomonas aeruginosa	Pseudomonas	9	0	9	0.0	7	1	0
GCF_044758315.1	SAMN43820416	PRJNA1162694	Pseudomonas aeruginosa	Pseudomonas	5	0	5	0.0	5	1	0
GCF_044758335.1	SAMN43820454	PRJNA1162694	Pseudomonas aeruginosa	Pseudomonas	5	0	5	0.0	5	1	0
GCF_044758345.1	SAMN43820453	PRJNA1162694	Pseudomonas aeruginosa	Pseudomonas	5	0	5	0.0	5	1	0
GCF_044758355.1	SAMN43820232	PRJNA1162694	Pseudomonas aeruginosa	Pseudomonas	5	0	5	0.0	5	1	0
GCF_044758365.1	SAMN43820177	PRJNA1162694	Pseudomonas aeruginosa	Pseudomonas	5	0	5	0.0	5	1	0
GCF_044758375.1	SAMN43820176	PRJNA1162694	Pseudomonas aeruginosa	Pseudomonas	5	0	5	0.0	5	1	0
GCF_044758385.1	SAMN43820175	PRJNA1162694	Pseudomonas aeruginosa	Pseudomonas	5	0	5	0.0	5	1	0
GCF_044758395.1	SAMN43820173	PRJNA1162694	Pseudomonas aeruginosa	Pseudomonas	5	0	5	0.0	5	1	0
GCF_044758405.1	SAMN43820172	PRJNA1162694	Pseudomonas aeruginosa	Pseudomonas	5	0	5	0.0	5	1	0
GCF_044758415.1	SAMN43819840	PRJNA1162694	Pseudomonas aeruginosa	Pseudomonas	5	0	5	0.0	5	1	0
GCF_044758985.1	SAMN41135914	PRJNA1106512	Pseudomonas aeruginosa	Pseudomonas	8	0	8	0.0	8	1	0
GCF_044758995.1	SAMN41135913	PRJNA1106512	Pseudomonas aeruginosa	Pseudomonas	8	0	8	0.0	8	1	0
GCF_044759005.1	SAMN43318629	PRJNA1106512	Pseudomonas aeruginosa	Pseudomonas	10	0	10	0.0	9	1	0
GCF_044759015.1	SAMN43318626	PRJNA1106512	Pseudomonas aeruginosa	Pseudomonas	8	0	8	0.0	8	1	0
GCF_044759025.1	SAMN43318624	PRJNA1106512	Pseudomonas aeruginosa	Pseudomonas	8	0	8	0.0	8	1	0
GCF_044792565.1	SAMN37691472	PRJNA1024436	Klebsiella pneumoniae	Klebsiella	32	28	4	87.5	24	6	5
GCF_044792955.1	SAMN37691879	PRJNA1024436	Klebsiella oxytoca	Klebsiella	12	9	3	75.0	12	2	1
GCF_044792965.1	SAMN37714742	PRJNA1024436	Enterobacter hormaechei	Enterobacter	28	24	4	85.714	25	3	2
GCF_044792975.1	SAMN37714743	PRJNA1024436	Enterobacter hormaechei	Enterobacter	34	31	3	91.176	27	4	3
GCF_044793255.1	SAMN14387645	PRJNA612904	Klebsiella pneumoniae	Klebsiella	6	2	4	33.333	5	2	1
GCF_044813255.1	SAMN44304567	PRJNA1173404	Klebsiella pneumoniae	Klebsiella	4	0	4	0.0	4	1	0
GCF_044869115.1	SAMN44249573	PRJNA1020684	Enterobacter hormaechei	Enterobacter	28	24	4	85.714	19	2	1
GCF_044875325.1	SAMN44517417	PRJNA1180259	Pseudomonas aeruginosa	Pseudomonas	22	17	5	77.273	19	2	1
GCF_044911575.1	SAMN31393996	PRJNA892659	Klebsiella pneumoniae	Klebsiella	10	6	4	60.0	9	3	2
GCF_044999025.1	SAMN44631499	PRJNA1183642	Pseudomonas aeruginosa	Pseudomonas	8	0	8	0.0	7	1	0
GCF_045001805.1	SAMN37855239	PRJNA1028960	Pseudomonas sp.	Pseudomonas	23	17	6	73.913	20	2	1
GCF_045013525.1	SAMN33865287	PRJNA947679	Enterobacter asburiae	Enterobacter	5	2	3	40.0	5	3	2
GCF_045037375.1	SAMN44530458	PRJNA1180919	Klebsiella pneumoniae	Klebsiella	25	21	4	84.0	23	4	3
GCF_045037455.1	SAMN44530465	PRJNA1180919	Klebsiella pneumoniae	Klebsiella	20	16	4	80.0	19	4	3
GCF_045037665.1	SAMN44530445	PRJNA1180919	Enterobacter hormaechei	Enterobacter	14	5	9	35.714	12	2	1
GCF_045037835.1	SAMN44530460	PRJNA1180919	Klebsiella pneumoniae	Klebsiella	31	27	4	87.097	24	4	3
GCF_045040745.1	SAMN27596901	PRJNA827047	Klebsiella pneumoniae	Klebsiella	31	27	4	87.097	26	4	3
GCF_045181485.1	SAMN44615817	PRJNA1182906	Klebsiella pneumoniae	Klebsiella	18	14	4	77.778	17	3	2
GCF_045181495.1	SAMN44617970	PRJNA1182955	Klebsiella pneumoniae	Klebsiella	12	8	4	66.667	12	2	1
GCF_045181505.1	SAMN44617971	PRJNA1182957	Klebsiella pneumoniae	Klebsiella	7	3	4	42.857	7	2	1
GCF_045182135.1	SAMN44617972	PRJNA1182958	Klebsiella pneumoniae	Klebsiella	23	19	4	82.609	22	2	1
GCF_045182145.1	SAMN44617980	PRJNA1182961	Klebsiella pneumoniae	Klebsiella	9	2	7	22.222	6	2	1
GCF_045277185.1	SAMN32778821	PRJNA924079	Klebsiella aerogenes	Klebsiella	26	22	4	84.615	23	3	2
GCF_045277195.1	SAMN32778840	PRJNA924079	Klebsiella aerogenes	Klebsiella	27	23	4	85.185	23	3	2
GCF_045277245.1	SAMN33275460	PRJNA934404	Klebsiella pneumoniae	Klebsiella	4	0	4	0.0	4	1	0
GCF_045278085.1	SAMN35628880	PRJNA980403	Klebsiella pneumoniae	Klebsiella	20	16	4	80.0	15	3	2
GCF_045278155.1	SAMN35628881	PRJNA980403	Pseudomonas aeruginosa	Pseudomonas	5	0	5	0.0	5	1	0
GCF_045278755.1	SAMN36766155	PRJNA1000268	Enterobacter kobei	Enterobacter	3	0	3	0.0	3	1	0
GCF_045278765.1	SAMN36887619	PRJNA1003396	Klebsiella pneumoniae	Klebsiella	5	0	5	0.0	5	1	0
GCF_045278775.1	SAMN36887620	PRJNA1003396	Klebsiella pneumoniae	Klebsiella	5	0	5	0.0	5	1	0
GCF_045278785.1	SAMN36887621	PRJNA1003396	Klebsiella pneumoniae	Klebsiella	5	0	5	0.0	5	1	0
GCF_045278925.1	SAMN37542559	PRJNA1021038	Enterobacter chuandaensis	Enterobacter	22	18	4	81.818	19	4	3
GCF_045287225.1	SAMN37703293	PRJNA1024683	Klebsiella pneumoniae	Klebsiella	23	19	4	82.609	21	3	2
GCF_045287705.1	SAMN38122037	PRJNA812595	Klebsiella pneumoniae	Klebsiella	32	26	6	81.25	26	4	3
GCF_045288205.1	SAMN38451788	PRJNA1045648	Klebsiella pneumoniae	Klebsiella	20	15	5	75.0	17	4	3
GCF_045290325.1	SAMN39905150	PRJNA1073544	Klebsiella terrigena	Klebsiella	13	10	3	76.923	11	2	1
GCF_045344295.1	SAMN44805373	PRJNA1187795	Klebsiella pneumoniae	Klebsiella	15	11	4	73.333	14	3	2
GCF_045345325.1	SAMN40453079	PRJNA1087001	Klebsiella variicola	Klebsiella	4	0	4	0.0	4	1	0
GCF_045345375.1	SAMN40453080	PRJNA1087001	Klebsiella pneumoniae	Klebsiella	14	9	5	64.286	13	4	3
GCF_045345785.1	SAMN44805724	PRJNA1187798	Klebsiella pneumoniae	Klebsiella	15	11	4	73.333	14	3	2
GCF_045345795.1	SAMN44805727	PRJNA1187800	Klebsiella pneumoniae	Klebsiella	15	11	4	73.333	14	3	2
GCF_045348545.1	SAMN41494453	PRJNA607328	Pseudomonas aeruginosa	Pseudomonas	5	0	5	0.0	5	1	0
GCF_045348555.1	SAMN41494454	PRJNA607328	Pseudomonas aeruginosa	Pseudomonas	6	0	6	0.0	6	1	0
GCF_045348675.1	SAMN42392490	PRJNA1134078	Klebsiella pneumoniae	Klebsiella	15	11	4	73.333	15	2	1
GCF_045348695.1	SAMN42392492	PRJNA1134078	Enterobacter chuandaensis	Enterobacter	6	0	6	0.0	6	1	0
GCF_045348705.1	SAMN42392493	PRJNA1134078	Klebsiella pneumoniae	Klebsiella	11	6	5	54.545	11	2	1
GCF_045348725.1	SAMN42392497	PRJNA1134078	Klebsiella pneumoniae	Klebsiella	10	5	5	50.0	10	2	1
GCF_045348735.1	SAMN42392498	PRJNA1134078	Klebsiella ornithinolytica	Klebsiella	8	5	3	62.5	8	2	1
GCF_045348775.1	SAMN42392502	PRJNA1134078	Enterobacter cloacae	Enterobacter	5	0	5	0.0	5	1	0
GCF_045348785.1	SAMN42392503	PRJNA1134078	Enterobacter cloacae	Enterobacter	5	0	5	0.0	5	1	0
GCF_045571425.1	SAMN33587937	PRJNA941049	Klebsiella michiganensis	Klebsiella	16	4	12	25.0	15	3	2
GCF_045674925.1	SAMN33879807	PRJNA921819	Klebsiella ornithinolytica	Klebsiella	39	36	3	92.308	32	3	2
GCF_045674935.1	SAMN33879836	PRJNA921819	Klebsiella ornithinolytica	Klebsiella	39	36	3	92.308	32	3	2
GCF_045675685.1	SAMN33885932	PRJNA921819	Klebsiella ornithinolytica	Klebsiella	39	36	3	92.308	32	3	2
GCF_045675695.1	SAMN33900145	PRJNA921819	Klebsiella ornithinolytica	Klebsiella	34	31	3	91.176	30	3	2
GCF_045678035.1	SAMN14732561	PRJNA345401	Pseudomonas luteola	Pseudomonas	1	1	0	100.0	1	1	1
GCF_045688185.1	SAMN21016541	PRJNA759850	Klebsiella pneumoniae	Klebsiella	4	0	4	0.0	4	1	0
GCF_045689255.1	SAMN37845004	PRJNA1028549	Pseudomonas aeruginosa	Pseudomonas	5	0	5	0.0	5	1	0
GCF_045689375.1	SAMN38122031	PRJNA812595	Enterobacter hormaechei	Enterobacter	22	18	4	81.818	20	3	2
GCF_045689385.1	SAMN38122033	PRJNA812595	Enterobacter hormaechei	Enterobacter	4	0	4	0.0	4	1	0
GCF_045689665.1	SAMN39097935	PRJNA1056326	Pseudomonas aeruginosa	Pseudomonas	5	0	5	0.0	5	1	0
GCF_045689725.1	SAMN39245697	PRJNA1060791	Klebsiella pneumoniae	Klebsiella	12	9	3	75.0	11	3	2
GCF_045690375.1	SAMN44383891	PRJNA1176192	Klebsiella planticola	Klebsiella	3	0	3	0.0	3	1	0
GCF_045690385.1	SAMN44383892	PRJNA1176192	Klebsiella planticola	Klebsiella	3	0	3	0.0	3	1	0
GCF_045690395.1	SAMN44383896	PRJNA1176192	Klebsiella pneumoniae	Klebsiella	5	0	5	0.0	5	1	0
GCF_045690405.1	SAMN44383897	PRJNA1176192	Klebsiella ornithinolytica	Klebsiella	3	0	3	0.0	3	1	0
GCF_045690415.1	SAMN44383898	PRJNA1176192	Klebsiella planticola	Klebsiella	3	0	3	0.0	3	1	0
GCF_045690425.1	SAMN44383899	PRJNA1176192	Klebsiella planticola	Klebsiella	3	0	3	0.0	3	1	0
GCF_045801205.1	SAMN44771391	PRJNA1186724	Klebsiella pneumoniae	Klebsiella	4	0	4	0.0	4	1	0
GCF_045833585.1	SAMN44856621	PRJNA1189046	Pseudomonas aeruginosa	Pseudomonas	5	0	5	0.0	5	1	0
GCF_045862425.1	SAMD00499388	PRJDB10842	Klebsiella pneumoniae	Klebsiella	22	18	4	81.818	21	4	3
GCF_045862455.1	SAMD00502020	PRJDB10842	Klebsiella pneumoniae	Klebsiella	18	14	4	77.778	16	2	1
GCF_045866555.1	SAMD00823201	PRJDB18890	Enterobacter pseudoroggenkampii	Enterobacter	4	0	4	0.0	4	1	0
GCF_045866585.1	SAMD00824839	PRJDB18940	Enterobacter hormaechei	Enterobacter	13	9	4	69.231	13	2	1
GCF_045919575.1	SAMN45007547	PRJNA1188792	Pseudomonas aeruginosa	Pseudomonas	5	0	5	0.0	5	1	0
GCF_045946195.1	SAMN45051160	PRJNA1190631	Klebsiella pneumoniae	Klebsiella	6	2	4	33.333	6	2	1
GCF_045946455.1	SAMN45052722	PRJNA1190662	Pseudomonas aeruginosa	Pseudomonas	6	1	5	16.667	6	2	1
GCF_045999305.1	SAMN44856485	PRJNA1189040	Pseudomonas aeruginosa	Pseudomonas	5	0	5	0.0	5	1	0
GCF_046042605.1	SAMN34394052	PRJNA962291	Pseudomonas aeruginosa	Pseudomonas	5	0	5	0.0	5	1	0
GCF_046042615.1	SAMN34394053	PRJNA962291	Pseudomonas aeruginosa	Pseudomonas	5	0	5	0.0	5	1	0
GCF_046042625.1	SAMN34394051	PRJNA962291	Pseudomonas aeruginosa	Pseudomonas	5	0	5	0.0	5	1	0
GCF_046042635.1	SAMN34394049	PRJNA962291	Pseudomonas aeruginosa	Pseudomonas	4	0	4	0.0	4	1	0
GCF_046042645.1	SAMN34394050	PRJNA962291	Pseudomonas aeruginosa	Pseudomonas	5	0	5	0.0	5	1	0
GCF_046042665.1	SAMN34394048	PRJNA962291	Pseudomonas aeruginosa	Pseudomonas	4	0	4	0.0	4	1	0
GCF_046097025.1	SAMN45072371	PRJNA1191240	Klebsiella pneumoniae	Klebsiella	10	6	4	60.0	10	3	2
GCF_046097115.1	SAMN45051649	PRJNA1190644	Enterobacter hormaechei	Enterobacter	23	20	3	86.957	18	4	3
GCF_046097125.1	SAMN45053829	PRJNA1190833	Enterobacter hormaechei	Enterobacter	32	28	4	87.5	26	4	3
GCF_046097135.1	SAMN45068927	PRJNA1191073	Enterobacter hormaechei	Enterobacter	19	15	4	78.947	19	3	2
GCF_046097155.1	SAMN45068448	PRJNA1191045	Enterobacter hormaechei	Enterobacter	33	28	5	84.848	28	4	3
GCF_046111175.1	SAMN41652520	PRJNA1119408	Pseudomonas aeruginosa	Pseudomonas	23	0	23	0.0	17	1	0
GCF_046115475.1	SAMN34144122	PRJNA954401	Klebsiella ornithinolytica	Klebsiella	3	0	3	0.0	3	1	0
GCF_046118635.1	SAMN45195726	PRJNA1194662	Klebsiella pneumoniae	Klebsiella	22	20	2	90.909	20	5	4
GCF_046118685.1	SAMN45163591	PRJNA1193999	Klebsiella pneumoniae	Klebsiella	25	23	2	92.0	22	4	3
GCF_046196535.1	SAMN45224489	PRJNA450216	Klebsiella pneumoniae	Klebsiella	10	4	6	40.0	10	2	1
GCF_046196575.1	SAMN45224508	PRJNA450216	Klebsiella pneumoniae	Klebsiella	8	4	4	50.0	8	2	1
GCF_046245195.1	SAMN45062978	PRJNA1189555	Pseudomonas aeruginosa	Pseudomonas	5	0	5	0.0	5	1	0
GCF_046254915.1	SAMN45224509	PRJNA450216	Klebsiella pneumoniae	Klebsiella	8	4	4	50.0	8	2	1
GCF_046272045.1	SAMN41071124	PRJNA1101017	Pseudomonas aeruginosa	Pseudomonas	5	0	5	0.0	5	1	0
GCF_046272125.1	SAMN41071133	PRJNA1101017	Klebsiella pneumoniae	Klebsiella	4	0	4	0.0	4	1	0
GCF_046272195.1	SAMN41071126	PRJNA1101017	Enterobacter cancerogenus	Enterobacter	2	0	2	0.0	2	1	0
GCF_047159435.1	SAMD00818410	PRJDB18650	Enterobacter asburiae	Enterobacter	6	2	4	33.333	5	2	1
GCF_053312425.1	SAMN37928620	PRJNA1031150	Pseudomonas aeruginosa	Pseudomonas	5	0	5	0.0	5	1	0
GCF_055379075.1	SAMD00658345	PRJDB16993	Pseudomonas aeruginosa	Pseudomonas	16	0	16	0.0	11	1	0
GCF_055379795.1	SAMD00163271	PRJDB8032	Enterobacter asburiae	Enterobacter	6	2	4	33.333	5	2	1
GCF_055385575.1	SAMD00763282	PRJDB17848	Pseudomonas aeruginosa	Pseudomonas	5	0	5	0.0	5	1	0
GCF_059696485.1	SAMD00173594	PRJDB8412	Enterobacter asburiae	Enterobacter	6	1	5	16.667	6	2	1
GCF_900322715.1	SAMEA104700146	PRJEB25613	Enterobacter hormaechei	Enterobacter	9	5	4	55.556	9	2	1
GCF_900322725.1	SAMEA104700141	PRJEB25613	Enterobacter cloacae	Enterobacter	20	16	4	80.0	17	3	2
GCF_900323945.1	SAMEA104569902	PRJEB24842	Klebsiella pneumoniae	Klebsiella	4	0	4	0.0	4	1	0
GCF_900324475.1	SAMEA104711314	PRJEB11452	Enterobacter bugandensis	Enterobacter	4	0	4	0.0	4	1	0
GCF_900497025.1	SAMEA4785251	PRJEB27483	Pseudomonas aeruginosa	Pseudomonas	10	0	10	0.0	9	1	0
GCF_900497045.1	SAMEA4785252	PRJEB27482	Klebsiella pneumoniae	Klebsiella	16	12	4	75.0	15	3	2
GCF_900497055.1	SAMEA4785253	PRJEB27481	Klebsiella pneumoniae	Klebsiella	16	12	4	75.0	15	3	2
GCF_900497145.1	SAMEA4785257	PRJEB27480	Enterobacter hormaechei	Enterobacter	13	4	9	30.769	11	2	1
GCF_900497475.1	SAMEA4786455	PRJEB27468	Klebsiella pneumoniae	Klebsiella	5	1	4	20.0	5	2	1
GCF_900618245.1	SAMEA4916038	PRJEB28660	Pseudomonas aeruginosa	Pseudomonas	5	0	5	0.0	5	1	0
GCF_900618255.1	SAMEA4916049	PRJEB28660	Pseudomonas aeruginosa	Pseudomonas	5	0	5	0.0	5	1	0
GCF_900618265.1	SAMEA4916061	PRJEB28660	Pseudomonas aeruginosa	Pseudomonas	5	0	5	0.0	5	1	0
GCF_900618275.1	SAMEA4916059	PRJEB28660	Pseudomonas aeruginosa	Pseudomonas	5	0	5	0.0	5	1	0
GCF_900618285.1	SAMEA4916069	PRJEB28660	Pseudomonas aeruginosa	Pseudomonas	5	0	5	0.0	5	1	0
GCF_900618305.1	SAMEA4916107	PRJEB28660	Pseudomonas aeruginosa	Pseudomonas	5	0	5	0.0	5	1	0
GCF_900618315.1	SAMEA4916108	PRJEB28660	Pseudomonas aeruginosa	Pseudomonas	5	0	5	0.0	5	1	0
GCF_900618325.1	SAMEA4916113	PRJEB28660	Pseudomonas aeruginosa	Pseudomonas	5	0	5	0.0	5	1	0
GCF_900618335.1	SAMEA4916123	PRJEB28660	Pseudomonas aeruginosa	Pseudomonas	5	0	5	0.0	5	1	0
GCF_900622585.1	SAMEA5128435	PRJEB29928	Klebsiella variicola	Klebsiella	4	0	4	0.0	4	1	0
GCF_900622595.1	SAMEA5128436	PRJEB29928	Klebsiella variicola	Klebsiella	4	0	4	0.0	4	1	0
GCF_900622605.1	SAMEA5128437	PRJEB29928	Klebsiella pneumoniae	Klebsiella	8	4	4	50.0	7	2	1
GCF_900622615.1	SAMEA5128440	PRJEB29928	Klebsiella variicola	Klebsiella	4	0	4	0.0	4	1	0
GCF_900622625.1	SAMEA5128439	PRJEB29928	Klebsiella variicola	Klebsiella	4	0	4	0.0	4	1	0
GCF_900622645.1	SAMEA5128438	PRJEB29928	Klebsiella pneumoniae	Klebsiella	14	9	5	64.286	13	4	3
GCF_900635105.1	SAMEA3251432	PRJEB6403	Klebsiella oxytoca	Klebsiella	3	0	3	0.0	3	1	0
GCF_900635125.1	SAMEA3251435	PRJEB6403	Klebsiella pneumoniae	Klebsiella	4	0	4	0.0	4	1	0
GCF_900635705.1	SAMEA2709017	PRJEB6403	Enterobacter hormaechei	Enterobacter	4	0	4	0.0	4	1	0
GCF_900635915.1	SAMEA3251450	PRJEB6403	Klebsiella ornithinolytica	Klebsiella	3	0	3	0.0	3	1	0
GCF_900635925.1	SAMEA3251433	PRJEB6403	Klebsiella quasipneumoniae	Klebsiella	4	0	4	0.0	4	1	0
GCF_900635995.1	SAMEA3368254	PRJEB6403	Klebsiella pneumoniae	Klebsiella	4	0	4	0.0	4	1	0
GCF_900636455.1	SAMEA3597594	PRJEB6403	Klebsiella pneumoniae	Klebsiella	5	0	5	0.0	5	1	0
GCF_900636735.1	SAMEA3856675	PRJEB6403	Pseudomonas aeruginosa	Pseudomonas	5	0	5	0.0	5	1	0
GCF_900636755.1	SAMEA3856677	PRJEB6403	Pseudomonas aeruginosa	Pseudomonas	5	0	5	0.0	5	1	0
GCF_900636975.1	SAMEA3923580	PRJEB6403	Pseudomonas aeruginosa	Pseudomonas	17	0	17	0.0	13	1	0
GCF_900636985.1	SAMEA3923594	PRJEB6403	Klebsiella oxytoca	Klebsiella	3	0	3	0.0	3	1	0
GCF_900637045.1	SAMEA4007823	PRJEB6403	Pseudomonas aeruginosa	Pseudomonas	5	0	5	0.0	5	1	0
GCF_900637945.1	SAMEA80457418	PRJEB6403	Klebsiella aerogenes	Klebsiella	4	0	4	0.0	4	1	0
GCF_901421925.1	SAMEA3368261	PRJEB6403	Klebsiella pneumoniae	Klebsiella	5	0	5	0.0	5	1	0
GCF_901422025.1	SAMEA3368328	PRJEB6403	Klebsiella quasipneumoniae	Klebsiella	2	0	2	0.0	2	1	0
GCF_901422065.1	SAMEA3492649	PRJEB6403	Klebsiella pneumoniae	Klebsiella	4	0	4	0.0	4	1	0
GCF_901542455.1	SAMEA3492648	PRJEB6403	Klebsiella grimontii	Klebsiella	3	0	3	0.0	3	1	0
GCF_902109485.1	SAMEA3468856	PRJEB6403	Klebsiella terrigena	Klebsiella	3	0	3	0.0	3	1	0
GCF_902172305.2	SAMEA1695737	PRJEB657	Pseudomonas aeruginosa	Pseudomonas	5	0	5	0.0	5	1	0
GCF_902703185.1	SAMEA6246860	PRJEB35547	Pseudomonas aeruginosa	Pseudomonas	5	0	5	0.0	5	1	0
GCF_902703195.1	SAMEA6246861	PRJEB35547	Pseudomonas aeruginosa	Pseudomonas	5	0	5	0.0	5	1	0
GCF_902703215.1	SAMEA6246859	PRJEB35547	Pseudomonas aeruginosa	Pseudomonas	5	0	5	0.0	5	1	0
GCF_902723695.1	SAMEA6081870	PRJEB34867	Klebsiella pneumoniae	Klebsiella	5	1	4	20.0	5	2	1
GCF_902723705.1	SAMEA6081871	PRJEB34867	Klebsiella pneumoniae	Klebsiella	5	1	4	20.0	5	2	1
GCF_902827215.1	SAMEA6634591	PRJEB37472	Klebsiella pneumoniae	Klebsiella	3	0	3	0.0	3	1	0
GCF_904425455.1	SAMEA7311505	PRJEB40359	Enterobacter cancerogenus	Enterobacter	2	0	2	0.0	2	1	0
GCF_904859915.1	SAMEA3356951	PRJNA646837	Klebsiella pneumoniae	Klebsiella	4	0	4	0.0	4	1	0
GCF_904863055.1	SAMEA3356968	PRJNA646837	Klebsiella pneumoniae	Klebsiella	4	0	4	0.0	4	1	0
GCF_904863075.1	SAMEA3357214	PRJNA646837	Klebsiella pneumoniae	Klebsiella	4	0	4	0.0	4	1	0
GCF_904863085.1	SAMEA3357515	PRJNA646837	Klebsiella aerogenes	Klebsiella	4	0	4	0.0	4	1	0
GCF_904863135.1	SAMEA3357175	PRJNA646837	Klebsiella pneumoniae	Klebsiella	26	21	5	80.769	24	5	4
GCF_904863145.1	SAMEA3357068	PRJNA646837	Klebsiella pneumoniae	Klebsiella	4	0	4	0.0	4	1	0
GCF_904863195.1	SAMEA3357033	PRJNA646837	Klebsiella pneumoniae	Klebsiella	17	12	5	70.588	17	3	2
GCF_904863205.1	SAMEA3356952	PRJNA646837	Klebsiella pneumoniae	Klebsiella	15	11	4	73.333	15	2	1
GCF_904863225.1	SAMN06112204	PRJNA646837	Klebsiella pneumoniae	Klebsiella	16	11	5	68.75	16	2	1
GCF_904863285.1	SAMEA3357192	PRJNA646837	Klebsiella pneumoniae	Klebsiella	4	0	4	0.0	4	1	0
GCF_904863295.1	SAMEA3357408	PRJNA646837	Klebsiella pneumoniae	Klebsiella	31	21	10	67.742	18	3	2
GCF_904863325.1	SAMEA3357254	PRJNA646837	Klebsiella pneumoniae	Klebsiella	15	11	4	73.333	15	2	1
GCF_904863335.2	SAMN06112194	PRJNA646837	Klebsiella pneumoniae	Klebsiella	5	0	5	0.0	5	1	0
GCF_904863345.1	SAMEA3357409	PRJNA646837	Klebsiella oxytoca	Klebsiella	4	1	3	25.0	4	2	1
GCF_904863355.1	SAMEA3357060	PRJNA646837	Klebsiella pneumoniae	Klebsiella	12	0	12	0.0	12	1	0
GCF_904863365.1	SAMEA3357023	PRJNA646837	Klebsiella pneumoniae	Klebsiella	4	0	4	0.0	4	1	0
GCF_904863395.1	SAMEA3357225	PRJNA646837	Klebsiella pneumoniae	Klebsiella	15	11	4	73.333	15	2	1
GCF_904863425.1	SAMEA3357241	PRJNA646837	Klebsiella pneumoniae	Klebsiella	4	0	4	0.0	4	1	0
GCF_904863435.1	SAMN07738870	PRJNA646837	Klebsiella pneumoniae	Klebsiella	6	2	4	33.333	6	3	2
GCF_904864475.1	SAMEA3357096	PRJNA646837	Klebsiella pneumoniae	Klebsiella	4	0	4	0.0	4	1	0
GCF_904864505.1	SAMEA3357212	PRJNA646837	Klebsiella pneumoniae	Klebsiella	4	0	4	0.0	4	1	0
GCF_904864515.1	SAMEA3357423	PRJNA646837	Klebsiella pneumoniae	Klebsiella	16	11	5	68.75	16	2	1
GCF_904864525.1	SAMEA3357245	PRJNA646837	Klebsiella pneumoniae	Klebsiella	9	5	4	55.556	9	2	1
GCF_904864535.1	SAMEA3357177	PRJNA646837	Klebsiella pneumoniae	Klebsiella	15	11	4	73.333	15	2	1
GCF_904864595.1	SAMN06112228	PRJNA646837	Klebsiella pneumoniae	Klebsiella	16	11	5	68.75	16	2	1
GCF_904864605.1	SAMEA3357013	PRJNA646837	Klebsiella pneumoniae	Klebsiella	15	11	4	73.333	15	2	1
GCF_904864625.1	SAMEA3357101	PRJNA646837	Klebsiella pneumoniae	Klebsiella	20	0	20	0.0	16	1	0
GCF_904865685.1	SAMEA3357121	PRJNA646837	Klebsiella pneumoniae	Klebsiella	5	1	4	20.0	5	2	1
GCF_904865715.1	SAMEA3357352	PRJNA646837	Klebsiella pneumoniae	Klebsiella	26	21	5	80.769	24	5	4
GCF_904865765.1	SAMEA3357401	PRJNA646837	Klebsiella pneumoniae	Klebsiella	16	6	10	37.5	16	2	1
GCF_904865785.1	SAMEA3357050	PRJNA646837	Klebsiella pneumoniae	Klebsiella	23	16	7	69.565	18	4	3
GCF_904865795.1	SAMEA3357419	PRJNA646837	Klebsiella pneumoniae	Klebsiella	16	11	5	68.75	16	2	1
GCF_904865805.1	SAMEA3357052	PRJNA646837	Klebsiella pneumoniae	Klebsiella	4	0	4	0.0	4	1	0
GCF_904865825.1	SAMEA3356961	PRJNA646837	Klebsiella pneumoniae	Klebsiella	5	0	5	0.0	5	1	0
GCF_904866195.1	SAMEA3357203	PRJNA646837	Klebsiella pneumoniae	Klebsiella	11	6	5	54.545	11	2	1
GCF_904866205.1	SAMEA3357054	PRJNA646837	Klebsiella pneumoniae	Klebsiella	4	0	4	0.0	4	1	0
GCF_904866215.1	SAMEA3357265	PRJNA646837	Klebsiella pneumoniae	Klebsiella	16	12	4	75.0	16	2	1
GCF_904866235.1	SAMEA3357009	PRJNA646837	Klebsiella pneumoniae	Klebsiella	4	0	4	0.0	4	1	0
GCF_904866275.1	SAMEA3357502	PRJNA646837	Pseudomonas aeruginosa	Pseudomonas	5	0	5	0.0	5	1	0
GCF_904866335.1	SAMEA3357253	PRJNA646837	Klebsiella pneumoniae	Klebsiella	4	0	4	0.0	4	1	0
GCF_904866355.1	SAMN06112198	PRJNA646837	Klebsiella pneumoniae	Klebsiella	4	0	4	0.0	4	1	0
GCF_904866375.1	SAMEA3357211	PRJNA646837	Klebsiella pneumoniae	Klebsiella	4	0	4	0.0	4	1	0
GCF_904866405.1	SAMEA3357273	PRJNA646837	Klebsiella pneumoniae	Klebsiella	15	11	4	73.333	15	2	1
GCF_904866425.1	SAMEA3357053	PRJNA646837	Klebsiella pneumoniae	Klebsiella	4	0	4	0.0	4	1	0
GCF_904866445.1	SAMEA3357165	PRJNA646837	Klebsiella pneumoniae	Klebsiella	26	21	5	80.769	24	5	4
GCF_904866475.1	SAMN06112206	PRJNA646837	Klebsiella pneumoniae	Klebsiella	9	5	4	55.556	9	2	1
GCF_904866485.1	SAMN06112200	PRJNA646837	Klebsiella pneumoniae	Klebsiella	11	6	5	54.545	11	2	1
GCF_904866505.1	SAMEA3357196	PRJNA646837	Klebsiella pneumoniae	Klebsiella	13	11	2	84.615	13	2	1
GCF_904866535.1	SAMEA3357311	PRJNA646837	Klebsiella pneumoniae	Klebsiella	12	8	4	66.667	11	2	1
GCF_905071885.1	SAMEA3357500	PRJNA646837	Pseudomonas aeruginosa	Pseudomonas	14	0	14	0.0	13	1	0
GCF_905232115.2	SAMEA7962775	PRJEB42440	Klebsiella oxytoca	Klebsiella	14	11	3	78.571	13	3	2
GCF_905322525.2	SAMEA8065686	PRJEB42440	Klebsiella oxytoca	Klebsiella	16	13	3	81.25	15	3	2
GCF_905329555.2	SAMEA8065822	PRJEB42440	Klebsiella oxytoca	Klebsiella	12	2	10	16.667	11	3	2
GCF_905331265.2	SAMEA8065834	PRJEB42440	Enterobacter cloacae	Enterobacter	5	1	4	20.0	5	2	1
GCF_905333855.2	SAMEA8158452	PRJEB42440	Klebsiella aerogenes	Klebsiella	24	20	4	83.333	12	3	2
GCF_905333885.2	SAMEA8158457	PRJEB42440	Klebsiella oxytoca	Klebsiella	19	16	3	84.211	18	5	4
GCF_905338025.2	SAMEA8158514	PRJEB42440	Klebsiella oxytoca	Klebsiella	4	1	3	25.0	4	2	1
GCF_905338035.1	SAMEA8158515	PRJEB42440	Enterobacter cloacae	Enterobacter	11	7	4	63.636	10	3	2
GCF_910589455.1	SAMEA7708245	PRJEB41835	Klebsiella pneumoniae	Klebsiella	31	27	4	87.097	25	4	3
GCF_911728565.1	SAMEA8995931	PRJEB37819	Klebsiella pneumoniae	Klebsiella	7	0	7	0.0	7	1	0
GCF_920103885.1	SAMEA7556989	PRJEB41234	Klebsiella pneumoniae	Klebsiella	39	21	18	53.846	21	4	3
GCF_924899195.1	SAMEA11998055	PRJEB49056	Klebsiella pneumoniae	Klebsiella	18	14	4	77.778	16	3	2
GCF_946966015.1	SAMEA11350960	PRJEB48990	Klebsiella pneumoniae	Klebsiella	16	12	4	75.0	16	3	2
GCF_947163785.1	SAMEA111391101	PRJEB55839	Klebsiella pneumoniae	Klebsiella	12	7	5	58.333	12	2	1
GCF_947164515.1	SAMEA111391102	PRJEB55839	Klebsiella pneumoniae	Klebsiella	14	9	5	64.286	14	2	1
GCF_951691365.1	SAMEA113485042	PRJEB62425	Pseudomonas aeruginosa	Pseudomonas	21	12	9	57.143	17	2	1
GCF_951802375.2	SAMEA113485043	PRJEB62425	Pseudomonas aeruginosa	Pseudomonas	9	1	8	11.111	9	2	1
GCF_951805275.2	SAMEA113485044	PRJEB62425	Pseudomonas aeruginosa	Pseudomonas	14	0	14	0.0	11	1	0
GCF_963693505.1	SAMEA114785894	PRJEB70839	Klebsiella pneumoniae	Klebsiella	20	6	14	30.0	20	3	2
GCF_963694945.1	SAMEA114785896	PRJEB70839	Klebsiella pneumoniae	Klebsiella	22	8	14	36.364	20	4	3
GCF_963854595.1	SAMEA114785897	PRJEB70839	Klebsiella pneumoniae	Klebsiella	20	8	12	40.0	18	2	1
GCF_963854765.1	SAMEA114785895	PRJEB70839	Klebsiella pneumoniae	Klebsiella	21	7	14	33.333	21	4	3
GCF_963854865.1	SAMEA114785898	PRJEB70839	Klebsiella pneumoniae	Klebsiella	19	5	14	26.316	17	3	2
GCF_964107295.1	SAMEA115663600	PRJEB76172	Klebsiella pneumoniae	Klebsiella	18	14	4	77.778	15	5	4
GCF_964198625.1	SAMEA115720028	PRJEB76496	Klebsiella pneumoniae	Klebsiella	35	31	4	88.571	22	5	4
GCF_964198635.1	SAMEA115720046	PRJEB76496	Klebsiella pneumoniae	Klebsiella	30	26	4	86.667	22	4	3
GCF_964198655.1	SAMEA115720045	PRJEB76496	Klebsiella pneumoniae	Klebsiella	30	26	4	86.667	22	4	3
GCF_964198675.1	SAMEA115720024	PRJEB76496	Klebsiella pneumoniae	Klebsiella	13	8	5	61.538	12	3	2
GCF_964198685.1	SAMEA115720018	PRJEB76496	Klebsiella pneumoniae	Klebsiella	30	26	4	86.667	22	4	3
GCF_964198705.1	SAMEA115720039	PRJEB76496	Klebsiella pneumoniae	Klebsiella	34	30	4	88.235	26	4	3
GCF_964198725.1	SAMEA115720029	PRJEB76496	Klebsiella pneumoniae	Klebsiella	30	26	4	86.667	22	4	3
GCF_964198735.1	SAMEA115720020	PRJEB76496	Klebsiella pneumoniae	Klebsiella	17	12	5	70.588	16	2	1
GCF_964198745.1	SAMEA115720037	PRJEB76496	Klebsiella pneumoniae	Klebsiella	30	26	4	86.667	22	4	3
GCF_964198765.1	SAMEA115720048	PRJEB76496	Klebsiella pneumoniae	Klebsiella	30	26	4	86.667	22	6	5
GCF_964198775.1	SAMEA115720033	PRJEB76496	Klebsiella pneumoniae	Klebsiella	30	26	4	86.667	22	4	3
GCF_964198785.1	SAMEA115720034	PRJEB76496	Klebsiella pneumoniae	Klebsiella	30	26	4	86.667	22	4	3
GCF_964198795.1	SAMEA115720035	PRJEB76496	Klebsiella pneumoniae	Klebsiella	30	26	4	86.667	22	4	3
GCF_964198805.1	SAMEA115720015	PRJEB76496	Klebsiella pneumoniae	Klebsiella	34	30	4	88.235	19	4	3
GCF_964198815.1	SAMEA115720021	PRJEB76496	Klebsiella pneumoniae	Klebsiella	30	26	4	86.667	22	4	3
GCF_964198825.1	SAMEA115720025	PRJEB76496	Klebsiella pneumoniae	Klebsiella	21	14	7	66.667	20	3	2
GCF_964198835.1	SAMEA115720011	PRJEB76496	Klebsiella pneumoniae	Klebsiella	17	13	4	76.471	16	3	2
GCF_964198845.1	SAMEA115720009	PRJEB76496	Klebsiella pneumoniae	Klebsiella	30	26	4	86.667	22	4	3
GCF_964198855.1	SAMEA115720014	PRJEB76496	Klebsiella pneumoniae	Klebsiella	27	22	5	81.481	22	3	2
GCF_964198865.1	SAMEA115720016	PRJEB76496	Klebsiella pneumoniae	Klebsiella	27	23	4	85.185	22	4	3
GCF_964198875.1	SAMEA115720013	PRJEB76496	Klebsiella pneumoniae	Klebsiella	18	14	4	77.778	18	3	2
GCF_964198885.1	SAMEA115720040	PRJEB76496	Klebsiella pneumoniae	Klebsiella	28	24	4	85.714	22	6	5
GCF_964198895.1	SAMEA115720019	PRJEB76496	Klebsiella pneumoniae	Klebsiella	18	14	4	77.778	18	3	2
GCF_964198905.1	SAMEA115720022	PRJEB76496	Klebsiella pneumoniae	Klebsiella	25	21	4	84.0	20	4	3
GCF_964198915.1	SAMEA115720031	PRJEB76496	Klebsiella pneumoniae	Klebsiella	30	26	4	86.667	22	4	3
GCF_964198925.1	SAMEA115720036	PRJEB76496	Klebsiella pneumoniae	Klebsiella	23	19	4	82.609	18	4	3
GCF_964198935.1	SAMEA115720017	PRJEB76496	Klebsiella pneumoniae	Klebsiella	30	26	4	86.667	22	4	3
GCF_964198945.1	SAMEA115720026	PRJEB76496	Klebsiella pneumoniae	Klebsiella	30	26	4	86.667	22	4	3
GCF_964198955.1	SAMEA115720041	PRJEB76496	Klebsiella pneumoniae	Klebsiella	12	7	5	58.333	10	2	1
GCF_964198965.1	SAMEA115720004	PRJEB76496	Klebsiella pneumoniae	Klebsiella	28	24	4	85.714	22	5	4
GCF_964198975.1	SAMEA115720027	PRJEB76496	Klebsiella pneumoniae	Klebsiella	30	26	4	86.667	22	4	3
GCF_964198995.1	SAMEA115720038	PRJEB76496	Klebsiella pneumoniae	Klebsiella	11	7	4	63.636	10	2	1
GCF_964199005.1	SAMEA115720042	PRJEB76496	Klebsiella pneumoniae	Klebsiella	13	8	5	61.538	11	2	1
GCF_964199015.1	SAMEA115720008	PRJEB76496	Klebsiella pneumoniae	Klebsiella	27	23	4	85.185	21	6	5
GCF_964199025.1	SAMEA115720010	PRJEB76496	Klebsiella pneumoniae	Klebsiella	30	26	4	86.667	22	4	3
GCF_964199035.1	SAMEA115720007	PRJEB76496	Klebsiella pneumoniae	Klebsiella	28	24	4	85.714	22	5	4
GCF_964199045.1	SAMEA115720006	PRJEB76496	Klebsiella pneumoniae	Klebsiella	31	27	4	87.097	22	5	4
GCF_964199055.1	SAMEA115720047	PRJEB76496	Klebsiella pneumoniae	Klebsiella	28	24	4	85.714	24	5	4
GCF_964199065.1	SAMEA115720023	PRJEB76496	Klebsiella pneumoniae	Klebsiella	30	26	4	86.667	22	4	3
GCF_964199095.1	SAMEA115720044	PRJEB76496	Klebsiella pneumoniae	Klebsiella	30	26	4	86.667	22	4	3
GCF_964199105.1	SAMEA115720043	PRJEB76496	Klebsiella pneumoniae	Klebsiella	16	12	4	75.0	15	2	1
GCF_964199115.1	SAMEA115720032	PRJEB76496	Klebsiella pneumoniae	Klebsiella	22	18	4	81.818	19	4	3
GCF_964199125.1	SAMEA115720030	PRJEB76496	Klebsiella pneumoniae	Klebsiella	30	26	4	86.667	22	4	3
GCF_964199135.1	SAMEA115720005	PRJEB76496	Klebsiella pneumoniae	Klebsiella	27	23	4	85.185	22	4	3
GCF_964199145.1	SAMEA115720049	PRJEB76496	Klebsiella pneumoniae	Klebsiella	27	23	4	85.185	22	4	3
GCF_964199155.1	SAMEA115720012	PRJEB76496	Klebsiella pneumoniae	Klebsiella	27	23	4	85.185	22	4	3
GCF_964271355.1	SAMEA116056799	PRJEB80309	Klebsiella pneumoniae	Klebsiella	18	14	4	77.778	17	4	2
GCF_964271365.1	SAMEA116056800	PRJEB80309	Klebsiella pneumoniae	Klebsiella	34	30	4	88.235	28	7	5
