assembly_version	organism	scheme	st	profile
GCA_003948085.2	Acinetobacter baumannii	abaumannii_2	78	Pas_cpn60(25),Pas_fusA(3),Pas_gltA(6),Pas_pyrG(2),Pas_recA(28),Pas_rplB(1),Pas_rpoB(29)
GCA_002948925.1	Acinetobacter baumannii	abaumannii_2	229	Pas_cpn60(3),Pas_fusA(3),Pas_gltA(51),Pas_pyrG(2),Pas_recA(28),Pas_rplB(1),Pas_rpoB(3)
GCA_005280715.1	Acinetobacter baumannii	abaumannii_2	2	Pas_cpn60(2),Pas_fusA(2),Pas_gltA(2),Pas_pyrG(2),Pas_recA(2),Pas_rplB(2),Pas_rpoB(2)
GCA_002803025.2	Acinetobacter baumannii	abaumannii_2	1	Pas_cpn60(1),Pas_fusA(1),Pas_gltA(1),Pas_pyrG(1),Pas_recA(5),Pas_rplB(1),Pas_rpoB(1)
GCA_007221455.1	Acinetobacter baumannii	abaumannii_2	2	Pas_cpn60(2),Pas_fusA(2),Pas_gltA(2),Pas_pyrG(2),Pas_recA(2),Pas_rplB(2),Pas_rpoB(2)
GCA_003006035.1	Acinetobacter baumannii	abaumannii_2	25	Pas_cpn60(3),Pas_fusA(3),Pas_gltA(2),Pas_pyrG(4),Pas_recA(7),Pas_rplB(2),Pas_rpoB(4)
GCA_003181015.1	Acinetobacter baumannii	abaumannii_2	2	Pas_cpn60(2),Pas_fusA(2),Pas_gltA(2),Pas_pyrG(2),Pas_recA(2),Pas_rplB(2),Pas_rpoB(2)
GCA_008244865.1	Acinetobacter baumannii	abaumannii_2	2	Pas_cpn60(2),Pas_fusA(2),Pas_gltA(2),Pas_pyrG(2),Pas_recA(2),Pas_rplB(2),Pas_rpoB(2)
GCA_003949595.2	Acinetobacter baumannii	abaumannii_2	2	Pas_cpn60(2),Pas_fusA(2),Pas_gltA(2),Pas_pyrG(2),Pas_recA(2),Pas_rplB(2),Pas_rpoB(2)
GCA_008033255.2	Acinetobacter baumannii	abaumannii_2	2	Pas_cpn60(2),Pas_fusA(2),Pas_gltA(2),Pas_pyrG(2),Pas_recA(2),Pas_rplB(2),Pas_rpoB(2)
GCA_001674505.2	Acinetobacter baumannii	abaumannii_2	2	Pas_cpn60(2),Pas_fusA(2),Pas_gltA(2),Pas_pyrG(2),Pas_recA(2),Pas_rplB(2),Pas_rpoB(2)
GCA_008244885.1	Acinetobacter baumannii	abaumannii_2	2	Pas_cpn60(2),Pas_fusA(2),Pas_gltA(2),Pas_pyrG(2),Pas_recA(2),Pas_rplB(2),Pas_rpoB(2)
GCA_004101745.1	Acinetobacter baumannii	abaumannii_2	2	Pas_cpn60(2),Pas_fusA(2),Pas_gltA(2),Pas_pyrG(2),Pas_recA(2),Pas_rplB(2),Pas_rpoB(2)
GCA_004101725.1	Acinetobacter baumannii	abaumannii_2	2	Pas_cpn60(2),Pas_fusA(2),Pas_gltA(2),Pas_pyrG(2),Pas_recA(2),Pas_rplB(2),Pas_rpoB(2)
GCA_005280415.1	Acinetobacter baumannii	abaumannii_2	575	Pas_cpn60(1),Pas_fusA(3),Pas_gltA(2),Pas_pyrG(1),Pas_recA(4),Pas_rplB(4),Pas_rpoB(92)
GCA_004101705.1	Acinetobacter baumannii	abaumannii_2	2	Pas_cpn60(2),Pas_fusA(2),Pas_gltA(2),Pas_pyrG(2),Pas_recA(2),Pas_rplB(2),Pas_rpoB(2)
GCA_004136355.1	Acinetobacter baumannii	abaumannii_2	2	Pas_cpn60(2),Pas_fusA(2),Pas_gltA(2),Pas_pyrG(2),Pas_recA(2),Pas_rplB(2),Pas_rpoB(2)
GCA_003010655.1	Acinetobacter baumannii	abaumannii_2	2	Pas_cpn60(2),Pas_fusA(2),Pas_gltA(2),Pas_pyrG(2),Pas_recA(2),Pas_rplB(2),Pas_rpoB(2)
GCA_005519135.2	Acinetobacter baumannii	abaumannii_2	2	Pas_cpn60(2),Pas_fusA(2),Pas_gltA(2),Pas_pyrG(2),Pas_recA(2),Pas_rplB(2),Pas_rpoB(2)
GCA_003931775.1	Acinetobacter baumannii	abaumannii_2	2	Pas_cpn60(2),Pas_fusA(2),Pas_gltA(2),Pas_pyrG(2),Pas_recA(2),Pas_rplB(2),Pas_rpoB(2)
GCA_003264295.1	Acinetobacter baumannii	abaumannii_2	2	Pas_cpn60(2),Pas_fusA(2),Pas_gltA(2),Pas_pyrG(2),Pas_recA(2),Pas_rplB(2),Pas_rpoB(2)
GCA_003931755.1	Acinetobacter baumannii	abaumannii_2	2	Pas_cpn60(2),Pas_fusA(2),Pas_gltA(2),Pas_pyrG(2),Pas_recA(2),Pas_rplB(2),Pas_rpoB(2)
GCA_003948535.2	Acinetobacter baumannii	abaumannii_2	2	Pas_cpn60(2),Pas_fusA(2),Pas_gltA(2),Pas_pyrG(2),Pas_recA(2),Pas_rplB(2),Pas_rpoB(2)
GCA_004101685.1	Acinetobacter baumannii	abaumannii_2	2	Pas_cpn60(2),Pas_fusA(2),Pas_gltA(2),Pas_pyrG(2),Pas_recA(2),Pas_rplB(2),Pas_rpoB(2)
GCA_003264255.1	Acinetobacter baumannii	abaumannii_2	2	Pas_cpn60(2),Pas_fusA(2),Pas_gltA(2),Pas_pyrG(2),Pas_recA(2),Pas_rplB(2),Pas_rpoB(2)
GCA_008802935.1	Acinetobacter baumannii	abaumannii_2	203	Pas_cpn60(3),Pas_fusA(4),Pas_gltA(2),Pas_pyrG(2),Pas_recA(7),Pas_rplB(1),Pas_rpoB(2)
GCA_001668465.2	Acinetobacter baumannii	abaumannii_2	2	Pas_cpn60(2),Pas_fusA(2),Pas_gltA(2),Pas_pyrG(2),Pas_recA(2),Pas_rplB(2),Pas_rpoB(2)
GCA_003010675.1	Acinetobacter baumannii	abaumannii_2	-	Pas_cpn60(26),Pas_fusA(2,2),Pas_gltA(2),Pas_pyrG(2),Pas_recA(29),Pas_rplB(4),Pas_rpoB(5)
GCA_003948455.2	Acinetobacter baumannii	abaumannii_2	2	Pas_cpn60(2),Pas_fusA(2),Pas_gltA(2),Pas_pyrG(2),Pas_recA(2),Pas_rplB(2),Pas_rpoB(2)
GCA_000794125.2	Acinetobacter baumannii	abaumannii_2	1	Pas_cpn60(1),Pas_fusA(1),Pas_gltA(1),Pas_pyrG(1),Pas_recA(5),Pas_rplB(1),Pas_rpoB(1)
GCA_001674475.2	Acinetobacter baumannii	abaumannii_2	2	Pas_cpn60(2),Pas_fusA(2),Pas_gltA(2),Pas_pyrG(2),Pas_recA(2),Pas_rplB(2),Pas_rpoB(2)
GCA_008124045.1	Acinetobacter baumannii	abaumannii_2	294	Pas_cpn60(40),Pas_fusA(3),Pas_gltA(2),Pas_pyrG(2),Pas_recA(4),Pas_rplB(35),Pas_rpoB(4)
GCA_005280695.1	Acinetobacter baumannii	abaumannii_2	2	Pas_cpn60(2),Pas_fusA(2),Pas_gltA(2),Pas_pyrG(2),Pas_recA(2),Pas_rplB(2),Pas_rpoB(2)
GCA_002947845.1	Acinetobacter baumannii	abaumannii_2	79	Pas_cpn60(26),Pas_fusA(2),Pas_gltA(2),Pas_pyrG(2),Pas_recA(29),Pas_rplB(4),Pas_rpoB(5)
GCA_008244905.1	Acinetobacter baumannii	abaumannii_2	2	Pas_cpn60(2),Pas_fusA(2),Pas_gltA(2),Pas_pyrG(2),Pas_recA(2),Pas_rplB(2),Pas_rpoB(2)
GCA_003812065.1	Acinetobacter baumannii	abaumannii_2	1542	Pas_cpn60(1),Pas_fusA(4),Pas_gltA(5),Pas_pyrG(3),Pas_recA(6),Pas_rplB(2),Pas_rpoB(3)
GCA_006385075.1	Acinetobacter baumannii	abaumannii_2	1	Pas_cpn60(1),Pas_fusA(1),Pas_gltA(1),Pas_pyrG(1),Pas_recA(5),Pas_rplB(1),Pas_rpoB(1)
GCA_003812485.1	Acinetobacter baumannii	abaumannii_2	79	Pas_cpn60(26),Pas_fusA(2),Pas_gltA(2),Pas_pyrG(2),Pas_recA(29),Pas_rplB(4),Pas_rpoB(5)
GCA_003516005.1	Acinetobacter baumannii	abaumannii_2	1544	Pas_cpn60(2),Pas_fusA(2),Pas_gltA(2),Pas_pyrG(2),Pas_recA(2),Pas_rplB(129),Pas_rpoB(2)
GCA_003296225.1	Acinetobacter baumannii	abaumannii_2	1	Pas_cpn60(1),Pas_fusA(1),Pas_gltA(1),Pas_pyrG(1),Pas_recA(5),Pas_rplB(1),Pas_rpoB(1)
GCA_001895125.2	Acinetobacter baumannii	abaumannii_2	412	Pas_cpn60(1),Pas_fusA(52),Pas_gltA(2),Pas_pyrG(2),Pas_recA(67),Pas_rplB(4),Pas_rpoB(5)
GCA_003949115.2	Acinetobacter baumannii	abaumannii_2	78	Pas_cpn60(25),Pas_fusA(3),Pas_gltA(6),Pas_pyrG(2),Pas_recA(28),Pas_rplB(1),Pas_rpoB(29)
GCA_003812385.1	Acinetobacter baumannii	abaumannii_2	57	Pas_cpn60(1),Pas_fusA(3),Pas_gltA(17),Pas_pyrG(5),Pas_recA(3),Pas_rplB(1),Pas_rpoB(14)
GCA_003029495.1	Acinetobacter baumannii	abaumannii_2	2	Pas_cpn60(2),Pas_fusA(2),Pas_gltA(2),Pas_pyrG(2),Pas_recA(2),Pas_rplB(2),Pas_rpoB(2)
GCA_008630895.1	Acinetobacter baumannii	abaumannii_2	437	Pas_cpn60(3),Pas_fusA(2),Pas_gltA(2),Pas_pyrG(2),Pas_recA(30),Pas_rplB(4),Pas_rpoB(28)
GCA_003431865.1	Acinetobacter baumannii	abaumannii_2	32	Pas_cpn60(1),Pas_fusA(1),Pas_gltA(2),Pas_pyrG(2),Pas_recA(3),Pas_rplB(4),Pas_rpoB(4)
GCA_007107525.1	Acinetobacter baumannii	abaumannii_2	49	Pas_cpn60(3),Pas_fusA(3),Pas_gltA(6),Pas_pyrG(2),Pas_recA(3),Pas_rplB(1),Pas_rpoB(5)
GCA_003522845.1	Acinetobacter baumannii	abaumannii_2	1	Pas_cpn60(1),Pas_fusA(1),Pas_gltA(1),Pas_pyrG(1),Pas_recA(5),Pas_rplB(1),Pas_rpoB(1)
GCA_004564115.1	Acinetobacter baumannii	abaumannii_2	345	Pas_cpn60(26),Pas_fusA(4),Pas_gltA(2),Pas_pyrG(2),Pas_recA(9),Pas_rplB(2),Pas_rpoB(5)
GCA_003345235.1	Acinetobacter baumannii	abaumannii_2	156	Pas_cpn60(26),Pas_fusA(2),Pas_gltA(2),Pas_pyrG(2),Pas_recA(29),Pas_rplB(4),Pas_rpoB(4)
GCA_003522705.1	Acinetobacter baumannii	abaumannii_2	10	Pas_cpn60(1),Pas_fusA(3),Pas_gltA(2),Pas_pyrG(1),Pas_recA(4),Pas_rplB(4),Pas_rpoB(4)
GCA_002762545.2	Acinetobacter baumannii	abaumannii_2	2	Pas_cpn60(2),Pas_fusA(2),Pas_gltA(2),Pas_pyrG(2),Pas_recA(2),Pas_rplB(2),Pas_rpoB(2)
GCA_004564095.1	Acinetobacter baumannii	abaumannii_2	345	Pas_cpn60(26),Pas_fusA(4),Pas_gltA(2),Pas_pyrG(2),Pas_recA(9),Pas_rplB(2),Pas_rpoB(5)
GCA_002996805.1	Acinetobacter baumannii	abaumannii_2	1	Pas_cpn60(1),Pas_fusA(1),Pas_gltA(1),Pas_pyrG(1),Pas_recA(5),Pas_rplB(1),Pas_rpoB(1)
GCA_004758865.1	Acinetobacter baumannii	abaumannii_2	10	Pas_cpn60(1),Pas_fusA(3),Pas_gltA(2),Pas_pyrG(1),Pas_recA(4),Pas_rplB(4),Pas_rpoB(4)
GCA_003264275.1	Acinetobacter baumannii	abaumannii_2	2	Pas_cpn60(2),Pas_fusA(2),Pas_gltA(2),Pas_pyrG(2),Pas_recA(2),Pas_rplB(2),Pas_rpoB(2)
GCA_005280435.1	Acinetobacter baumannii	abaumannii_2	622	Pas_cpn60(3),Pas_fusA(12),Pas_gltA(11),Pas_pyrG(2),Pas_recA(14),Pas_rplB(4),Pas_rpoB(14)
GCA_003547115.1	Acinetobacter baumannii	abaumannii_2	32	Pas_cpn60(1),Pas_fusA(1),Pas_gltA(2),Pas_pyrG(2),Pas_recA(3),Pas_rplB(4),Pas_rpoB(4)
GCA_003591615.1	Acinetobacter baumannii	abaumannii_2	922	Pas_cpn60(2),Pas_fusA(2),Pas_gltA(2),Pas_pyrG(75),Pas_recA(2),Pas_rplB(2),Pas_rpoB(2)
GCA_000226275.2	Acinetobacter baumannii	abaumannii_2	2	Pas_cpn60(2),Pas_fusA(2),Pas_gltA(2),Pas_pyrG(2),Pas_recA(2),Pas_rplB(2),Pas_rpoB(2)
GCA_003949725.2	Acinetobacter baumannii	abaumannii_2	78	Pas_cpn60(25),Pas_fusA(3),Pas_gltA(6),Pas_pyrG(2),Pas_recA(28),Pas_rplB(1),Pas_rpoB(29)
GCA_003288775.1	Acinetobacter baumannii	abaumannii_2	2	Pas_cpn60(2),Pas_fusA(2),Pas_gltA(2),Pas_pyrG(2),Pas_recA(2),Pas_rplB(2),Pas_rpoB(2)
GCA_002947415.1	Acinetobacter baumannii	abaumannii_2	2	Pas_cpn60(2),Pas_fusA(2),Pas_gltA(2),Pas_pyrG(2),Pas_recA(2),Pas_rplB(2),Pas_rpoB(2)
GCA_011067065.1	Acinetobacter baumannii	abaumannii_2	2	Pas_cpn60(2),Pas_fusA(2),Pas_gltA(2),Pas_pyrG(2),Pas_recA(2),Pas_rplB(2),Pas_rpoB(2)
GCA_001669145.2	Acinetobacter baumannii	abaumannii_2	2	Pas_cpn60(2),Pas_fusA(2),Pas_gltA(2),Pas_pyrG(2),Pas_recA(2),Pas_rplB(2),Pas_rpoB(2)
GCA_005280395.1	Acinetobacter baumannii	abaumannii_2	1512	Pas_cpn60(1),Pas_fusA(3),Pas_gltA(10),Pas_pyrG(1),Pas_recA(4),Pas_rplB(1),Pas_rpoB(4)
GCA_002902885.1	Acinetobacter baumannii	abaumannii_2	1543	Pas_cpn60(3),Pas_fusA(4),Pas_gltA(2),Pas_pyrG(2),Pas_recA(7),Pas_rplB(1),Pas_rpoB(4)
GCA_003627485.2	Acinetobacter baumannii	abaumannii_2	2	Pas_cpn60(2),Pas_fusA(2),Pas_gltA(2),Pas_pyrG(2),Pas_recA(2),Pas_rplB(2),Pas_rpoB(2)
GCA_005280375.1	Acinetobacter baumannii	abaumannii_2	2	Pas_cpn60(2),Pas_fusA(2),Pas_gltA(2),Pas_pyrG(2),Pas_recA(2),Pas_rplB(2),Pas_rpoB(2)
GCA_009497995.1	Acinetobacter baumannii	abaumannii_2	422	Pas_cpn60(26),Pas_fusA(72),Pas_gltA(2),Pas_pyrG(2),Pas_recA(29),Pas_rplB(4),Pas_rpoB(5)
GCA_004028375.1	Acinetobacter baumannii	abaumannii_2	77	Pas_cpn60(3),Pas_fusA(2),Pas_gltA(2),Pas_pyrG(2),Pas_recA(3),Pas_rplB(4),Pas_rpoB(28)
GCA_003522665.1	Acinetobacter baumannii	abaumannii_2	422	Pas_cpn60(26),Pas_fusA(72),Pas_gltA(2),Pas_pyrG(2),Pas_recA(29),Pas_rplB(4),Pas_rpoB(5)
GCA_009833005.1	Acinetobacter baumannii	abaumannii_2	825	Pas_cpn60(3),Pas_fusA(2),Pas_gltA(2),Pas_pyrG(2),Pas_recA(7),Pas_rplB(4),Pas_rpoB(4)
GCA_009937725.1	Klebsiella aerogenes	klebsiella	-	gapA(~209),infB(196?),mdh(-),pgi(198?),phoE(-),rpoB(-),tonB(-)
GCA_005280675.1	Acinetobacter baumannii	abaumannii_2	285	Pas_cpn60(1),Pas_fusA(52),Pas_gltA(2),Pas_pyrG(2),Pas_recA(9),Pas_rplB(4),Pas_rpoB(2)
GCA_009498335.1	Acinetobacter baumannii	abaumannii_2	2	Pas_cpn60(2),Pas_fusA(2),Pas_gltA(2),Pas_pyrG(2),Pas_recA(2),Pas_rplB(2),Pas_rpoB(2)
GCA_003522885.1	Acinetobacter baumannii	abaumannii_2	2	Pas_cpn60(2),Pas_fusA(2),Pas_gltA(2),Pas_pyrG(2),Pas_recA(2),Pas_rplB(2),Pas_rpoB(2)
GCA_008931365.1	Acinetobacter baumannii	abaumannii_2	1547	Pas_cpn60(13),Pas_fusA(3),Pas_gltA(7),Pas_pyrG(3),Pas_recA(7),Pas_rplB(1),Pas_rpoB(16)
GCA_002999195.2	Acinetobacter baumannii	abaumannii_2	20	Pas_cpn60(3),Pas_fusA(1),Pas_gltA(1),Pas_pyrG(1),Pas_recA(5),Pas_rplB(1),Pas_rpoB(1)
GCA_004194555.1	Acinetobacter baumannii	abaumannii_2	1197	Pas_cpn60(1),Pas_fusA(4),Pas_gltA(2),Pas_pyrG(2),Pas_recA(7),Pas_rplB(58),Pas_rpoB(2)
GCA_009740145.1	Acinetobacter baumannii	abaumannii_2	150	Pas_cpn60(39),Pas_fusA(2),Pas_gltA(2),Pas_pyrG(2),Pas_recA(4),Pas_rplB(27),Pas_rpoB(4)
GCA_008632635.1	Acinetobacter baumannii	abaumannii_2	46	Pas_cpn60(5),Pas_fusA(12),Pas_gltA(11),Pas_pyrG(2),Pas_recA(14),Pas_rplB(9),Pas_rpoB(14)
GCA_003012895.3	Acinetobacter baumannii	abaumannii_2	-	Pas_cpn60(13),Pas_fusA(~3),Pas_gltA(7),Pas_pyrG(26),Pas_recA(7),Pas_rplB(1),Pas_rpoB(29)
GCA_004768705.1	Acinetobacter baumannii	abaumannii_2	85	Pas_cpn60(5),Pas_fusA(2),Pas_gltA(4),Pas_pyrG(1),Pas_recA(3),Pas_rplB(3),Pas_rpoB(4)
GCA_003522785.1	Acinetobacter baumannii	abaumannii_2	2	Pas_cpn60(2),Pas_fusA(2),Pas_gltA(2),Pas_pyrG(2),Pas_recA(2),Pas_rplB(2),Pas_rpoB(2)
GCA_009759685.1	Acinetobacter baumannii	abaumannii_2	52	Pas_cpn60(3),Pas_fusA(2),Pas_gltA(2),Pas_pyrG(7),Pas_recA(9),Pas_rplB(1),Pas_rpoB(5)
GCA_009035845.1	Acinetobacter baumannii	abaumannii_2	52	Pas_cpn60(3),Pas_fusA(2),Pas_gltA(2),Pas_pyrG(7),Pas_recA(9),Pas_rplB(1),Pas_rpoB(5)
GCA_003359255.2	Acinetobacter baumannii	abaumannii_2	195	Pas_cpn60(2),Pas_fusA(2),Pas_gltA(2),Pas_pyrG(2),Pas_recA(2),Pas_rplB(1),Pas_rpoB(2)
GCA_009455505.1	Acinetobacter baumannii	abaumannii_2	2	Pas_cpn60(2),Pas_fusA(2),Pas_gltA(2),Pas_pyrG(2),Pas_recA(2),Pas_rplB(2),Pas_rpoB(2)
GCA_007647215.1	Acinetobacter baumannii	abaumannii_2	2	Pas_cpn60(2),Pas_fusA(2),Pas_gltA(2),Pas_pyrG(2),Pas_recA(2),Pas_rplB(2),Pas_rpoB(2)
GCA_002950495.2	Acinetobacter baumannii	abaumannii_2	2	Pas_cpn60(2),Pas_fusA(2),Pas_gltA(2),Pas_pyrG(2),Pas_recA(2),Pas_rplB(2),Pas_rpoB(2)
GCA_005671375.1	Acinetobacter baumannii	abaumannii_2	2	Pas_cpn60(2),Pas_fusA(2),Pas_gltA(2),Pas_pyrG(2),Pas_recA(2),Pas_rplB(2),Pas_rpoB(2)
GCA_004797155.2	Acinetobacter baumannii	abaumannii_2	437	Pas_cpn60(3),Pas_fusA(2),Pas_gltA(2),Pas_pyrG(2),Pas_recA(30),Pas_rplB(4),Pas_rpoB(28)
GCA_008807055.1	Acinetobacter baumannii	abaumannii_2	2	Pas_cpn60(2),Pas_fusA(2),Pas_gltA(2),Pas_pyrG(2),Pas_recA(2),Pas_rplB(2),Pas_rpoB(2)
GCA_005518095.1	Acinetobacter baumannii	abaumannii_2	25	Pas_cpn60(3),Pas_fusA(3),Pas_gltA(2),Pas_pyrG(4),Pas_recA(7),Pas_rplB(2),Pas_rpoB(4)
GCA_005280355.1	Acinetobacter baumannii	abaumannii_2	2	Pas_cpn60(2),Pas_fusA(2),Pas_gltA(2),Pas_pyrG(2),Pas_recA(2),Pas_rplB(2),Pas_rpoB(2)
GCA_008386255.1	Klebsiella pneumoniae	klebsiella	-	gapA(~295),infB(~230),mdh(1),pgi(~235),phoE(396?),rpoB(~206),tonB(1)
GCA_008386275.1	Klebsiella pneumoniae	klebsiella	-	gapA(207?),infB(161?),mdh(1),pgi(235?),phoE(535?),rpoB(312?),tonB(~547)
GCA_009931155.1	Klebsiella pneumoniae	klebsiella	11	gapA(3),infB(3),mdh(1),pgi(1),phoE(1),rpoB(1),tonB(4)
GCA_002307335.2	Klebsiella pneumoniae	klebsiella	3813	gapA(221),infB(3),mdh(259),pgi(254),phoE(396),rpoB(224),tonB(160)
GCA_012272755.1	Acinetobacter baumannii	abaumannii_2	2	Pas_cpn60(2),Pas_fusA(2),Pas_gltA(2),Pas_pyrG(2),Pas_recA(2),Pas_rplB(2),Pas_rpoB(2)
GCA_016350105.1	Acinetobacter baumannii	abaumannii_2	2	Pas_cpn60(2),Pas_fusA(2),Pas_gltA(2),Pas_pyrG(2),Pas_recA(2),Pas_rplB(2),Pas_rpoB(2)
GCA_013394265.1	Acinetobacter baumannii	abaumannii_2	1093	Pas_cpn60(1),Pas_fusA(158),Pas_gltA(2),Pas_pyrG(2),Pas_recA(165),Pas_rplB(1),Pas_rpoB(2)
GCA_013787185.1	Acinetobacter baumannii	abaumannii_2	203	Pas_cpn60(3),Pas_fusA(4),Pas_gltA(2),Pas_pyrG(2),Pas_recA(7),Pas_rplB(1),Pas_rpoB(2)
GCA_013416275.1	Acinetobacter baumannii	abaumannii_2	239	Pas_cpn60(1),Pas_fusA(4),Pas_gltA(2),Pas_pyrG(2),Pas_recA(7),Pas_rplB(1),Pas_rpoB(4)
GCA_017096345.2	Acinetobacter baumannii	abaumannii_2	2	Pas_cpn60(2),Pas_fusA(2),Pas_gltA(2),Pas_pyrG(2),Pas_recA(2),Pas_rplB(2),Pas_rpoB(2)
GCA_013416255.1	Acinetobacter baumannii	abaumannii_2	374	Pas_cpn60(3),Pas_fusA(2),Pas_gltA(2),Pas_pyrG(2),Pas_recA(3),Pas_rplB(4),Pas_rpoB(4)
GCA_012931625.1	Acinetobacter baumannii	abaumannii_2	103	Pas_cpn60(7),Pas_fusA(3),Pas_gltA(2),Pas_pyrG(1),Pas_recA(7),Pas_rplB(1),Pas_rpoB(4)
GCA_012272795.1	Acinetobacter baumannii	abaumannii_2	2	Pas_cpn60(2),Pas_fusA(2),Pas_gltA(2),Pas_pyrG(2),Pas_recA(2),Pas_rplB(2),Pas_rpoB(2)
GCA_016864915.1	Acinetobacter baumannii	abaumannii_2	78	Pas_cpn60(25),Pas_fusA(3),Pas_gltA(6),Pas_pyrG(2),Pas_recA(28),Pas_rplB(1),Pas_rpoB(29)
GCA_016865465.1	Acinetobacter baumannii	abaumannii_2	571	Pas_cpn60(2),Pas_fusA(2),Pas_gltA(2),Pas_pyrG(2),Pas_recA(104),Pas_rplB(2),Pas_rpoB(4)
GCA_013305465.1	Acinetobacter baumannii	abaumannii_2	2	Pas_cpn60(2),Pas_fusA(2),Pas_gltA(2),Pas_pyrG(2),Pas_recA(2),Pas_rplB(2),Pas_rpoB(2)
GCA_012272715.1	Acinetobacter baumannii	abaumannii_2	2	Pas_cpn60(2),Pas_fusA(2),Pas_gltA(2),Pas_pyrG(2),Pas_recA(2),Pas_rplB(2),Pas_rpoB(2)
GCA_014267385.1	Acinetobacter baumannii	abaumannii_2	2	Pas_cpn60(2),Pas_fusA(2),Pas_gltA(2),Pas_pyrG(2),Pas_recA(2),Pas_rplB(2),Pas_rpoB(2)
GCA_012934965.1	Acinetobacter baumannii	abaumannii_2	2	Pas_cpn60(2),Pas_fusA(2),Pas_gltA(2),Pas_pyrG(2),Pas_recA(2),Pas_rplB(2),Pas_rpoB(2)
GCA_016903135.1	Acinetobacter baumannii	abaumannii_2	2	Pas_cpn60(2),Pas_fusA(2),Pas_gltA(2),Pas_pyrG(2),Pas_recA(2),Pas_rplB(2),Pas_rpoB(2)
GCA_012935085.1	Acinetobacter baumannii	abaumannii_2	10	Pas_cpn60(1),Pas_fusA(3),Pas_gltA(2),Pas_pyrG(1),Pas_recA(4),Pas_rplB(4),Pas_rpoB(4)
GCA_012931605.1	Acinetobacter baumannii	abaumannii_2	1472	Pas_cpn60(3),Pas_fusA(1),Pas_gltA(5),Pas_pyrG(26),Pas_recA(13),Pas_rplB(2),Pas_rpoB(3)
GCA_012935045.1	Acinetobacter baumannii	abaumannii_2	2	Pas_cpn60(2),Pas_fusA(2),Pas_gltA(2),Pas_pyrG(2),Pas_recA(2),Pas_rplB(2),Pas_rpoB(2)
GCA_016127515.1	Acinetobacter baumannii	abaumannii_2	1	Pas_cpn60(1),Pas_fusA(1),Pas_gltA(1),Pas_pyrG(1),Pas_recA(5),Pas_rplB(1),Pas_rpoB(1)
GCA_014881055.2	Acinetobacter baumannii	abaumannii_2	2	Pas_cpn60(2),Pas_fusA(2),Pas_gltA(2),Pas_pyrG(2),Pas_recA(2),Pas_rplB(2),Pas_rpoB(2)
GCA_012935065.1	Acinetobacter baumannii	abaumannii_2	2	Pas_cpn60(2),Pas_fusA(2),Pas_gltA(2),Pas_pyrG(2),Pas_recA(2),Pas_rplB(2),Pas_rpoB(2)
GCA_012974845.1	Acinetobacter baumannii	abaumannii_2	2	Pas_cpn60(2),Pas_fusA(2),Pas_gltA(2),Pas_pyrG(2),Pas_recA(2),Pas_rplB(2),Pas_rpoB(2)
GCA_016350065.1	Acinetobacter baumannii	abaumannii_2	2	Pas_cpn60(2),Pas_fusA(2),Pas_gltA(2),Pas_pyrG(2),Pas_recA(2),Pas_rplB(2),Pas_rpoB(2)
GCA_013376855.2	Acinetobacter baumannii	abaumannii_2	570	Pas_cpn60(2),Pas_fusA(2),Pas_gltA(2),Pas_pyrG(2),Pas_recA(2),Pas_rplB(2),Pas_rpoB(4)
GCA_012935125.1	Acinetobacter baumannii	abaumannii_2	10	Pas_cpn60(1),Pas_fusA(3),Pas_gltA(2),Pas_pyrG(1),Pas_recA(4),Pas_rplB(4),Pas_rpoB(4)
GCA_017096325.2	Acinetobacter baumannii	abaumannii_2	2	Pas_cpn60(2),Pas_fusA(2),Pas_gltA(2),Pas_pyrG(2),Pas_recA(2),Pas_rplB(2),Pas_rpoB(2)
GCA_014880215.2	Acinetobacter baumannii	abaumannii_2	499	Pas_cpn60(5),Pas_fusA(2),Pas_gltA(39),Pas_pyrG(2),Pas_recA(3),Pas_rplB(1),Pas_rpoB(5)
GCA_016350085.1	Acinetobacter baumannii	abaumannii_2	2	Pas_cpn60(2),Pas_fusA(2),Pas_gltA(2),Pas_pyrG(2),Pas_recA(2),Pas_rplB(2),Pas_rpoB(2)
GCA_012935105.1	Acinetobacter baumannii	abaumannii_2	10	Pas_cpn60(1),Pas_fusA(3),Pas_gltA(2),Pas_pyrG(1),Pas_recA(4),Pas_rplB(4),Pas_rpoB(4)
GCA_013403505.1	Acinetobacter baumannii	abaumannii_2	1	Pas_cpn60(1),Pas_fusA(1),Pas_gltA(1),Pas_pyrG(1),Pas_recA(5),Pas_rplB(1),Pas_rpoB(1)
GCA_016903215.1	Acinetobacter baumannii	abaumannii_2	2	Pas_cpn60(2),Pas_fusA(2),Pas_gltA(2),Pas_pyrG(2),Pas_recA(2),Pas_rplB(2),Pas_rpoB(2)
GCA_016864295.1	Acinetobacter baumannii	abaumannii_2	1077	Pas_cpn60(25),Pas_fusA(3),Pas_gltA(6),Pas_pyrG(2),Pas_recA(28),Pas_rplB(1),Pas_rpoB(2)
GCA_016350005.1	Acinetobacter baumannii	abaumannii_2	2	Pas_cpn60(2),Pas_fusA(2),Pas_gltA(2),Pas_pyrG(2),Pas_recA(2),Pas_rplB(2),Pas_rpoB(2)
GCA_015870765.1	Acinetobacter baumannii	abaumannii_2	570	Pas_cpn60(2),Pas_fusA(2),Pas_gltA(2),Pas_pyrG(2),Pas_recA(2),Pas_rplB(2),Pas_rpoB(4)
GCA_012272775.1	Acinetobacter baumannii	abaumannii_2	2	Pas_cpn60(2),Pas_fusA(2),Pas_gltA(2),Pas_pyrG(2),Pas_recA(2),Pas_rplB(2),Pas_rpoB(2)
GCA_014705825.1	Acinetobacter baumannii	abaumannii_2	2	Pas_cpn60(2),Pas_fusA(2),Pas_gltA(2),Pas_pyrG(2),Pas_recA(2),Pas_rplB(2),Pas_rpoB(2)
GCA_014169655.1	Acinetobacter baumannii	abaumannii_2	1548	Pas_cpn60(3),Pas_fusA(2),Pas_gltA(2),Pas_pyrG(2),Pas_recA(3),Pas_rplB(1),Pas_rpoB(4)
GCA_012935145.1	Acinetobacter baumannii	abaumannii_2	2	Pas_cpn60(2),Pas_fusA(2),Pas_gltA(2),Pas_pyrG(2),Pas_recA(2),Pas_rplB(2),Pas_rpoB(2)
GCA_014882805.2	Acinetobacter baumannii	abaumannii_2	2	Pas_cpn60(2),Pas_fusA(2),Pas_gltA(2),Pas_pyrG(2),Pas_recA(2),Pas_rplB(2),Pas_rpoB(2)
GCA_015356075.1	Acinetobacter baumannii	abaumannii_2	-	Pas_cpn60(50),Pas_fusA(421?),Pas_gltA(6?),Pas_pyrG(1),Pas_recA(3),Pas_rplB(4),Pas_rpoB(4)
GCA_012934985.1	Acinetobacter baumannii	abaumannii_2	2	Pas_cpn60(2),Pas_fusA(2),Pas_gltA(2),Pas_pyrG(2),Pas_recA(2),Pas_rplB(2),Pas_rpoB(2)
GCA_012272735.1	Acinetobacter baumannii	abaumannii_2	2	Pas_cpn60(2),Pas_fusA(2),Pas_gltA(2),Pas_pyrG(2),Pas_recA(2),Pas_rplB(2),Pas_rpoB(2)
GCA_012974585.1	Acinetobacter baumannii	abaumannii_2	23	Pas_cpn60(1),Pas_fusA(3),Pas_gltA(10),Pas_pyrG(1),Pas_recA(4),Pas_rplB(4),Pas_rpoB(4)
GCA_015135635.1	Klebsiella planticola	klebsiella	-	gapA(~146),infB(~120),mdh(-),pgi(~170),phoE(-),rpoB(~148),tonB(-)
GCA_014322245.1	Acinetobacter baumannii	abaumannii_2	138	Pas_cpn60(3),Pas_fusA(3),Pas_gltA(7),Pas_pyrG(26),Pas_recA(7),Pas_rplB(1),Pas_rpoB(4)
GCA_014705785.1	Acinetobacter baumannii	abaumannii_2	2	Pas_cpn60(2),Pas_fusA(2),Pas_gltA(2),Pas_pyrG(2),Pas_recA(2),Pas_rplB(2),Pas_rpoB(2)
GCA_013372085.1	Acinetobacter baumannii	abaumannii_2	437	Pas_cpn60(3),Pas_fusA(2),Pas_gltA(2),Pas_pyrG(2),Pas_recA(30),Pas_rplB(4),Pas_rpoB(28)
GCA_014672735.1	Acinetobacter baumannii	abaumannii_2	172	Pas_cpn60(1),Pas_fusA(16),Pas_gltA(2),Pas_pyrG(6),Pas_recA(18),Pas_rplB(4),Pas_rpoB(4)
GCA_013377395.1	Klebsiella pneumoniae	klebsiella	16	gapA(2),infB(1),mdh(2),pgi(1),phoE(4),rpoB(4),tonB(4)
GCA_013394285.1	Acinetobacter baumannii	abaumannii_2	16	Pas_cpn60(7),Pas_fusA(7),Pas_gltA(2),Pas_pyrG(2),Pas_recA(8),Pas_rplB(4),Pas_rpoB(4)
GCA_013283995.1	Klebsiella michiganensis	klebsiella	-	gapA(~147),infB(-),mdh(-),pgi(-),phoE(-),rpoB(~276),tonB(-)
GCA_014705865.1	Acinetobacter baumannii	abaumannii_2	2	Pas_cpn60(2),Pas_fusA(2),Pas_gltA(2),Pas_pyrG(2),Pas_recA(2),Pas_rplB(2),Pas_rpoB(2)
GCA_012935025.1	Acinetobacter baumannii	abaumannii_2	2	Pas_cpn60(2),Pas_fusA(2),Pas_gltA(2),Pas_pyrG(2),Pas_recA(2),Pas_rplB(2),Pas_rpoB(2)
GCA_014171935.1	Acinetobacter baumannii	abaumannii_2	63	Pas_cpn60(17),Pas_fusA(20),Pas_gltA(23),Pas_pyrG(10),Pas_recA(20),Pas_rplB(13),Pas_rpoB(20)
GCA_012934925.1	Acinetobacter baumannii	abaumannii_2	2	Pas_cpn60(2),Pas_fusA(2),Pas_gltA(2),Pas_pyrG(2),Pas_recA(2),Pas_rplB(2),Pas_rpoB(2)
GCA_012934945.1	Acinetobacter baumannii	abaumannii_2	2	Pas_cpn60(2),Pas_fusA(2),Pas_gltA(2),Pas_pyrG(2),Pas_recA(2),Pas_rplB(2),Pas_rpoB(2)
GCA_016864335.2	Acinetobacter baumannii	abaumannii_2	-	Pas_cpn60(25),Pas_fusA(3),Pas_gltA(6),Pas_pyrG(-),Pas_recA(28),Pas_rplB(1),Pas_rpoB(29)
GCA_015910475.1	Acinetobacter baumannii	abaumannii_2	438	Pas_cpn60(3),Pas_fusA(2),Pas_gltA(2),Pas_pyrG(7),Pas_recA(9),Pas_rplB(4),Pas_rpoB(5)
GCA_015870965.1	Acinetobacter baumannii	abaumannii_2	570	Pas_cpn60(2),Pas_fusA(2),Pas_gltA(2),Pas_pyrG(2),Pas_recA(2),Pas_rplB(2),Pas_rpoB(4)
GCA_013733775.1	Klebsiella oxytoca	klebsiella	-	gapA(~147),infB(-),mdh(-),pgi(~174),phoE(-),rpoB(~276),tonB(-)
GCA_016864315.2	Acinetobacter baumannii	abaumannii_2	78	Pas_cpn60(25),Pas_fusA(3),Pas_gltA(6),Pas_pyrG(2),Pas_recA(28),Pas_rplB(1),Pas_rpoB(29)
GCA_014159355.1	Acinetobacter baumannii	abaumannii_2	213	Pas_cpn60(3),Pas_fusA(3),Pas_gltA(7),Pas_pyrG(1),Pas_recA(7),Pas_rplB(1),Pas_rpoB(4)
GCA_012931665.1	Acinetobacter baumannii	abaumannii_2	107	Pas_cpn60(34),Pas_fusA(35),Pas_gltA(37),Pas_pyrG(1),Pas_recA(5),Pas_rplB(6),Pas_rpoB(36)
GCA_015732435.1	Acinetobacter baumannii	abaumannii_2	1555	Pas_cpn60(2),Pas_fusA(2),Pas_gltA(181),Pas_pyrG(2),Pas_recA(2),Pas_rplB(2),Pas_rpoB(2)
GCA_014655455.2	Klebsiella pneumoniae	klebsiella	789	gapA(25),infB(10),mdh(1),pgi(1),phoE(20),rpoB(1),tonB(22)
GCA_014672755.1	Acinetobacter baumannii	abaumannii_2	52	Pas_cpn60(3),Pas_fusA(2),Pas_gltA(2),Pas_pyrG(7),Pas_recA(9),Pas_rplB(1),Pas_rpoB(5)
GCA_012935165.1	Acinetobacter baumannii	abaumannii_2	2	Pas_cpn60(2),Pas_fusA(2),Pas_gltA(2),Pas_pyrG(2),Pas_recA(2),Pas_rplB(2),Pas_rpoB(2)
GCA_013737895.1	Klebsiella oxytoca	klebsiella	-	gapA(~147),infB(-),mdh(-),pgi(~174),phoE(-),rpoB(~276),tonB(-)
GCA_016919505.2	Acinetobacter baumannii	abaumannii_2	1	Pas_cpn60(1),Pas_fusA(1),Pas_gltA(1),Pas_pyrG(1),Pas_recA(5),Pas_rplB(1),Pas_rpoB(1)
GCA_012935185.1	Acinetobacter baumannii	abaumannii_2	2	Pas_cpn60(2),Pas_fusA(2),Pas_gltA(2),Pas_pyrG(2),Pas_recA(2),Pas_rplB(2),Pas_rpoB(2)
GCA_014672775.1	Acinetobacter baumannii	abaumannii_2	437	Pas_cpn60(3),Pas_fusA(2),Pas_gltA(2),Pas_pyrG(2),Pas_recA(30),Pas_rplB(4),Pas_rpoB(28)
GCA_013751295.1	Klebsiella oxytoca	klebsiella	-	gapA(~147),infB(-),mdh(-),pgi(~174),phoE(-),rpoB(~276),tonB(-)
GCA_014705985.1	Acinetobacter baumannii	abaumannii_2	-	Pas_cpn60(490?),Pas_fusA(2),Pas_gltA(2),Pas_pyrG(2),Pas_recA(30),Pas_rplB(4),Pas_rpoB(28)
GCA_014705885.1	Acinetobacter baumannii	abaumannii_2	2	Pas_cpn60(2),Pas_fusA(2),Pas_gltA(2),Pas_pyrG(2),Pas_recA(2),Pas_rplB(2),Pas_rpoB(2)
GCA_013784845.1	Klebsiella oxytoca	klebsiella	-	gapA(~147),infB(-),mdh(-),pgi(~174),phoE(-),rpoB(~276),tonB(-)
GCA_012935005.1	Acinetobacter baumannii	abaumannii_2	1	Pas_cpn60(1),Pas_fusA(1),Pas_gltA(1),Pas_pyrG(1),Pas_recA(5),Pas_rplB(1),Pas_rpoB(1)
GCA_014874575.1	Acinetobacter baumannii	abaumannii_2	126	Pas_cpn60(3),Pas_fusA(2),Pas_gltA(7),Pas_pyrG(2),Pas_recA(7),Pas_rplB(1),Pas_rpoB(3)
GCA_012934905.1	Acinetobacter baumannii	abaumannii_2	25	Pas_cpn60(3),Pas_fusA(3),Pas_gltA(2),Pas_pyrG(4),Pas_recA(7),Pas_rplB(2),Pas_rpoB(4)
GCA_013747515.1	Klebsiella oxytoca	klebsiella	-	gapA(~147),infB(-),mdh(-),pgi(-),phoE(-),rpoB(~276),tonB(-)
GCA_011765405.1	Klebsiella pneumoniae	klebsiella	11	gapA(3),infB(3),mdh(1),pgi(1),phoE(1),rpoB(1),tonB(4)
GCA_014705805.1	Acinetobacter baumannii	abaumannii_2	2	Pas_cpn60(2),Pas_fusA(2),Pas_gltA(2),Pas_pyrG(2),Pas_recA(2),Pas_rplB(2),Pas_rpoB(2)
GCA_016919525.2	Acinetobacter baumannii	abaumannii_2	1	Pas_cpn60(1),Pas_fusA(1),Pas_gltA(1),Pas_pyrG(1),Pas_recA(5),Pas_rplB(1),Pas_rpoB(1)
GCA_015571935.1	Acinetobacter baumannii	abaumannii_2	2252	Pas_cpn60(5),Pas_fusA(4),Pas_gltA(2),Pas_pyrG(1),Pas_recA(3),Pas_rplB(1),Pas_rpoB(5)
GCA_011765425.1	Klebsiella pneumoniae	klebsiella	-	gapA(3),infB(3),mdh(1),pgi(487?),phoE(1),rpoB(1),tonB(4)
GCA_012931645.1	Acinetobacter baumannii	abaumannii_2	103	Pas_cpn60(7),Pas_fusA(3),Pas_gltA(2),Pas_pyrG(1),Pas_recA(7),Pas_rplB(1),Pas_rpoB(4)
GCA_013377175.1	Acinetobacter baumannii	abaumannii_2	108	Pas_cpn60(35),Pas_fusA(1),Pas_gltA(11),Pas_pyrG(7),Pas_recA(9),Pas_rplB(25),Pas_rpoB(2)
GCA_014705845.1	Acinetobacter baumannii	abaumannii_2	2	Pas_cpn60(2),Pas_fusA(2),Pas_gltA(2),Pas_pyrG(2),Pas_recA(2),Pas_rplB(2),Pas_rpoB(2)
GCA_016797255.2	Klebsiella pneumoniae	klebsiella	258	gapA(3),infB(3),mdh(1),pgi(1),phoE(1),rpoB(1),tonB(79)
GCA_013737205.1	Klebsiella oxytoca	klebsiella	-	gapA(~147),infB(-),mdh(-),pgi(~174),phoE(-),rpoB(~276),tonB(-)
GCA_015284345.1	Klebsiella variicola	klebsiella	-	gapA(45),infB(24),mdh(21),pgi(66),phoE(47),rpoB(22),tonB(288)
GCA_015476055.1	Klebsiella variicola	klebsiella	-	gapA(60?),infB(24),mdh(21),pgi(53),phoE(54),rpoB(22),tonB(288)
GCA_015278035.1	Klebsiella quasipneumoniae	klebsiella	3864	gapA(18),infB(71),mdh(281),pgi(59),phoE(31),rpoB(92),tonB(50)
GCA_015285425.1	Klebsiella variicola	klebsiella	1505	gapA(16),infB(90),mdh(84),pgi(49),phoE(194),rpoB(17),tonB(67)
GCA_011742775.2	Klebsiella pneumoniae	klebsiella	2096	gapA(1),infB(6),mdh(1),pgi(1),phoE(1),rpoB(46),tonB(1)
GCA_011765385.1	Klebsiella pneumoniae	klebsiella	-	gapA(3),infB(3),mdh(574?),pgi(1),phoE(1),rpoB(1),tonB(4)
GCA_015318225.2	Klebsiella pneumoniae	klebsiella	29	gapA(2),infB(3),mdh(2),pgi(2),phoE(6),rpoB(4),tonB(4)
GCA_016753995.2	Klebsiella pneumoniae	klebsiella	11	gapA(3),infB(3),mdh(1),pgi(1),phoE(1),rpoB(1),tonB(4)
GCA_015475915.1	Klebsiella pneumoniae	klebsiella	846	gapA(2),infB(1),mdh(97),pgi(1),phoE(9),rpoB(4),tonB(13)
GCA_015644745.1	Klebsiella pneumoniae	klebsiella	-	gapA(~294),infB(~155),mdh(274?),pgi(246?),phoE(535?),rpoB(204?),tonB(511?)
GCA_017098185.2	Acinetobacter baumannii	abaumannii_2	2	Pas_cpn60(2),Pas_fusA(2),Pas_gltA(2),Pas_pyrG(2),Pas_recA(2),Pas_rplB(2),Pas_rpoB(2)
GCA_017096365.2	Acinetobacter baumannii	abaumannii_2	2	Pas_cpn60(2),Pas_fusA(2),Pas_gltA(2),Pas_pyrG(2),Pas_recA(2),Pas_rplB(2),Pas_rpoB(2)
GCA_017098205.2	Acinetobacter baumannii	abaumannii_2	2	Pas_cpn60(2),Pas_fusA(2),Pas_gltA(2),Pas_pyrG(2),Pas_recA(2),Pas_rplB(2),Pas_rpoB(2)
GCA_018135585.1	Acinetobacter baumannii	abaumannii_2	221	Pas_cpn60(3),Pas_fusA(1),Pas_gltA(2),Pas_pyrG(1),Pas_recA(18),Pas_rplB(1),Pas_rpoB(48)
GCA_019903155.1	Acinetobacter baumannii	abaumannii_2	648	Pas_cpn60(1),Pas_fusA(3),Pas_gltA(11),Pas_pyrG(5),Pas_recA(111),Pas_rplB(1),Pas_rpoB(14)
GCA_017726575.1	Acinetobacter baumannii	abaumannii_2	374	Pas_cpn60(3),Pas_fusA(2),Pas_gltA(2),Pas_pyrG(2),Pas_recA(3),Pas_rplB(4),Pas_rpoB(4)
GCA_019703285.1	Acinetobacter baumannii	abaumannii_2	-	Pas_cpn60(13),Pas_fusA(4),Pas_gltA(5),Pas_pyrG(3),Pas_recA(6),Pas_rplB(~1),Pas_rpoB(29)
GCA_019903215.1	Acinetobacter baumannii	abaumannii_2	2	Pas_cpn60(2),Pas_fusA(2),Pas_gltA(2),Pas_pyrG(2),Pas_recA(2),Pas_rplB(2),Pas_rpoB(2)
GCA_019458485.1	Acinetobacter baumannii	abaumannii_2	1	Pas_cpn60(1),Pas_fusA(1),Pas_gltA(1),Pas_pyrG(1),Pas_recA(5),Pas_rplB(1),Pas_rpoB(1)
GCA_017098225.2	Acinetobacter baumannii	abaumannii_2	2	Pas_cpn60(2),Pas_fusA(2),Pas_gltA(2),Pas_pyrG(2),Pas_recA(2),Pas_rplB(2),Pas_rpoB(2)
GCA_020985285.1	Acinetobacter baumannii	abaumannii_2	40	Pas_cpn60(1),Pas_fusA(2),Pas_gltA(2),Pas_pyrG(2),Pas_recA(5),Pas_rplB(1),Pas_rpoB(14)
GCA_017096405.2	Acinetobacter baumannii	abaumannii_2	2	Pas_cpn60(2),Pas_fusA(2),Pas_gltA(2),Pas_pyrG(2),Pas_recA(2),Pas_rplB(2),Pas_rpoB(2)
GCA_021484925.1	Acinetobacter baumannii	abaumannii_2	1	Pas_cpn60(1),Pas_fusA(1),Pas_gltA(1),Pas_pyrG(1),Pas_recA(5),Pas_rplB(1),Pas_rpoB(1)
GCA_019903195.1	Acinetobacter baumannii	abaumannii_2	647	Pas_cpn60(3),Pas_fusA(3),Pas_gltA(6),Pas_pyrG(2),Pas_recA(51),Pas_rplB(1),Pas_rpoB(29)
GCA_020271605.1	Acinetobacter baumannii	abaumannii_2	2253	Pas_cpn60(3),Pas_fusA(4),Pas_gltA(2),Pas_pyrG(2),Pas_recA(5),Pas_rplB(2),Pas_rpoB(4)
GCA_019903235.1	Acinetobacter baumannii	abaumannii_2	649	Pas_cpn60(27),Pas_fusA(3),Pas_gltA(2),Pas_pyrG(2),Pas_recA(5),Pas_rplB(58),Pas_rpoB(5)
GCA_017096385.2	Acinetobacter baumannii	abaumannii_2	2	Pas_cpn60(2),Pas_fusA(2),Pas_gltA(2),Pas_pyrG(2),Pas_recA(2),Pas_rplB(2),Pas_rpoB(2)
GCA_021559695.1	Acinetobacter baumannii	abaumannii_2	2	Pas_cpn60(2),Pas_fusA(2),Pas_gltA(2),Pas_pyrG(2),Pas_recA(2),Pas_rplB(2),Pas_rpoB(2)
GCA_017096425.2	Acinetobacter baumannii	abaumannii_2	2	Pas_cpn60(2),Pas_fusA(2),Pas_gltA(2),Pas_pyrG(2),Pas_recA(2),Pas_rplB(2),Pas_rpoB(2)
GCA_018831465.1	Acinetobacter baumannii	abaumannii_2	1	Pas_cpn60(1),Pas_fusA(1),Pas_gltA(1),Pas_pyrG(1),Pas_recA(5),Pas_rplB(1),Pas_rpoB(1)
GCA_018808925.1	Acinetobacter baumannii	abaumannii_2	25	Pas_cpn60(3),Pas_fusA(3),Pas_gltA(2),Pas_pyrG(4),Pas_recA(7),Pas_rplB(2),Pas_rpoB(4)
GCA_021899715.1	Acinetobacter baumannii	abaumannii_2	25	Pas_cpn60(3),Pas_fusA(3),Pas_gltA(2),Pas_pyrG(4),Pas_recA(7),Pas_rplB(2),Pas_rpoB(4)
GCA_021484905.1	Acinetobacter baumannii	abaumannii_2	1	Pas_cpn60(1),Pas_fusA(1),Pas_gltA(1),Pas_pyrG(1),Pas_recA(5),Pas_rplB(1),Pas_rpoB(1)
GCA_019356215.1	Acinetobacter baumannii	abaumannii_2	437	Pas_cpn60(3),Pas_fusA(2),Pas_gltA(2),Pas_pyrG(2),Pas_recA(30),Pas_rplB(4),Pas_rpoB(28)
GCA_018831485.1	Acinetobacter baumannii	abaumannii_2	1	Pas_cpn60(1),Pas_fusA(1),Pas_gltA(1),Pas_pyrG(1),Pas_recA(5),Pas_rplB(1),Pas_rpoB(1)
GCA_019331655.1	Acinetobacter baumannii	abaumannii_2	52	Pas_cpn60(3),Pas_fusA(2),Pas_gltA(2),Pas_pyrG(7),Pas_recA(9),Pas_rplB(1),Pas_rpoB(5)
GCA_017098265.2	Acinetobacter baumannii	abaumannii_2	2	Pas_cpn60(2),Pas_fusA(2),Pas_gltA(2),Pas_pyrG(2),Pas_recA(2),Pas_rplB(2),Pas_rpoB(2)
GCA_021398135.1	Acinetobacter baumannii	abaumannii_2	2	Pas_cpn60(2),Pas_fusA(2),Pas_gltA(2),Pas_pyrG(2),Pas_recA(2),Pas_rplB(2),Pas_rpoB(2)
GCA_019603015.1	Klebsiella pneumoniae	klebsiella	258	gapA(3),infB(3),mdh(1),pgi(1),phoE(1),rpoB(1),tonB(79)
GCA_021019495.3	Acinetobacter baumannii	abaumannii_2	1	Pas_cpn60(1),Pas_fusA(1),Pas_gltA(1),Pas_pyrG(1),Pas_recA(5),Pas_rplB(1),Pas_rpoB(1)
GCA_018831125.1	Acinetobacter baumannii	abaumannii_2	25	Pas_cpn60(3),Pas_fusA(3),Pas_gltA(2),Pas_pyrG(4),Pas_recA(7),Pas_rplB(2),Pas_rpoB(4)
GCA_019903175.1	Acinetobacter baumannii	abaumannii_2	647	Pas_cpn60(3),Pas_fusA(3),Pas_gltA(6),Pas_pyrG(2),Pas_recA(51),Pas_rplB(1),Pas_rpoB(29)
GCA_017724195.1	Acinetobacter baumannii	abaumannii_2	622	Pas_cpn60(3),Pas_fusA(12),Pas_gltA(11),Pas_pyrG(2),Pas_recA(14),Pas_rplB(4),Pas_rpoB(14)
GCA_021764725.1	Acinetobacter baumannii	abaumannii_2	2	Pas_cpn60(2),Pas_fusA(2),Pas_gltA(2),Pas_pyrG(2),Pas_recA(2),Pas_rplB(2),Pas_rpoB(2)
GCA_020520385.1	Acinetobacter baumannii	abaumannii_2	2	Pas_cpn60(2),Pas_fusA(2),Pas_gltA(2),Pas_pyrG(2),Pas_recA(2),Pas_rplB(2),Pas_rpoB(2)
GCA_019603195.1	Klebsiella pneumoniae	klebsiella	258	gapA(3),infB(3),mdh(1),pgi(1),phoE(1),rpoB(1),tonB(79)
GCA_019603115.1	Klebsiella pneumoniae	klebsiella	258	gapA(3),infB(3),mdh(1),pgi(1),phoE(1),rpoB(1),tonB(79)
GCA_018604365.1	Acinetobacter baumannii	abaumannii_2	2	Pas_cpn60(2),Pas_fusA(2),Pas_gltA(2),Pas_pyrG(2),Pas_recA(2),Pas_rplB(2),Pas_rpoB(2)
GCA_019602915.1	Klebsiella pneumoniae	klebsiella	258	gapA(3),infB(3),mdh(1),pgi(1),phoE(1),rpoB(1),tonB(79)
GCA_020520345.1	Acinetobacter baumannii	abaumannii_2	2	Pas_cpn60(2),Pas_fusA(2),Pas_gltA(2),Pas_pyrG(2),Pas_recA(2),Pas_rplB(2),Pas_rpoB(2)
GCA_019603095.1	Klebsiella pneumoniae	klebsiella	258	gapA(3),infB(3),mdh(1),pgi(1),phoE(1),rpoB(1),tonB(79)
GCA_020886955.1	Klebsiella aerogenes	klebsiella	-	gapA(-),infB(~118),mdh(-),pgi(-),phoE(-),rpoB(181?),tonB(-)
GCA_020520325.1	Acinetobacter baumannii	abaumannii_2	2	Pas_cpn60(2),Pas_fusA(2),Pas_gltA(2),Pas_pyrG(2),Pas_recA(2),Pas_rplB(2),Pas_rpoB(2)
GCA_019603275.1	Klebsiella pneumoniae	klebsiella	258	gapA(3),infB(3),mdh(1),pgi(1),phoE(1),rpoB(1),tonB(79)
GCA_017753625.1	Acinetobacter baumannii	abaumannii_2	1554	Pas_cpn60(3),Pas_fusA(3),Pas_gltA(2),Pas_pyrG(79),Pas_recA(3),Pas_rplB(4),Pas_rpoB(4)
GCA_021609965.1	Acinetobacter baumannii	abaumannii_2	1	Pas_cpn60(1),Pas_fusA(1),Pas_gltA(1),Pas_pyrG(1),Pas_recA(5),Pas_rplB(1),Pas_rpoB(1)
GCA_021019455.3	Acinetobacter baumannii	abaumannii_2	1	Pas_cpn60(1),Pas_fusA(1),Pas_gltA(1),Pas_pyrG(1),Pas_recA(5),Pas_rplB(1),Pas_rpoB(1)
GCA_020906565.1	Acinetobacter baumannii	abaumannii_2	2	Pas_cpn60(2),Pas_fusA(2),Pas_gltA(2),Pas_pyrG(2),Pas_recA(2),Pas_rplB(2),Pas_rpoB(2)
GCA_021725415.1	Acinetobacter baumannii	abaumannii_2	2	Pas_cpn60(2),Pas_fusA(2),Pas_gltA(2),Pas_pyrG(2),Pas_recA(2),Pas_rplB(2),Pas_rpoB(2)
GCA_019603215.1	Klebsiella pneumoniae	klebsiella	258	gapA(3),infB(3),mdh(1),pgi(1),phoE(1),rpoB(1),tonB(79)
GCA_021387885.2	Acinetobacter baumannii	abaumannii_2	2	Pas_cpn60(2),Pas_fusA(2),Pas_gltA(2),Pas_pyrG(2),Pas_recA(2),Pas_rplB(2),Pas_rpoB(2)
GCA_019457715.1	Acinetobacter baumannii	abaumannii_2	25	Pas_cpn60(3),Pas_fusA(3),Pas_gltA(2),Pas_pyrG(4),Pas_recA(7),Pas_rplB(2),Pas_rpoB(4)
GCA_021730415.1	Acinetobacter baumannii	abaumannii_2	98	Pas_cpn60(1),Pas_fusA(2),Pas_gltA(2),Pas_pyrG(2),Pas_recA(2),Pas_rplB(2),Pas_rpoB(2)
GCA_019603075.1	Klebsiella pneumoniae	klebsiella	258	gapA(3),infB(3),mdh(1),pgi(1),phoE(1),rpoB(1),tonB(79)
GCA_019356075.1	Acinetobacter baumannii	abaumannii_2	2	Pas_cpn60(2),Pas_fusA(2),Pas_gltA(2),Pas_pyrG(2),Pas_recA(2),Pas_rplB(2),Pas_rpoB(2)
GCA_020912005.1	Acinetobacter baumannii	abaumannii_2	437	Pas_cpn60(3),Pas_fusA(2),Pas_gltA(2),Pas_pyrG(2),Pas_recA(30),Pas_rplB(4),Pas_rpoB(28)
GCA_017723975.1	Acinetobacter baumannii	abaumannii_2	622	Pas_cpn60(3),Pas_fusA(12),Pas_gltA(11),Pas_pyrG(2),Pas_recA(14),Pas_rplB(4),Pas_rpoB(14)
GCA_019602875.1	Klebsiella pneumoniae	klebsiella	258	gapA(3),infB(3),mdh(1),pgi(1),phoE(1),rpoB(1),tonB(79)
GCA_021729465.1	Acinetobacter baumannii	abaumannii_2	1093	Pas_cpn60(1),Pas_fusA(158),Pas_gltA(2),Pas_pyrG(2),Pas_recA(165),Pas_rplB(1),Pas_rpoB(2)
GCA_017724215.1	Acinetobacter baumannii	abaumannii_2	622	Pas_cpn60(3),Pas_fusA(12),Pas_gltA(11),Pas_pyrG(2),Pas_recA(14),Pas_rplB(4),Pas_rpoB(14)
GCA_017726555.1	Acinetobacter baumannii	abaumannii_2	622	Pas_cpn60(3),Pas_fusA(12),Pas_gltA(11),Pas_pyrG(2),Pas_recA(14),Pas_rplB(4),Pas_rpoB(14)
GCA_019076685.1	Acinetobacter baumannii	abaumannii_2	142	Pas_cpn60(13),Pas_fusA(4),Pas_gltA(40),Pas_pyrG(1),Pas_recA(42),Pas_rplB(1),Pas_rpoB(16)
GCA_018454385.1	Acinetobacter baumannii	abaumannii_2	2	Pas_cpn60(2),Pas_fusA(2),Pas_gltA(2),Pas_pyrG(2),Pas_recA(2),Pas_rplB(2),Pas_rpoB(2)
GCA_017098245.2	Acinetobacter baumannii	abaumannii_2	2	Pas_cpn60(2),Pas_fusA(2),Pas_gltA(2),Pas_pyrG(2),Pas_recA(2),Pas_rplB(2),Pas_rpoB(2)
GCA_020911985.1	Acinetobacter baumannii	abaumannii_2	52	Pas_cpn60(3),Pas_fusA(2),Pas_gltA(2),Pas_pyrG(7),Pas_recA(9),Pas_rplB(1),Pas_rpoB(5)
GCA_019603055.1	Klebsiella pneumoniae	klebsiella	258	gapA(3),infB(3),mdh(1),pgi(1),phoE(1),rpoB(1),tonB(79)
GCA_017639875.1	Acinetobacter baumannii	abaumannii_2	622	Pas_cpn60(3),Pas_fusA(12),Pas_gltA(11),Pas_pyrG(2),Pas_recA(14),Pas_rplB(4),Pas_rpoB(14)
GCA_020520365.1	Acinetobacter baumannii	abaumannii_2	2	Pas_cpn60(2),Pas_fusA(2),Pas_gltA(2),Pas_pyrG(2),Pas_recA(2),Pas_rplB(2),Pas_rpoB(2)
GCA_019997865.1	Acinetobacter baumannii	abaumannii_2	132	Pas_cpn60(3),Pas_fusA(5),Pas_gltA(5),Pas_pyrG(1),Pas_recA(7),Pas_rplB(1),Pas_rpoB(4)
GCA_020132105.1	Acinetobacter baumannii	abaumannii_2	85	Pas_cpn60(5),Pas_fusA(2),Pas_gltA(4),Pas_pyrG(1),Pas_recA(3),Pas_rplB(3),Pas_rpoB(4)
GCA_019603175.1	Klebsiella pneumoniae	klebsiella	258	gapA(3),infB(3),mdh(1),pgi(1),phoE(1),rpoB(1),tonB(79)
GCA_020810655.1	Acinetobacter baumannii	abaumannii_2	729	Pas_cpn60(3),Pas_fusA(3),Pas_gltA(2),Pas_pyrG(2),Pas_recA(3),Pas_rplB(1),Pas_rpoB(4)
GCA_019602895.1	Klebsiella pneumoniae	klebsiella	258	gapA(3),infB(3),mdh(1),pgi(1),phoE(1),rpoB(1),tonB(79)
GCA_021312515.1	Klebsiella pneumoniae	klebsiella	11	gapA(3),infB(3),mdh(1),pgi(1),phoE(1),rpoB(1),tonB(4)
GCA_017724115.1	Acinetobacter baumannii	abaumannii_2	622	Pas_cpn60(3),Pas_fusA(12),Pas_gltA(11),Pas_pyrG(2),Pas_recA(14),Pas_rplB(4),Pas_rpoB(14)
GCA_020520405.1	Acinetobacter baumannii	abaumannii_2	2	Pas_cpn60(2),Pas_fusA(2),Pas_gltA(2),Pas_pyrG(2),Pas_recA(2),Pas_rplB(2),Pas_rpoB(2)
GCA_019603255.1	Klebsiella pneumoniae	klebsiella	258	gapA(3),infB(3),mdh(1),pgi(1),phoE(1),rpoB(1),tonB(79)
GCA_017726495.1	Acinetobacter baumannii	abaumannii_2	622	Pas_cpn60(3),Pas_fusA(12),Pas_gltA(11),Pas_pyrG(2),Pas_recA(14),Pas_rplB(4),Pas_rpoB(14)
GCA_017742855.1	Acinetobacter baumannii	abaumannii_2	622	Pas_cpn60(3),Pas_fusA(12),Pas_gltA(11),Pas_pyrG(2),Pas_recA(14),Pas_rplB(4),Pas_rpoB(14)
GCA_017724155.1	Acinetobacter baumannii	abaumannii_2	622	Pas_cpn60(3),Pas_fusA(12),Pas_gltA(11),Pas_pyrG(2),Pas_recA(14),Pas_rplB(4),Pas_rpoB(14)
GCA_021387855.2	Acinetobacter baumannii	abaumannii_2	2	Pas_cpn60(2),Pas_fusA(2),Pas_gltA(2),Pas_pyrG(2),Pas_recA(2),Pas_rplB(2),Pas_rpoB(2)
GCA_019603155.1	Klebsiella pneumoniae	klebsiella	258	gapA(3),infB(3),mdh(1),pgi(1),phoE(1),rpoB(1),tonB(79)
GCA_021904535.3	Klebsiella pneumoniae	klebsiella	219	gapA(2),infB(1),mdh(2),pgi(3),phoE(27),rpoB(1),tonB(39)
GCA_019603235.1	Klebsiella pneumoniae	klebsiella	258	gapA(3),infB(3),mdh(1),pgi(1),phoE(1),rpoB(1),tonB(79)
GCA_019974175.1	Klebsiella pneumoniae	klebsiella	323	gapA(2),infB(1),mdh(1),pgi(1),phoE(9),rpoB(1),tonB(93)
GCA_019602955.1	Klebsiella pneumoniae	klebsiella	258	gapA(3),infB(3),mdh(1),pgi(1),phoE(1),rpoB(1),tonB(79)
GCA_018140695.1	Klebsiella pneumoniae	klebsiella	592	gapA(2),infB(3),mdh(6),pgi(1),phoE(9),rpoB(4),tonB(13)
GCA_018140715.1	Klebsiella pneumoniae	klebsiella	11	gapA(3),infB(3),mdh(1),pgi(1),phoE(1),rpoB(1),tonB(4)
GCA_021266505.1	Klebsiella pneumoniae	klebsiella	23	gapA(2),infB(1),mdh(1),pgi(1),phoE(9),rpoB(4),tonB(12)
GCA_021266485.1	Klebsiella pneumoniae	klebsiella	380	gapA(2),infB(1),mdh(1),pgi(1),phoE(1),rpoB(4),tonB(19)
GCA_021904655.3	Klebsiella pneumoniae	klebsiella	219	gapA(2),infB(1),mdh(2),pgi(3),phoE(27),rpoB(1),tonB(39)
GCA_019602995.1	Klebsiella pneumoniae	klebsiella	258	gapA(3),infB(3),mdh(1),pgi(1),phoE(1),rpoB(1),tonB(79)
GCA_019603035.1	Klebsiella pneumoniae	klebsiella	258	gapA(3),infB(3),mdh(1),pgi(1),phoE(1),rpoB(1),tonB(79)
GCA_019602975.1	Klebsiella pneumoniae	klebsiella	258	gapA(3),infB(3),mdh(1),pgi(1),phoE(1),rpoB(1),tonB(79)
GCA_019602935.1	Klebsiella pneumoniae	klebsiella	258	gapA(3),infB(3),mdh(1),pgi(1),phoE(1),rpoB(1),tonB(79)
GCA_021272285.2	Klebsiella pneumoniae	klebsiella	466	gapA(2),infB(1),mdh(2),pgi(1),phoE(10),rpoB(50),tonB(120)
GCA_019603135.1	Klebsiella pneumoniae	klebsiella	258	gapA(3),infB(3),mdh(1),pgi(1),phoE(1),rpoB(1),tonB(79)
GCA_019603295.1	Klebsiella pneumoniae	klebsiella	258	gapA(3),infB(3),mdh(1),pgi(1),phoE(1),rpoB(1),tonB(79)
GCA_018383785.2	Klebsiella pneumoniae	klebsiella	39	gapA(2),infB(1),mdh(2),pgi(4),phoE(9),rpoB(1),tonB(14)
GCA_018383735.5	Klebsiella pneumoniae	klebsiella	39	gapA(2),infB(1),mdh(2),pgi(4),phoE(9),rpoB(1),tonB(14)
GCA_022467255.1	Acinetobacter baumannii	abaumannii_2	2	Pas_cpn60(2),Pas_fusA(2),Pas_gltA(2),Pas_pyrG(2),Pas_recA(2),Pas_rplB(2),Pas_rpoB(2)
GCA_022467905.1	Acinetobacter baumannii	abaumannii_2	2	Pas_cpn60(2),Pas_fusA(2),Pas_gltA(2),Pas_pyrG(2),Pas_recA(2),Pas_rplB(2),Pas_rpoB(2)
GCA_022459075.1	Acinetobacter baumannii	abaumannii_2	10	Pas_cpn60(1),Pas_fusA(3),Pas_gltA(2),Pas_pyrG(1),Pas_recA(4),Pas_rplB(4),Pas_rpoB(4)
GCA_022466815.1	Acinetobacter baumannii	abaumannii_2	738	Pas_cpn60(3),Pas_fusA(3),Pas_gltA(105),Pas_pyrG(6),Pas_recA(4),Pas_rplB(2),Pas_rpoB(5)
GCA_022459415.1	Acinetobacter baumannii	abaumannii_2	1	Pas_cpn60(1),Pas_fusA(1),Pas_gltA(1),Pas_pyrG(1),Pas_recA(5),Pas_rplB(1),Pas_rpoB(1)
GCA_022459755.2	Acinetobacter baumannii	abaumannii_2	78	Pas_cpn60(25),Pas_fusA(3),Pas_gltA(6),Pas_pyrG(2),Pas_recA(28),Pas_rplB(1),Pas_rpoB(29)
GCA_022468355.1	Acinetobacter baumannii	abaumannii_2	2	Pas_cpn60(2),Pas_fusA(2),Pas_gltA(2),Pas_pyrG(2),Pas_recA(2),Pas_rplB(2),Pas_rpoB(2)
GCA_022460875.2	Acinetobacter baumannii	abaumannii_2	636	Pas_cpn60(2),Pas_fusA(1),Pas_gltA(2),Pas_pyrG(2),Pas_recA(2),Pas_rplB(1),Pas_rpoB(1)
GCA_022468075.1	Acinetobacter baumannii	abaumannii_2	2	Pas_cpn60(2),Pas_fusA(2),Pas_gltA(2),Pas_pyrG(2),Pas_recA(2),Pas_rplB(2),Pas_rpoB(2)
GCA_022468565.1	Acinetobacter baumannii	abaumannii_2	2	Pas_cpn60(2),Pas_fusA(2),Pas_gltA(2),Pas_pyrG(2),Pas_recA(2),Pas_rplB(2),Pas_rpoB(2)
GCA_022459875.1	Acinetobacter baumannii	abaumannii_2	2	Pas_cpn60(2),Pas_fusA(2),Pas_gltA(2),Pas_pyrG(2),Pas_recA(2),Pas_rplB(2),Pas_rpoB(2)
GCA_022468195.1	Acinetobacter baumannii	abaumannii_2	2	Pas_cpn60(2),Pas_fusA(2),Pas_gltA(2),Pas_pyrG(2),Pas_recA(2),Pas_rplB(2),Pas_rpoB(2)
GCA_022460575.1	Acinetobacter baumannii	abaumannii_2	2	Pas_cpn60(2),Pas_fusA(2),Pas_gltA(2),Pas_pyrG(2),Pas_recA(2),Pas_rplB(2),Pas_rpoB(2)
GCA_022467805.1	Acinetobacter baumannii	abaumannii_2	2	Pas_cpn60(2),Pas_fusA(2),Pas_gltA(2),Pas_pyrG(2),Pas_recA(2),Pas_rplB(2),Pas_rpoB(2)
GCA_022461025.2	Acinetobacter baumannii	abaumannii_2	2	Pas_cpn60(2),Pas_fusA(2),Pas_gltA(2),Pas_pyrG(2),Pas_recA(2),Pas_rplB(2),Pas_rpoB(2)
GCA_023093135.2	Acinetobacter baumannii	abaumannii_2	78	Pas_cpn60(25),Pas_fusA(3),Pas_gltA(6),Pas_pyrG(2),Pas_recA(28),Pas_rplB(1),Pas_rpoB(29)
GCA_022468855.2	Acinetobacter baumannii	abaumannii_2	636	Pas_cpn60(2),Pas_fusA(1),Pas_gltA(2),Pas_pyrG(2),Pas_recA(2),Pas_rplB(1),Pas_rpoB(1)
GCA_022468835.2	Acinetobacter baumannii	abaumannii_2	636	Pas_cpn60(2),Pas_fusA(1),Pas_gltA(2),Pas_pyrG(2),Pas_recA(2),Pas_rplB(1),Pas_rpoB(1)
GCA_022459155.1	Acinetobacter baumannii	abaumannii_2	2	Pas_cpn60(2),Pas_fusA(2),Pas_gltA(2),Pas_pyrG(2),Pas_recA(2),Pas_rplB(2),Pas_rpoB(2)
GCA_022468295.1	Acinetobacter baumannii	abaumannii_2	2	Pas_cpn60(2),Pas_fusA(2),Pas_gltA(2),Pas_pyrG(2),Pas_recA(2),Pas_rplB(2),Pas_rpoB(2)
GCA_022468455.1	Acinetobacter baumannii	abaumannii_2	2	Pas_cpn60(2),Pas_fusA(2),Pas_gltA(2),Pas_pyrG(2),Pas_recA(2),Pas_rplB(2),Pas_rpoB(2)
GCA_022467535.1	Acinetobacter baumannii	abaumannii_2	1	Pas_cpn60(1),Pas_fusA(1),Pas_gltA(1),Pas_pyrG(1),Pas_recA(5),Pas_rplB(1),Pas_rpoB(1)
GCA_022468645.2	Acinetobacter baumannii	abaumannii_2	2	Pas_cpn60(2),Pas_fusA(2),Pas_gltA(2),Pas_pyrG(2),Pas_recA(2),Pas_rplB(2),Pas_rpoB(2)
GCA_022460295.1	Acinetobacter baumannii	abaumannii_2	78	Pas_cpn60(25),Pas_fusA(3),Pas_gltA(6),Pas_pyrG(2),Pas_recA(28),Pas_rplB(1),Pas_rpoB(29)
GCA_022460435.2	Acinetobacter baumannii	abaumannii_2	636	Pas_cpn60(2),Pas_fusA(1),Pas_gltA(2),Pas_pyrG(2),Pas_recA(2),Pas_rplB(1),Pas_rpoB(1)
GCA_022459595.1	Acinetobacter baumannii	abaumannii_2	2	Pas_cpn60(2),Pas_fusA(2),Pas_gltA(2),Pas_pyrG(2),Pas_recA(2),Pas_rplB(2),Pas_rpoB(2)
GCA_022459295.1	Acinetobacter baumannii	abaumannii_2	2	Pas_cpn60(2),Pas_fusA(2),Pas_gltA(2),Pas_pyrG(2),Pas_recA(2),Pas_rplB(2),Pas_rpoB(2)
GCA_022467655.1	Acinetobacter baumannii	abaumannii_2	1	Pas_cpn60(1),Pas_fusA(1),Pas_gltA(1),Pas_pyrG(1),Pas_recA(5),Pas_rplB(1),Pas_rpoB(1)
GCA_022460745.2	Acinetobacter baumannii	abaumannii_2	636	Pas_cpn60(2),Pas_fusA(1),Pas_gltA(2),Pas_pyrG(2),Pas_recA(2),Pas_rplB(1),Pas_rpoB(1)
GCA_022468795.1	Acinetobacter baumannii	abaumannii_2	2	Pas_cpn60(2),Pas_fusA(2),Pas_gltA(2),Pas_pyrG(2),Pas_recA(2),Pas_rplB(2),Pas_rpoB(2)
GCA_022459055.1	Acinetobacter baumannii	abaumannii_2	2	Pas_cpn60(2),Pas_fusA(2),Pas_gltA(2),Pas_pyrG(2),Pas_recA(2),Pas_rplB(2),Pas_rpoB(2)
GCA_022459175.1	Acinetobacter baumannii	abaumannii_2	2	Pas_cpn60(2),Pas_fusA(2),Pas_gltA(2),Pas_pyrG(2),Pas_recA(2),Pas_rplB(2),Pas_rpoB(2)
GCA_022916135.2	Acinetobacter baumannii	abaumannii_2	78	Pas_cpn60(25),Pas_fusA(3),Pas_gltA(6),Pas_pyrG(2),Pas_recA(28),Pas_rplB(1),Pas_rpoB(29)
GCA_022916555.2	Acinetobacter baumannii	abaumannii_2	2	Pas_cpn60(2),Pas_fusA(2),Pas_gltA(2),Pas_pyrG(2),Pas_recA(2),Pas_rplB(2),Pas_rpoB(2)
GCA_022467435.1	Acinetobacter baumannii	abaumannii_2	215	Pas_cpn60(27),Pas_fusA(2),Pas_gltA(7),Pas_pyrG(2),Pas_recA(2),Pas_rplB(1),Pas_rpoB(2)
GCA_022467975.1	Acinetobacter baumannii	abaumannii_2	2	Pas_cpn60(2),Pas_fusA(2),Pas_gltA(2),Pas_pyrG(2),Pas_recA(2),Pas_rplB(2),Pas_rpoB(2)
GCA_022467735.1	Acinetobacter baumannii	abaumannii_2	604	Pas_cpn60(2),Pas_fusA(2),Pas_gltA(2),Pas_pyrG(55),Pas_recA(2),Pas_rplB(2),Pas_rpoB(2)
GCA_022466975.1	Acinetobacter baumannii	abaumannii_2	52	Pas_cpn60(3),Pas_fusA(2),Pas_gltA(2),Pas_pyrG(7),Pas_recA(9),Pas_rplB(1),Pas_rpoB(5)
GCA_022460155.2	Acinetobacter baumannii	abaumannii_2	158	Pas_cpn60(41),Pas_fusA(42),Pas_gltA(13),Pas_pyrG(1),Pas_recA(5),Pas_rplB(4),Pas_rpoB(14)
GCA_022548575.1	Acinetobacter baumannii	abaumannii_2	2	Pas_cpn60(2),Pas_fusA(2),Pas_gltA(2),Pas_pyrG(2),Pas_recA(2),Pas_rplB(2),Pas_rpoB(2)
GCA_022468755.1	Acinetobacter baumannii	abaumannii_2	2	Pas_cpn60(2),Pas_fusA(2),Pas_gltA(2),Pas_pyrG(2),Pas_recA(2),Pas_rplB(2),Pas_rpoB(2)
GCA_022460015.1	Acinetobacter baumannii	abaumannii_2	2	Pas_cpn60(2),Pas_fusA(2),Pas_gltA(2),Pas_pyrG(2),Pas_recA(2),Pas_rplB(2),Pas_rpoB(2)
GCA_022459095.1	Acinetobacter baumannii	abaumannii_2	85	Pas_cpn60(5),Pas_fusA(2),Pas_gltA(4),Pas_pyrG(1),Pas_recA(3),Pas_rplB(3),Pas_rpoB(4)
GCA_022459115.2	Acinetobacter baumannii	abaumannii_2	636	Pas_cpn60(2),Pas_fusA(1),Pas_gltA(2),Pas_pyrG(2),Pas_recA(2),Pas_rplB(1),Pas_rpoB(1)
GCA_022468985.2	Acinetobacter baumannii	abaumannii_2	85	Pas_cpn60(5),Pas_fusA(2),Pas_gltA(4),Pas_pyrG(1),Pas_recA(3),Pas_rplB(3),Pas_rpoB(4)
GCA_022107375.2	Acinetobacter baumannii	abaumannii_2	499	Pas_cpn60(5),Pas_fusA(2),Pas_gltA(39),Pas_pyrG(2),Pas_recA(3),Pas_rplB(1),Pas_rpoB(5)
GCA_022467135.1	Acinetobacter baumannii	abaumannii_2	437	Pas_cpn60(3),Pas_fusA(2),Pas_gltA(2),Pas_pyrG(2),Pas_recA(30),Pas_rplB(4),Pas_rpoB(28)
GCA_022467375.2	Acinetobacter baumannii	abaumannii_2	1	Pas_cpn60(1),Pas_fusA(1),Pas_gltA(1),Pas_pyrG(1),Pas_recA(5),Pas_rplB(1),Pas_rpoB(1)
GCA_022469075.1	Acinetobacter baumannii	abaumannii_2	2	Pas_cpn60(2),Pas_fusA(2),Pas_gltA(2),Pas_pyrG(2),Pas_recA(2),Pas_rplB(2),Pas_rpoB(2)
GCA_022459135.1	Acinetobacter baumannii	abaumannii_2	2	Pas_cpn60(2),Pas_fusA(2),Pas_gltA(2),Pas_pyrG(2),Pas_recA(2),Pas_rplB(2),Pas_rpoB(2)
GCA_023361215.1	Acinetobacter baumannii	abaumannii_2	2	Pas_cpn60(2),Pas_fusA(2),Pas_gltA(2),Pas_pyrG(2),Pas_recA(2),Pas_rplB(2),Pas_rpoB(2)
GCA_023054035.2	Acinetobacter baumannii	abaumannii_2	78	Pas_cpn60(25),Pas_fusA(3),Pas_gltA(6),Pas_pyrG(2),Pas_recA(28),Pas_rplB(1),Pas_rpoB(29)
GCA_022811905.1	Acinetobacter baumannii	abaumannii_2	16	Pas_cpn60(7),Pas_fusA(7),Pas_gltA(2),Pas_pyrG(2),Pas_recA(8),Pas_rplB(4),Pas_rpoB(4)
GCA_022699405.1	Klebsiella pneumoniae	klebsiella	307	gapA(4),infB(1),mdh(2),pgi(52),phoE(1),rpoB(1),tonB(7)
GCA_023273785.1	Acinetobacter baumannii	abaumannii_2	2	Pas_cpn60(2),Pas_fusA(2),Pas_gltA(2),Pas_pyrG(2),Pas_recA(2),Pas_rplB(2),Pas_rpoB(2)
GCA_022429585.1	Acinetobacter baumannii	abaumannii_2	2	Pas_cpn60(2),Pas_fusA(2),Pas_gltA(2),Pas_pyrG(2),Pas_recA(2),Pas_rplB(2),Pas_rpoB(2)
GCA_022369355.1	Acinetobacter baumannii	abaumannii_2	52	Pas_cpn60(3),Pas_fusA(2),Pas_gltA(2),Pas_pyrG(7),Pas_recA(9),Pas_rplB(1),Pas_rpoB(5)
GCA_022439225.1	Klebsiella pneumoniae	klebsiella	307	gapA(4),infB(1),mdh(2),pgi(52),phoE(1),rpoB(1),tonB(7)
GCA_023221535.1	Acinetobacter baumannii	abaumannii_2	2	Pas_cpn60(2),Pas_fusA(2),Pas_gltA(2),Pas_pyrG(2),Pas_recA(2),Pas_rplB(2),Pas_rpoB(2)
GCA_023360975.1	Acinetobacter baumannii	abaumannii_2	2	Pas_cpn60(2),Pas_fusA(2),Pas_gltA(2),Pas_pyrG(2),Pas_recA(2),Pas_rplB(2),Pas_rpoB(2)
GCA_022605145.1	Acinetobacter baumannii	abaumannii_2	40	Pas_cpn60(1),Pas_fusA(2),Pas_gltA(2),Pas_pyrG(2),Pas_recA(5),Pas_rplB(1),Pas_rpoB(14)
GCA_023361115.1	Acinetobacter baumannii	abaumannii_2	2	Pas_cpn60(2),Pas_fusA(2),Pas_gltA(2),Pas_pyrG(2),Pas_recA(2),Pas_rplB(2),Pas_rpoB(2)
GCA_022559085.1	Klebsiella pneumoniae	klebsiella	11	gapA(3),infB(3),mdh(1),pgi(1),phoE(1),rpoB(1),tonB(4)
GCA_022759565.1	Acinetobacter baumannii	abaumannii_2	2	Pas_cpn60(2),Pas_fusA(2),Pas_gltA(2),Pas_pyrG(2),Pas_recA(2),Pas_rplB(2),Pas_rpoB(2)
GCA_023361255.1	Acinetobacter baumannii	abaumannii_2	2	Pas_cpn60(2),Pas_fusA(2),Pas_gltA(2),Pas_pyrG(2),Pas_recA(2),Pas_rplB(2),Pas_rpoB(2)
GCA_022559105.1	Klebsiella pneumoniae	klebsiella	11	gapA(3),infB(3),mdh(1),pgi(1),phoE(1),rpoB(1),tonB(4)
GCA_022921035.1	Acinetobacter baumannii	abaumannii_2	2	Pas_cpn60(2),Pas_fusA(2),Pas_gltA(2),Pas_pyrG(2),Pas_recA(2),Pas_rplB(2),Pas_rpoB(2)
GCA_023361175.1	Acinetobacter baumannii	abaumannii_2	2	Pas_cpn60(2),Pas_fusA(2),Pas_gltA(2),Pas_pyrG(2),Pas_recA(2),Pas_rplB(2),Pas_rpoB(2)
GCA_023361035.1	Acinetobacter baumannii	abaumannii_2	2	Pas_cpn60(2),Pas_fusA(2),Pas_gltA(2),Pas_pyrG(2),Pas_recA(2),Pas_rplB(2),Pas_rpoB(2)
GCA_023361195.1	Acinetobacter baumannii	abaumannii_2	2	Pas_cpn60(2),Pas_fusA(2),Pas_gltA(2),Pas_pyrG(2),Pas_recA(2),Pas_rplB(2),Pas_rpoB(2)
GCA_023361235.1	Acinetobacter baumannii	abaumannii_2	2	Pas_cpn60(2),Pas_fusA(2),Pas_gltA(2),Pas_pyrG(2),Pas_recA(2),Pas_rplB(2),Pas_rpoB(2)
GCA_023361155.1	Acinetobacter baumannii	abaumannii_2	2	Pas_cpn60(2),Pas_fusA(2),Pas_gltA(2),Pas_pyrG(2),Pas_recA(2),Pas_rplB(2),Pas_rpoB(2)
GCA_023361095.1	Acinetobacter baumannii	abaumannii_2	2	Pas_cpn60(2),Pas_fusA(2),Pas_gltA(2),Pas_pyrG(2),Pas_recA(2),Pas_rplB(2),Pas_rpoB(2)
GCA_023361055.1	Acinetobacter baumannii	abaumannii_2	2	Pas_cpn60(2),Pas_fusA(2),Pas_gltA(2),Pas_pyrG(2),Pas_recA(2),Pas_rplB(2),Pas_rpoB(2)
GCA_022649725.1	Klebsiella pneumoniae	klebsiella	11	gapA(3),infB(3),mdh(1),pgi(1),phoE(1),rpoB(1),tonB(4)
GCA_022369275.1	Acinetobacter baumannii	abaumannii_2	866	Pas_cpn60(3),Pas_fusA(2),Pas_gltA(2),Pas_pyrG(30),Pas_recA(3),Pas_rplB(74),Pas_rpoB(3)
GCA_023361015.1	Acinetobacter baumannii	abaumannii_2	2	Pas_cpn60(2),Pas_fusA(2),Pas_gltA(2),Pas_pyrG(2),Pas_recA(2),Pas_rplB(2),Pas_rpoB(2)
GCA_023361075.1	Acinetobacter baumannii	abaumannii_2	2	Pas_cpn60(2),Pas_fusA(2),Pas_gltA(2),Pas_pyrG(2),Pas_recA(2),Pas_rplB(2),Pas_rpoB(2)
GCA_023361135.1	Acinetobacter baumannii	abaumannii_2	2	Pas_cpn60(2),Pas_fusA(2),Pas_gltA(2),Pas_pyrG(2),Pas_recA(2),Pas_rplB(2),Pas_rpoB(2)
GCA_022870045.1	Acinetobacter baumannii	abaumannii_2	52	Pas_cpn60(3),Pas_fusA(2),Pas_gltA(2),Pas_pyrG(7),Pas_recA(9),Pas_rplB(1),Pas_rpoB(5)
GCA_023360995.1	Acinetobacter baumannii	abaumannii_2	2	Pas_cpn60(2),Pas_fusA(2),Pas_gltA(2),Pas_pyrG(2),Pas_recA(2),Pas_rplB(2),Pas_rpoB(2)
GCA_023361815.1	Acinetobacter baumannii	abaumannii_2	2	Pas_cpn60(2),Pas_fusA(2),Pas_gltA(2),Pas_pyrG(2),Pas_recA(2),Pas_rplB(2),Pas_rpoB(2)
GCA_022559125.1	Klebsiella pneumoniae	klebsiella	23	gapA(2),infB(1),mdh(1),pgi(1),phoE(9),rpoB(4),tonB(12)
GCA_023361275.1	Acinetobacter baumannii	abaumannii_2	2	Pas_cpn60(2),Pas_fusA(2),Pas_gltA(2),Pas_pyrG(2),Pas_recA(2),Pas_rplB(2),Pas_rpoB(2)
GCA_022041375.2	Klebsiella pneumoniae	klebsiella	307	gapA(4),infB(1),mdh(2),pgi(52),phoE(1),rpoB(1),tonB(7)
GCA_022539555.1	Klebsiella variicola	klebsiella	-	gapA(16),infB(49),mdh(21),pgi(138),phoE(759?),rpoB(22),tonB(188)
GCA_022699425.1	Klebsiella pneumoniae	klebsiella	307	gapA(4),infB(1),mdh(2),pgi(52),phoE(1),rpoB(1),tonB(7)
GCA_023037315.1	Klebsiella pneumoniae	klebsiella	-	gapA(294),infB(1),mdh(1),pgi(17),phoE(10),rpoB(16),tonB(14)
GCA_022041395.2	Klebsiella pneumoniae	klebsiella	307	gapA(4),infB(1),mdh(2),pgi(52),phoE(1),rpoB(1),tonB(7)
GCA_022024795.3	Klebsiella pneumoniae	klebsiella	219	gapA(2),infB(1),mdh(2),pgi(3),phoE(27),rpoB(1),tonB(39)
GCA_022353725.1	Klebsiella pneumoniae	klebsiella	-	gapA(2),infB(1),mdh(2),pgi(1),phoE(1),rpoB(220?),tonB(4)
GCA_022041755.2	Klebsiella pneumoniae	klebsiella	258	gapA(3),infB(3),mdh(1),pgi(1),phoE(1),rpoB(1),tonB(79)
GCA_022494475.1	Klebsiella pneumoniae	klebsiella	-	gapA(294),infB(9),mdh(2),pgi(1),phoE(13),rpoB(1),tonB(16)
GCA_023117055.1	Klebsiella pneumoniae	klebsiella	7486	gapA(3),infB(3),mdh(1),pgi(134),phoE(1),rpoB(4),tonB(4)
GCA_022494335.1	Klebsiella pneumoniae	klebsiella	-	gapA(207?),infB(155),mdh(1),pgi(~239),phoE(~630),rpoB(220?),tonB(1)
GCA_022035255.2	Klebsiella pneumoniae	klebsiella	941	gapA(6),infB(3),mdh(1),pgi(20),phoE(12),rpoB(4),tonB(4)
GCA_022041715.2	Klebsiella pneumoniae	klebsiella	258	gapA(3),infB(3),mdh(1),pgi(1),phoE(1),rpoB(1),tonB(79)
GCA_022041435.2	Klebsiella pneumoniae	klebsiella	258	gapA(3),infB(3),mdh(1),pgi(1),phoE(1),rpoB(1),tonB(79)
GCA_022675365.2	Klebsiella pneumoniae	klebsiella	258	gapA(3),infB(3),mdh(1),pgi(1),phoE(1),rpoB(1),tonB(79)
GCA_022675435.2	Klebsiella pneumoniae	klebsiella	258	gapA(3),infB(3),mdh(1),pgi(1),phoE(1),rpoB(1),tonB(79)
GCA_024271825.1	Acinetobacter baumannii	abaumannii_2	162	Pas_cpn60(3),Pas_fusA(2),Pas_gltA(2),Pas_pyrG(2),Pas_recA(2),Pas_rplB(4),Pas_rpoB(8)
GCA_024922185.2	Acinetobacter baumannii	abaumannii_2	499	Pas_cpn60(5),Pas_fusA(2),Pas_gltA(39),Pas_pyrG(2),Pas_recA(3),Pas_rplB(1),Pas_rpoB(5)
GCA_023615705.2	Acinetobacter baumannii	abaumannii_2	2	Pas_cpn60(2),Pas_fusA(2),Pas_gltA(2),Pas_pyrG(2),Pas_recA(2),Pas_rplB(2),Pas_rpoB(2)
GCA_024138435.1	Acinetobacter baumannii	abaumannii_2	162	Pas_cpn60(3),Pas_fusA(2),Pas_gltA(2),Pas_pyrG(2),Pas_recA(2),Pas_rplB(4),Pas_rpoB(8)
GCA_023615745.2	Acinetobacter baumannii	abaumannii_2	499	Pas_cpn60(5),Pas_fusA(2),Pas_gltA(39),Pas_pyrG(2),Pas_recA(3),Pas_rplB(1),Pas_rpoB(5)
GCA_023517215.1	Acinetobacter baumannii	abaumannii_2	2	Pas_cpn60(2),Pas_fusA(2),Pas_gltA(2),Pas_pyrG(2),Pas_recA(2),Pas_rplB(2),Pas_rpoB(2)
GCA_024139055.1	Acinetobacter baumannii	abaumannii_2	318	Pas_cpn60(6),Pas_fusA(6),Pas_gltA(8),Pas_pyrG(2),Pas_recA(3),Pas_rplB(5),Pas_rpoB(5)
GCA_023517695.1	Acinetobacter baumannii	abaumannii_2	2	Pas_cpn60(2),Pas_fusA(2),Pas_gltA(2),Pas_pyrG(2),Pas_recA(2),Pas_rplB(2),Pas_rpoB(2)
GCA_025258705.1	Acinetobacter baumannii	abaumannii_2	422	Pas_cpn60(26),Pas_fusA(72),Pas_gltA(2),Pas_pyrG(2),Pas_recA(29),Pas_rplB(4),Pas_rpoB(5)
GCA_024139015.1	Acinetobacter baumannii	abaumannii_2	109	Pas_cpn60(26),Pas_fusA(4),Pas_gltA(2),Pas_pyrG(2),Pas_recA(9),Pas_rplB(1),Pas_rpoB(5)
GCA_024505625.1	Acinetobacter baumannii	abaumannii_2	-	Pas_cpn60(~3),Pas_fusA(2),Pas_gltA(2),Pas_pyrG(2),Pas_recA(3),Pas_rplB(4),Pas_rpoB(4)
GCA_025449155.1	Acinetobacter baumannii	abaumannii_2	2	Pas_cpn60(2),Pas_fusA(2),Pas_gltA(2),Pas_pyrG(2),Pas_recA(2),Pas_rplB(2),Pas_rpoB(2)
GCA_023615345.2	Acinetobacter baumannii	abaumannii_2	78	Pas_cpn60(25),Pas_fusA(3),Pas_gltA(6),Pas_pyrG(2),Pas_recA(28),Pas_rplB(1),Pas_rpoB(29)
GCA_024139075.1	Acinetobacter baumannii	abaumannii_2	15	Pas_cpn60(6),Pas_fusA(6),Pas_gltA(8),Pas_pyrG(2),Pas_recA(3),Pas_rplB(5),Pas_rpoB(4)
GCA_024139095.1	Acinetobacter baumannii	abaumannii_2	1	Pas_cpn60(1),Pas_fusA(1),Pas_gltA(1),Pas_pyrG(1),Pas_recA(5),Pas_rplB(1),Pas_rpoB(1)
GCA_023517735.1	Acinetobacter baumannii	abaumannii_2	2	Pas_cpn60(2),Pas_fusA(2),Pas_gltA(2),Pas_pyrG(2),Pas_recA(2),Pas_rplB(2),Pas_rpoB(2)
GCA_024732425.1	Acinetobacter baumannii	abaumannii_2	45	Pas_cpn60(2),Pas_fusA(6),Pas_gltA(2),Pas_pyrG(2),Pas_recA(2),Pas_rplB(2),Pas_rpoB(2)
GCA_023517195.1	Acinetobacter baumannii	abaumannii_2	2	Pas_cpn60(2),Pas_fusA(2),Pas_gltA(2),Pas_pyrG(2),Pas_recA(2),Pas_rplB(2),Pas_rpoB(2)
GCA_024139035.1	Acinetobacter baumannii	abaumannii_2	79	Pas_cpn60(26),Pas_fusA(2),Pas_gltA(2),Pas_pyrG(2),Pas_recA(29),Pas_rplB(4),Pas_rpoB(5)
GCA_024205285.1	Acinetobacter baumannii	abaumannii_2	164	Pas_cpn60(40),Pas_fusA(3),Pas_gltA(7),Pas_pyrG(2),Pas_recA(40),Pas_rplB(4),Pas_rpoB(4)
GCA_024106315.2	Acinetobacter baumannii	abaumannii_2	78	Pas_cpn60(25),Pas_fusA(3),Pas_gltA(6),Pas_pyrG(2),Pas_recA(28),Pas_rplB(1),Pas_rpoB(29)
GCA_025402975.1	Acinetobacter baumannii	abaumannii_2	2	Pas_cpn60(2),Pas_fusA(2),Pas_gltA(2),Pas_pyrG(2),Pas_recA(2),Pas_rplB(2),Pas_rpoB(2)
GCA_023517235.1	Acinetobacter baumannii	abaumannii_2	46	Pas_cpn60(5),Pas_fusA(12),Pas_gltA(11),Pas_pyrG(2),Pas_recA(14),Pas_rplB(9),Pas_rpoB(14)
GCA_025258845.1	Acinetobacter baumannii	abaumannii_2	422	Pas_cpn60(26),Pas_fusA(72),Pas_gltA(2),Pas_pyrG(2),Pas_recA(29),Pas_rplB(4),Pas_rpoB(5)
GCA_025258785.1	Acinetobacter baumannii	abaumannii_2	422	Pas_cpn60(26),Pas_fusA(72),Pas_gltA(2),Pas_pyrG(2),Pas_recA(29),Pas_rplB(4),Pas_rpoB(5)
GCA_023361895.1	Acinetobacter baumannii	abaumannii_2	2	Pas_cpn60(2),Pas_fusA(2),Pas_gltA(2),Pas_pyrG(2),Pas_recA(2),Pas_rplB(2),Pas_rpoB(2)
GCA_025369955.3	Acinetobacter baumannii	abaumannii_2	422	Pas_cpn60(26),Pas_fusA(72),Pas_gltA(2),Pas_pyrG(2),Pas_recA(29),Pas_rplB(4),Pas_rpoB(5)
GCA_023361955.1	Acinetobacter baumannii	abaumannii_2	2	Pas_cpn60(2),Pas_fusA(2),Pas_gltA(2),Pas_pyrG(2),Pas_recA(2),Pas_rplB(2),Pas_rpoB(2)
GCA_024172225.1	Acinetobacter baumannii	abaumannii_2	2	Pas_cpn60(2),Pas_fusA(2),Pas_gltA(2),Pas_pyrG(2),Pas_recA(2),Pas_rplB(2),Pas_rpoB(2)
GCA_024138105.1	Acinetobacter baumannii	abaumannii_2	2	Pas_cpn60(2),Pas_fusA(2),Pas_gltA(2),Pas_pyrG(2),Pas_recA(2),Pas_rplB(2),Pas_rpoB(2)
GCA_024749505.1	Acinetobacter baumannii	abaumannii_2	58	Pas_cpn60(13),Pas_fusA(4),Pas_gltA(2),Pas_pyrG(2),Pas_recA(7),Pas_rplB(1),Pas_rpoB(2)
GCA_023809705.1	Acinetobacter baumannii	abaumannii_2	126	Pas_cpn60(3),Pas_fusA(2),Pas_gltA(7),Pas_pyrG(2),Pas_recA(7),Pas_rplB(1),Pas_rpoB(3)
GCA_025258805.1	Acinetobacter baumannii	abaumannii_2	422	Pas_cpn60(26),Pas_fusA(72),Pas_gltA(2),Pas_pyrG(2),Pas_recA(29),Pas_rplB(4),Pas_rpoB(5)
GCA_025258765.1	Acinetobacter baumannii	abaumannii_2	422	Pas_cpn60(26),Pas_fusA(72),Pas_gltA(2),Pas_pyrG(2),Pas_recA(29),Pas_rplB(4),Pas_rpoB(5)
GCA_024126315.1	Acinetobacter baumannii	abaumannii_2	2	Pas_cpn60(2),Pas_fusA(2),Pas_gltA(2),Pas_pyrG(2),Pas_recA(2),Pas_rplB(2),Pas_rpoB(2)
GCA_023361875.1	Acinetobacter baumannii	abaumannii_2	2	Pas_cpn60(2),Pas_fusA(2),Pas_gltA(2),Pas_pyrG(2),Pas_recA(2),Pas_rplB(2),Pas_rpoB(2)
GCA_023517255.1	Acinetobacter baumannii	abaumannii_2	2	Pas_cpn60(2),Pas_fusA(2),Pas_gltA(2),Pas_pyrG(2),Pas_recA(2),Pas_rplB(2),Pas_rpoB(2)
GCA_025258745.1	Acinetobacter baumannii	abaumannii_2	422	Pas_cpn60(26),Pas_fusA(72),Pas_gltA(2),Pas_pyrG(2),Pas_recA(29),Pas_rplB(4),Pas_rpoB(5)
GCA_023362215.1	Acinetobacter baumannii	abaumannii_2	2	Pas_cpn60(2),Pas_fusA(2),Pas_gltA(2),Pas_pyrG(2),Pas_recA(2),Pas_rplB(2),Pas_rpoB(2)
GCA_024126235.1	Acinetobacter baumannii	abaumannii_2	-	Pas_cpn60(2),Pas_fusA(2),Pas_gltA(2),Pas_pyrG(2),Pas_recA(2),Pas_rplB(264?),Pas_rpoB(2)
GCA_023361915.1	Acinetobacter baumannii	abaumannii_2	2	Pas_cpn60(2),Pas_fusA(2),Pas_gltA(2),Pas_pyrG(2),Pas_recA(2),Pas_rplB(2),Pas_rpoB(2)
GCA_024134645.1	Acinetobacter baumannii	abaumannii_2	437	Pas_cpn60(3),Pas_fusA(2),Pas_gltA(2),Pas_pyrG(2),Pas_recA(30),Pas_rplB(4),Pas_rpoB(28)
GCA_023362015.1	Acinetobacter baumannii	abaumannii_2	2	Pas_cpn60(2),Pas_fusA(2),Pas_gltA(2),Pas_pyrG(2),Pas_recA(2),Pas_rplB(2),Pas_rpoB(2)
GCA_024126255.1	Acinetobacter baumannii	abaumannii_2	2	Pas_cpn60(2),Pas_fusA(2),Pas_gltA(2),Pas_pyrG(2),Pas_recA(2),Pas_rplB(2),Pas_rpoB(2)
GCA_024749605.1	Acinetobacter baumannii	abaumannii_2	54	Pas_cpn60(12),Pas_fusA(3),Pas_gltA(18),Pas_pyrG(2),Pas_recA(17),Pas_rplB(4),Pas_rpoB(5)
GCA_024134625.1	Acinetobacter baumannii	abaumannii_2	2	Pas_cpn60(2),Pas_fusA(2),Pas_gltA(2),Pas_pyrG(2),Pas_recA(2),Pas_rplB(2),Pas_rpoB(2)
GCA_024749405.1	Acinetobacter baumannii	abaumannii_2	33	Pas_cpn60(3),Pas_fusA(5),Pas_gltA(7),Pas_pyrG(1),Pas_recA(7),Pas_rplB(1),Pas_rpoB(4)
GCA_023362275.1	Acinetobacter baumannii	abaumannii_2	2	Pas_cpn60(2),Pas_fusA(2),Pas_gltA(2),Pas_pyrG(2),Pas_recA(2),Pas_rplB(2),Pas_rpoB(2)
GCA_024749445.1	Acinetobacter baumannii	abaumannii_2	400	Pas_cpn60(3),Pas_fusA(3),Pas_gltA(55),Pas_pyrG(2),Pas_recA(66),Pas_rplB(1),Pas_rpoB(5)
GCA_023362135.1	Acinetobacter baumannii	abaumannii_2	2	Pas_cpn60(2),Pas_fusA(2),Pas_gltA(2),Pas_pyrG(2),Pas_recA(2),Pas_rplB(2),Pas_rpoB(2)
GCA_024134665.1	Acinetobacter baumannii	abaumannii_2	437	Pas_cpn60(3),Pas_fusA(2),Pas_gltA(2),Pas_pyrG(2),Pas_recA(30),Pas_rplB(4),Pas_rpoB(28)
GCA_024749745.1	Acinetobacter baumannii	abaumannii_2	636	Pas_cpn60(2),Pas_fusA(1),Pas_gltA(2),Pas_pyrG(2),Pas_recA(2),Pas_rplB(1),Pas_rpoB(1)
GCA_023362055.1	Acinetobacter baumannii	abaumannii_2	2	Pas_cpn60(2),Pas_fusA(2),Pas_gltA(2),Pas_pyrG(2),Pas_recA(2),Pas_rplB(2),Pas_rpoB(2)
GCA_023517175.1	Acinetobacter baumannii	abaumannii_2	2	Pas_cpn60(2),Pas_fusA(2),Pas_gltA(2),Pas_pyrG(2),Pas_recA(2),Pas_rplB(2),Pas_rpoB(2)
GCA_024205265.1	Acinetobacter baumannii	abaumannii_2	164	Pas_cpn60(40),Pas_fusA(3),Pas_gltA(7),Pas_pyrG(2),Pas_recA(40),Pas_rplB(4),Pas_rpoB(4)
GCA_023981045.1	Acinetobacter baumannii	abaumannii_2	256	Pas_cpn60(1),Pas_fusA(3),Pas_gltA(10),Pas_pyrG(1),Pas_recA(2),Pas_rplB(4),Pas_rpoB(4)
GCA_024749625.1	Acinetobacter baumannii	abaumannii_2	32	Pas_cpn60(1),Pas_fusA(1),Pas_gltA(2),Pas_pyrG(2),Pas_recA(3),Pas_rplB(4),Pas_rpoB(4)
GCA_023361975.1	Acinetobacter baumannii	abaumannii_2	2	Pas_cpn60(2),Pas_fusA(2),Pas_gltA(2),Pas_pyrG(2),Pas_recA(2),Pas_rplB(2),Pas_rpoB(2)
GCA_024749485.1	Acinetobacter baumannii	abaumannii_2	1	Pas_cpn60(1),Pas_fusA(1),Pas_gltA(1),Pas_pyrG(1),Pas_recA(5),Pas_rplB(1),Pas_rpoB(1)
GCA_024126295.1	Acinetobacter baumannii	abaumannii_2	2	Pas_cpn60(2),Pas_fusA(2),Pas_gltA(2),Pas_pyrG(2),Pas_recA(2),Pas_rplB(2),Pas_rpoB(2)
GCA_023361995.1	Acinetobacter baumannii	abaumannii_2	2	Pas_cpn60(2),Pas_fusA(2),Pas_gltA(2),Pas_pyrG(2),Pas_recA(2),Pas_rplB(2),Pas_rpoB(2)
GCA_024134685.1	Acinetobacter baumannii	abaumannii_2	2	Pas_cpn60(2),Pas_fusA(2),Pas_gltA(2),Pas_pyrG(2),Pas_recA(2),Pas_rplB(2),Pas_rpoB(2)
GCA_024749425.1	Acinetobacter baumannii	abaumannii_2	193	Pas_cpn60(3),Pas_fusA(1),Pas_gltA(7),Pas_pyrG(1),Pas_recA(7),Pas_rplB(2),Pas_rpoB(4)
GCA_023362095.1	Acinetobacter baumannii	abaumannii_2	2	Pas_cpn60(2),Pas_fusA(2),Pas_gltA(2),Pas_pyrG(2),Pas_recA(2),Pas_rplB(2),Pas_rpoB(2)
GCA_024730805.1	Acinetobacter baumannii	abaumannii_2	2	Pas_cpn60(2),Pas_fusA(2),Pas_gltA(2),Pas_pyrG(2),Pas_recA(2),Pas_rplB(2),Pas_rpoB(2)
GCA_023361835.1	Acinetobacter baumannii	abaumannii_2	2	Pas_cpn60(2),Pas_fusA(2),Pas_gltA(2),Pas_pyrG(2),Pas_recA(2),Pas_rplB(2),Pas_rpoB(2)
GCA_023362035.1	Acinetobacter baumannii	abaumannii_2	2	Pas_cpn60(2),Pas_fusA(2),Pas_gltA(2),Pas_pyrG(2),Pas_recA(2),Pas_rplB(2),Pas_rpoB(2)
GCA_023361935.1	Acinetobacter baumannii	abaumannii_2	2	Pas_cpn60(2),Pas_fusA(2),Pas_gltA(2),Pas_pyrG(2),Pas_recA(2),Pas_rplB(2),Pas_rpoB(2)
GCA_024125815.1	Acinetobacter baumannii	abaumannii_2	2	Pas_cpn60(2),Pas_fusA(2),Pas_gltA(2),Pas_pyrG(2),Pas_recA(2),Pas_rplB(2),Pas_rpoB(2)
GCA_023362175.1	Acinetobacter baumannii	abaumannii_2	2	Pas_cpn60(2),Pas_fusA(2),Pas_gltA(2),Pas_pyrG(2),Pas_recA(2),Pas_rplB(2),Pas_rpoB(2)
GCA_024749385.1	Acinetobacter baumannii	abaumannii_2	1	Pas_cpn60(1),Pas_fusA(1),Pas_gltA(1),Pas_pyrG(1),Pas_recA(5),Pas_rplB(1),Pas_rpoB(1)
GCA_024800505.1	Acinetobacter baumannii	abaumannii_2	2	Pas_cpn60(2),Pas_fusA(2),Pas_gltA(2),Pas_pyrG(2),Pas_recA(2),Pas_rplB(2),Pas_rpoB(2)
GCA_025402915.1	Acinetobacter baumannii	abaumannii_2	2	Pas_cpn60(2),Pas_fusA(2),Pas_gltA(2),Pas_pyrG(2),Pas_recA(2),Pas_rplB(2),Pas_rpoB(2)
GCA_023362115.1	Acinetobacter baumannii	abaumannii_2	2	Pas_cpn60(2),Pas_fusA(2),Pas_gltA(2),Pas_pyrG(2),Pas_recA(2),Pas_rplB(2),Pas_rpoB(2)
GCA_023517715.1	Acinetobacter baumannii	abaumannii_2	2	Pas_cpn60(2),Pas_fusA(2),Pas_gltA(2),Pas_pyrG(2),Pas_recA(2),Pas_rplB(2),Pas_rpoB(2)
GCA_024749645.1	Acinetobacter baumannii	abaumannii_2	268	Pas_cpn60(3),Pas_fusA(2),Pas_gltA(2),Pas_pyrG(2),Pas_recA(3),Pas_rplB(1),Pas_rpoB(5)
GCA_024749545.1	Acinetobacter baumannii	abaumannii_2	2	Pas_cpn60(2),Pas_fusA(2),Pas_gltA(2),Pas_pyrG(2),Pas_recA(2),Pas_rplB(2),Pas_rpoB(2)
GCA_024126275.1	Acinetobacter baumannii	abaumannii_2	2	Pas_cpn60(2),Pas_fusA(2),Pas_gltA(2),Pas_pyrG(2),Pas_recA(2),Pas_rplB(2),Pas_rpoB(2)
GCA_025264005.1	Acinetobacter baumannii	abaumannii_2	2266	Pas_cpn60(8),Pas_fusA(1),Pas_gltA(56),Pas_pyrG(3),Pas_recA(7),Pas_rplB(1),Pas_rpoB(4)
GCA_024137925.1	Acinetobacter baumannii	abaumannii_2	2	Pas_cpn60(2),Pas_fusA(2),Pas_gltA(2),Pas_pyrG(2),Pas_recA(2),Pas_rplB(2),Pas_rpoB(2)
GCA_024749665.1	Acinetobacter baumannii	abaumannii_2	636	Pas_cpn60(2),Pas_fusA(1),Pas_gltA(2),Pas_pyrG(2),Pas_recA(2),Pas_rplB(1),Pas_rpoB(1)
GCA_024749685.1	Acinetobacter baumannii	abaumannii_2	2	Pas_cpn60(2),Pas_fusA(2),Pas_gltA(2),Pas_pyrG(2),Pas_recA(2),Pas_rplB(2),Pas_rpoB(2)
GCA_023809625.1	Acinetobacter baumannii	abaumannii_2	126	Pas_cpn60(3),Pas_fusA(2),Pas_gltA(7),Pas_pyrG(2),Pas_recA(7),Pas_rplB(1),Pas_rpoB(3)
GCA_023362075.1	Acinetobacter baumannii	abaumannii_2	2	Pas_cpn60(2),Pas_fusA(2),Pas_gltA(2),Pas_pyrG(2),Pas_recA(2),Pas_rplB(2),Pas_rpoB(2)
GCA_024749765.1	Acinetobacter baumannii	abaumannii_2	636	Pas_cpn60(2),Pas_fusA(1),Pas_gltA(2),Pas_pyrG(2),Pas_recA(2),Pas_rplB(1),Pas_rpoB(1)
GCA_023362235.1	Acinetobacter baumannii	abaumannii_2	2	Pas_cpn60(2),Pas_fusA(2),Pas_gltA(2),Pas_pyrG(2),Pas_recA(2),Pas_rplB(2),Pas_rpoB(2)
GCA_023362195.1	Acinetobacter baumannii	abaumannii_2	2	Pas_cpn60(2),Pas_fusA(2),Pas_gltA(2),Pas_pyrG(2),Pas_recA(2),Pas_rplB(2),Pas_rpoB(2)
GCA_024749525.1	Acinetobacter baumannii	abaumannii_2	103	Pas_cpn60(7),Pas_fusA(3),Pas_gltA(2),Pas_pyrG(1),Pas_recA(7),Pas_rplB(1),Pas_rpoB(4)
GCA_024426665.1	Acinetobacter baumannii	abaumannii_2	25	Pas_cpn60(3),Pas_fusA(3),Pas_gltA(2),Pas_pyrG(4),Pas_recA(7),Pas_rplB(2),Pas_rpoB(4)
GCA_024749465.1	Acinetobacter baumannii	abaumannii_2	85	Pas_cpn60(5),Pas_fusA(2),Pas_gltA(4),Pas_pyrG(1),Pas_recA(3),Pas_rplB(3),Pas_rpoB(4)
GCA_023362255.1	Acinetobacter baumannii	abaumannii_2	2	Pas_cpn60(2),Pas_fusA(2),Pas_gltA(2),Pas_pyrG(2),Pas_recA(2),Pas_rplB(2),Pas_rpoB(2)
GCA_023361855.1	Acinetobacter baumannii	abaumannii_2	2	Pas_cpn60(2),Pas_fusA(2),Pas_gltA(2),Pas_pyrG(2),Pas_recA(2),Pas_rplB(2),Pas_rpoB(2)
GCA_023362155.1	Acinetobacter baumannii	abaumannii_2	2	Pas_cpn60(2),Pas_fusA(2),Pas_gltA(2),Pas_pyrG(2),Pas_recA(2),Pas_rplB(2),Pas_rpoB(2)
GCA_023517155.1	Acinetobacter baumannii	abaumannii_2	2	Pas_cpn60(2),Pas_fusA(2),Pas_gltA(2),Pas_pyrG(2),Pas_recA(2),Pas_rplB(2),Pas_rpoB(2)
GCA_023716445.1	Klebsiella pneumoniae	klebsiella	299	gapA(2),infB(10),mdh(1),pgi(1),phoE(56),rpoB(24),tonB(31)
GCA_023703995.1	Klebsiella pneumoniae	klebsiella	1412	gapA(2),infB(5),mdh(1),pgi(1),phoE(4),rpoB(1),tonB(18)
GCA_023539115.1	Klebsiella pneumoniae	klebsiella	14	gapA(1),infB(6),mdh(1),pgi(1),phoE(1),rpoB(1),tonB(1)
GCA_023539055.1	Klebsiella pneumoniae	klebsiella	147	gapA(3),infB(4),mdh(6),pgi(1),phoE(7),rpoB(4),tonB(38)
GCA_023539075.1	Klebsiella pneumoniae	klebsiella	258	gapA(3),infB(3),mdh(1),pgi(1),phoE(1),rpoB(1),tonB(79)
GCA_023539095.1	Klebsiella pneumoniae	klebsiella	147	gapA(3),infB(4),mdh(6),pgi(1),phoE(7),rpoB(4),tonB(38)
GCA_025854035.1	Acinetobacter baumannii	abaumannii_2	16	Pas_cpn60(7),Pas_fusA(7),Pas_gltA(2),Pas_pyrG(2),Pas_recA(8),Pas_rplB(4),Pas_rpoB(4)
GCA_028583465.1	Acinetobacter baumannii	abaumannii_2	690	Pas_cpn60(3),Pas_fusA(3),Pas_gltA(2),Pas_pyrG(1),Pas_recA(7),Pas_rplB(2),Pas_rpoB(14)
GCA_028583485.1	Acinetobacter baumannii	abaumannii_2	1	Pas_cpn60(1),Pas_fusA(1),Pas_gltA(1),Pas_pyrG(1),Pas_recA(5),Pas_rplB(1),Pas_rpoB(1)
GCA_025854135.1	Acinetobacter baumannii	abaumannii_2	499	Pas_cpn60(5),Pas_fusA(2),Pas_gltA(39),Pas_pyrG(2),Pas_recA(3),Pas_rplB(1),Pas_rpoB(5)
GCA_025854215.1	Acinetobacter baumannii	abaumannii_2	499	Pas_cpn60(5),Pas_fusA(2),Pas_gltA(39),Pas_pyrG(2),Pas_recA(3),Pas_rplB(1),Pas_rpoB(5)
GCA_025449175.1	Acinetobacter baumannii	abaumannii_2	2	Pas_cpn60(2),Pas_fusA(2),Pas_gltA(2),Pas_pyrG(2),Pas_recA(2),Pas_rplB(2),Pas_rpoB(2)
GCA_025449195.1	Acinetobacter baumannii	abaumannii_2	2	Pas_cpn60(2),Pas_fusA(2),Pas_gltA(2),Pas_pyrG(2),Pas_recA(2),Pas_rplB(2),Pas_rpoB(2)
GCA_025853895.1	Acinetobacter baumannii	abaumannii_2	499	Pas_cpn60(5),Pas_fusA(2),Pas_gltA(39),Pas_pyrG(2),Pas_recA(3),Pas_rplB(1),Pas_rpoB(5)
GCA_025722955.1	Acinetobacter baumannii	abaumannii_2	2	Pas_cpn60(2),Pas_fusA(2),Pas_gltA(2),Pas_pyrG(2),Pas_recA(2),Pas_rplB(2),Pas_rpoB(2)
GCA_029223565.1	Acinetobacter baumannii	abaumannii_2	46	Pas_cpn60(5),Pas_fusA(12),Pas_gltA(11),Pas_pyrG(2),Pas_recA(14),Pas_rplB(9),Pas_rpoB(14)
GCA_025854255.1	Acinetobacter baumannii	abaumannii_2	16	Pas_cpn60(7),Pas_fusA(7),Pas_gltA(2),Pas_pyrG(2),Pas_recA(8),Pas_rplB(4),Pas_rpoB(4)
GCA_025854115.1	Acinetobacter baumannii	abaumannii_2	499	Pas_cpn60(5),Pas_fusA(2),Pas_gltA(39),Pas_pyrG(2),Pas_recA(3),Pas_rplB(1),Pas_rpoB(5)
GCA_025854075.1	Acinetobacter baumannii	abaumannii_2	499	Pas_cpn60(5),Pas_fusA(2),Pas_gltA(39),Pas_pyrG(2),Pas_recA(3),Pas_rplB(1),Pas_rpoB(5)
GCA_025854235.1	Acinetobacter baumannii	abaumannii_2	499	Pas_cpn60(5),Pas_fusA(2),Pas_gltA(39),Pas_pyrG(2),Pas_recA(3),Pas_rplB(1),Pas_rpoB(5)
GCA_028622715.1	Acinetobacter baumannii	abaumannii_2	2	Pas_cpn60(2),Pas_fusA(2),Pas_gltA(2),Pas_pyrG(2),Pas_recA(2),Pas_rplB(2),Pas_rpoB(2)
GCA_025854095.1	Acinetobacter baumannii	abaumannii_2	16	Pas_cpn60(7),Pas_fusA(7),Pas_gltA(2),Pas_pyrG(2),Pas_recA(8),Pas_rplB(4),Pas_rpoB(4)
GCA_028464005.1	Acinetobacter baumannii	abaumannii_2	2	Pas_cpn60(2),Pas_fusA(2),Pas_gltA(2),Pas_pyrG(2),Pas_recA(2),Pas_rplB(2),Pas_rpoB(2)
GCA_025853975.1	Acinetobacter baumannii	abaumannii_2	-	Pas_cpn60(~5),Pas_fusA(2),Pas_gltA(39),Pas_pyrG(2),Pas_recA(3),Pas_rplB(1),Pas_rpoB(5)
GCA_028051805.3	Acinetobacter baumannii	abaumannii_2	2	Pas_cpn60(2),Pas_fusA(2),Pas_gltA(2),Pas_pyrG(2),Pas_recA(2),Pas_rplB(2),Pas_rpoB(2)
GCA_028751705.1	Acinetobacter baumannii	abaumannii_2	2	Pas_cpn60(2),Pas_fusA(2),Pas_gltA(2),Pas_pyrG(2),Pas_recA(2),Pas_rplB(2),Pas_rpoB(2)
GCA_028464025.1	Acinetobacter baumannii	abaumannii_2	2	Pas_cpn60(2),Pas_fusA(2),Pas_gltA(2),Pas_pyrG(2),Pas_recA(2),Pas_rplB(2),Pas_rpoB(2)
GCA_028051765.3	Acinetobacter baumannii	abaumannii_2	2	Pas_cpn60(2),Pas_fusA(2),Pas_gltA(2),Pas_pyrG(2),Pas_recA(2),Pas_rplB(2),Pas_rpoB(2)
GCA_027943705.1	Acinetobacter baumannii	abaumannii_2	2	Pas_cpn60(2),Pas_fusA(2),Pas_gltA(2),Pas_pyrG(2),Pas_recA(2),Pas_rplB(2),Pas_rpoB(2)
GCA_029459655.1	Acinetobacter baumannii	abaumannii_2	172	Pas_cpn60(1),Pas_fusA(16),Pas_gltA(2),Pas_pyrG(6),Pas_recA(18),Pas_rplB(4),Pas_rpoB(4)
GCA_025853915.1	Acinetobacter baumannii	abaumannii_2	499	Pas_cpn60(5),Pas_fusA(2),Pas_gltA(39),Pas_pyrG(2),Pas_recA(3),Pas_rplB(1),Pas_rpoB(5)
GCA_027558855.1	Acinetobacter baumannii	abaumannii_2	499	Pas_cpn60(5),Pas_fusA(2),Pas_gltA(39),Pas_pyrG(2),Pas_recA(3),Pas_rplB(1),Pas_rpoB(5)
GCA_025995075.1	Acinetobacter baumannii	abaumannii_2	52	Pas_cpn60(3),Pas_fusA(2),Pas_gltA(2),Pas_pyrG(7),Pas_recA(9),Pas_rplB(1),Pas_rpoB(5)
GCA_025853955.1	Acinetobacter baumannii	abaumannii_2	499	Pas_cpn60(5),Pas_fusA(2),Pas_gltA(39),Pas_pyrG(2),Pas_recA(3),Pas_rplB(1),Pas_rpoB(5)
GCA_025853935.1	Acinetobacter baumannii	abaumannii_2	499	Pas_cpn60(5),Pas_fusA(2),Pas_gltA(39),Pas_pyrG(2),Pas_recA(3),Pas_rplB(1),Pas_rpoB(5)
GCA_025854055.1	Acinetobacter baumannii	abaumannii_2	499	Pas_cpn60(5),Pas_fusA(2),Pas_gltA(39),Pas_pyrG(2),Pas_recA(3),Pas_rplB(1),Pas_rpoB(5)
GCA_028622915.1	Acinetobacter baumannii	abaumannii_2	2	Pas_cpn60(2),Pas_fusA(2),Pas_gltA(2),Pas_pyrG(2),Pas_recA(2),Pas_rplB(2),Pas_rpoB(2)
GCA_025854155.1	Acinetobacter baumannii	abaumannii_2	2	Pas_cpn60(2),Pas_fusA(2),Pas_gltA(2),Pas_pyrG(2),Pas_recA(2),Pas_rplB(2),Pas_rpoB(2)
GCA_028622775.1	Acinetobacter baumannii	abaumannii_2	2	Pas_cpn60(2),Pas_fusA(2),Pas_gltA(2),Pas_pyrG(2),Pas_recA(2),Pas_rplB(2),Pas_rpoB(2)
GCA_025854195.1	Acinetobacter baumannii	abaumannii_2	499	Pas_cpn60(5),Pas_fusA(2),Pas_gltA(39),Pas_pyrG(2),Pas_recA(3),Pas_rplB(1),Pas_rpoB(5)
GCA_026167785.1	Acinetobacter baumannii	abaumannii_2	437	Pas_cpn60(3),Pas_fusA(2),Pas_gltA(2),Pas_pyrG(2),Pas_recA(30),Pas_rplB(4),Pas_rpoB(28)
GCA_025853995.1	Acinetobacter baumannii	abaumannii_2	2	Pas_cpn60(2),Pas_fusA(2),Pas_gltA(2),Pas_pyrG(2),Pas_recA(2),Pas_rplB(2),Pas_rpoB(2)
GCA_029459615.1	Acinetobacter baumannii	abaumannii_2	437	Pas_cpn60(3),Pas_fusA(2),Pas_gltA(2),Pas_pyrG(2),Pas_recA(30),Pas_rplB(4),Pas_rpoB(28)
GCA_026409185.1	Acinetobacter baumannii	abaumannii_2	2	Pas_cpn60(2),Pas_fusA(2),Pas_gltA(2),Pas_pyrG(2),Pas_recA(2),Pas_rplB(2),Pas_rpoB(2)
GCA_028622695.1	Acinetobacter baumannii	abaumannii_2	2	Pas_cpn60(2),Pas_fusA(2),Pas_gltA(2),Pas_pyrG(2),Pas_recA(2),Pas_rplB(2),Pas_rpoB(2)
GCA_025854175.1	Acinetobacter baumannii	abaumannii_2	499	Pas_cpn60(5),Pas_fusA(2),Pas_gltA(39),Pas_pyrG(2),Pas_recA(3),Pas_rplB(1),Pas_rpoB(5)
GCA_027943685.1	Acinetobacter baumannii	abaumannii_2	2	Pas_cpn60(2),Pas_fusA(2),Pas_gltA(2),Pas_pyrG(2),Pas_recA(2),Pas_rplB(2),Pas_rpoB(2)
GCA_027239755.1	Acinetobacter baumannii	abaumannii_2	40	Pas_cpn60(1),Pas_fusA(2),Pas_gltA(2),Pas_pyrG(2),Pas_recA(5),Pas_rplB(1),Pas_rpoB(14)
GCA_027992645.4	Acinetobacter baumannii	abaumannii_2	2	Pas_cpn60(2),Pas_fusA(2),Pas_gltA(2),Pas_pyrG(2),Pas_recA(2),Pas_rplB(2),Pas_rpoB(2)
GCA_026409205.1	Acinetobacter baumannii	abaumannii_2	2	Pas_cpn60(2),Pas_fusA(2),Pas_gltA(2),Pas_pyrG(2),Pas_recA(2),Pas_rplB(2),Pas_rpoB(2)
GCA_025854015.1	Acinetobacter baumannii	abaumannii_2	2	Pas_cpn60(2),Pas_fusA(2),Pas_gltA(2),Pas_pyrG(2),Pas_recA(2),Pas_rplB(2),Pas_rpoB(2)
GCA_029674685.1	Acinetobacter baumannii	abaumannii_2	2	Pas_cpn60(2),Pas_fusA(2),Pas_gltA(2),Pas_pyrG(2),Pas_recA(2),Pas_rplB(2),Pas_rpoB(2)
GCA_028634015.3	Acinetobacter baumannii	abaumannii_2	2	Pas_cpn60(2),Pas_fusA(2),Pas_gltA(2),Pas_pyrG(2),Pas_recA(2),Pas_rplB(2),Pas_rpoB(2)
GCA_029168475.1	Acinetobacter baumannii	abaumannii_2	1	Pas_cpn60(1),Pas_fusA(1),Pas_gltA(1),Pas_pyrG(1),Pas_recA(5),Pas_rplB(1),Pas_rpoB(1)
GCA_029714005.1	Acinetobacter baumannii	abaumannii_2	2	Pas_cpn60(2),Pas_fusA(2),Pas_gltA(2),Pas_pyrG(2),Pas_recA(2),Pas_rplB(2),Pas_rpoB(2)
GCA_029713865.1	Acinetobacter baumannii	abaumannii_2	2	Pas_cpn60(2),Pas_fusA(2),Pas_gltA(2),Pas_pyrG(2),Pas_recA(2),Pas_rplB(2),Pas_rpoB(2)
GCA_028201675.1	Acinetobacter baumannii	abaumannii_2	-	Pas_cpn60(2),Pas_fusA(424?),Pas_gltA(2),Pas_pyrG(2),Pas_recA(2),Pas_rplB(2),Pas_rpoB(2)
GCA_026194635.2	Acinetobacter baumannii	abaumannii_2	40	Pas_cpn60(1),Pas_fusA(2),Pas_gltA(2),Pas_pyrG(2),Pas_recA(5),Pas_rplB(1),Pas_rpoB(14)
GCA_029748815.1	Acinetobacter baumannii	abaumannii_2	2	Pas_cpn60(2),Pas_fusA(2),Pas_gltA(2),Pas_pyrG(2),Pas_recA(2),Pas_rplB(2),Pas_rpoB(2)
GCA_026167805.1	Acinetobacter baumannii	abaumannii_2	437	Pas_cpn60(3),Pas_fusA(2),Pas_gltA(2),Pas_pyrG(2),Pas_recA(30),Pas_rplB(4),Pas_rpoB(28)
GCA_029713785.1	Acinetobacter baumannii	abaumannii_2	570	Pas_cpn60(2),Pas_fusA(2),Pas_gltA(2),Pas_pyrG(2),Pas_recA(2),Pas_rplB(2),Pas_rpoB(4)
GCA_029714145.1	Acinetobacter baumannii	abaumannii_2	2	Pas_cpn60(2),Pas_fusA(2),Pas_gltA(2),Pas_pyrG(2),Pas_recA(2),Pas_rplB(2),Pas_rpoB(2)
GCA_028548795.2	Acinetobacter baumannii	abaumannii_2	2	Pas_cpn60(2),Pas_fusA(2),Pas_gltA(2),Pas_pyrG(2),Pas_recA(2),Pas_rplB(2),Pas_rpoB(2)
GCA_025854315.1	Acinetobacter baumannii	abaumannii_2	2	Pas_cpn60(2),Pas_fusA(2),Pas_gltA(2),Pas_pyrG(2),Pas_recA(2),Pas_rplB(2),Pas_rpoB(2)
GCA_029459635.1	Acinetobacter baumannii	abaumannii_2	172	Pas_cpn60(1),Pas_fusA(16),Pas_gltA(2),Pas_pyrG(6),Pas_recA(18),Pas_rplB(4),Pas_rpoB(4)
GCA_029582015.1	Acinetobacter baumannii	abaumannii_2	309	Pas_cpn60(12),Pas_fusA(1),Pas_gltA(2),Pas_pyrG(2),Pas_recA(9),Pas_rplB(1),Pas_rpoB(5)
GCA_029713765.1	Acinetobacter baumannii	abaumannii_2	1579	Pas_cpn60(2),Pas_fusA(229),Pas_gltA(2),Pas_pyrG(2),Pas_recA(2),Pas_rplB(2),Pas_rpoB(2)
GCA_029459755.1	Acinetobacter baumannii	abaumannii_2	172	Pas_cpn60(1),Pas_fusA(16),Pas_gltA(2),Pas_pyrG(6),Pas_recA(18),Pas_rplB(4),Pas_rpoB(4)
GCA_029713745.1	Acinetobacter baumannii	abaumannii_2	2	Pas_cpn60(2),Pas_fusA(2),Pas_gltA(2),Pas_pyrG(2),Pas_recA(2),Pas_rplB(2),Pas_rpoB(2)
GCA_028370175.1	Acinetobacter baumannii	abaumannii_2	1	Pas_cpn60(1),Pas_fusA(1),Pas_gltA(1),Pas_pyrG(1),Pas_recA(5),Pas_rplB(1),Pas_rpoB(1)
GCA_028752795.1	Acinetobacter baumannii	abaumannii_2	2	Pas_cpn60(2),Pas_fusA(2),Pas_gltA(2),Pas_pyrG(2),Pas_recA(2),Pas_rplB(2),Pas_rpoB(2)
GCA_029278585.2	Klebsiella pneumoniae	klebsiella	-	gapA(214),infB(1),mdh(10),pgi(1),phoE(196),rpoB(4),tonB(256)
GCA_029714085.1	Acinetobacter baumannii	abaumannii_2	2	Pas_cpn60(2),Pas_fusA(2),Pas_gltA(2),Pas_pyrG(2),Pas_recA(2),Pas_rplB(2),Pas_rpoB(2)
GCA_026062515.1	Acinetobacter baumannii	abaumannii_2	111	Pas_cpn60(3),Pas_fusA(3),Pas_gltA(2),Pas_pyrG(2),Pas_recA(4),Pas_rplB(8),Pas_rpoB(12)
GCA_025916215.1	Acinetobacter baumannii	abaumannii_2	2	Pas_cpn60(2),Pas_fusA(2),Pas_gltA(2),Pas_pyrG(2),Pas_recA(2),Pas_rplB(2),Pas_rpoB(2)
GCA_029713905.1	Acinetobacter baumannii	abaumannii_2	1579	Pas_cpn60(2),Pas_fusA(229),Pas_gltA(2),Pas_pyrG(2),Pas_recA(2),Pas_rplB(2),Pas_rpoB(2)
GCA_028472745.1	Klebsiella pneumoniae	klebsiella	86	gapA(9),infB(4),mdh(2),pgi(1),phoE(1),rpoB(1),tonB(27)
GCA_028752815.1	Acinetobacter baumannii	abaumannii_2	2	Pas_cpn60(2),Pas_fusA(2),Pas_gltA(2),Pas_pyrG(2),Pas_recA(2),Pas_rplB(2),Pas_rpoB(2)
GCA_028583505.1	Acinetobacter baumannii	abaumannii_2	1	Pas_cpn60(1),Pas_fusA(1),Pas_gltA(1),Pas_pyrG(1),Pas_recA(5),Pas_rplB(1),Pas_rpoB(1)
GCA_029713965.1	Acinetobacter baumannii	abaumannii_2	570	Pas_cpn60(2),Pas_fusA(2),Pas_gltA(2),Pas_pyrG(2),Pas_recA(2),Pas_rplB(2),Pas_rpoB(4)
GCA_028201495.1	Acinetobacter baumannii	abaumannii_2	1	Pas_cpn60(1),Pas_fusA(1),Pas_gltA(1),Pas_pyrG(1),Pas_recA(5),Pas_rplB(1),Pas_rpoB(1)
GCA_029459775.1	Acinetobacter baumannii	abaumannii_2	172	Pas_cpn60(1),Pas_fusA(16),Pas_gltA(2),Pas_pyrG(6),Pas_recA(18),Pas_rplB(4),Pas_rpoB(4)
GCA_028472725.1	Klebsiella pneumoniae	klebsiella	23	gapA(2),infB(1),mdh(1),pgi(1),phoE(9),rpoB(4),tonB(12)
GCA_029714045.1	Acinetobacter baumannii	abaumannii_2	1572	Pas_cpn60(2),Pas_fusA(2),Pas_gltA(2),Pas_pyrG(2),Pas_recA(5),Pas_rplB(2),Pas_rpoB(1)
GCA_029714105.1	Acinetobacter baumannii	abaumannii_2	1580	Pas_cpn60(2),Pas_fusA(230),Pas_gltA(2),Pas_pyrG(2),Pas_recA(2),Pas_rplB(2),Pas_rpoB(2)
GCA_025758335.1	Klebsiella pneumoniae	klebsiella	1469	gapA(16),infB(24),mdh(21),pgi(27),phoE(47),rpoB(33),tonB(67)
GCA_028753295.1	Acinetobacter baumannii	abaumannii_2	2	Pas_cpn60(2),Pas_fusA(2),Pas_gltA(2),Pas_pyrG(2),Pas_recA(2),Pas_rplB(2),Pas_rpoB(2)
GCA_029713925.1	Acinetobacter baumannii	abaumannii_2	2	Pas_cpn60(2),Pas_fusA(2),Pas_gltA(2),Pas_pyrG(2),Pas_recA(2),Pas_rplB(2),Pas_rpoB(2)
GCA_029674805.1	Acinetobacter baumannii	abaumannii_2	331	Pas_cpn60(3),Pas_fusA(2),Pas_gltA(2),Pas_pyrG(2),Pas_recA(7),Pas_rplB(2),Pas_rpoB(5)
GCA_029713945.1	Acinetobacter baumannii	abaumannii_2	2	Pas_cpn60(2),Pas_fusA(2),Pas_gltA(2),Pas_pyrG(2),Pas_recA(2),Pas_rplB(2),Pas_rpoB(2)
GCA_027360555.1	Klebsiella pneumoniae	klebsiella	-	gapA(198),infB(1),mdh(2),pgi(4),phoE(9),rpoB(1),tonB(14)
GCA_029713845.1	Acinetobacter baumannii	abaumannii_2	1579	Pas_cpn60(2),Pas_fusA(229),Pas_gltA(2),Pas_pyrG(2),Pas_recA(2),Pas_rplB(2),Pas_rpoB(2)
GCA_029714165.1	Acinetobacter baumannii	abaumannii_2	2	Pas_cpn60(2),Pas_fusA(2),Pas_gltA(2),Pas_pyrG(2),Pas_recA(2),Pas_rplB(2),Pas_rpoB(2)
GCA_029674825.1	Acinetobacter baumannii	abaumannii_2	331	Pas_cpn60(3),Pas_fusA(2),Pas_gltA(2),Pas_pyrG(2),Pas_recA(7),Pas_rplB(2),Pas_rpoB(5)
GCA_029674845.1	Acinetobacter baumannii	abaumannii_2	331	Pas_cpn60(3),Pas_fusA(2),Pas_gltA(2),Pas_pyrG(2),Pas_recA(7),Pas_rplB(2),Pas_rpoB(5)
GCA_028472765.1	Klebsiella pneumoniae	klebsiella	11	gapA(3),infB(3),mdh(1),pgi(1),phoE(1),rpoB(1),tonB(4)
GCA_029581515.1	Klebsiella pneumoniae	klebsiella	-	gapA(3),infB(1),mdh(1),pgi(245?),phoE(27),rpoB(5),tonB(25)
GCA_028472545.1	Klebsiella pneumoniae	klebsiella	11	gapA(3),infB(3),mdh(1),pgi(1),phoE(1),rpoB(1),tonB(4)
GCA_028201695.1	Acinetobacter baumannii	abaumannii_2	2	Pas_cpn60(2),Pas_fusA(2),Pas_gltA(2),Pas_pyrG(2),Pas_recA(2),Pas_rplB(2),Pas_rpoB(2)
GCA_026253365.1	Klebsiella pneumoniae	klebsiella	37	gapA(2),infB(9),mdh(2),pgi(1),phoE(13),rpoB(1),tonB(16)
GCA_028906655.3	Klebsiella pneumoniae	klebsiella	268	gapA(2),infB(1),mdh(2),pgi(1),phoE(7),rpoB(1),tonB(81)
GCA_026256285.1	Klebsiella pneumoniae	klebsiella	3067	gapA(4),infB(1),mdh(1),pgi(1),phoE(7),rpoB(8),tonB(13)
GCA_029741845.3	Klebsiella pneumoniae	klebsiella	17	gapA(2),infB(1),mdh(1),pgi(1),phoE(4),rpoB(4),tonB(4)
GCA_026256325.1	Klebsiella pneumoniae	klebsiella	3061	gapA(2),infB(47),mdh(1),pgi(1),phoE(7),rpoB(2),tonB(4)
GCA_026626265.1	Klebsiella pneumoniae	klebsiella	656	gapA(4),infB(4),mdh(1),pgi(1),phoE(7),rpoB(4),tonB(4)
GCA_028635255.3	Klebsiella pneumoniae	klebsiella	307	gapA(4),infB(1),mdh(2),pgi(52),phoE(1),rpoB(1),tonB(7)
GCA_033711495.1	Acinetobacter baumannii	abaumannii_2	-	Pas_cpn60(~462),Pas_fusA(~397),Pas_gltA(~462),Pas_pyrG(~238),Pas_recA(~437),Pas_rplB(~154),Pas_rpoB(~397)
GCA_029767905.3	Acinetobacter baumannii	abaumannii_2	2	Pas_cpn60(2),Pas_fusA(2),Pas_gltA(2),Pas_pyrG(2),Pas_recA(2),Pas_rplB(2),Pas_rpoB(2)
GCA_030704325.1	Acinetobacter baumannii	abaumannii_2	2	Pas_cpn60(2),Pas_fusA(2),Pas_gltA(2),Pas_pyrG(2),Pas_recA(2),Pas_rplB(2),Pas_rpoB(2)
GCA_030413705.1	Acinetobacter baumannii	abaumannii_2	25	Pas_cpn60(3),Pas_fusA(3),Pas_gltA(2),Pas_pyrG(4),Pas_recA(7),Pas_rplB(2),Pas_rpoB(4)
GCA_032822615.1	Acinetobacter baumannii	abaumannii_2	350	Pas_cpn60(3),Pas_fusA(3),Pas_gltA(2),Pas_pyrG(2),Pas_recA(5),Pas_rplB(2),Pas_rpoB(5)
GCA_030585385.1	Acinetobacter baumannii	abaumannii_2	406	Pas_cpn60(1),Pas_fusA(1),Pas_gltA(1),Pas_pyrG(2),Pas_recA(65),Pas_rplB(1),Pas_rpoB(5)
GCA_033378915.2	Acinetobacter baumannii	abaumannii_2	2	Pas_cpn60(2),Pas_fusA(2),Pas_gltA(2),Pas_pyrG(2),Pas_recA(2),Pas_rplB(2),Pas_rpoB(2)
GCA_030585245.1	Acinetobacter baumannii	abaumannii_2	2	Pas_cpn60(2),Pas_fusA(2),Pas_gltA(2),Pas_pyrG(2),Pas_recA(2),Pas_rplB(2),Pas_rpoB(2)
GCA_030585325.1	Acinetobacter baumannii	abaumannii_2	2	Pas_cpn60(2),Pas_fusA(2),Pas_gltA(2),Pas_pyrG(2),Pas_recA(2),Pas_rplB(2),Pas_rpoB(2)
GCA_030585365.1	Acinetobacter baumannii	abaumannii_2	406	Pas_cpn60(1),Pas_fusA(1),Pas_gltA(1),Pas_pyrG(2),Pas_recA(65),Pas_rplB(1),Pas_rpoB(5)
GCA_029847455.2	Acinetobacter baumannii	abaumannii_2	-	Pas_cpn60(3),Pas_fusA(~1),Pas_gltA(7),Pas_pyrG(1),Pas_recA(9),Pas_rplB(1),Pas_rpoB(4)
GCA_030585345.1	Acinetobacter baumannii	abaumannii_2	406	Pas_cpn60(1),Pas_fusA(1),Pas_gltA(1),Pas_pyrG(2),Pas_recA(65),Pas_rplB(1),Pas_rpoB(5)
GCA_030585225.1	Acinetobacter baumannii	abaumannii_2	2	Pas_cpn60(2),Pas_fusA(2),Pas_gltA(2),Pas_pyrG(2),Pas_recA(2),Pas_rplB(2),Pas_rpoB(2)
GCA_030585265.1	Acinetobacter baumannii	abaumannii_2	406	Pas_cpn60(1),Pas_fusA(1),Pas_gltA(1),Pas_pyrG(2),Pas_recA(65),Pas_rplB(1),Pas_rpoB(5)
GCA_030585405.1	Acinetobacter baumannii	abaumannii_2	406	Pas_cpn60(1),Pas_fusA(1),Pas_gltA(1),Pas_pyrG(2),Pas_recA(65),Pas_rplB(1),Pas_rpoB(5)
GCA_032634445.3	Acinetobacter baumannii	abaumannii_2	2	Pas_cpn60(2),Pas_fusA(2),Pas_gltA(2),Pas_pyrG(2),Pas_recA(2),Pas_rplB(2),Pas_rpoB(2)
GCA_030585285.1	Acinetobacter baumannii	abaumannii_2	2	Pas_cpn60(2),Pas_fusA(2),Pas_gltA(2),Pas_pyrG(2),Pas_recA(2),Pas_rplB(2),Pas_rpoB(2)
GCA_030718975.1	Acinetobacter baumannii	abaumannii_2	2	Pas_cpn60(2),Pas_fusA(2),Pas_gltA(2),Pas_pyrG(2),Pas_recA(2),Pas_rplB(2),Pas_rpoB(2)
GCA_033187155.1	Acinetobacter baumannii	abaumannii_2	2	Pas_cpn60(2),Pas_fusA(2),Pas_gltA(2),Pas_pyrG(2),Pas_recA(2),Pas_rplB(2),Pas_rpoB(2)
GCA_029909475.1	Acinetobacter baumannii	abaumannii_2	155	Pas_cpn60(3),Pas_fusA(2),Pas_gltA(2),Pas_pyrG(2),Pas_recA(44),Pas_rplB(4),Pas_rpoB(4)
GCA_033188675.1	Acinetobacter baumannii	abaumannii_2	2	Pas_cpn60(2),Pas_fusA(2),Pas_gltA(2),Pas_pyrG(2),Pas_recA(2),Pas_rplB(2),Pas_rpoB(2)
GCA_033181005.1	Acinetobacter baumannii	abaumannii_2	2	Pas_cpn60(2),Pas_fusA(2),Pas_gltA(2),Pas_pyrG(2),Pas_recA(2),Pas_rplB(2),Pas_rpoB(2)
GCA_033181805.1	Acinetobacter baumannii	abaumannii_2	2	Pas_cpn60(2),Pas_fusA(2),Pas_gltA(2),Pas_pyrG(2),Pas_recA(2),Pas_rplB(2),Pas_rpoB(2)
GCA_033190095.1	Acinetobacter baumannii	abaumannii_2	1384	Pas_cpn60(1),Pas_fusA(3),Pas_gltA(194),Pas_pyrG(2),Pas_recA(4),Pas_rplB(4),Pas_rpoB(5)
GCA_033191195.1	Acinetobacter baumannii	abaumannii_2	2	Pas_cpn60(2),Pas_fusA(2),Pas_gltA(2),Pas_pyrG(2),Pas_recA(2),Pas_rplB(2),Pas_rpoB(2)
GCA_029774295.1	Acinetobacter baumannii	abaumannii_2	724	Pas_cpn60(2),Pas_fusA(2),Pas_gltA(2),Pas_pyrG(2),Pas_recA(2),Pas_rplB(2),Pas_rpoB(5)
GCA_029774275.1	Acinetobacter baumannii	abaumannii_2	724	Pas_cpn60(2),Pas_fusA(2),Pas_gltA(2),Pas_pyrG(2),Pas_recA(2),Pas_rplB(2),Pas_rpoB(5)
GCA_030387805.1	Klebsiella pneumoniae	klebsiella	23	gapA(2),infB(1),mdh(1),pgi(1),phoE(9),rpoB(4),tonB(12)
GCA_033190015.1	Acinetobacter baumannii	abaumannii_2	2247	Pas_cpn60(25),Pas_fusA(3),Pas_gltA(7),Pas_pyrG(2),Pas_recA(5),Pas_rplB(4),Pas_rpoB(5)
GCA_030388625.1	Klebsiella pneumoniae	klebsiella	231	gapA(2),infB(6),mdh(1),pgi(3),phoE(26),rpoB(1),tonB(77)
GCA_033187975.1	Acinetobacter baumannii	abaumannii_2	2	Pas_cpn60(2),Pas_fusA(2),Pas_gltA(2),Pas_pyrG(2),Pas_recA(2),Pas_rplB(2),Pas_rpoB(2)
GCA_029774335.1	Acinetobacter baumannii	abaumannii_2	724	Pas_cpn60(2),Pas_fusA(2),Pas_gltA(2),Pas_pyrG(2),Pas_recA(2),Pas_rplB(2),Pas_rpoB(5)
GCA_030028005.1	Acinetobacter baumannii	abaumannii_2	2	Pas_cpn60(2),Pas_fusA(2),Pas_gltA(2),Pas_pyrG(2),Pas_recA(2),Pas_rplB(2),Pas_rpoB(2)
GCA_033189995.1	Acinetobacter baumannii	abaumannii_2	2	Pas_cpn60(2),Pas_fusA(2),Pas_gltA(2),Pas_pyrG(2),Pas_recA(2),Pas_rplB(2),Pas_rpoB(2)
GCA_030168265.1	Acinetobacter baumannii	abaumannii_2	274	Pas_cpn60(40),Pas_fusA(2),Pas_gltA(2),Pas_pyrG(2),Pas_recA(9),Pas_rplB(1),Pas_rpoB(36)
GCA_030168245.1	Acinetobacter baumannii	abaumannii_2	2	Pas_cpn60(2),Pas_fusA(2),Pas_gltA(2),Pas_pyrG(2),Pas_recA(2),Pas_rplB(2),Pas_rpoB(2)
GCA_033190815.1	Acinetobacter baumannii	abaumannii_2	2	Pas_cpn60(2),Pas_fusA(2),Pas_gltA(2),Pas_pyrG(2),Pas_recA(2),Pas_rplB(2),Pas_rpoB(2)
GCA_030412765.1	Klebsiella pneumoniae	klebsiella	258	gapA(3),infB(3),mdh(1),pgi(1),phoE(1),rpoB(1),tonB(79)
GCA_033612615.1	Acinetobacter baumannii	abaumannii_2	155	Pas_cpn60(3),Pas_fusA(2),Pas_gltA(2),Pas_pyrG(2),Pas_recA(44),Pas_rplB(4),Pas_rpoB(4)
GCA_033191435.1	Acinetobacter baumannii	abaumannii_2	2	Pas_cpn60(2),Pas_fusA(2),Pas_gltA(2),Pas_pyrG(2),Pas_recA(2),Pas_rplB(2),Pas_rpoB(2)
GCA_030027985.1	Acinetobacter baumannii	abaumannii_2	2	Pas_cpn60(2),Pas_fusA(2),Pas_gltA(2),Pas_pyrG(2),Pas_recA(2),Pas_rplB(2),Pas_rpoB(2)
GCA_030178695.1	Klebsiella pneumoniae	klebsiella	14	gapA(1),infB(6),mdh(1),pgi(1),phoE(1),rpoB(1),tonB(1)
GCA_033189435.1	Acinetobacter baumannii	abaumannii_2	2	Pas_cpn60(2),Pas_fusA(2),Pas_gltA(2),Pas_pyrG(2),Pas_recA(2),Pas_rplB(2),Pas_rpoB(2)
GCA_029774355.1	Acinetobacter baumannii	abaumannii_2	724	Pas_cpn60(2),Pas_fusA(2),Pas_gltA(2),Pas_pyrG(2),Pas_recA(2),Pas_rplB(2),Pas_rpoB(5)
GCA_033190675.1	Acinetobacter baumannii	abaumannii_2	2	Pas_cpn60(2),Pas_fusA(2),Pas_gltA(2),Pas_pyrG(2),Pas_recA(2),Pas_rplB(2),Pas_rpoB(2)
GCA_030388545.1	Klebsiella pneumoniae	klebsiella	258	gapA(3),infB(3),mdh(1),pgi(1),phoE(1),rpoB(1),tonB(79)
GCA_030178535.1	Klebsiella pneumoniae	klebsiella	14	gapA(1),infB(6),mdh(1),pgi(1),phoE(1),rpoB(1),tonB(1)
GCA_029931545.1	Acinetobacter baumannii	abaumannii_2	282	Pas_cpn60(3),Pas_fusA(3),Pas_gltA(2),Pas_pyrG(6),Pas_recA(52),Pas_rplB(2),Pas_rpoB(14)
GCA_033189955.1	Acinetobacter baumannii	abaumannii_2	2	Pas_cpn60(2),Pas_fusA(2),Pas_gltA(2),Pas_pyrG(2),Pas_recA(2),Pas_rplB(2),Pas_rpoB(2)
GCA_030388585.1	Klebsiella pneumoniae	klebsiella	11	gapA(3),infB(3),mdh(1),pgi(1),phoE(1),rpoB(1),tonB(4)
GCA_029774315.1	Acinetobacter baumannii	abaumannii_2	724	Pas_cpn60(2),Pas_fusA(2),Pas_gltA(2),Pas_pyrG(2),Pas_recA(2),Pas_rplB(2),Pas_rpoB(5)
GCA_029774235.2	Acinetobacter baumannii	abaumannii_2	724	Pas_cpn60(2),Pas_fusA(2),Pas_gltA(2),Pas_pyrG(2),Pas_recA(2),Pas_rplB(2),Pas_rpoB(5)
GCA_031172635.1	Klebsiella pneumoniae	klebsiella	-	gapA(294),infB(1),mdh(578?),pgi(1),phoE(~4),rpoB(4),tonB(4)
GCA_030178495.1	Klebsiella pneumoniae	klebsiella	17	gapA(2),infB(1),mdh(1),pgi(1),phoE(4),rpoB(4),tonB(4)
GCA_033469325.1	Acinetobacter baumannii	abaumannii_2	578	Pas_cpn60(97),Pas_fusA(3),Pas_gltA(13),Pas_pyrG(1),Pas_recA(4),Pas_rplB(4),Pas_rpoB(14)
GCA_030913305.1	Klebsiella variicola	klebsiella	-	gapA(16),infB(24),mdh(459?),pgi(27),phoE(29),rpoB(237?),tonB(105)
GCA_029814975.1	Acinetobacter baumannii	abaumannii_2	724	Pas_cpn60(2),Pas_fusA(2),Pas_gltA(2),Pas_pyrG(2),Pas_recA(2),Pas_rplB(2),Pas_rpoB(5)
GCA_029774195.1	Acinetobacter baumannii	abaumannii_2	46	Pas_cpn60(5),Pas_fusA(12),Pas_gltA(11),Pas_pyrG(2),Pas_recA(14),Pas_rplB(9),Pas_rpoB(14)
GCA_030178845.1	Klebsiella pneumoniae	klebsiella	14	gapA(1),infB(6),mdh(1),pgi(1),phoE(1),rpoB(1),tonB(1)
GCA_033192035.1	Acinetobacter baumannii	abaumannii_2	2532	Pas_cpn60(3),Pas_fusA(1),Pas_gltA(5),Pas_pyrG(3),Pas_recA(3),Pas_rplB(1),Pas_rpoB(2)
GCA_030389985.1	Klebsiella pneumoniae	klebsiella	268	gapA(2),infB(1),mdh(2),pgi(1),phoE(7),rpoB(1),tonB(81)
GCA_030179785.1	Klebsiella pneumoniae	klebsiella	14	gapA(1),infB(6),mdh(1),pgi(1),phoE(1),rpoB(1),tonB(1)
GCA_030019695.1	Klebsiella pneumoniae	klebsiella	45	gapA(2),infB(1),mdh(1),pgi(6),phoE(7),rpoB(1),tonB(12)
GCA_030168285.1	Acinetobacter baumannii	abaumannii_2	2	Pas_cpn60(2),Pas_fusA(2),Pas_gltA(2),Pas_pyrG(2),Pas_recA(2),Pas_rplB(2),Pas_rpoB(2)
GCA_029972295.1	Klebsiella michiganensis	klebsiella	-	gapA(~147),infB(126?),mdh(-),pgi(~174),phoE(-),rpoB(~276),tonB(-)
GCA_030388605.1	Klebsiella pneumoniae	klebsiella	16	gapA(2),infB(1),mdh(2),pgi(1),phoE(4),rpoB(4),tonB(4)
GCA_030388105.1	Klebsiella pneumoniae	klebsiella	14	gapA(1),infB(6),mdh(1),pgi(1),phoE(1),rpoB(1),tonB(1)
GCA_030388145.1	Klebsiella pneumoniae	klebsiella	11	gapA(3),infB(3),mdh(1),pgi(1),phoE(1),rpoB(1),tonB(4)
GCA_030388035.1	Klebsiella pneumoniae	klebsiella	16	gapA(2),infB(1),mdh(2),pgi(1),phoE(4),rpoB(4),tonB(4)
GCA_030390035.1	Klebsiella pneumoniae	klebsiella	218	gapA(2),infB(3),mdh(1),pgi(1),phoE(9),rpoB(4),tonB(12)
GCA_033044015.2	Klebsiella pneumoniae	klebsiella	152	gapA(2),infB(3),mdh(2),pgi(1),phoE(1),rpoB(4),tonB(56)
GCA_030388505.1	Klebsiella pneumoniae	klebsiella	258	gapA(3),infB(3),mdh(1),pgi(1),phoE(1),rpoB(1),tonB(79)
GCA_030388125.1	Klebsiella pneumoniae	klebsiella	15	gapA(1),infB(1),mdh(1),pgi(1),phoE(1),rpoB(1),tonB(1)
GCA_030390005.1	Klebsiella pneumoniae	klebsiella	-	gapA(12),infB(1),mdh(2),pgi(1),phoE(7),rpoB(1),tonB(81)
GCA_030387895.1	Klebsiella pneumoniae	klebsiella	-	gapA(294),infB(1),mdh(1),pgi(1),phoE(1),rpoB(4),tonB(19)
GCA_029953535.1	Klebsiella pneumoniae	klebsiella	60	gapA(2),infB(1),mdh(2),pgi(1),phoE(4),rpoB(4),tonB(8)
GCA_030389805.1	Klebsiella pneumoniae	klebsiella	1626	gapA(2),infB(4),mdh(2),pgi(1),phoE(7),rpoB(1),tonB(62)
GCA_030412705.1	Klebsiella pneumoniae	klebsiella	5064	gapA(5),infB(3),mdh(1),pgi(1),phoE(9),rpoB(144),tonB(26)
GCA_033044095.2	Klebsiella pneumoniae	klebsiella	152	gapA(2),infB(3),mdh(2),pgi(1),phoE(1),rpoB(4),tonB(56)
GCA_030388055.1	Klebsiella pneumoniae	klebsiella	340	gapA(3),infB(3),mdh(1),pgi(1),phoE(1),rpoB(1),tonB(18)
GCA_030387915.1	Klebsiella pneumoniae	klebsiella	29	gapA(2),infB(3),mdh(2),pgi(2),phoE(6),rpoB(4),tonB(4)
GCA_033155075.1	Klebsiella pneumoniae	klebsiella	11	gapA(3),infB(3),mdh(1),pgi(1),phoE(1),rpoB(1),tonB(4)
GCA_030389785.1	Klebsiella pneumoniae	klebsiella	258	gapA(3),infB(3),mdh(1),pgi(1),phoE(1),rpoB(1),tonB(79)
GCA_033850705.2	Klebsiella pneumoniae	klebsiella	219	gapA(2),infB(1),mdh(2),pgi(3),phoE(27),rpoB(1),tonB(39)
GCA_030388005.1	Klebsiella pneumoniae	klebsiella	611	gapA(5),infB(1),mdh(5),pgi(1),phoE(7),rpoB(11),tonB(24)
GCA_030387695.1	Klebsiella pneumoniae	klebsiella	23	gapA(2),infB(1),mdh(1),pgi(1),phoE(9),rpoB(4),tonB(12)
GCA_030179855.1	Klebsiella pneumoniae	klebsiella	14	gapA(1),infB(6),mdh(1),pgi(1),phoE(1),rpoB(1),tonB(1)
GCA_030387755.1	Klebsiella pneumoniae	klebsiella	3690	gapA(2),infB(152),mdh(1),pgi(1),phoE(1),rpoB(4),tonB(19)
GCA_030387715.1	Klebsiella pneumoniae	klebsiella	86	gapA(9),infB(4),mdh(2),pgi(1),phoE(1),rpoB(1),tonB(27)
GCA_030387965.1	Klebsiella pneumoniae	klebsiella	15	gapA(1),infB(1),mdh(1),pgi(1),phoE(1),rpoB(1),tonB(1)
GCA_030387875.1	Klebsiella pneumoniae	klebsiella	16	gapA(2),infB(1),mdh(2),pgi(1),phoE(4),rpoB(4),tonB(4)
GCA_030388565.1	Klebsiella pneumoniae	klebsiella	45	gapA(2),infB(1),mdh(1),pgi(6),phoE(7),rpoB(1),tonB(12)
GCA_030389875.1	Klebsiella pneumoniae	klebsiella	15	gapA(1),infB(1),mdh(1),pgi(1),phoE(1),rpoB(1),tonB(1)
GCA_029749115.3	Klebsiella pneumoniae	klebsiella	45	gapA(2),infB(1),mdh(1),pgi(6),phoE(7),rpoB(1),tonB(12)
GCA_030387785.1	Klebsiella pneumoniae	klebsiella	15	gapA(1),infB(1),mdh(1),pgi(1),phoE(1),rpoB(1),tonB(1)
GCA_030388165.1	Klebsiella pneumoniae	klebsiella	37	gapA(2),infB(9),mdh(2),pgi(1),phoE(13),rpoB(1),tonB(16)
GCA_030387735.1	Klebsiella pneumoniae	klebsiella	23	gapA(2),infB(1),mdh(1),pgi(1),phoE(9),rpoB(4),tonB(12)
GCA_030387825.1	Klebsiella pneumoniae	klebsiella	14	gapA(1),infB(6),mdh(1),pgi(1),phoE(1),rpoB(1),tonB(1)
GCA_030388195.1	Klebsiella pneumoniae	klebsiella	258	gapA(3),infB(3),mdh(1),pgi(1),phoE(1),rpoB(1),tonB(79)
GCA_030388525.1	Klebsiella pneumoniae	klebsiella	258	gapA(3),infB(3),mdh(1),pgi(1),phoE(1),rpoB(1),tonB(79)
GCA_035937495.1	Acinetobacter baumannii	abaumannii_2	307	Pas_cpn60(3),Pas_fusA(3),Pas_gltA(2),Pas_pyrG(4),Pas_recA(7),Pas_rplB(2),Pas_rpoB(30)
GCA_035753605.1	Acinetobacter baumannii	abaumannii_2	187	Pas_cpn60(2),Pas_fusA(2),Pas_gltA(2),Pas_pyrG(2),Pas_recA(2),Pas_rplB(2),Pas_rpoB(43)
GCA_035755505.1	Acinetobacter baumannii	abaumannii_2	2	Pas_cpn60(2),Pas_fusA(2),Pas_gltA(2),Pas_pyrG(2),Pas_recA(2),Pas_rplB(2),Pas_rpoB(2)
GCA_034126905.2	Acinetobacter baumannii	abaumannii_2	-	Pas_cpn60(2),Pas_fusA(2),Pas_gltA(2),Pas_pyrG(2),Pas_recA(2),Pas_rplB(~2),Pas_rpoB(2)
GCA_037039675.1	Acinetobacter baumannii	abaumannii_2	2	Pas_cpn60(2),Pas_fusA(2),Pas_gltA(2),Pas_pyrG(2),Pas_recA(2),Pas_rplB(2),Pas_rpoB(2)
GCA_038442375.1	Acinetobacter baumannii	abaumannii_2	25	Pas_cpn60(3),Pas_fusA(3),Pas_gltA(2),Pas_pyrG(4),Pas_recA(7),Pas_rplB(2),Pas_rpoB(4)
GCA_036287275.1	Acinetobacter baumannii	abaumannii_2	2	Pas_cpn60(2),Pas_fusA(2),Pas_gltA(2),Pas_pyrG(2),Pas_recA(2),Pas_rplB(2),Pas_rpoB(2)
GCA_038418365.2	Acinetobacter baumannii	abaumannii_2	2	Pas_cpn60(2),Pas_fusA(2),Pas_gltA(2),Pas_pyrG(2),Pas_recA(2),Pas_rplB(2),Pas_rpoB(2)
GCA_034126645.2	Acinetobacter baumannii	abaumannii_2	-	Pas_cpn60(2),Pas_fusA(2),Pas_gltA(2),Pas_pyrG(2),Pas_recA(2),Pas_rplB(~2),Pas_rpoB(2)
GCA_037215885.1	Acinetobacter baumannii	abaumannii_2	2716	Pas_cpn60(2),Pas_fusA(2),Pas_gltA(2),Pas_pyrG(2),Pas_recA(615),Pas_rplB(2),Pas_rpoB(2)
GCA_038442575.1	Acinetobacter baumannii	abaumannii_2	25	Pas_cpn60(3),Pas_fusA(3),Pas_gltA(2),Pas_pyrG(4),Pas_recA(7),Pas_rplB(2),Pas_rpoB(4)
GCA_037039585.1	Acinetobacter baumannii	abaumannii_2	2	Pas_cpn60(2),Pas_fusA(2),Pas_gltA(2),Pas_pyrG(2),Pas_recA(2),Pas_rplB(2),Pas_rpoB(2)
GCA_034422775.1	Acinetobacter baumannii	abaumannii_2	1	Pas_cpn60(1),Pas_fusA(1),Pas_gltA(1),Pas_pyrG(1),Pas_recA(5),Pas_rplB(1),Pas_rpoB(1)
GCA_039545565.1	Acinetobacter baumannii	abaumannii_2	1	Pas_cpn60(1),Pas_fusA(1),Pas_gltA(1),Pas_pyrG(1),Pas_recA(5),Pas_rplB(1),Pas_rpoB(1)
GCA_038442305.1	Acinetobacter baumannii	abaumannii_2	25	Pas_cpn60(3),Pas_fusA(3),Pas_gltA(2),Pas_pyrG(4),Pas_recA(7),Pas_rplB(2),Pas_rpoB(4)
GCA_036701095.1	Acinetobacter baumannii	abaumannii_2	10	Pas_cpn60(1),Pas_fusA(3),Pas_gltA(2),Pas_pyrG(1),Pas_recA(4),Pas_rplB(4),Pas_rpoB(4)
GCA_036718155.2	Acinetobacter baumannii	abaumannii_2	2512	Pas_cpn60(1),Pas_fusA(2),Pas_gltA(1),Pas_pyrG(2),Pas_recA(65),Pas_rplB(1),Pas_rpoB(5)
GCA_038069255.2	Acinetobacter baumannii	abaumannii_2	2	Pas_cpn60(2),Pas_fusA(2),Pas_gltA(2),Pas_pyrG(2),Pas_recA(2),Pas_rplB(2),Pas_rpoB(2)
GCA_038983805.1	Acinetobacter baumannii	abaumannii_2	2	Pas_cpn60(2),Pas_fusA(2),Pas_gltA(2),Pas_pyrG(2),Pas_recA(2),Pas_rplB(2),Pas_rpoB(2)
GCA_034083075.1	Acinetobacter baumannii	abaumannii_2	52	Pas_cpn60(3),Pas_fusA(2),Pas_gltA(2),Pas_pyrG(7),Pas_recA(9),Pas_rplB(1),Pas_rpoB(5)
GCA_037429075.2	Acinetobacter baumannii	abaumannii_2	78	Pas_cpn60(25),Pas_fusA(3),Pas_gltA(6),Pas_pyrG(2),Pas_recA(28),Pas_rplB(1),Pas_rpoB(29)
GCA_036689575.1	Acinetobacter baumannii	abaumannii_2	10	Pas_cpn60(1),Pas_fusA(3),Pas_gltA(2),Pas_pyrG(1),Pas_recA(4),Pas_rplB(4),Pas_rpoB(4)
GCA_037751415.2	Acinetobacter baumannii	abaumannii_2	2	Pas_cpn60(2),Pas_fusA(2),Pas_gltA(2),Pas_pyrG(2),Pas_recA(2),Pas_rplB(2),Pas_rpoB(2)
GCA_038442395.1	Acinetobacter baumannii	abaumannii_2	25	Pas_cpn60(3),Pas_fusA(3),Pas_gltA(2),Pas_pyrG(4),Pas_recA(7),Pas_rplB(2),Pas_rpoB(4)
GCA_034081005.1	Acinetobacter baumannii	abaumannii_2	1153	Pas_cpn60(8),Pas_fusA(3),Pas_gltA(10),Pas_pyrG(1),Pas_recA(4),Pas_rplB(2),Pas_rpoB(4)
GCA_036320755.1	Acinetobacter baumannii	abaumannii_2	1	Pas_cpn60(1),Pas_fusA(1),Pas_gltA(1),Pas_pyrG(1),Pas_recA(5),Pas_rplB(1),Pas_rpoB(1)
GCA_035754475.1	Acinetobacter baumannii	abaumannii_2	2	Pas_cpn60(2),Pas_fusA(2),Pas_gltA(2),Pas_pyrG(2),Pas_recA(2),Pas_rplB(2),Pas_rpoB(2)
GCA_038441255.1	Acinetobacter baumannii	abaumannii_2	2	Pas_cpn60(2),Pas_fusA(2),Pas_gltA(2),Pas_pyrG(2),Pas_recA(2),Pas_rplB(2),Pas_rpoB(2)
GCA_037008745.2	Acinetobacter baumannii	abaumannii_2	78	Pas_cpn60(25),Pas_fusA(3),Pas_gltA(6),Pas_pyrG(2),Pas_recA(28),Pas_rplB(1),Pas_rpoB(29)
GCA_038627255.2	Acinetobacter baumannii	abaumannii_2	2	Pas_cpn60(2),Pas_fusA(2),Pas_gltA(2),Pas_pyrG(2),Pas_recA(2),Pas_rplB(2),Pas_rpoB(2)
GCA_038418285.2	Acinetobacter baumannii	abaumannii_2	2	Pas_cpn60(2),Pas_fusA(2),Pas_gltA(2),Pas_pyrG(2),Pas_recA(2),Pas_rplB(2),Pas_rpoB(2)
GCA_038627275.2	Acinetobacter baumannii	abaumannii_2	2	Pas_cpn60(2),Pas_fusA(2),Pas_gltA(2),Pas_pyrG(2),Pas_recA(2),Pas_rplB(2),Pas_rpoB(2)
GCA_038069235.2	Acinetobacter baumannii	abaumannii_2	2	Pas_cpn60(2),Pas_fusA(2),Pas_gltA(2),Pas_pyrG(2),Pas_recA(2),Pas_rplB(2),Pas_rpoB(2)
GCA_036870965.1	Acinetobacter baumannii	abaumannii_2	2	Pas_cpn60(2),Pas_fusA(2),Pas_gltA(2),Pas_pyrG(2),Pas_recA(2),Pas_rplB(2),Pas_rpoB(2)
GCA_038522965.2	Acinetobacter baumannii	abaumannii_2	2	Pas_cpn60(2),Pas_fusA(2),Pas_gltA(2),Pas_pyrG(2),Pas_recA(2),Pas_rplB(2),Pas_rpoB(2)
GCA_038418265.2	Acinetobacter baumannii	abaumannii_2	2	Pas_cpn60(2),Pas_fusA(2),Pas_gltA(2),Pas_pyrG(2),Pas_recA(2),Pas_rplB(2),Pas_rpoB(2)
GCA_038442385.1	Acinetobacter baumannii	abaumannii_2	25	Pas_cpn60(3),Pas_fusA(3),Pas_gltA(2),Pas_pyrG(4),Pas_recA(7),Pas_rplB(2),Pas_rpoB(4)
GCA_039518815.2	Acinetobacter baumannii	abaumannii_2	2	Pas_cpn60(2),Pas_fusA(2),Pas_gltA(2),Pas_pyrG(2),Pas_recA(2),Pas_rplB(2),Pas_rpoB(2)
GCA_036584025.1	Acinetobacter baumannii	abaumannii_2	150	Pas_cpn60(39),Pas_fusA(2),Pas_gltA(2),Pas_pyrG(2),Pas_recA(4),Pas_rplB(27),Pas_rpoB(4)
GCA_036287255.1	Acinetobacter baumannii	abaumannii_2	2	Pas_cpn60(2),Pas_fusA(2),Pas_gltA(2),Pas_pyrG(2),Pas_recA(2),Pas_rplB(2),Pas_rpoB(2)
GCA_038442585.1	Acinetobacter baumannii	abaumannii_2	25	Pas_cpn60(3),Pas_fusA(3),Pas_gltA(2),Pas_pyrG(4),Pas_recA(7),Pas_rplB(2),Pas_rpoB(4)
GCA_034331205.2	Acinetobacter baumannii	abaumannii_2	2	Pas_cpn60(2),Pas_fusA(2),Pas_gltA(2),Pas_pyrG(2),Pas_recA(2),Pas_rplB(2),Pas_rpoB(2)
GCA_034494405.1	Acinetobacter baumannii	abaumannii_2	1142	Pas_cpn60(34),Pas_fusA(4),Pas_gltA(37),Pas_pyrG(1),Pas_recA(5),Pas_rplB(6),Pas_rpoB(36)
GCA_036602705.1	Acinetobacter baumannii	abaumannii_2	1	Pas_cpn60(1),Pas_fusA(1),Pas_gltA(1),Pas_pyrG(1),Pas_recA(5),Pas_rplB(1),Pas_rpoB(1)
GCA_038442235.1	Acinetobacter baumannii	abaumannii_2	25	Pas_cpn60(3),Pas_fusA(3),Pas_gltA(2),Pas_pyrG(4),Pas_recA(7),Pas_rplB(2),Pas_rpoB(4)
GCA_033850835.2	Klebsiella aerogenes	klebsiella	-	gapA(168),infB(~196),mdh(-),pgi(~198),phoE(463),rpoB(165),tonB(-)
GCA_037008665.2	Acinetobacter baumannii	abaumannii_2	2	Pas_cpn60(2),Pas_fusA(2),Pas_gltA(2),Pas_pyrG(2),Pas_recA(2),Pas_rplB(2),Pas_rpoB(2)
GCA_038627335.2	Acinetobacter baumannii	abaumannii_2	78	Pas_cpn60(25),Pas_fusA(3),Pas_gltA(6),Pas_pyrG(2),Pas_recA(28),Pas_rplB(1),Pas_rpoB(29)
GCA_038441235.1	Acinetobacter baumannii	abaumannii_2	2	Pas_cpn60(2),Pas_fusA(2),Pas_gltA(2),Pas_pyrG(2),Pas_recA(2),Pas_rplB(2),Pas_rpoB(2)
GCA_038442425.1	Acinetobacter baumannii	abaumannii_2	25	Pas_cpn60(3),Pas_fusA(3),Pas_gltA(2),Pas_pyrG(4),Pas_recA(7),Pas_rplB(2),Pas_rpoB(4)
GCA_037939845.1	Acinetobacter baumannii	abaumannii_2	1336	Pas_cpn60(1),Pas_fusA(3),Pas_gltA(40),Pas_pyrG(2),Pas_recA(7),Pas_rplB(1),Pas_rpoB(1)
GCA_038441205.1	Acinetobacter baumannii	abaumannii_2	2	Pas_cpn60(2),Pas_fusA(2),Pas_gltA(2),Pas_pyrG(2),Pas_recA(2),Pas_rplB(2),Pas_rpoB(2)
GCA_037100235.1	Klebsiella michiganensis	klebsiella	-	gapA(~147),infB(-),mdh(-),pgi(-),phoE(-),rpoB(~276),tonB(-)
GCA_038442295.1	Acinetobacter baumannii	abaumannii_2	25	Pas_cpn60(3),Pas_fusA(3),Pas_gltA(2),Pas_pyrG(4),Pas_recA(7),Pas_rplB(2),Pas_rpoB(4)
GCA_038987955.1	Acinetobacter baumannii	abaumannii_2	2	Pas_cpn60(2),Pas_fusA(2),Pas_gltA(2),Pas_pyrG(2),Pas_recA(2),Pas_rplB(2),Pas_rpoB(2)
GCA_034074665.1	Klebsiella pneumoniae	klebsiella	11	gapA(3),infB(3),mdh(1),pgi(1),phoE(1),rpoB(1),tonB(4)
GCA_038990075.1	Acinetobacter baumannii	abaumannii_2	164	Pas_cpn60(40),Pas_fusA(3),Pas_gltA(7),Pas_pyrG(2),Pas_recA(40),Pas_rplB(4),Pas_rpoB(4)
GCA_035666135.1	Acinetobacter baumannii	abaumannii_2	-	Pas_cpn60(26),Pas_fusA(2),Pas_gltA(6),Pas_pyrG(2),Pas_recA(5),Pas_rplB(1),Pas_rpoB(5)
GCA_038441245.1	Acinetobacter baumannii	abaumannii_2	2	Pas_cpn60(2),Pas_fusA(2),Pas_gltA(2),Pas_pyrG(2),Pas_recA(2),Pas_rplB(2),Pas_rpoB(2)
GCA_038993615.1	Acinetobacter baumannii	abaumannii_2	2	Pas_cpn60(2),Pas_fusA(2),Pas_gltA(2),Pas_pyrG(2),Pas_recA(2),Pas_rplB(2),Pas_rpoB(2)
GCA_038442285.1	Acinetobacter baumannii	abaumannii_2	25	Pas_cpn60(3),Pas_fusA(3),Pas_gltA(2),Pas_pyrG(4),Pas_recA(7),Pas_rplB(2),Pas_rpoB(4)
GCA_034076465.1	Klebsiella pneumoniae	klebsiella	893	gapA(25),infB(1),mdh(101),pgi(1),phoE(10),rpoB(1),tonB(100)
GCA_036601155.1	Acinetobacter baumannii	abaumannii_2	1	Pas_cpn60(1),Pas_fusA(1),Pas_gltA(1),Pas_pyrG(1),Pas_recA(5),Pas_rplB(1),Pas_rpoB(1)
GCA_038442415.1	Acinetobacter baumannii	abaumannii_2	25	Pas_cpn60(3),Pas_fusA(3),Pas_gltA(2),Pas_pyrG(4),Pas_recA(7),Pas_rplB(2),Pas_rpoB(4)
GCA_034077205.1	Klebsiella pneumoniae	klebsiella	893	gapA(25),infB(1),mdh(101),pgi(1),phoE(10),rpoB(1),tonB(100)
GCA_038442565.1	Acinetobacter baumannii	abaumannii_2	25	Pas_cpn60(3),Pas_fusA(3),Pas_gltA(2),Pas_pyrG(4),Pas_recA(7),Pas_rplB(2),Pas_rpoB(4)
GCA_038442265.1	Acinetobacter baumannii	abaumannii_2	25	Pas_cpn60(3),Pas_fusA(3),Pas_gltA(2),Pas_pyrG(4),Pas_recA(7),Pas_rplB(2),Pas_rpoB(4)
GCA_037477775.2	Klebsiella pneumoniae	klebsiella	-	gapA(3),infB(1),mdh(~419),pgi(4),phoE(1),rpoB(1),tonB(4)
GCA_038441195.1	Acinetobacter baumannii	abaumannii_2	195	Pas_cpn60(2),Pas_fusA(2),Pas_gltA(2),Pas_pyrG(2),Pas_recA(2),Pas_rplB(1),Pas_rpoB(2)
GCA_038441325.1	Acinetobacter baumannii	abaumannii_2	32	Pas_cpn60(1),Pas_fusA(1),Pas_gltA(2),Pas_pyrG(2),Pas_recA(3),Pas_rplB(4),Pas_rpoB(4)
GCA_034075585.1	Klebsiella pneumoniae	klebsiella	23	gapA(2),infB(1),mdh(1),pgi(1),phoE(9),rpoB(4),tonB(12)
GCA_038442225.1	Acinetobacter baumannii	abaumannii_2	25	Pas_cpn60(3),Pas_fusA(3),Pas_gltA(2),Pas_pyrG(4),Pas_recA(7),Pas_rplB(2),Pas_rpoB(4)
GCA_038995905.1	Acinetobacter baumannii	abaumannii_2	2	Pas_cpn60(2),Pas_fusA(2),Pas_gltA(2),Pas_pyrG(2),Pas_recA(2),Pas_rplB(2),Pas_rpoB(2)
GCA_039566025.1	Acinetobacter baumannii	abaumannii_2	2	Pas_cpn60(2),Pas_fusA(2),Pas_gltA(2),Pas_pyrG(2),Pas_recA(2),Pas_rplB(2),Pas_rpoB(2)
GCA_038441225.1	Acinetobacter baumannii	abaumannii_2	2	Pas_cpn60(2),Pas_fusA(2),Pas_gltA(2),Pas_pyrG(2),Pas_recA(2),Pas_rplB(2),Pas_rpoB(2)
GCA_038442125.1	Acinetobacter baumannii	abaumannii_2	32	Pas_cpn60(1),Pas_fusA(1),Pas_gltA(2),Pas_pyrG(2),Pas_recA(3),Pas_rplB(4),Pas_rpoB(4)
GCA_038442635.1	Acinetobacter baumannii	abaumannii_2	25	Pas_cpn60(3),Pas_fusA(3),Pas_gltA(2),Pas_pyrG(4),Pas_recA(7),Pas_rplB(2),Pas_rpoB(4)
GCA_038442405.1	Acinetobacter baumannii	abaumannii_2	25	Pas_cpn60(3),Pas_fusA(3),Pas_gltA(2),Pas_pyrG(4),Pas_recA(7),Pas_rplB(2),Pas_rpoB(4)
GCA_034422815.1	Acinetobacter baumannii	abaumannii_2	85	Pas_cpn60(5),Pas_fusA(2),Pas_gltA(4),Pas_pyrG(1),Pas_recA(3),Pas_rplB(3),Pas_rpoB(4)
GCA_038992355.1	Acinetobacter baumannii	abaumannii_2	2	Pas_cpn60(2),Pas_fusA(2),Pas_gltA(2),Pas_pyrG(2),Pas_recA(2),Pas_rplB(2),Pas_rpoB(2)
GCA_038442275.1	Acinetobacter baumannii	abaumannii_2	25	Pas_cpn60(3),Pas_fusA(3),Pas_gltA(2),Pas_pyrG(4),Pas_recA(7),Pas_rplB(2),Pas_rpoB(4)
GCA_038998165.1	Acinetobacter baumannii	abaumannii_2	2	Pas_cpn60(2),Pas_fusA(2),Pas_gltA(2),Pas_pyrG(2),Pas_recA(2),Pas_rplB(2),Pas_rpoB(2)
GCA_038442095.1	Acinetobacter baumannii	abaumannii_2	32	Pas_cpn60(1),Pas_fusA(1),Pas_gltA(2),Pas_pyrG(2),Pas_recA(3),Pas_rplB(4),Pas_rpoB(4)
GCA_038985835.1	Acinetobacter baumannii	abaumannii_2	2	Pas_cpn60(2),Pas_fusA(2),Pas_gltA(2),Pas_pyrG(2),Pas_recA(2),Pas_rplB(2),Pas_rpoB(2)
GCA_034073905.1	Klebsiella pneumoniae	klebsiella	11	gapA(3),infB(3),mdh(1),pgi(1),phoE(1),rpoB(1),tonB(4)
GCA_038441215.1	Acinetobacter baumannii	abaumannii_2	2	Pas_cpn60(2),Pas_fusA(2),Pas_gltA(2),Pas_pyrG(2),Pas_recA(2),Pas_rplB(2),Pas_rpoB(2)
GCA_038442555.1	Acinetobacter baumannii	abaumannii_2	25	Pas_cpn60(3),Pas_fusA(3),Pas_gltA(2),Pas_pyrG(4),Pas_recA(7),Pas_rplB(2),Pas_rpoB(4)
GCA_034554715.1	Klebsiella pneumoniae	klebsiella	11	gapA(3),infB(3),mdh(1),pgi(1),phoE(1),rpoB(1),tonB(4)
GCA_037082035.1	Klebsiella pneumoniae	klebsiella	152	gapA(2),infB(3),mdh(2),pgi(1),phoE(1),rpoB(4),tonB(56)
GCA_037082025.1	Klebsiella pneumoniae	klebsiella	392	gapA(3),infB(4),mdh(6),pgi(1),phoE(7),rpoB(4),tonB(40)
GCA_037082005.1	Klebsiella pneumoniae	klebsiella	307	gapA(4),infB(1),mdh(2),pgi(52),phoE(1),rpoB(1),tonB(7)
GCA_034554695.1	Klebsiella pneumoniae	klebsiella	23	gapA(2),infB(1),mdh(1),pgi(1),phoE(9),rpoB(4),tonB(12)
GCA_037807855.1	Klebsiella pneumoniae	klebsiella	11	gapA(3),infB(3),mdh(1),pgi(1),phoE(1),rpoB(1),tonB(4)
GCA_034553075.1	Klebsiella pneumoniae	klebsiella	11	gapA(3),infB(3),mdh(1),pgi(1),phoE(1),rpoB(1),tonB(4)
GCA_036541125.1	Klebsiella pneumoniae	klebsiella	76	gapA(4),infB(1),mdh(1),pgi(1),phoE(21),rpoB(1),tonB(35)
GCA_037081905.1	Klebsiella quasipneumoniae	klebsiella	571	gapA(17),infB(19),mdh(79),pgi(20),phoE(108),rpoB(55),tonB(142)
GCA_037966435.2	Klebsiella pneumoniae	klebsiella	485	gapA(2),infB(1),mdh(1),pgi(1),phoE(7),rpoB(1),tonB(12)
GCA_034424135.1	Klebsiella pneumoniae	klebsiella	101	gapA(2),infB(6),mdh(1),pgi(5),phoE(4),rpoB(1),tonB(6)
GCA_033858775.1	Klebsiella pneumoniae	klebsiella	273	gapA(3),infB(4),mdh(6),pgi(1),phoE(7),rpoB(4),tonB(4)
GCA_036542305.1	Klebsiella pneumoniae	klebsiella	-	gapA(~3),infB(3),mdh(1),pgi(1),phoE(1),rpoB(1),tonB(4)
GCA_040529325.1	Acinetobacter baumannii	abaumannii_2	2	Pas_cpn60(2),Pas_fusA(2),Pas_gltA(2),Pas_pyrG(2),Pas_recA(2),Pas_rplB(2),Pas_rpoB(2)
GCA_040957165.1	Acinetobacter baumannii	abaumannii_2	2	Pas_cpn60(2),Pas_fusA(2),Pas_gltA(2),Pas_pyrG(2),Pas_recA(2),Pas_rplB(2),Pas_rpoB(2)
GCA_041154795.1	Acinetobacter baumannii	abaumannii_2	2	Pas_cpn60(2),Pas_fusA(2),Pas_gltA(2),Pas_pyrG(2),Pas_recA(2),Pas_rplB(2),Pas_rpoB(2)
GCA_041154865.1	Acinetobacter baumannii	abaumannii_2	-	Pas_cpn60(3),Pas_fusA(3),Pas_gltA(2),Pas_pyrG(4),Pas_recA(7),Pas_rplB(2),Pas_rpoB(-)
GCA_040529285.1	Acinetobacter baumannii	abaumannii_2	2	Pas_cpn60(2),Pas_fusA(2),Pas_gltA(2),Pas_pyrG(2),Pas_recA(2),Pas_rplB(2),Pas_rpoB(2)
GCA_041154835.1	Acinetobacter baumannii	abaumannii_2	10	Pas_cpn60(1),Pas_fusA(3),Pas_gltA(2),Pas_pyrG(1),Pas_recA(4),Pas_rplB(4),Pas_rpoB(4)
GCA_040273015.2	Acinetobacter baumannii	abaumannii_2	78	Pas_cpn60(25),Pas_fusA(3),Pas_gltA(6),Pas_pyrG(2),Pas_recA(28),Pas_rplB(1),Pas_rpoB(29)
GCA_040536965.1	Acinetobacter baumannii	abaumannii_2	2	Pas_cpn60(2),Pas_fusA(2),Pas_gltA(2),Pas_pyrG(2),Pas_recA(2),Pas_rplB(2),Pas_rpoB(2)
GCA_040529265.1	Acinetobacter baumannii	abaumannii_2	2	Pas_cpn60(2),Pas_fusA(2),Pas_gltA(2),Pas_pyrG(2),Pas_recA(2),Pas_rplB(2),Pas_rpoB(2)
GCA_041154875.1	Acinetobacter baumannii	abaumannii_2	1	Pas_cpn60(1),Pas_fusA(1),Pas_gltA(1),Pas_pyrG(1),Pas_recA(5),Pas_rplB(1),Pas_rpoB(1)
GCA_040956905.1	Acinetobacter baumannii	abaumannii_2	2	Pas_cpn60(2),Pas_fusA(2),Pas_gltA(2),Pas_pyrG(2),Pas_recA(2),Pas_rplB(2),Pas_rpoB(2)
GCA_040529245.1	Acinetobacter baumannii	abaumannii_2	2	Pas_cpn60(2),Pas_fusA(2),Pas_gltA(2),Pas_pyrG(2),Pas_recA(2),Pas_rplB(2),Pas_rpoB(2)
GCA_040822405.1	Acinetobacter baumannii	abaumannii_2	2	Pas_cpn60(2),Pas_fusA(2),Pas_gltA(2),Pas_pyrG(2),Pas_recA(2),Pas_rplB(2),Pas_rpoB(2)
GCA_040898785.2	Acinetobacter baumannii	abaumannii_2	-	Pas_cpn60(2,2),Pas_fusA(2),Pas_gltA(2),Pas_pyrG(2),Pas_recA(2),Pas_rplB(2),Pas_rpoB(2)
GCA_041154855.1	Acinetobacter baumannii	abaumannii_2	149	Pas_cpn60(3),Pas_fusA(12),Pas_gltA(11),Pas_pyrG(2),Pas_recA(14),Pas_rplB(9),Pas_rpoB(14)
GCA_041154825.1	Acinetobacter baumannii	abaumannii_2	164	Pas_cpn60(40),Pas_fusA(3),Pas_gltA(7),Pas_pyrG(2),Pas_recA(40),Pas_rplB(4),Pas_rpoB(4)
GCA_040822125.1	Acinetobacter baumannii	abaumannii_2	10	Pas_cpn60(1),Pas_fusA(3),Pas_gltA(2),Pas_pyrG(1),Pas_recA(4),Pas_rplB(4),Pas_rpoB(4)
GCA_041154775.1	Acinetobacter baumannii	abaumannii_2	1	Pas_cpn60(1),Pas_fusA(1),Pas_gltA(1),Pas_pyrG(1),Pas_recA(5),Pas_rplB(1),Pas_rpoB(1)
GCA_041154815.1	Acinetobacter baumannii	abaumannii_2	2	Pas_cpn60(2),Pas_fusA(2),Pas_gltA(2),Pas_pyrG(2),Pas_recA(2),Pas_rplB(2),Pas_rpoB(2)
GCA_040956925.1	Acinetobacter baumannii	abaumannii_2	2	Pas_cpn60(2),Pas_fusA(2),Pas_gltA(2),Pas_pyrG(2),Pas_recA(2),Pas_rplB(2),Pas_rpoB(2)
GCA_040529255.1	Acinetobacter baumannii	abaumannii_2	2	Pas_cpn60(2),Pas_fusA(2),Pas_gltA(2),Pas_pyrG(2),Pas_recA(2),Pas_rplB(2),Pas_rpoB(2)
GCA_041292025.2	Acinetobacter baumannii	abaumannii_2	2	Pas_cpn60(2),Pas_fusA(2),Pas_gltA(2),Pas_pyrG(2),Pas_recA(2),Pas_rplB(2),Pas_rpoB(2)
GCA_040939585.2	Acinetobacter baumannii	abaumannii_2	2	Pas_cpn60(2),Pas_fusA(2),Pas_gltA(2),Pas_pyrG(2),Pas_recA(2),Pas_rplB(2),Pas_rpoB(2)
GCA_040834015.1	Acinetobacter baumannii	abaumannii_2	1	Pas_cpn60(1),Pas_fusA(1),Pas_gltA(1),Pas_pyrG(1),Pas_recA(5),Pas_rplB(1),Pas_rpoB(1)
GCA_040822435.1	Acinetobacter baumannii	abaumannii_2	150	Pas_cpn60(39),Pas_fusA(2),Pas_gltA(2),Pas_pyrG(2),Pas_recA(4),Pas_rplB(27),Pas_rpoB(4)
GCA_040529295.1	Acinetobacter baumannii	abaumannii_2	2	Pas_cpn60(2),Pas_fusA(2),Pas_gltA(2),Pas_pyrG(2),Pas_recA(2),Pas_rplB(2),Pas_rpoB(2)
GCA_040273095.2	Acinetobacter baumannii	abaumannii_2	499	Pas_cpn60(5),Pas_fusA(2),Pas_gltA(39),Pas_pyrG(2),Pas_recA(3),Pas_rplB(1),Pas_rpoB(5)
GCA_041154805.1	Acinetobacter baumannii	abaumannii_2	15	Pas_cpn60(6),Pas_fusA(6),Pas_gltA(8),Pas_pyrG(2),Pas_recA(3),Pas_rplB(5),Pas_rpoB(4)
GCA_040529275.1	Acinetobacter baumannii	abaumannii_2	2	Pas_cpn60(2),Pas_fusA(2),Pas_gltA(2),Pas_pyrG(2),Pas_recA(2),Pas_rplB(2),Pas_rpoB(2)
GCA_040529305.1	Acinetobacter baumannii	abaumannii_2	2	Pas_cpn60(2),Pas_fusA(2),Pas_gltA(2),Pas_pyrG(2),Pas_recA(2),Pas_rplB(2),Pas_rpoB(2)
GCA_040822385.1	Acinetobacter baumannii	abaumannii_2	575	Pas_cpn60(1),Pas_fusA(3),Pas_gltA(2),Pas_pyrG(1),Pas_recA(4),Pas_rplB(4),Pas_rpoB(92)
GCA_041760695.2	Acinetobacter baumannii	abaumannii_2	2	Pas_cpn60(2),Pas_fusA(2),Pas_gltA(2),Pas_pyrG(2),Pas_recA(2),Pas_rplB(2),Pas_rpoB(2)
GCA_039653385.2	Acinetobacter baumannii	abaumannii_2	2	Pas_cpn60(2),Pas_fusA(2),Pas_gltA(2),Pas_pyrG(2),Pas_recA(2),Pas_rplB(2),Pas_rpoB(2)
GCA_040543095.1	Acinetobacter baumannii	abaumannii_2	158	Pas_cpn60(41),Pas_fusA(42),Pas_gltA(13),Pas_pyrG(1),Pas_recA(5),Pas_rplB(4),Pas_rpoB(14)
GCA_040822395.1	Acinetobacter baumannii	abaumannii_2	10	Pas_cpn60(1),Pas_fusA(3),Pas_gltA(2),Pas_pyrG(1),Pas_recA(4),Pas_rplB(4),Pas_rpoB(4)
GCA_040536855.1	Acinetobacter baumannii	abaumannii_2	2	Pas_cpn60(2),Pas_fusA(2),Pas_gltA(2),Pas_pyrG(2),Pas_recA(2),Pas_rplB(2),Pas_rpoB(2)
GCA_041292065.2	Acinetobacter baumannii	abaumannii_2	2	Pas_cpn60(2),Pas_fusA(2),Pas_gltA(2),Pas_pyrG(2),Pas_recA(2),Pas_rplB(2),Pas_rpoB(2)
GCA_040703085.1	Acinetobacter baumannii	abaumannii_2	158	Pas_cpn60(41),Pas_fusA(42),Pas_gltA(13),Pas_pyrG(1),Pas_recA(5),Pas_rplB(4),Pas_rpoB(14)
GCA_040529235.1	Acinetobacter baumannii	abaumannii_2	2	Pas_cpn60(2),Pas_fusA(2),Pas_gltA(2),Pas_pyrG(2),Pas_recA(2),Pas_rplB(2),Pas_rpoB(2)
GCA_041292045.2	Acinetobacter baumannii	abaumannii_2	2	Pas_cpn60(2),Pas_fusA(2),Pas_gltA(2),Pas_pyrG(2),Pas_recA(2),Pas_rplB(2),Pas_rpoB(2)
GCA_040273435.2	Acinetobacter baumannii	abaumannii_2	499	Pas_cpn60(5),Pas_fusA(2),Pas_gltA(39),Pas_pyrG(2),Pas_recA(3),Pas_rplB(1),Pas_rpoB(5)
GCA_041154785.1	Acinetobacter baumannii	abaumannii_2	2	Pas_cpn60(2),Pas_fusA(2),Pas_gltA(2),Pas_pyrG(2),Pas_recA(2),Pas_rplB(2),Pas_rpoB(2)
GCA_039654205.1	Acinetobacter baumannii	abaumannii_2	2	Pas_cpn60(2),Pas_fusA(2),Pas_gltA(2),Pas_pyrG(2),Pas_recA(2),Pas_rplB(2),Pas_rpoB(2)
GCA_040930415.1	Acinetobacter baumannii	abaumannii_2	374	Pas_cpn60(3),Pas_fusA(2),Pas_gltA(2),Pas_pyrG(2),Pas_recA(3),Pas_rplB(4),Pas_rpoB(4)
GCA_040529225.1	Acinetobacter baumannii	abaumannii_2	2	Pas_cpn60(2),Pas_fusA(2),Pas_gltA(2),Pas_pyrG(2),Pas_recA(2),Pas_rplB(2),Pas_rpoB(2)
GCA_040956955.1	Acinetobacter baumannii	abaumannii_2	2	Pas_cpn60(2),Pas_fusA(2),Pas_gltA(2),Pas_pyrG(2),Pas_recA(2),Pas_rplB(2),Pas_rpoB(2)
GCA_041292005.2	Acinetobacter baumannii	abaumannii_2	499	Pas_cpn60(5),Pas_fusA(2),Pas_gltA(39),Pas_pyrG(2),Pas_recA(3),Pas_rplB(1),Pas_rpoB(5)
GCA_041014305.2	Acinetobacter baumannii	abaumannii_2	85	Pas_cpn60(5),Pas_fusA(2),Pas_gltA(4),Pas_pyrG(1),Pas_recA(3),Pas_rplB(3),Pas_rpoB(4)
GCA_039779435.1	Acinetobacter baumannii	abaumannii_2	1	Pas_cpn60(1),Pas_fusA(1),Pas_gltA(1),Pas_pyrG(1),Pas_recA(5),Pas_rplB(1),Pas_rpoB(1)
GCA_041154845.1	Acinetobacter baumannii	abaumannii_2	-	Pas_cpn60(3),Pas_fusA(~12),Pas_gltA(11),Pas_pyrG(2),Pas_recA(14),Pas_rplB(4),Pas_rpoB(14)
GCA_040801815.1	Acinetobacter baumannii	abaumannii_2	164	Pas_cpn60(40),Pas_fusA(3),Pas_gltA(7),Pas_pyrG(2),Pas_recA(40),Pas_rplB(4),Pas_rpoB(4)
GCA_040267665.1	Acinetobacter baumannii	abaumannii_2	2	Pas_cpn60(2),Pas_fusA(2),Pas_gltA(2),Pas_pyrG(2),Pas_recA(2),Pas_rplB(2),Pas_rpoB(2)
GCA_040536955.1	Acinetobacter baumannii	abaumannii_2	2	Pas_cpn60(2),Pas_fusA(2),Pas_gltA(2),Pas_pyrG(2),Pas_recA(2),Pas_rplB(2),Pas_rpoB(2)
GCA_039780165.1	Acinetobacter baumannii	abaumannii_2	1	Pas_cpn60(1),Pas_fusA(1),Pas_gltA(1),Pas_pyrG(1),Pas_recA(5),Pas_rplB(1),Pas_rpoB(1)
GCA_040529315.1	Acinetobacter baumannii	abaumannii_2	2	Pas_cpn60(2),Pas_fusA(2),Pas_gltA(2),Pas_pyrG(2),Pas_recA(2),Pas_rplB(2),Pas_rpoB(2)
GCA_040529215.1	Acinetobacter baumannii	abaumannii_2	2	Pas_cpn60(2),Pas_fusA(2),Pas_gltA(2),Pas_pyrG(2),Pas_recA(2),Pas_rplB(2),Pas_rpoB(2)
GCA_041462975.2	Klebsiella oxytoca	klebsiella	-	gapA(150),infB(126),mdh(-),pgi(~171),phoE(-),rpoB(~149),tonB(-)
GCA_039701065.1	Acinetobacter baumannii	abaumannii_2	2	Pas_cpn60(2),Pas_fusA(2),Pas_gltA(2),Pas_pyrG(2),Pas_recA(2),Pas_rplB(2),Pas_rpoB(2)
GCA_041768005.2	Klebsiella oxytoca	klebsiella	-	gapA(150),infB(126),mdh(-),pgi(~171),phoE(-),rpoB(~149),tonB(-)
GCA_041755815.2	Klebsiella oxytoca	klebsiella	-	gapA(150),infB(126),mdh(-),pgi(~171),phoE(-),rpoB(~149),tonB(-)
GCA_040536945.1	Acinetobacter baumannii	abaumannii_2	2	Pas_cpn60(2),Pas_fusA(2),Pas_gltA(2),Pas_pyrG(2),Pas_recA(2),Pas_rplB(2),Pas_rpoB(2)
GCA_041822865.1	Klebsiella pneumoniae	klebsiella	20	gapA(2),infB(3),mdh(1),pgi(1),phoE(4),rpoB(4),tonB(4)
GCA_041834325.1	Klebsiella pneumoniae	klebsiella	37	gapA(2),infB(9),mdh(2),pgi(1),phoE(13),rpoB(1),tonB(16)
GCA_041825775.1	Klebsiella pneumoniae	klebsiella	592	gapA(2),infB(3),mdh(6),pgi(1),phoE(9),rpoB(4),tonB(13)
GCA_040529205.1	Acinetobacter baumannii	abaumannii_2	2	Pas_cpn60(2),Pas_fusA(2),Pas_gltA(2),Pas_pyrG(2),Pas_recA(2),Pas_rplB(2),Pas_rpoB(2)
GCA_041801535.1	Acinetobacter baumannii	abaumannii_2	-	Pas_cpn60(5),Pas_fusA(1),Pas_gltA(101),Pas_pyrG(2),Pas_recA(5),Pas_rplB(1),Pas_rpoB(5)
GCA_041831655.1	Klebsiella pneumoniae	klebsiella	15	gapA(1),infB(1),mdh(1),pgi(1),phoE(1),rpoB(1),tonB(1)
GCA_039704455.1	Klebsiella pneumoniae	klebsiella	11	gapA(3),infB(3),mdh(1),pgi(1),phoE(1),rpoB(1),tonB(4)
GCA_041813235.1	Klebsiella pneumoniae	klebsiella	4024	gapA(2),infB(1),mdh(1),pgi(146),phoE(9),rpoB(31),tonB(12)
GCA_041004195.1	Acinetobacter baumannii	abaumannii_2	2	Pas_cpn60(2),Pas_fusA(2),Pas_gltA(2),Pas_pyrG(2),Pas_recA(2),Pas_rplB(2),Pas_rpoB(2)
GCA_041837985.1	Klebsiella pneumoniae	klebsiella	20	gapA(2),infB(3),mdh(1),pgi(1),phoE(4),rpoB(4),tonB(4)
GCA_041819845.1	Klebsiella pneumoniae	klebsiella	37	gapA(2),infB(9),mdh(2),pgi(1),phoE(13),rpoB(1),tonB(16)
GCA_040357515.1	Acinetobacter baumannii	abaumannii_2	10	Pas_cpn60(1),Pas_fusA(3),Pas_gltA(2),Pas_pyrG(1),Pas_recA(4),Pas_rplB(4),Pas_rpoB(4)
GCA_041840975.1	Klebsiella pneumoniae	klebsiella	-	gapA(407?),infB(1),mdh(1),pgi(1),phoE(9),rpoB(4),tonB(12)
GCA_040455575.2	Klebsiella pneumoniae	klebsiella	45	gapA(2),infB(1),mdh(1),pgi(6),phoE(7),rpoB(1),tonB(12)
GCA_041085125.2	Klebsiella pneumoniae	klebsiella	147	gapA(3),infB(4),mdh(6),pgi(1),phoE(7),rpoB(4),tonB(38)
GCA_041810345.1	Klebsiella pneumoniae	klebsiella	15	gapA(1),infB(1),mdh(1),pgi(1),phoE(1),rpoB(1),tonB(1)
GCA_041462955.2	Klebsiella pneumoniae	klebsiella	307	gapA(4),infB(1),mdh(2),pgi(52),phoE(1),rpoB(1),tonB(7)
GCA_039724115.1	Klebsiella pneumoniae	klebsiella	307	gapA(4),infB(1),mdh(2),pgi(52),phoE(1),rpoB(1),tonB(7)
GCA_039727595.1	Klebsiella pneumoniae	klebsiella	-	gapA(4),infB(1),mdh(2),pgi(52),phoE(1),rpoB(1),tonB(-)
GCA_041291955.2	Klebsiella pneumoniae	klebsiella	464	gapA(2),infB(5),mdh(2),pgi(1),phoE(26),rpoB(1),tonB(2)
GCA_040897365.2	Klebsiella pneumoniae	klebsiella	14	gapA(1),infB(6),mdh(1),pgi(1),phoE(1),rpoB(1),tonB(1)
GCA_040277315.2	Klebsiella pneumoniae	klebsiella	147	gapA(3),infB(4),mdh(6),pgi(1),phoE(7),rpoB(4),tonB(38)
GCA_041292085.2	Klebsiella pneumoniae	klebsiella	37	gapA(2),infB(9),mdh(2),pgi(1),phoE(13),rpoB(1),tonB(16)
GCA_040273275.2	Klebsiella pneumoniae	klebsiella	147	gapA(3),infB(4),mdh(6),pgi(1),phoE(7),rpoB(4),tonB(38)
GCA_041765425.1	Klebsiella pneumoniae	klebsiella	14	gapA(1),infB(6),mdh(1),pgi(1),phoE(1),rpoB(1),tonB(1)
GCA_040529175.1	Klebsiella pneumoniae	klebsiella	101	gapA(2),infB(6),mdh(1),pgi(5),phoE(4),rpoB(1),tonB(6)
GCA_040899365.2	Klebsiella pneumoniae	klebsiella	147	gapA(3),infB(4),mdh(6),pgi(1),phoE(7),rpoB(4),tonB(38)
GCA_041807495.1	Klebsiella pneumoniae	klebsiella	307	gapA(4),infB(1),mdh(2),pgi(52),phoE(1),rpoB(1),tonB(7)
GCA_041765435.1	Klebsiella pneumoniae	klebsiella	261	gapA(2),infB(1),mdh(1),pgi(1),phoE(4),rpoB(27),tonB(12)
GCA_041760675.2	Klebsiella pneumoniae	klebsiella	45	gapA(2),infB(1),mdh(1),pgi(6),phoE(7),rpoB(1),tonB(12)
GCA_040898815.2	Klebsiella pneumoniae	klebsiella	307	gapA(4),infB(1),mdh(2),pgi(52),phoE(1),rpoB(1),tonB(7)
GCA_041283555.2	Klebsiella pneumoniae	klebsiella	592	gapA(2),infB(3),mdh(6),pgi(1),phoE(9),rpoB(4),tonB(13)
GCA_040897795.2	Klebsiella pneumoniae	klebsiella	147	gapA(3),infB(4),mdh(6),pgi(1),phoE(7),rpoB(4),tonB(38)
GCA_041222715.1	Klebsiella pneumoniae	klebsiella	313	gapA(10),infB(3),mdh(1),pgi(1),phoE(9),rpoB(10),tonB(9)
GCA_041292125.2	Klebsiella pneumoniae	klebsiella	7498	gapA(2),infB(1),mdh(1),pgi(1),phoE(9),rpoB(8),tonB(24)
GCA_040454745.2	Klebsiella pneumoniae	klebsiella	147	gapA(3),infB(4),mdh(6),pgi(1),phoE(7),rpoB(4),tonB(38)
GCA_041765415.1	Klebsiella pneumoniae	klebsiella	14	gapA(1),infB(6),mdh(1),pgi(1),phoE(1),rpoB(1),tonB(1)
GCA_041291985.2	Klebsiella pneumoniae	klebsiella	147	gapA(3),infB(4),mdh(6),pgi(1),phoE(7),rpoB(4),tonB(38)
GCA_040897725.2	Klebsiella pneumoniae	klebsiella	147	gapA(3),infB(4),mdh(6),pgi(1),phoE(7),rpoB(4),tonB(38)
GCA_041844285.1	Klebsiella pneumoniae	klebsiella	180	gapA(2),infB(1),mdh(1),pgi(34),phoE(4),rpoB(1),tonB(64)
GCA_041860185.1	Klebsiella pneumoniae	klebsiella	1664	gapA(2),infB(1),mdh(1),pgi(1),phoE(21),rpoB(4),tonB(271)
GCA_041861585.1	Klebsiella pneumoniae	klebsiella	15	gapA(1),infB(1),mdh(1),pgi(1),phoE(1),rpoB(1),tonB(1)
GCA_041860495.1	Klebsiella pneumoniae	klebsiella	35	gapA(2),infB(1),mdh(2),pgi(1),phoE(10),rpoB(1),tonB(19)
GCA_041860155.1	Klebsiella pneumoniae	klebsiella	3370	gapA(2),infB(1),mdh(2),pgi(14),phoE(9),rpoB(187),tonB(5)
GCA_041860175.1	Klebsiella pneumoniae	klebsiella	37	gapA(2),infB(9),mdh(2),pgi(1),phoE(13),rpoB(1),tonB(16)
GCA_041860505.1	Klebsiella pneumoniae	klebsiella	2108	gapA(2),infB(1),mdh(1),pgi(3),phoE(12),rpoB(1),tonB(5)
GCA_041860445.1	Klebsiella pneumoniae	klebsiella	3048	gapA(2),infB(1),mdh(2),pgi(1),phoE(60),rpoB(160),tonB(2)
GCA_041860195.1	Klebsiella pneumoniae	klebsiella	4283	gapA(2),infB(3),mdh(10),pgi(1),phoE(20),rpoB(10),tonB(25)
GCA_041860515.1	Klebsiella pneumoniae	klebsiella	107	gapA(2),infB(1),mdh(2),pgi(17),phoE(27),rpoB(1),tonB(39)
GCA_041860405.1	Klebsiella pneumoniae	klebsiella	776	gapA(2),infB(1),mdh(2),pgi(1),phoE(2),rpoB(1),tonB(2)
GCA_041860465.1	Klebsiella pneumoniae	klebsiella	4334	gapA(4),infB(1),mdh(2),pgi(1),phoE(12),rpoB(1),tonB(4)
GCA_041860485.1	Klebsiella pneumoniae	klebsiella	134	gapA(3),infB(1),mdh(2),pgi(1),phoE(1),rpoB(1),tonB(4)
GCA_041861545.1	Klebsiella pneumoniae	klebsiella	4228	gapA(2),infB(1),mdh(1),pgi(1),phoE(1),rpoB(161),tonB(34)
GCA_041860335.1	Klebsiella pneumoniae	klebsiella	432	gapA(4),infB(1),mdh(1),pgi(2),phoE(7),rpoB(4),tonB(4)
GCA_041860135.1	Klebsiella pneumoniae	klebsiella	2344	gapA(2),infB(5),mdh(10),pgi(1),phoE(1),rpoB(4),tonB(25)
GCA_041860425.1	Klebsiella pneumoniae	klebsiella	323	gapA(2),infB(1),mdh(1),pgi(1),phoE(9),rpoB(1),tonB(93)
GCA_041860245.1	Klebsiella pneumoniae	klebsiella	417	gapA(10),infB(3),mdh(2),pgi(8),phoE(7),rpoB(1),tonB(54)
GCA_041860825.1	Klebsiella pneumoniae	klebsiella	4391	gapA(2),infB(6),mdh(1),pgi(292),phoE(4),rpoB(1),tonB(6)
GCA_041861475.1	Klebsiella pneumoniae	klebsiella	416	gapA(2),infB(38),mdh(1),pgi(1),phoE(7),rpoB(4),tonB(89)
GCA_041860275.1	Klebsiella pneumoniae	klebsiella	4340	gapA(4),infB(2),mdh(1),pgi(4),phoE(9),rpoB(1),tonB(605)
GCA_041857125.1	Klebsiella pneumoniae	klebsiella	10	gapA(4),infB(1),mdh(7),pgi(1),phoE(9),rpoB(1),tonB(12)
GCA_041860045.1	Klebsiella pneumoniae	klebsiella	5825	gapA(2),infB(3),mdh(439),pgi(75),phoE(9),rpoB(7),tonB(137)
GCA_041861515.1	Klebsiella pneumoniae	klebsiella	27	gapA(2),infB(1),mdh(11),pgi(1),phoE(9),rpoB(10),tonB(23)
GCA_041857215.1	Klebsiella pneumoniae	klebsiella	25	gapA(2),infB(1),mdh(1),pgi(1),phoE(10),rpoB(4),tonB(13)
GCA_041860075.1	Klebsiella pneumoniae	klebsiella	3069	gapA(4),infB(1),mdh(1),pgi(2),phoE(319),rpoB(4),tonB(100)
GCA_041857205.1	Klebsiella pneumoniae	klebsiella	485	gapA(2),infB(1),mdh(1),pgi(1),phoE(7),rpoB(1),tonB(12)
GCA_041860295.1	Klebsiella pneumoniae	klebsiella	967	gapA(2),infB(1),mdh(19),pgi(4),phoE(9),rpoB(4),tonB(34)
GCA_041860845.1	Klebsiella pneumoniae	klebsiella	35	gapA(2),infB(1),mdh(2),pgi(1),phoE(10),rpoB(1),tonB(19)
GCA_041860325.1	Klebsiella pneumoniae	klebsiella	105	gapA(2),infB(3),mdh(2),pgi(1),phoE(1),rpoB(4),tonB(18)
GCA_041860095.1	Klebsiella pneumoniae	klebsiella	294	gapA(2),infB(1),mdh(2),pgi(1),phoE(4),rpoB(4),tonB(87)
GCA_041850165.1	Klebsiella pneumoniae	klebsiella	33	gapA(2),infB(3),mdh(5),pgi(1),phoE(12),rpoB(4),tonB(9)
GCA_041860395.1	Klebsiella pneumoniae	klebsiella	876	gapA(6),infB(3),mdh(1),pgi(1),phoE(12),rpoB(1),tonB(110)
GCA_041860385.1	Klebsiella pneumoniae	klebsiella	43	gapA(2),infB(6),mdh(1),pgi(5),phoE(11),rpoB(1),tonB(15)
GCA_041860415.1	Klebsiella pneumoniae	klebsiella	461	gapA(3),infB(1),mdh(13),pgi(34),phoE(63),rpoB(1),tonB(64)
GCA_041860205.1	Klebsiella pneumoniae	klebsiella	4252	gapA(2),infB(1),mdh(2),pgi(1),phoE(428),rpoB(247),tonB(66)
GCA_041857225.1	Klebsiella pneumoniae	klebsiella	2459	gapA(2),infB(1),mdh(5),pgi(1),phoE(9),rpoB(4),tonB(13)
GCA_041856265.1	Klebsiella pneumoniae	klebsiella	1630	gapA(2),infB(94),mdh(5),pgi(1),phoE(1),rpoB(1),tonB(4)
GCA_041861525.1	Klebsiella pneumoniae	klebsiella	129	gapA(2),infB(20),mdh(23),pgi(1),phoE(1),rpoB(1),tonB(19)
GCA_041860375.1	Klebsiella pneumoniae	klebsiella	1035	gapA(4),infB(1),mdh(1),pgi(26),phoE(1),rpoB(1),tonB(4)
GCA_041860795.1	Klebsiella pneumoniae	klebsiella	215	gapA(2),infB(1),mdh(38),pgi(37),phoE(10),rpoB(4),tonB(18)
GCA_041860355.1	Klebsiella pneumoniae	klebsiella	359	gapA(10),infB(1),mdh(2),pgi(1),phoE(9),rpoB(27),tonB(6)
GCA_041860055.1	Klebsiella pneumoniae	klebsiella	5824	gapA(2),infB(1),mdh(1),pgi(2),phoE(572),rpoB(4),tonB(18)
GCA_041860285.1	Klebsiella pneumoniae	klebsiella	4229	gapA(2),infB(1),mdh(1),pgi(1),phoE(1),rpoB(4),tonB(17)
GCA_041861395.1	Klebsiella pneumoniae	klebsiella	163	gapA(2),infB(1),mdh(1),pgi(1),phoE(9),rpoB(1),tonB(12)
GCA_041861415.1	Klebsiella pneumoniae	klebsiella	359	gapA(10),infB(1),mdh(2),pgi(1),phoE(9),rpoB(27),tonB(6)
GCA_041860025.1	Klebsiella pneumoniae	klebsiella	1583	gapA(2),infB(1),mdh(2),pgi(1),phoE(12),rpoB(1),tonB(9)
GCA_041861405.1	Klebsiella pneumoniae	klebsiella	30	gapA(5),infB(3),mdh(1),pgi(1),phoE(9),rpoB(4),tonB(26)
GCA_041861555.1	Klebsiella pneumoniae	klebsiella	26	gapA(2),infB(1),mdh(1),pgi(1),phoE(9),rpoB(1),tonB(18)
GCA_041860065.1	Klebsiella pneumoniae	klebsiella	200	gapA(2),infB(1),mdh(2),pgi(1),phoE(12),rpoB(1),tonB(68)
GCA_041860305.1	Klebsiella pneumoniae	klebsiella	881	gapA(2),infB(68),mdh(1),pgi(1),phoE(10),rpoB(4),tonB(13)
GCA_041860525.1	Klebsiella pneumoniae	klebsiella	416	gapA(2),infB(38),mdh(1),pgi(1),phoE(7),rpoB(4),tonB(89)
GCA_041860705.1	Klebsiella pneumoniae	klebsiella	14	gapA(1),infB(6),mdh(1),pgi(1),phoE(1),rpoB(1),tonB(1)
GCA_041861575.1	Klebsiella pneumoniae	klebsiella	10	gapA(4),infB(1),mdh(7),pgi(1),phoE(9),rpoB(1),tonB(12)
GCA_041860265.1	Klebsiella pneumoniae	klebsiella	26	gapA(2),infB(1),mdh(1),pgi(1),phoE(9),rpoB(1),tonB(18)
GCA_041860665.1	Klebsiella pneumoniae	klebsiella	2949	gapA(2),infB(1),mdh(11),pgi(1),phoE(7),rpoB(1),tonB(378)
GCA_041861455.1	Klebsiella pneumoniae	klebsiella	253	gapA(2),infB(1),mdh(1),pgi(1),phoE(9),rpoB(1),tonB(13)
GCA_041857115.1	Klebsiella pneumoniae	klebsiella	253	gapA(2),infB(1),mdh(1),pgi(1),phoE(9),rpoB(1),tonB(13)
GCA_041857335.1	Klebsiella pneumoniae	klebsiella	420	gapA(2),infB(1),mdh(65),pgi(2),phoE(5),rpoB(1),tonB(36)
GCA_041861495.1	Klebsiella pneumoniae	klebsiella	453	gapA(2),infB(50),mdh(1),pgi(1),phoE(21),rpoB(4),tonB(6)
GCA_041861565.1	Klebsiella pneumoniae	klebsiella	4327	gapA(4),infB(1),mdh(1),pgi(1),phoE(16),rpoB(1),tonB(6)
GCA_041860255.1	Klebsiella pneumoniae	klebsiella	422	gapA(2),infB(3),mdh(1),pgi(1),phoE(4),rpoB(4),tonB(111)
GCA_041860315.1	Klebsiella pneumoniae	klebsiella	86	gapA(9),infB(4),mdh(2),pgi(1),phoE(1),rpoB(1),tonB(27)
GCA_041860235.1	Klebsiella pneumoniae	klebsiella	322	gapA(2),infB(1),mdh(5),pgi(1),phoE(26),rpoB(4),tonB(12)
GCA_041860625.1	Klebsiella pneumoniae	klebsiella	904	gapA(4),infB(1),mdh(2),pgi(1),phoE(1),rpoB(1),tonB(68)
GCA_041860725.1	Klebsiella pneumoniae	klebsiella	15	gapA(1),infB(1),mdh(1),pgi(1),phoE(1),rpoB(1),tonB(1)
GCA_041860685.1	Klebsiella pneumoniae	klebsiella	336	gapA(2),infB(1),mdh(1),pgi(1),phoE(72),rpoB(4),tonB(4)
GCA_041847135.1	Klebsiella pneumoniae	klebsiella	643	gapA(2),infB(3),mdh(6),pgi(75),phoE(9),rpoB(7),tonB(137)
GCA_041857145.1	Klebsiella pneumoniae	klebsiella	48	gapA(2),infB(5),mdh(2),pgi(2),phoE(7),rpoB(1),tonB(10)
GCA_041860715.1	Klebsiella pneumoniae	klebsiella	2947	gapA(2),infB(6),mdh(1),pgi(3),phoE(293),rpoB(1),tonB(77)
GCA_041860855.1	Klebsiella pneumoniae	klebsiella	2	gapA(3),infB(4),mdh(1),pgi(1),phoE(9),rpoB(4),tonB(17)
GCA_041860865.1	Klebsiella pneumoniae	klebsiella	290	gapA(2),infB(1),mdh(1),pgi(37),phoE(10),rpoB(1),tonB(86)
GCA_041860565.1	Klebsiella pneumoniae	klebsiella	950	gapA(2),infB(1),mdh(1),pgi(20),phoE(56),rpoB(4),tonB(31)
GCA_041861425.1	Klebsiella pneumoniae	klebsiella	1229	gapA(4),infB(1),mdh(1),pgi(1),phoE(20),rpoB(1),tonB(218)
GCA_041861445.1	Klebsiella pneumoniae	klebsiella	35	gapA(2),infB(1),mdh(2),pgi(1),phoE(10),rpoB(1),tonB(19)
GCA_041860775.1	Klebsiella pneumoniae	klebsiella	2946	gapA(4),infB(1),mdh(205),pgi(1),phoE(27),rpoB(4),tonB(199)
GCA_041860595.1	Klebsiella pneumoniae	klebsiella	2943	gapA(2),infB(52),mdh(2),pgi(1),phoE(12),rpoB(1),tonB(34)
GCA_041861435.1	Klebsiella pneumoniae	klebsiella	590	gapA(2),infB(1),mdh(13),pgi(3),phoE(7),rpoB(4),tonB(25)
GCA_041860745.1	Klebsiella pneumoniae	klebsiella	27	gapA(2),infB(1),mdh(11),pgi(1),phoE(9),rpoB(10),tonB(23)
GCA_041860575.1	Klebsiella pneumoniae	klebsiella	340	gapA(3),infB(3),mdh(1),pgi(1),phoE(1),rpoB(1),tonB(18)
GCA_041860655.1	Klebsiella pneumoniae	klebsiella	45	gapA(2),infB(1),mdh(1),pgi(6),phoE(7),rpoB(1),tonB(12)
GCA_041861375.1	Klebsiella pneumoniae	klebsiella	22	gapA(2),infB(3),mdh(1),pgi(1),phoE(1),rpoB(4),tonB(4)
GCA_041860695.1	Klebsiella pneumoniae	klebsiella	35	gapA(2),infB(1),mdh(2),pgi(1),phoE(10),rpoB(1),tonB(19)
GCA_041857195.1	Klebsiella pneumoniae	klebsiella	147	gapA(3),infB(4),mdh(6),pgi(1),phoE(7),rpoB(4),tonB(38)
GCA_041860835.1	Klebsiella pneumoniae	klebsiella	2439	gapA(2),infB(5),mdh(2),pgi(1),phoE(26),rpoB(4),tonB(2)
GCA_041860675.1	Klebsiella pneumoniae	klebsiella	70	gapA(2),infB(6),mdh(17),pgi(1),phoE(20),rpoB(10),tonB(25)
GCA_041860545.1	Klebsiella pneumoniae	klebsiella	307	gapA(4),infB(1),mdh(2),pgi(52),phoE(1),rpoB(1),tonB(7)
GCA_041860015.1	Klebsiella pneumoniae	klebsiella	370	gapA(41),infB(47),mdh(1),pgi(14),phoE(1),rpoB(1),tonB(12)
GCA_041860765.1	Klebsiella pneumoniae	klebsiella	231	gapA(2),infB(6),mdh(1),pgi(3),phoE(26),rpoB(1),tonB(77)
GCA_041860615.1	Klebsiella pneumoniae	klebsiella	70	gapA(2),infB(6),mdh(17),pgi(1),phoE(20),rpoB(10),tonB(25)
GCA_041860535.1	Klebsiella pneumoniae	klebsiella	307	gapA(4),infB(1),mdh(2),pgi(52),phoE(1),rpoB(1),tonB(7)
GCA_041860635.1	Klebsiella pneumoniae	klebsiella	340	gapA(3),infB(3),mdh(1),pgi(1),phoE(1),rpoB(1),tonB(18)
GCA_041860605.1	Klebsiella pneumoniae	klebsiella	258	gapA(3),infB(3),mdh(1),pgi(1),phoE(1),rpoB(1),tonB(79)
GCA_041860735.1	Klebsiella pneumoniae	klebsiella	14	gapA(1),infB(6),mdh(1),pgi(1),phoE(1),rpoB(1),tonB(1)
GCA_041860585.1	Klebsiella pneumoniae	klebsiella	2947	gapA(2),infB(6),mdh(1),pgi(3),phoE(293),rpoB(1),tonB(77)
GCA_041860645.1	Klebsiella pneumoniae	klebsiella	37	gapA(2),infB(9),mdh(2),pgi(1),phoE(13),rpoB(1),tonB(16)
GCA_041860555.1	Klebsiella pneumoniae	klebsiella	340	gapA(3),infB(3),mdh(1),pgi(1),phoE(1),rpoB(1),tonB(18)
GCA_041860755.1	Klebsiella pneumoniae	klebsiella	753	gapA(14),infB(1),mdh(2),pgi(1),phoE(135),rpoB(4),tonB(12)
GCA_041858985.1	Klebsiella pneumoniae	klebsiella	727	gapA(2),infB(9),mdh(2),pgi(1),phoE(7),rpoB(1),tonB(16)
GCA_041861385.1	Klebsiella pneumoniae	klebsiella	35	gapA(2),infB(1),mdh(2),pgi(1),phoE(10),rpoB(1),tonB(19)
GCA_041869875.1	Klebsiella pneumoniae	klebsiella	11	gapA(3),infB(3),mdh(1),pgi(1),phoE(1),rpoB(1),tonB(4)
GCA_041902265.1	Klebsiella pneumoniae	klebsiella	4276	gapA(2),infB(2),mdh(1),pgi(1),phoE(26),rpoB(1),tonB(610)
GCA_041897605.1	Klebsiella pneumoniae	klebsiella	4260	gapA(2),infB(1),mdh(2),pgi(4),phoE(247),rpoB(1),tonB(38)
GCA_041863105.1	Klebsiella pneumoniae	klebsiella	279	gapA(2),infB(2),mdh(1),pgi(47),phoE(1),rpoB(4),tonB(43)
GCA_041861645.1	Klebsiella pneumoniae	klebsiella	1114	gapA(4),infB(3),mdh(2),pgi(1),phoE(10),rpoB(4),tonB(17)
GCA_041897615.1	Klebsiella pneumoniae	klebsiella	966	gapA(2),infB(1),mdh(2),pgi(1),phoE(1),rpoB(1),tonB(68)
GCA_041863855.1	Klebsiella pneumoniae	klebsiella	496	gapA(2),infB(1),mdh(1),pgi(6),phoE(7),rpoB(4),tonB(12)
GCA_041869965.1	Klebsiella pneumoniae	klebsiella	3659	gapA(10),infB(40),mdh(2),pgi(1),phoE(7),rpoB(4),tonB(224)
GCA_041897565.1	Klebsiella pneumoniae	klebsiella	200	gapA(2),infB(1),mdh(2),pgi(1),phoE(12),rpoB(1),tonB(68)
GCA_041861785.1	Klebsiella pneumoniae	klebsiella	128	gapA(2),infB(1),mdh(5),pgi(18),phoE(21),rpoB(4),tonB(48)
GCA_041861865.1	Klebsiella pneumoniae	klebsiella	17	gapA(2),infB(1),mdh(1),pgi(1),phoE(4),rpoB(4),tonB(4)
GCA_041869895.1	Klebsiella pneumoniae	klebsiella	2800	gapA(2),infB(1),mdh(2),pgi(1),phoE(9),rpoB(1),tonB(18)
GCA_041890215.1	Klebsiella pneumoniae	klebsiella	189	gapA(2),infB(3),mdh(41),pgi(1),phoE(17),rpoB(4),tonB(46)
GCA_041869925.1	Klebsiella pneumoniae	klebsiella	54	gapA(2),infB(1),mdh(1),pgi(13),phoE(16),rpoB(15),tonB(4)
GCA_041869835.1	Klebsiella pneumoniae	klebsiella	461	gapA(3),infB(1),mdh(13),pgi(34),phoE(63),rpoB(1),tonB(64)
GCA_041861695.1	Klebsiella pneumoniae	klebsiella	20	gapA(2),infB(3),mdh(1),pgi(1),phoE(4),rpoB(4),tonB(4)
GCA_041869955.1	Klebsiella pneumoniae	klebsiella	628	gapA(2),infB(60),mdh(11),pgi(1),phoE(4),rpoB(8),tonB(24)
GCA_041861715.1	Klebsiella pneumoniae	klebsiella	37	gapA(2),infB(9),mdh(2),pgi(1),phoE(13),rpoB(1),tonB(16)
GCA_041869945.1	Klebsiella pneumoniae	klebsiella	4235	gapA(2),infB(1),mdh(1),pgi(1),phoE(9),rpoB(1),tonB(35)
GCA_041870005.1	Klebsiella pneumoniae	klebsiella	4	gapA(3),infB(1),mdh(1),pgi(1),phoE(3),rpoB(3),tonB(1)
GCA_041863115.1	Klebsiella pneumoniae	klebsiella	111	gapA(2),infB(1),mdh(5),pgi(1),phoE(17),rpoB(4),tonB(42)
GCA_041869915.1	Klebsiella pneumoniae	klebsiella	37	gapA(2),infB(9),mdh(2),pgi(1),phoE(13),rpoB(1),tonB(16)
GCA_041861655.1	Klebsiella pneumoniae	klebsiella	273	gapA(3),infB(4),mdh(6),pgi(1),phoE(7),rpoB(4),tonB(4)
GCA_041869865.1	Klebsiella pneumoniae	klebsiella	26	gapA(2),infB(1),mdh(1),pgi(1),phoE(9),rpoB(1),tonB(18)
GCA_041861615.1	Klebsiella pneumoniae	klebsiella	188	gapA(3),infB(1),mdh(1),pgi(3),phoE(4),rpoB(28),tonB(39)
GCA_041863135.1	Klebsiella pneumoniae	klebsiella	322	gapA(2),infB(1),mdh(5),pgi(1),phoE(26),rpoB(4),tonB(12)
GCA_041869885.1	Klebsiella pneumoniae	klebsiella	4257	gapA(2),infB(1),mdh(2),pgi(281),phoE(45),rpoB(4),tonB(9)
GCA_041861755.1	Klebsiella pneumoniae	klebsiella	462	gapA(2),infB(1),mdh(1),pgi(6),phoE(1),rpoB(4),tonB(12)
GCA_041861815.1	Klebsiella pneumoniae	klebsiella	299	gapA(2),infB(10),mdh(1),pgi(1),phoE(56),rpoB(24),tonB(31)
GCA_041897575.1	Klebsiella pneumoniae	klebsiella	993	gapA(10),infB(1),mdh(11),pgi(1),phoE(9),rpoB(8),tonB(112)
GCA_041862085.1	Klebsiella pneumoniae	klebsiella	776	gapA(2),infB(1),mdh(2),pgi(1),phoE(2),rpoB(1),tonB(2)
GCA_041900635.1	Klebsiella pneumoniae	klebsiella	4318	gapA(3),infB(1),mdh(1),pgi(3),phoE(4),rpoB(248),tonB(39)
GCA_041869855.1	Klebsiella pneumoniae	klebsiella	392	gapA(3),infB(4),mdh(6),pgi(1),phoE(7),rpoB(4),tonB(40)
GCA_041861705.1	Klebsiella pneumoniae	klebsiella	17	gapA(2),infB(1),mdh(1),pgi(1),phoE(4),rpoB(4),tonB(4)
GCA_041862775.1	Klebsiella pneumoniae	klebsiella	590	gapA(2),infB(1),mdh(13),pgi(3),phoE(7),rpoB(4),tonB(25)
GCA_041869175.1	Klebsiella pneumoniae	klebsiella	299	gapA(2),infB(10),mdh(1),pgi(1),phoE(56),rpoB(24),tonB(31)
GCA_041861665.1	Klebsiella pneumoniae	klebsiella	25	gapA(2),infB(1),mdh(1),pgi(1),phoE(10),rpoB(4),tonB(13)
GCA_041889535.1	Klebsiella pneumoniae	klebsiella	2004	gapA(4),infB(1),mdh(2),pgi(1),phoE(1),rpoB(114),tonB(4)
GCA_041897595.1	Klebsiella pneumoniae	klebsiella	2510	gapA(4),infB(1),mdh(5),pgi(1),phoE(1),rpoB(11),tonB(112)
GCA_041862815.1	Klebsiella pneumoniae	klebsiella	35	gapA(2),infB(1),mdh(2),pgi(1),phoE(10),rpoB(1),tonB(19)
GCA_041869935.1	Klebsiella pneumoniae	klebsiella	107	gapA(2),infB(1),mdh(2),pgi(17),phoE(27),rpoB(1),tonB(39)
GCA_041869785.1	Klebsiella pneumoniae	klebsiella	321	gapA(4),infB(16),mdh(2),pgi(1),phoE(28),rpoB(3),tonB(40)
GCA_041897645.1	Klebsiella pneumoniae	klebsiella	49	gapA(8),infB(1),mdh(1),pgi(2),phoE(12),rpoB(1),tonB(23)
GCA_041863125.1	Klebsiella pneumoniae	klebsiella	107	gapA(2),infB(1),mdh(2),pgi(17),phoE(27),rpoB(1),tonB(39)
GCA_041897625.1	Klebsiella pneumoniae	klebsiella	4397	gapA(31),infB(141),mdh(1),pgi(37),phoE(3),rpoB(27),tonB(64)
GCA_041861725.1	Klebsiella pneumoniae	klebsiella	107	gapA(2),infB(1),mdh(2),pgi(17),phoE(27),rpoB(1),tonB(39)
GCA_041861635.1	Klebsiella pneumoniae	klebsiella	661	gapA(4),infB(3),mdh(1),pgi(36),phoE(9),rpoB(10),tonB(14)
GCA_041862785.1	Klebsiella pneumoniae	klebsiella	4710	gapA(2),infB(1),mdh(1),pgi(37),phoE(10),rpoB(269),tonB(86)
GCA_041901795.1	Klebsiella pneumoniae	klebsiella	268	gapA(2),infB(1),mdh(2),pgi(1),phoE(7),rpoB(1),tonB(81)
GCA_041863095.1	Klebsiella pneumoniae	klebsiella	10	gapA(4),infB(1),mdh(7),pgi(1),phoE(9),rpoB(1),tonB(12)
GCA_041902475.1	Klebsiella pneumoniae	klebsiella	234	gapA(2),infB(1),mdh(2),pgi(1),phoE(7),rpoB(1),tonB(24)
GCA_041890165.1	Klebsiella pneumoniae	klebsiella	1958	gapA(71),infB(1),mdh(1),pgi(2),phoE(16),rpoB(4),tonB(40)
GCA_041861675.1	Klebsiella pneumoniae	klebsiella	4262	gapA(2),infB(1),mdh(2),pgi(80),phoE(4),rpoB(4),tonB(271)
GCA_041869995.1	Klebsiella pneumoniae	klebsiella	17	gapA(2),infB(1),mdh(1),pgi(1),phoE(4),rpoB(4),tonB(4)
GCA_041861835.1	Klebsiella pneumoniae	klebsiella	1203	gapA(2),infB(6),mdh(1),pgi(1),phoE(1),rpoB(1),tonB(31)
GCA_041865715.1	Klebsiella pneumoniae	klebsiella	502	gapA(2),infB(53),mdh(3),pgi(1),phoE(10),rpoB(4),tonB(18)
GCA_041861795.1	Klebsiella pneumoniae	klebsiella	20	gapA(2),infB(3),mdh(1),pgi(1),phoE(4),rpoB(4),tonB(4)
GCA_041861685.1	Klebsiella pneumoniae	klebsiella	882	gapA(2),infB(1),mdh(1),pgi(37),phoE(1),rpoB(27),tonB(19)
GCA_041861845.1	Klebsiella pneumoniae	klebsiella	391	gapA(10),infB(5),mdh(1),pgi(4),phoE(6),rpoB(4),tonB(4)
GCA_041863145.1	Klebsiella pneumoniae	klebsiella	534	gapA(2),infB(1),mdh(1),pgi(2),phoE(61),rpoB(4),tonB(132)
GCA_041900625.1	Klebsiella pneumoniae	klebsiella	219	gapA(2),infB(1),mdh(2),pgi(3),phoE(27),rpoB(1),tonB(39)
GCA_041869905.1	Klebsiella pneumoniae	klebsiella	107	gapA(2),infB(1),mdh(2),pgi(17),phoE(27),rpoB(1),tonB(39)
GCA_041870055.1	Klebsiella pneumoniae	klebsiella	45	gapA(2),infB(1),mdh(1),pgi(6),phoE(7),rpoB(1),tonB(12)
GCA_041870025.1	Klebsiella pneumoniae	klebsiella	15	gapA(1),infB(1),mdh(1),pgi(1),phoE(1),rpoB(1),tonB(1)
GCA_041902245.1	Klebsiella pneumoniae	klebsiella	2701	gapA(4),infB(1),mdh(1),pgi(1),phoE(1),rpoB(1),tonB(363)
GCA_041861745.1	Klebsiella pneumoniae	klebsiella	45	gapA(2),infB(1),mdh(1),pgi(6),phoE(7),rpoB(1),tonB(12)
GCA_041863055.1	Klebsiella pneumoniae	klebsiella	35	gapA(2),infB(1),mdh(2),pgi(1),phoE(10),rpoB(1),tonB(19)
GCA_041900645.1	Klebsiella pneumoniae	klebsiella	943	gapA(12),infB(1),mdh(1),pgi(2),phoE(5),rpoB(1),tonB(23)
GCA_041862825.1	Klebsiella pneumoniae	klebsiella	4106	gapA(4),infB(1),mdh(2),pgi(36),phoE(9),rpoB(1),tonB(14)
GCA_041902255.1	Klebsiella pneumoniae	klebsiella	107	gapA(2),infB(1),mdh(2),pgi(17),phoE(27),rpoB(1),tonB(39)
GCA_041861855.1	Klebsiella pneumoniae	klebsiella	3419	gapA(3),infB(1),mdh(1),pgi(26),phoE(4),rpoB(4),tonB(39)
GCA_041900605.1	Klebsiella pneumoniae	klebsiella	20	gapA(2),infB(3),mdh(1),pgi(1),phoE(4),rpoB(4),tonB(4)
GCA_041861875.1	Klebsiella pneumoniae	klebsiella	636	gapA(2),infB(5),mdh(1),pgi(1),phoE(4),rpoB(1),tonB(4)
GCA_041862855.1	Klebsiella pneumoniae	klebsiella	4726	gapA(252),infB(5),mdh(1),pgi(1),phoE(9),rpoB(4),tonB(18)
GCA_041861825.1	Klebsiella pneumoniae	klebsiella	45	gapA(2),infB(1),mdh(1),pgi(6),phoE(7),rpoB(1),tonB(12)
GCA_041863025.1	Klebsiella pneumoniae	klebsiella	4710	gapA(2),infB(1),mdh(1),pgi(37),phoE(10),rpoB(269),tonB(86)
GCA_041863045.1	Klebsiella pneumoniae	klebsiella	35	gapA(2),infB(1),mdh(2),pgi(1),phoE(10),rpoB(1),tonB(19)
GCA_041902235.1	Klebsiella pneumoniae	klebsiella	307	gapA(4),infB(1),mdh(2),pgi(52),phoE(1),rpoB(1),tonB(7)
GCA_041863065.1	Klebsiella pneumoniae	klebsiella	35	gapA(2),infB(1),mdh(2),pgi(1),phoE(10),rpoB(1),tonB(19)
GCA_041890225.1	Klebsiella pneumoniae	klebsiella	111	gapA(2),infB(1),mdh(5),pgi(1),phoE(17),rpoB(4),tonB(42)
GCA_041870045.1	Klebsiella pneumoniae	klebsiella	4719	gapA(2),infB(3),mdh(1),pgi(1),phoE(1),rpoB(7),tonB(25)
GCA_041902225.1	Klebsiella pneumoniae	klebsiella	405	gapA(2),infB(1),mdh(62),pgi(3),phoE(10),rpoB(4),tonB(110)
GCA_041863075.1	Klebsiella pneumoniae	klebsiella	26	gapA(2),infB(1),mdh(1),pgi(1),phoE(9),rpoB(1),tonB(18)
GCA_041861765.1	Klebsiella pneumoniae	klebsiella	3247	gapA(2),infB(138),mdh(1),pgi(1),phoE(4),rpoB(4),tonB(4)
GCA_041869845.1	Klebsiella pneumoniae	klebsiella	107	gapA(2),infB(1),mdh(2),pgi(17),phoE(27),rpoB(1),tonB(39)
GCA_041869595.1	Klebsiella pneumoniae	klebsiella	107	gapA(2),infB(1),mdh(2),pgi(17),phoE(27),rpoB(1),tonB(39)
GCA_041870015.1	Klebsiella pneumoniae	klebsiella	10	gapA(4),infB(1),mdh(7),pgi(1),phoE(9),rpoB(1),tonB(12)
GCA_041889715.1	Klebsiella pneumoniae	klebsiella	4639	gapA(2),infB(1),mdh(348),pgi(2),phoE(12),rpoB(1),tonB(25)
GCA_041862835.1	Klebsiella pneumoniae	klebsiella	370	gapA(41),infB(47),mdh(1),pgi(14),phoE(1),rpoB(1),tonB(12)
GCA_041900595.1	Klebsiella pneumoniae	klebsiella	294	gapA(2),infB(1),mdh(2),pgi(1),phoE(4),rpoB(4),tonB(87)
GCA_041863035.1	Klebsiella pneumoniae	klebsiella	4386	gapA(2),infB(2),mdh(1),pgi(1),phoE(9),rpoB(1),tonB(38)
GCA_041863085.1	Klebsiella pneumoniae	klebsiella	45	gapA(2),infB(1),mdh(1),pgi(6),phoE(7),rpoB(1),tonB(12)
GCA_041861595.1	Klebsiella pneumoniae	klebsiella	950	gapA(2),infB(1),mdh(1),pgi(20),phoE(56),rpoB(4),tonB(31)
GCA_041902275.1	Klebsiella pneumoniae	klebsiella	193	gapA(2),infB(3),mdh(2),pgi(2),phoE(48),rpoB(4),tonB(4)
GCA_041862795.1	Klebsiella pneumoniae	klebsiella	37	gapA(2),infB(9),mdh(2),pgi(1),phoE(13),rpoB(1),tonB(16)
GCA_041862845.1	Klebsiella pneumoniae	klebsiella	4712	gapA(2),infB(1),mdh(1),pgi(6),phoE(2),rpoB(1),tonB(129)
GCA_041862805.1	Klebsiella pneumoniae	klebsiella	463	gapA(2),infB(1),mdh(4),pgi(1),phoE(7),rpoB(6),tonB(19)
GCA_041862865.1	Klebsiella pneumoniae	klebsiella	1779	gapA(2),infB(9),mdh(2),pgi(1),phoE(13),rpoB(1),tonB(296)
GCA_041864235.1	Klebsiella pneumoniae	klebsiella	643	gapA(2),infB(3),mdh(6),pgi(75),phoE(9),rpoB(7),tonB(137)
GCA_041862875.1	Klebsiella pneumoniae	klebsiella	1779	gapA(2),infB(9),mdh(2),pgi(1),phoE(13),rpoB(1),tonB(296)
GCA_041902495.1	Klebsiella pneumoniae	klebsiella	107	gapA(2),infB(1),mdh(2),pgi(17),phoE(27),rpoB(1),tonB(39)
GCA_041903395.1	Klebsiella pneumoniae	klebsiella	4652	gapA(3),infB(1),mdh(13),pgi(34),phoE(63),rpoB(1),tonB(6)
GCA_041902815.1	Klebsiella pneumoniae	klebsiella	4321	gapA(3),infB(3),mdh(215),pgi(1),phoE(16),rpoB(1),tonB(321)
GCA_041903275.1	Klebsiella pneumoniae	klebsiella	5849	gapA(2),infB(1),mdh(1),pgi(1),phoE(275),rpoB(1),tonB(62)
GCA_041903165.1	Klebsiella pneumoniae	klebsiella	247	gapA(10),infB(7),mdh(2),pgi(2),phoE(3),rpoB(25),tonB(4)
GCA_041902945.1	Klebsiella pneumoniae	klebsiella	4335	gapA(4),infB(1),mdh(2),pgi(52),phoE(1),rpoB(252),tonB(7)
GCA_041903135.1	Klebsiella pneumoniae	klebsiella	280	gapA(2),infB(1),mdh(2),pgi(1),phoE(10),rpoB(4),tonB(46)
GCA_041902545.1	Klebsiella pneumoniae	klebsiella	1540	gapA(2),infB(1),mdh(1),pgi(6),phoE(10),rpoB(1),tonB(62)
GCA_041920795.1	Klebsiella pneumoniae	klebsiella	882	gapA(2),infB(1),mdh(1),pgi(37),phoE(1),rpoB(27),tonB(19)
GCA_041903005.1	Klebsiella pneumoniae	klebsiella	35	gapA(2),infB(1),mdh(2),pgi(1),phoE(10),rpoB(1),tonB(19)
GCA_041902835.1	Klebsiella pneumoniae	klebsiella	1966	gapA(2),infB(1),mdh(2),pgi(1),phoE(10),rpoB(4),tonB(42)
GCA_041903255.1	Klebsiella pneumoniae	klebsiella	152	gapA(2),infB(3),mdh(2),pgi(1),phoE(1),rpoB(4),tonB(56)
GCA_041920775.1	Klebsiella pneumoniae	klebsiella	278	gapA(4),infB(1),mdh(1),pgi(1),phoE(12),rpoB(1),tonB(4)
GCA_041902985.1	Klebsiella pneumoniae	klebsiella	107	gapA(2),infB(1),mdh(2),pgi(17),phoE(27),rpoB(1),tonB(39)
GCA_041903065.1	Klebsiella pneumoniae	klebsiella	1629	gapA(2),infB(3),mdh(11),pgi(8),phoE(9),rpoB(5),tonB(10)
GCA_041903115.1	Klebsiella pneumoniae	klebsiella	66	gapA(2),infB(3),mdh(2),pgi(1),phoE(10),rpoB(1),tonB(13)
GCA_041903025.1	Klebsiella pneumoniae	klebsiella	252	gapA(2),infB(5),mdh(1),pgi(1),phoE(9),rpoB(1),tonB(6)
GCA_041920805.1	Klebsiella pneumoniae	klebsiella	35	gapA(2),infB(1),mdh(2),pgi(1),phoE(10),rpoB(1),tonB(19)
GCA_041903345.1	Klebsiella pneumoniae	klebsiella	86	gapA(9),infB(4),mdh(2),pgi(1),phoE(1),rpoB(1),tonB(27)
GCA_041902955.1	Klebsiella pneumoniae	klebsiella	107	gapA(2),infB(1),mdh(2),pgi(17),phoE(27),rpoB(1),tonB(39)
GCA_041903195.1	Klebsiella pneumoniae	klebsiella	485	gapA(2),infB(1),mdh(1),pgi(1),phoE(7),rpoB(1),tonB(12)
GCA_041903305.1	Klebsiella pneumoniae	klebsiella	441	gapA(4),infB(1),mdh(2),pgi(1),phoE(1),rpoB(7),tonB(23)
GCA_041902875.1	Klebsiella pneumoniae	klebsiella	251	gapA(2),infB(35),mdh(2),pgi(35),phoE(56),rpoB(4),tonB(19)
GCA_041903315.1	Klebsiella pneumoniae	klebsiella	3370	gapA(2),infB(1),mdh(2),pgi(14),phoE(9),rpoB(187),tonB(5)
GCA_041920735.1	Klebsiella pneumoniae	klebsiella	107	gapA(2),infB(1),mdh(2),pgi(17),phoE(27),rpoB(1),tonB(39)
GCA_041903415.1	Klebsiella pneumoniae	klebsiella	458	gapA(2),infB(1),mdh(2),pgi(2),phoE(10),rpoB(4),tonB(9)
GCA_041903295.1	Klebsiella pneumoniae	klebsiella	107	gapA(2),infB(1),mdh(2),pgi(17),phoE(27),rpoB(1),tonB(39)
GCA_041902905.1	Klebsiella pneumoniae	klebsiella	2113	gapA(2),infB(1),mdh(2),pgi(2),phoE(1),rpoB(10),tonB(43)
GCA_041903155.1	Klebsiella pneumoniae	klebsiella	1086	gapA(3),infB(1),mdh(2),pgi(1),phoE(3),rpoB(4),tonB(31)
GCA_041902485.1	Klebsiella pneumoniae	klebsiella	3586	gapA(2),infB(1),mdh(2),pgi(1),phoE(7),rpoB(195),tonB(7)
GCA_041902515.1	Klebsiella pneumoniae	klebsiella	23	gapA(2),infB(1),mdh(1),pgi(1),phoE(9),rpoB(4),tonB(12)
GCA_041920845.1	Klebsiella pneumoniae	klebsiella	551	gapA(3),infB(1),mdh(1),pgi(1),phoE(9),rpoB(4),tonB(135)
GCA_041903505.1	Klebsiella pneumoniae	klebsiella	1269	gapA(2),infB(1),mdh(2),pgi(1),phoE(7),rpoB(1),tonB(226)
GCA_041903325.1	Klebsiella pneumoniae	klebsiella	133	gapA(12),infB(1),mdh(1),pgi(2),phoE(5),rpoB(1),tonB(36)
GCA_041903185.1	Klebsiella pneumoniae	klebsiella	1307	gapA(2),infB(1),mdh(2),pgi(1),phoE(12),rpoB(1),tonB(38)
GCA_041903535.1	Klebsiella pneumoniae	klebsiella	2042	gapA(4),infB(1),mdh(2),pgi(4),phoE(10),rpoB(102),tonB(242)
GCA_041922515.1	Klebsiella pneumoniae	klebsiella	151	gapA(4),infB(1),mdh(32),pgi(1),phoE(7),rpoB(4),tonB(10)
GCA_041920725.1	Klebsiella pneumoniae	klebsiella	2042	gapA(4),infB(1),mdh(2),pgi(4),phoE(10),rpoB(102),tonB(242)
GCA_041902505.1	Klebsiella pneumoniae	klebsiella	133	gapA(12),infB(1),mdh(1),pgi(2),phoE(5),rpoB(1),tonB(36)
GCA_041903515.1	Klebsiella pneumoniae	klebsiella	3647	gapA(4),infB(1),mdh(1),pgi(1),phoE(7),rpoB(1),tonB(23)
GCA_041902885.1	Klebsiella pneumoniae	klebsiella	380	gapA(2),infB(1),mdh(1),pgi(1),phoE(1),rpoB(4),tonB(19)
GCA_041920835.1	Klebsiella pneumoniae	klebsiella	107	gapA(2),infB(1),mdh(2),pgi(17),phoE(27),rpoB(1),tonB(39)
GCA_041903015.1	Klebsiella pneumoniae	klebsiella	4244	gapA(2),infB(1),mdh(11),pgi(1),phoE(9),rpoB(10),tonB(4)
GCA_041902995.1	Klebsiella pneumoniae	klebsiella	359	gapA(10),infB(1),mdh(2),pgi(1),phoE(9),rpoB(27),tonB(6)
GCA_041920765.1	Klebsiella pneumoniae	klebsiella	3660	gapA(3),infB(1),mdh(258),pgi(34),phoE(63),rpoB(1),tonB(64)
GCA_041920855.1	Klebsiella pneumoniae	klebsiella	234	gapA(2),infB(1),mdh(2),pgi(1),phoE(7),rpoB(1),tonB(24)
GCA_041902965.1	Klebsiella pneumoniae	klebsiella	873	gapA(14),infB(1),mdh(2),pgi(1),phoE(7),rpoB(4),tonB(182)
GCA_041903145.1	Klebsiella pneumoniae	klebsiella	2931	gapA(2),infB(1),mdh(1),pgi(1),phoE(12),rpoB(4),tonB(4)
GCA_041920675.1	Klebsiella pneumoniae	klebsiella	101	gapA(2),infB(6),mdh(1),pgi(5),phoE(4),rpoB(1),tonB(6)
GCA_041903105.1	Klebsiella pneumoniae	klebsiella	997	gapA(4),infB(6),mdh(1),pgi(1),phoE(1),rpoB(28),tonB(34)
GCA_041902555.1	Klebsiella pneumoniae	klebsiella	107	gapA(2),infB(1),mdh(2),pgi(17),phoE(27),rpoB(1),tonB(39)
GCA_041903035.1	Klebsiella pneumoniae	klebsiella	4107	gapA(2),infB(1),mdh(2),pgi(1),phoE(2),rpoB(1),tonB(14)
GCA_041903445.1	Klebsiella pneumoniae	klebsiella	107	gapA(2),infB(1),mdh(2),pgi(17),phoE(27),rpoB(1),tonB(39)
GCA_041920625.1	Klebsiella pneumoniae	klebsiella	45	gapA(2),infB(1),mdh(1),pgi(6),phoE(7),rpoB(1),tonB(12)
GCA_041903245.1	Klebsiella pneumoniae	klebsiella	1426	gapA(3),infB(5),mdh(1),pgi(1),phoE(12),rpoB(4),tonB(46)
GCA_041903095.1	Klebsiella pneumoniae	klebsiella	4267	gapA(2),infB(1),mdh(5),pgi(1),phoE(7),rpoB(4),tonB(23)
GCA_041920875.1	Klebsiella pneumoniae	klebsiella	449	gapA(2),infB(1),mdh(2),pgi(1),phoE(10),rpoB(1),tonB(120)
GCA_041903205.1	Klebsiella pneumoniae	klebsiella	497	gapA(2),infB(1),mdh(5),pgi(1),phoE(9),rpoB(8),tonB(59)
GCA_041903545.1	Klebsiella pneumoniae	klebsiella	4380	gapA(2),infB(1),mdh(1),pgi(1),phoE(451),rpoB(4),tonB(12)
GCA_041903235.1	Klebsiella pneumoniae	klebsiella	4264	gapA(2),infB(1),mdh(322),pgi(1),phoE(1),rpoB(4),tonB(19)
GCA_041903265.1	Klebsiella pneumoniae	klebsiella	107	gapA(2),infB(1),mdh(2),pgi(17),phoE(27),rpoB(1),tonB(39)
GCA_041920755.1	Klebsiella pneumoniae	klebsiella	2158	gapA(4),infB(1),mdh(5),pgi(1),phoE(7),rpoB(1),tonB(24)
GCA_041920715.1	Klebsiella pneumoniae	klebsiella	107	gapA(2),infB(1),mdh(2),pgi(17),phoE(27),rpoB(1),tonB(39)
GCA_041903365.1	Klebsiella pneumoniae	klebsiella	25	gapA(2),infB(1),mdh(1),pgi(1),phoE(10),rpoB(4),tonB(13)
GCA_041920745.1	Klebsiella pneumoniae	klebsiella	4066	gapA(1),infB(6),mdh(310),pgi(1),phoE(1),rpoB(1),tonB(1)
GCA_041902765.1	Klebsiella pneumoniae	klebsiella	37	gapA(2),infB(9),mdh(2),pgi(1),phoE(13),rpoB(1),tonB(16)
GCA_041903075.1	Klebsiella pneumoniae	klebsiella	382	gapA(2),infB(1),mdh(3),pgi(1),phoE(1),rpoB(4),tonB(107)
GCA_041903485.1	Klebsiella pneumoniae	klebsiella	15	gapA(1),infB(1),mdh(1),pgi(1),phoE(1),rpoB(1),tonB(1)
GCA_041926515.1	Klebsiella pneumoniae	klebsiella	20	gapA(2),infB(3),mdh(1),pgi(1),phoE(4),rpoB(4),tonB(4)
GCA_041902525.1	Klebsiella pneumoniae	klebsiella	882	gapA(2),infB(1),mdh(1),pgi(37),phoE(1),rpoB(27),tonB(19)
GCA_041902785.1	Klebsiella pneumoniae	klebsiella	23	gapA(2),infB(1),mdh(1),pgi(1),phoE(9),rpoB(4),tonB(12)
GCA_041903355.1	Klebsiella pneumoniae	klebsiella	101	gapA(2),infB(6),mdh(1),pgi(5),phoE(4),rpoB(1),tonB(6)
GCA_041903455.1	Klebsiella pneumoniae	klebsiella	17	gapA(2),infB(1),mdh(1),pgi(1),phoE(4),rpoB(4),tonB(4)
GCA_041902975.1	Klebsiella pneumoniae	klebsiella	25	gapA(2),infB(1),mdh(1),pgi(1),phoE(10),rpoB(4),tonB(13)
GCA_041903285.1	Klebsiella pneumoniae	klebsiella	66	gapA(2),infB(3),mdh(2),pgi(1),phoE(10),rpoB(1),tonB(13)
GCA_041926495.1	Klebsiella pneumoniae	klebsiella	867	gapA(2),infB(1),mdh(99),pgi(6),phoE(1),rpoB(1),tonB(129)
GCA_041920865.1	Klebsiella pneumoniae	klebsiella	2039	gapA(2),infB(3),mdh(2),pgi(4),phoE(9),rpoB(4),tonB(13)
GCA_041902895.1	Klebsiella pneumoniae	klebsiella	-	gapA(2),infB(3),mdh(1),pgi(1),phoE(4),rpoB(4,4),tonB(4)
GCA_041902535.1	Klebsiella pneumoniae	klebsiella	14	gapA(1),infB(6),mdh(1),pgi(1),phoE(1),rpoB(1),tonB(1)
GCA_041920785.1	Klebsiella pneumoniae	klebsiella	4295	gapA(2),infB(6),mdh(1),pgi(3),phoE(10),rpoB(1),tonB(15)
GCA_041920655.1	Klebsiella pneumoniae	klebsiella	874	gapA(4),infB(1),mdh(1),pgi(1),phoE(7),rpoB(1),tonB(22)
GCA_041903125.1	Klebsiella pneumoniae	klebsiella	25	gapA(2),infB(1),mdh(1),pgi(1),phoE(10),rpoB(4),tonB(13)
GCA_041903525.1	Klebsiella pneumoniae	klebsiella	485	gapA(2),infB(1),mdh(1),pgi(1),phoE(7),rpoB(1),tonB(12)
GCA_041924745.1	Klebsiella pneumoniae	klebsiella	1496	gapA(2),infB(1),mdh(1),pgi(37),phoE(3),rpoB(4),tonB(64)
GCA_041926535.1	Klebsiella pneumoniae	klebsiella	584	gapA(4),infB(1),mdh(2),pgi(1),phoE(1),rpoB(7),tonB(4)
GCA_041920815.1	Klebsiella pneumoniae	klebsiella	3660	gapA(3),infB(1),mdh(258),pgi(34),phoE(63),rpoB(1),tonB(64)
GCA_041903375.1	Klebsiella pneumoniae	klebsiella	999	gapA(2),infB(1),mdh(2),pgi(1),phoE(10),rpoB(1),tonB(12)
GCA_041920665.1	Klebsiella pneumoniae	klebsiella	322	gapA(2),infB(1),mdh(5),pgi(1),phoE(26),rpoB(4),tonB(12)
GCA_041903175.1	Klebsiella pneumoniae	klebsiella	359	gapA(10),infB(1),mdh(2),pgi(1),phoE(9),rpoB(27),tonB(6)
GCA_041926135.1	Klebsiella pneumoniae	klebsiella	1145	gapA(2),infB(1),mdh(4),pgi(34),phoE(1),rpoB(1),tonB(2)
GCA_041920635.1	Klebsiella pneumoniae	klebsiella	25	gapA(2),infB(1),mdh(1),pgi(1),phoE(10),rpoB(4),tonB(13)
GCA_041926195.1	Klebsiella pneumoniae	klebsiella	1832	gapA(4),infB(1),mdh(1),pgi(1),phoE(101),rpoB(1),tonB(18)
GCA_041926155.1	Klebsiella pneumoniae	klebsiella	704	gapA(2),infB(1),mdh(1),pgi(1),phoE(9),rpoB(1),tonB(20)
GCA_041926185.1	Klebsiella pneumoniae	klebsiella	4652	gapA(3),infB(1),mdh(13),pgi(34),phoE(63),rpoB(1),tonB(6)
GCA_041926145.1	Klebsiella pneumoniae	klebsiella	23	gapA(2),infB(1),mdh(1),pgi(1),phoE(9),rpoB(4),tonB(12)
GCA_041926505.1	Klebsiella pneumoniae	klebsiella	1613	gapA(2),infB(3),mdh(2),pgi(1),phoE(9),rpoB(1),tonB(269)
GCA_041902775.1	Klebsiella pneumoniae	klebsiella	4289	gapA(2),infB(5),mdh(1),pgi(1),phoE(1),rpoB(1),tonB(373)
GCA_041920645.1	Klebsiella pneumoniae	klebsiella	45	gapA(2),infB(1),mdh(1),pgi(6),phoE(7),rpoB(1),tonB(12)
GCA_041920895.1	Klebsiella pneumoniae	klebsiella	4660	gapA(4),infB(199),mdh(2),pgi(4),phoE(10),rpoB(102),tonB(242)
GCA_041926205.1	Klebsiella pneumoniae	klebsiella	37	gapA(2),infB(9),mdh(2),pgi(1),phoE(13),rpoB(1),tonB(16)
GCA_041930545.1	Acinetobacter baumannii	abaumannii_2	150	Pas_cpn60(39),Pas_fusA(2),Pas_gltA(2),Pas_pyrG(2),Pas_recA(4),Pas_rplB(27),Pas_rpoB(4)
GCA_042140285.1	Acinetobacter baumannii	abaumannii_2	25	Pas_cpn60(3),Pas_fusA(3),Pas_gltA(2),Pas_pyrG(4),Pas_recA(7),Pas_rplB(2),Pas_rpoB(4)
GCA_042209675.2	Acinetobacter baumannii	abaumannii_2	2	Pas_cpn60(2),Pas_fusA(2),Pas_gltA(2),Pas_pyrG(2),Pas_recA(2),Pas_rplB(2),Pas_rpoB(2)
GCA_043006125.1	Acinetobacter baumannii	abaumannii_2	2	Pas_cpn60(2),Pas_fusA(2),Pas_gltA(2),Pas_pyrG(2),Pas_recA(2),Pas_rplB(2),Pas_rpoB(2)
GCA_043007235.1	Acinetobacter baumannii	abaumannii_2	2	Pas_cpn60(2),Pas_fusA(2),Pas_gltA(2),Pas_pyrG(2),Pas_recA(2),Pas_rplB(2),Pas_rpoB(2)
GCA_042209715.2	Acinetobacter baumannii	abaumannii_2	2	Pas_cpn60(2),Pas_fusA(2),Pas_gltA(2),Pas_pyrG(2),Pas_recA(2),Pas_rplB(2),Pas_rpoB(2)
GCA_041926695.1	Klebsiella pneumoniae	klebsiella	6488	gapA(3),infB(3),mdh(1),pgi(1),phoE(12),rpoB(4),tonB(135)
GCA_042209595.2	Acinetobacter baumannii	abaumannii_2	2	Pas_cpn60(2),Pas_fusA(2),Pas_gltA(2),Pas_pyrG(2),Pas_recA(2),Pas_rplB(2),Pas_rpoB(2)
GCA_042141555.1	Acinetobacter baumannii	abaumannii_2	499	Pas_cpn60(5),Pas_fusA(2),Pas_gltA(39),Pas_pyrG(2),Pas_recA(3),Pas_rplB(1),Pas_rpoB(5)
GCA_042144055.1	Acinetobacter baumannii	abaumannii_2	79	Pas_cpn60(26),Pas_fusA(2),Pas_gltA(2),Pas_pyrG(2),Pas_recA(29),Pas_rplB(4),Pas_rpoB(5)
GCA_042140485.1	Acinetobacter baumannii	abaumannii_2	499	Pas_cpn60(5),Pas_fusA(2),Pas_gltA(39),Pas_pyrG(2),Pas_recA(3),Pas_rplB(1),Pas_rpoB(5)
GCA_042151695.1	Acinetobacter baumannii	abaumannii_2	-	Pas_cpn60(3),Pas_fusA(4),Pas_gltA(2),Pas_pyrG(2),Pas_recA(7),Pas_rplB(1),Pas_rpoB(3)
GCA_041926735.1	Klebsiella pneumoniae	klebsiella	788	gapA(2),infB(4),mdh(2),pgi(1),phoE(7),rpoB(1),tonB(12)
GCA_041926715.1	Klebsiella pneumoniae	klebsiella	25	gapA(2),infB(1),mdh(1),pgi(1),phoE(10),rpoB(4),tonB(13)
GCA_041926765.1	Klebsiella pneumoniae	klebsiella	2791	gapA(3),infB(4),mdh(1),pgi(1),phoE(1),rpoB(5),tonB(91)
GCA_042141115.1	Acinetobacter baumannii	abaumannii_2	499	Pas_cpn60(5),Pas_fusA(2),Pas_gltA(39),Pas_pyrG(2),Pas_recA(3),Pas_rplB(1),Pas_rpoB(5)
GCA_041926705.1	Klebsiella pneumoniae	klebsiella	26	gapA(2),infB(1),mdh(1),pgi(1),phoE(9),rpoB(1),tonB(18)
GCA_042140495.1	Acinetobacter baumannii	abaumannii_2	499	Pas_cpn60(5),Pas_fusA(2),Pas_gltA(39),Pas_pyrG(2),Pas_recA(3),Pas_rplB(1),Pas_rpoB(5)
GCA_043038945.1	Acinetobacter baumannii	abaumannii_2	2	Pas_cpn60(2),Pas_fusA(2),Pas_gltA(2),Pas_pyrG(2),Pas_recA(2),Pas_rplB(2),Pas_rpoB(2)
GCA_042140525.1	Acinetobacter baumannii	abaumannii_2	2	Pas_cpn60(2),Pas_fusA(2),Pas_gltA(2),Pas_pyrG(2),Pas_recA(2),Pas_rplB(2),Pas_rpoB(2)
GCA_042143465.1	Acinetobacter baumannii	abaumannii_2	164	Pas_cpn60(40),Pas_fusA(3),Pas_gltA(7),Pas_pyrG(2),Pas_recA(40),Pas_rplB(4),Pas_rpoB(4)
GCA_042146535.1	Acinetobacter baumannii	abaumannii_2	229	Pas_cpn60(3),Pas_fusA(3),Pas_gltA(51),Pas_pyrG(2),Pas_recA(28),Pas_rplB(1),Pas_rpoB(3)
GCA_042153585.1	Acinetobacter baumannii	abaumannii_2	25	Pas_cpn60(3),Pas_fusA(3),Pas_gltA(2),Pas_pyrG(4),Pas_recA(7),Pas_rplB(2),Pas_rpoB(4)
GCA_042145845.1	Acinetobacter baumannii	abaumannii_2	195	Pas_cpn60(2),Pas_fusA(2),Pas_gltA(2),Pas_pyrG(2),Pas_recA(2),Pas_rplB(1),Pas_rpoB(2)
GCA_042140325.1	Acinetobacter baumannii	abaumannii_2	499	Pas_cpn60(5),Pas_fusA(2),Pas_gltA(39),Pas_pyrG(2),Pas_recA(3),Pas_rplB(1),Pas_rpoB(5)
GCA_042141315.1	Acinetobacter baumannii	abaumannii_2	499	Pas_cpn60(5),Pas_fusA(2),Pas_gltA(39),Pas_pyrG(2),Pas_recA(3),Pas_rplB(1),Pas_rpoB(5)
GCA_042165535.2	Klebsiella oxytoca	klebsiella	-	gapA(150),infB(126),mdh(-),pgi(~171),phoE(-),rpoB(~149),tonB(-)
GCA_042478285.1	Acinetobacter baumannii	abaumannii_2	150	Pas_cpn60(39),Pas_fusA(2),Pas_gltA(2),Pas_pyrG(2),Pas_recA(4),Pas_rplB(27),Pas_rpoB(4)
GCA_041926755.1	Klebsiella pneumoniae	klebsiella	5870	gapA(2),infB(3),mdh(1),pgi(388),phoE(4),rpoB(4),tonB(4)
GCA_042148545.1	Acinetobacter baumannii	abaumannii_2	79	Pas_cpn60(26),Pas_fusA(2),Pas_gltA(2),Pas_pyrG(2),Pas_recA(29),Pas_rplB(4),Pas_rpoB(5)
GCA_042152325.1	Acinetobacter baumannii	abaumannii_2	342	Pas_cpn60(41),Pas_fusA(60),Pas_gltA(13),Pas_pyrG(1),Pas_recA(5),Pas_rplB(4),Pas_rpoB(14)
GCA_041927285.1	Acinetobacter baumannii	abaumannii_2	79	Pas_cpn60(26),Pas_fusA(2),Pas_gltA(2),Pas_pyrG(2),Pas_recA(29),Pas_rplB(4),Pas_rpoB(5)
GCA_042149195.1	Acinetobacter baumannii	abaumannii_2	2	Pas_cpn60(2),Pas_fusA(2),Pas_gltA(2),Pas_pyrG(2),Pas_recA(2),Pas_rplB(2),Pas_rpoB(2)
GCA_041926675.1	Klebsiella pneumoniae	klebsiella	1362	gapA(2),infB(1),mdh(65),pgi(1),phoE(9),rpoB(11),tonB(2)
GCA_041926795.1	Klebsiella pneumoniae	klebsiella	163	gapA(2),infB(1),mdh(1),pgi(1),phoE(9),rpoB(1),tonB(12)
GCA_042142205.1	Acinetobacter baumannii	abaumannii_2	10	Pas_cpn60(1),Pas_fusA(3),Pas_gltA(2),Pas_pyrG(1),Pas_recA(4),Pas_rplB(4),Pas_rpoB(4)
GCA_042140585.1	Acinetobacter baumannii	abaumannii_2	636	Pas_cpn60(2),Pas_fusA(1),Pas_gltA(2),Pas_pyrG(2),Pas_recA(2),Pas_rplB(1),Pas_rpoB(1)
GCA_042147245.1	Acinetobacter baumannii	abaumannii_2	1	Pas_cpn60(1),Pas_fusA(1),Pas_gltA(1),Pas_pyrG(1),Pas_recA(5),Pas_rplB(1),Pas_rpoB(1)
GCA_042474915.1	Acinetobacter baumannii	abaumannii_2	152	Pas_cpn60(8),Pas_fusA(1),Pas_gltA(5),Pas_pyrG(3),Pas_recA(6),Pas_rplB(2),Pas_rpoB(3)
GCA_042140575.1	Acinetobacter baumannii	abaumannii_2	-	Pas_cpn60(1),Pas_fusA(1),Pas_gltA(1),Pas_pyrG(1),Pas_recA(5),Pas_rplB(1),Pas_rpoB(~1)
GCA_042147895.1	Acinetobacter baumannii	abaumannii_2	298	Pas_cpn60(1),Pas_fusA(2),Pas_gltA(2),Pas_pyrG(2),Pas_recA(29),Pas_rplB(4),Pas_rpoB(5)
GCA_042936575.1	Klebsiella pneumoniae	klebsiella	11	gapA(3),infB(3),mdh(1),pgi(1),phoE(1),rpoB(1),tonB(4)
GCA_041937495.1	Klebsiella pneumoniae	klebsiella	870	gapA(2),infB(6),mdh(1),pgi(1),phoE(147),rpoB(1),tonB(31)
GCA_042142835.1	Acinetobacter baumannii	abaumannii_2	25	Pas_cpn60(3),Pas_fusA(3),Pas_gltA(2),Pas_pyrG(4),Pas_recA(7),Pas_rplB(2),Pas_rpoB(4)
GCA_042149725.1	Acinetobacter baumannii	abaumannii_2	2	Pas_cpn60(2),Pas_fusA(2),Pas_gltA(2),Pas_pyrG(2),Pas_recA(2),Pas_rplB(2),Pas_rpoB(2)
GCA_042140455.1	Acinetobacter baumannii	abaumannii_2	-	Pas_cpn60(3),Pas_fusA(3),Pas_gltA(2),Pas_pyrG(277?),Pas_recA(7),Pas_rplB(2),Pas_rpoB(4)
GCA_042151085.1	Acinetobacter baumannii	abaumannii_2	32	Pas_cpn60(1),Pas_fusA(1),Pas_gltA(2),Pas_pyrG(2),Pas_recA(3),Pas_rplB(4),Pas_rpoB(4)
GCA_041927115.1	Klebsiella pneumoniae	klebsiella	4248	gapA(2),infB(1),mdh(2),pgi(1),phoE(1),rpoB(124),tonB(4)
GCA_041927065.1	Klebsiella pneumoniae	klebsiella	465	gapA(2),infB(3),mdh(2),pgi(2),phoE(9),rpoB(4),tonB(4)
GCA_041926785.1	Klebsiella pneumoniae	klebsiella	26	gapA(2),infB(1),mdh(1),pgi(1),phoE(9),rpoB(1),tonB(18)
GCA_041926885.1	Klebsiella pneumoniae	klebsiella	359	gapA(10),infB(1),mdh(2),pgi(1),phoE(9),rpoB(27),tonB(6)
GCA_041926665.1	Klebsiella pneumoniae	klebsiella	2039	gapA(2),infB(3),mdh(2),pgi(4),phoE(9),rpoB(4),tonB(13)
GCA_041926615.1	Klebsiella pneumoniae	klebsiella	45	gapA(2),infB(1),mdh(1),pgi(6),phoE(7),rpoB(1),tonB(12)
GCA_041926925.1	Klebsiella pneumoniae	klebsiella	26	gapA(2),infB(1),mdh(1),pgi(1),phoE(9),rpoB(1),tonB(18)
GCA_041926635.1	Klebsiella pneumoniae	klebsiella	1862	gapA(2),infB(1),mdh(167),pgi(1),phoE(1),rpoB(1),tonB(4)
GCA_041926945.1	Klebsiella pneumoniae	klebsiella	661	gapA(4),infB(3),mdh(1),pgi(36),phoE(9),rpoB(10),tonB(14)
GCA_041926655.1	Klebsiella pneumoniae	klebsiella	26	gapA(2),infB(1),mdh(1),pgi(1),phoE(9),rpoB(1),tonB(18)
GCA_041926835.1	Klebsiella pneumoniae	klebsiella	2552	gapA(2),infB(3),mdh(1),pgi(6),phoE(12),rpoB(1),tonB(12)
GCA_041927095.1	Klebsiella pneumoniae	klebsiella	1432	gapA(2),infB(1),mdh(1),pgi(18),phoE(1),rpoB(4),tonB(235)
GCA_041926565.1	Klebsiella pneumoniae	klebsiella	34	gapA(2),infB(3),mdh(6),pgi(1),phoE(9),rpoB(7),tonB(4)
GCA_041927205.1	Klebsiella pneumoniae	klebsiella	17	gapA(2),infB(1),mdh(1),pgi(1),phoE(4),rpoB(4),tonB(4)
GCA_041927195.1	Klebsiella pneumoniae	klebsiella	4640	gapA(2),infB(1),mdh(5),pgi(1),phoE(48),rpoB(1),tonB(2)
GCA_041926895.1	Klebsiella pneumoniae	klebsiella	2042	gapA(4),infB(1),mdh(2),pgi(4),phoE(10),rpoB(102),tonB(242)
GCA_041927165.1	Klebsiella pneumoniae	klebsiella	152	gapA(2),infB(3),mdh(2),pgi(1),phoE(1),rpoB(4),tonB(56)
GCA_041927105.1	Klebsiella pneumoniae	klebsiella	29	gapA(2),infB(3),mdh(2),pgi(2),phoE(6),rpoB(4),tonB(4)
GCA_041926985.1	Klebsiella pneumoniae	klebsiella	277	gapA(3),infB(1),mdh(1),pgi(1),phoE(1),rpoB(1),tonB(43)
GCA_041926995.1	Klebsiella pneumoniae	klebsiella	515	gapA(2),infB(1),mdh(1),pgi(1),phoE(1),rpoB(1),tonB(4)
GCA_041926905.1	Klebsiella pneumoniae	klebsiella	4007	gapA(2),infB(1),mdh(1),pgi(1),phoE(12),rpoB(6),tonB(68)
GCA_041927155.1	Klebsiella pneumoniae	klebsiella	1189	gapA(3),infB(5),mdh(95),pgi(1),phoE(16),rpoB(1),tonB(12)
GCA_041926865.1	Klebsiella pneumoniae	klebsiella	461	gapA(3),infB(1),mdh(13),pgi(34),phoE(63),rpoB(1),tonB(64)
GCA_041926825.1	Klebsiella pneumoniae	klebsiella	258	gapA(3),infB(3),mdh(1),pgi(1),phoE(1),rpoB(1),tonB(79)
GCA_041927035.1	Klebsiella pneumoniae	klebsiella	11	gapA(3),infB(3),mdh(1),pgi(1),phoE(1),rpoB(1),tonB(4)
GCA_041926965.1	Klebsiella pneumoniae	klebsiella	466	gapA(2),infB(1),mdh(2),pgi(1),phoE(10),rpoB(50),tonB(120)
GCA_041926915.1	Klebsiella pneumoniae	klebsiella	20	gapA(2),infB(3),mdh(1),pgi(1),phoE(4),rpoB(4),tonB(4)
GCA_041927125.1	Klebsiella pneumoniae	klebsiella	253	gapA(2),infB(1),mdh(1),pgi(1),phoE(9),rpoB(1),tonB(13)
GCA_041926575.1	Klebsiella pneumoniae	klebsiella	1799	gapA(2),infB(1),mdh(1),pgi(1),phoE(3),rpoB(1),tonB(34)
GCA_041926845.1	Klebsiella pneumoniae	klebsiella	515	gapA(2),infB(1),mdh(1),pgi(1),phoE(1),rpoB(1),tonB(4)
GCA_041927055.1	Klebsiella pneumoniae	klebsiella	485	gapA(2),infB(1),mdh(1),pgi(1),phoE(7),rpoB(1),tonB(12)
GCA_042165495.2	Klebsiella pneumoniae	klebsiella	147	gapA(3),infB(4),mdh(6),pgi(1),phoE(7),rpoB(4),tonB(38)
GCA_041926805.1	Klebsiella pneumoniae	klebsiella	110	gapA(2),infB(6),mdh(1),pgi(3),phoE(8),rpoB(1),tonB(44)
GCA_041926555.1	Klebsiella pneumoniae	klebsiella	2791	gapA(3),infB(4),mdh(1),pgi(1),phoE(1),rpoB(5),tonB(91)
GCA_041926585.1	Klebsiella pneumoniae	klebsiella	4255	gapA(2),infB(1),mdh(2),pgi(1),phoE(9),rpoB(1),tonB(12)
GCA_041927145.1	Klebsiella pneumoniae	klebsiella	4649	gapA(251),infB(1),mdh(5),pgi(2),phoE(7),rpoB(4),tonB(4)
GCA_041927045.1	Klebsiella pneumoniae	klebsiella	26	gapA(2),infB(1),mdh(1),pgi(1),phoE(9),rpoB(1),tonB(18)
GCA_042166255.2	Klebsiella pneumoniae	klebsiella	13	gapA(2),infB(3),mdh(1),pgi(1),phoE(10),rpoB(1),tonB(19)
GCA_042709395.2	Klebsiella pneumoniae	klebsiella	307	gapA(4),infB(1),mdh(2),pgi(52),phoE(1),rpoB(1),tonB(7)
GCA_041926975.1	Klebsiella pneumoniae	klebsiella	35	gapA(2),infB(1),mdh(2),pgi(1),phoE(10),rpoB(1),tonB(19)
GCA_041926955.1	Klebsiella pneumoniae	klebsiella	240	gapA(2),infB(1),mdh(1),pgi(1),phoE(17),rpoB(1),tonB(18)
GCA_041926855.1	Klebsiella pneumoniae	klebsiella	34	gapA(2),infB(3),mdh(6),pgi(1),phoE(9),rpoB(7),tonB(4)
GCA_041926625.1	Klebsiella pneumoniae	klebsiella	20	gapA(2),infB(3),mdh(1),pgi(1),phoE(4),rpoB(4),tonB(4)
GCA_041926815.1	Klebsiella pneumoniae	klebsiella	397	gapA(2),infB(1),mdh(1),pgi(1),phoE(21),rpoB(44),tonB(9)
GCA_041926775.1	Klebsiella pneumoniae	klebsiella	261	gapA(2),infB(1),mdh(1),pgi(1),phoE(4),rpoB(27),tonB(12)
GCA_042160655.1	Klebsiella pneumoniae	klebsiella	-	gapA(294),infB(1),mdh(1),pgi(1),phoE(9),rpoB(4),tonB(12)
GCA_042165475.2	Klebsiella pneumoniae	klebsiella	-	gapA(2),infB(1),mdh(2),pgi(1),phoE(4),rpoB(~104),tonB(4)
GCA_041926645.1	Klebsiella pneumoniae	klebsiella	3041	gapA(2),infB(1),mdh(1),pgi(1),phoE(9),rpoB(1),tonB(89)
GCA_041927135.1	Klebsiella pneumoniae	klebsiella	4379	gapA(2),infB(1),mdh(1),pgi(1),phoE(17),rpoB(1),tonB(12)
GCA_041926545.1	Klebsiella pneumoniae	klebsiella	461	gapA(3),infB(1),mdh(13),pgi(34),phoE(63),rpoB(1),tonB(64)
GCA_041926605.1	Klebsiella pneumoniae	klebsiella	26	gapA(2),infB(1),mdh(1),pgi(1),phoE(9),rpoB(1),tonB(18)
GCA_041927075.1	Klebsiella pneumoniae	klebsiella	4253	gapA(2),infB(1),mdh(2),pgi(1),phoE(7),rpoB(1),tonB(611)
GCA_042443095.2	Klebsiella pneumoniae	klebsiella	147	gapA(3),infB(4),mdh(6),pgi(1),phoE(7),rpoB(4),tonB(38)
GCA_045182155.1	Acinetobacter baumannii	abaumannii_2	132	Pas_cpn60(3),Pas_fusA(5),Pas_gltA(5),Pas_pyrG(1),Pas_recA(7),Pas_rplB(1),Pas_rpoB(4)
GCA_046097195.1	Acinetobacter baumannii	abaumannii_2	1	Pas_cpn60(1),Pas_fusA(1),Pas_gltA(1),Pas_pyrG(1),Pas_recA(5),Pas_rplB(1),Pas_rpoB(1)
GCA_059696525.1	Acinetobacter baumannii	abaumannii_2	2	Pas_cpn60(2),Pas_fusA(2),Pas_gltA(2),Pas_pyrG(2),Pas_recA(2),Pas_rplB(2),Pas_rpoB(2)
GCA_043040285.1	Acinetobacter baumannii	abaumannii_2	2	Pas_cpn60(2),Pas_fusA(2),Pas_gltA(2),Pas_pyrG(2),Pas_recA(2),Pas_rplB(2),Pas_rpoB(2)
GCA_900478145.1	Acinetobacter baumannii	abaumannii_2	1	Pas_cpn60(1),Pas_fusA(1),Pas_gltA(1),Pas_pyrG(1),Pas_recA(5),Pas_rplB(1),Pas_rpoB(1)
GCA_059738855.1	Acinetobacter baumannii	abaumannii_2	2	Pas_cpn60(2),Pas_fusA(2),Pas_gltA(2),Pas_pyrG(2),Pas_recA(2),Pas_rplB(2),Pas_rpoB(2)
GCA_043571745.1	Acinetobacter baumannii	abaumannii_2	2	Pas_cpn60(2),Pas_fusA(2),Pas_gltA(2),Pas_pyrG(2),Pas_recA(2),Pas_rplB(2),Pas_rpoB(2)
GCA_045689335.1	Acinetobacter baumannii	abaumannii_2	2	Pas_cpn60(2),Pas_fusA(2),Pas_gltA(2),Pas_pyrG(2),Pas_recA(2),Pas_rplB(2),Pas_rpoB(2)
GCA_043056065.1	Acinetobacter baumannii	abaumannii_2	2	Pas_cpn60(2),Pas_fusA(2),Pas_gltA(2),Pas_pyrG(2),Pas_recA(2),Pas_rplB(2),Pas_rpoB(2)
GCA_043041525.1	Acinetobacter baumannii	abaumannii_2	2	Pas_cpn60(2),Pas_fusA(2),Pas_gltA(2),Pas_pyrG(2),Pas_recA(2),Pas_rplB(2),Pas_rpoB(2)
GCA_045801215.1	Klebsiella pneumoniae	klebsiella	198	gapA(25),infB(33),mdh(1),pgi(26),phoE(7),rpoB(1),tonB(56)
GCA_046097185.1	Acinetobacter baumannii	abaumannii_2	2	Pas_cpn60(2),Pas_fusA(2),Pas_gltA(2),Pas_pyrG(2),Pas_recA(2),Pas_rplB(2),Pas_rpoB(2)
GCA_043572945.1	Acinetobacter baumannii	abaumannii_2	-	Pas_cpn60(1),Pas_fusA(2),Pas_gltA(2),Pas_pyrG(1),Pas_recA(11),Pas_rplB(2),Pas_rpoB(4)
GCA_055386835.1	Acinetobacter baumannii	abaumannii_2	1	Pas_cpn60(1),Pas_fusA(1),Pas_gltA(1),Pas_pyrG(1),Pas_recA(5),Pas_rplB(1),Pas_rpoB(1)
GCA_046097165.1	Acinetobacter baumannii	abaumannii_2	2	Pas_cpn60(2),Pas_fusA(2),Pas_gltA(2),Pas_pyrG(2),Pas_recA(2),Pas_rplB(2),Pas_rpoB(2)
GCA_045278675.1	Acinetobacter baumannii	abaumannii_2	2	Pas_cpn60(2),Pas_fusA(2),Pas_gltA(2),Pas_pyrG(2),Pas_recA(2),Pas_rplB(2),Pas_rpoB(2)
GCA_043042805.1	Acinetobacter baumannii	abaumannii_2	1	Pas_cpn60(1),Pas_fusA(1),Pas_gltA(1),Pas_pyrG(1),Pas_recA(5),Pas_rplB(1),Pas_rpoB(1)
GCA_045689365.1	Acinetobacter baumannii	abaumannii_2	2	Pas_cpn60(2),Pas_fusA(2),Pas_gltA(2),Pas_pyrG(2),Pas_recA(2),Pas_rplB(2),Pas_rpoB(2)
GCA_043950125.1	Acinetobacter baumannii	abaumannii_2	2	Pas_cpn60(2),Pas_fusA(2),Pas_gltA(2),Pas_pyrG(2),Pas_recA(2),Pas_rplB(2),Pas_rpoB(2)
GCA_045278635.1	Acinetobacter baumannii	abaumannii_2	2	Pas_cpn60(2),Pas_fusA(2),Pas_gltA(2),Pas_pyrG(2),Pas_recA(2),Pas_rplB(2),Pas_rpoB(2)
GCA_043040895.1	Acinetobacter baumannii	abaumannii_2	10	Pas_cpn60(1),Pas_fusA(3),Pas_gltA(2),Pas_pyrG(1),Pas_recA(4),Pas_rplB(4),Pas_rpoB(4)
GCA_045278665.1	Acinetobacter baumannii	abaumannii_2	2	Pas_cpn60(2),Pas_fusA(2),Pas_gltA(2),Pas_pyrG(2),Pas_recA(2),Pas_rplB(2),Pas_rpoB(2)
GCA_043045365.1	Acinetobacter baumannii	abaumannii_2	2	Pas_cpn60(2),Pas_fusA(2),Pas_gltA(2),Pas_pyrG(2),Pas_recA(2),Pas_rplB(2),Pas_rpoB(2)
GCA_902649495.1	Klebsiella pneumoniae	klebsiella	11	gapA(3),infB(3),mdh(1),pgi(1),phoE(1),rpoB(1),tonB(4)
GCA_043572315.1	Acinetobacter baumannii	abaumannii_2	-	Pas_cpn60(1),Pas_fusA(2),Pas_gltA(2),Pas_pyrG(1),Pas_recA(11),Pas_rplB(2),Pas_rpoB(4)
GCA_045278645.1	Acinetobacter baumannii	abaumannii_2	2	Pas_cpn60(2),Pas_fusA(2),Pas_gltA(2),Pas_pyrG(2),Pas_recA(2),Pas_rplB(2),Pas_rpoB(2)
GCA_046097175.1	Acinetobacter baumannii	abaumannii_2	2	Pas_cpn60(2),Pas_fusA(2),Pas_gltA(2),Pas_pyrG(2),Pas_recA(2),Pas_rplB(2),Pas_rpoB(2)
GCA_043043455.1	Acinetobacter baumannii	abaumannii_2	104	Pas_cpn60(2),Pas_fusA(2),Pas_gltA(2),Pas_pyrG(2),Pas_recA(2),Pas_rplB(2),Pas_rpoB(14)
GCA_902649775.1	Klebsiella pneumoniae	klebsiella	11	gapA(3),infB(3),mdh(1),pgi(1),phoE(1),rpoB(1),tonB(4)
GCA_043053445.1	Acinetobacter baumannii	abaumannii_2	2	Pas_cpn60(2),Pas_fusA(2),Pas_gltA(2),Pas_pyrG(2),Pas_recA(2),Pas_rplB(2),Pas_rpoB(2)
GCA_043950525.1	Klebsiella pneumoniae	klebsiella	-	gapA(2),infB(3),mdh(2),pgi(2),phoE(48),rpoB(4),tonB(854?)
GCA_045678795.1	Acinetobacter baumannii	abaumannii_2	2	Pas_cpn60(2),Pas_fusA(2),Pas_gltA(2),Pas_pyrG(2),Pas_recA(2),Pas_rplB(2),Pas_rpoB(2)
GCA_045278695.1	Acinetobacter baumannii	abaumannii_2	756	Pas_cpn60(12),Pas_fusA(1),Pas_gltA(7),Pas_pyrG(1),Pas_recA(7),Pas_rplB(2),Pas_rpoB(29)
GCA_045345925.1	Acinetobacter baumannii	abaumannii_2	-	Pas_cpn60(3),Pas_fusA(37),Pas_gltA(2),Pas_pyrG(2),Pas_recA(11),Pas_rplB(57),Pas_rpoB(4)
GCA_902650055.1	Klebsiella pneumoniae	klebsiella	11	gapA(3),infB(3),mdh(1),pgi(1),phoE(1),rpoB(1),tonB(4)
GCA_043950435.1	Klebsiella pneumoniae	klebsiella	-	gapA(2),infB(61),mdh(2),pgi(~2),phoE(6),rpoB(4),tonB(4)
GCA_043049525.1	Acinetobacter baumannii	abaumannii_2	2	Pas_cpn60(2),Pas_fusA(2),Pas_gltA(2),Pas_pyrG(2),Pas_recA(2),Pas_rplB(2),Pas_rpoB(2)
GCA_045819075.1	Klebsiella quasipneumoniae	klebsiella	4549	gapA(17),infB(19),mdh(336),pgi(39),phoE(35),rpoB(21),tonB(142)
GCA_043046865.1	Acinetobacter baumannii	abaumannii_2	2	Pas_cpn60(2),Pas_fusA(2),Pas_gltA(2),Pas_pyrG(2),Pas_recA(2),Pas_rplB(2),Pas_rpoB(2)
GCA_043048875.1	Acinetobacter baumannii	abaumannii_2	2	Pas_cpn60(2),Pas_fusA(2),Pas_gltA(2),Pas_pyrG(2),Pas_recA(2),Pas_rplB(2),Pas_rpoB(2)
GCA_043047475.1	Acinetobacter baumannii	abaumannii_2	2	Pas_cpn60(2),Pas_fusA(2),Pas_gltA(2),Pas_pyrG(2),Pas_recA(2),Pas_rplB(2),Pas_rpoB(2)
GCA_043052795.1	Acinetobacter baumannii	abaumannii_2	215	Pas_cpn60(27),Pas_fusA(2),Pas_gltA(7),Pas_pyrG(2),Pas_recA(2),Pas_rplB(1),Pas_rpoB(2)
GCA_043050845.1	Acinetobacter baumannii	abaumannii_2	990	Pas_cpn60(3),Pas_fusA(2),Pas_gltA(2),Pas_pyrG(2),Pas_recA(3),Pas_rplB(2),Pas_rpoB(2)
GCA_902650105.1	Klebsiella pneumoniae	klebsiella	11	gapA(3),infB(3),mdh(1),pgi(1),phoE(1),rpoB(1),tonB(4)
GCA_045037785.1	Acinetobacter baumannii	abaumannii_2	10	Pas_cpn60(1),Pas_fusA(3),Pas_gltA(2),Pas_pyrG(1),Pas_recA(4),Pas_rplB(4),Pas_rpoB(4)
GCA_045801175.1	Klebsiella pneumoniae	klebsiella	66	gapA(2),infB(3),mdh(2),pgi(1),phoE(10),rpoB(1),tonB(13)
GCA_043055495.1	Acinetobacter baumannii	abaumannii_2	2	Pas_cpn60(2),Pas_fusA(2),Pas_gltA(2),Pas_pyrG(2),Pas_recA(2),Pas_rplB(2),Pas_rpoB(2)
GCA_902649685.1	Klebsiella pneumoniae	klebsiella	11	gapA(3),infB(3),mdh(1),pgi(1),phoE(1),rpoB(1),tonB(4)
GCA_045801225.1	Klebsiella pneumoniae	klebsiella	198	gapA(25),infB(33),mdh(1),pgi(26),phoE(7),rpoB(1),tonB(56)
GCA_043054745.1	Acinetobacter baumannii	abaumannii_2	2	Pas_cpn60(2),Pas_fusA(2),Pas_gltA(2),Pas_pyrG(2),Pas_recA(2),Pas_rplB(2),Pas_rpoB(2)
GCA_043044125.1	Acinetobacter baumannii	abaumannii_2	719	Pas_cpn60(3),Pas_fusA(2),Pas_gltA(2),Pas_pyrG(2),Pas_recA(3),Pas_rplB(2),Pas_rpoB(4)
GCA_044232175.1	Acinetobacter baumannii	abaumannii_2	2	Pas_cpn60(2),Pas_fusA(2),Pas_gltA(2),Pas_pyrG(2),Pas_recA(2),Pas_rplB(2),Pas_rpoB(2)
GCA_044161085.1	Klebsiella pneumoniae	klebsiella	-	gapA(~4),infB(~6),mdh(384),pgi(3),phoE(~12),rpoB(1),tonB(1096?)
GCA_046097205.1	Acinetobacter baumannii	abaumannii_2	2	Pas_cpn60(2),Pas_fusA(2),Pas_gltA(2),Pas_pyrG(2),Pas_recA(2),Pas_rplB(2),Pas_rpoB(2)
GCA_901421915.1	Klebsiella variicola	klebsiella	-	gapA(16),infB(18),mdh(84),pgi(78),phoE(390?),rpoB(84),tonB(-)
GCA_043054075.1	Acinetobacter baumannii	abaumannii_2	2	Pas_cpn60(2),Pas_fusA(2),Pas_gltA(2),Pas_pyrG(2),Pas_recA(2),Pas_rplB(2),Pas_rpoB(2)
GCA_902650075.1	Klebsiella pneumoniae	klebsiella	11	gapA(3),infB(3),mdh(1),pgi(1),phoE(1),rpoB(1),tonB(4)
GCA_043451925.1	Acinetobacter baumannii	abaumannii_2	40	Pas_cpn60(1),Pas_fusA(2),Pas_gltA(2),Pas_pyrG(2),Pas_recA(5),Pas_rplB(1),Pas_rpoB(14)
GCA_043056915.1	Acinetobacter baumannii	abaumannii_2	40	Pas_cpn60(1),Pas_fusA(2),Pas_gltA(2),Pas_pyrG(2),Pas_recA(5),Pas_rplB(1),Pas_rpoB(14)
GCA_045278655.1	Acinetobacter baumannii	abaumannii_2	2	Pas_cpn60(2),Pas_fusA(2),Pas_gltA(2),Pas_pyrG(2),Pas_recA(2),Pas_rplB(2),Pas_rpoB(2)
GCA_905232575.2	Klebsiella pneumoniae	klebsiella	485	gapA(2),infB(1),mdh(1),pgi(1),phoE(7),rpoB(1),tonB(12)
GCA_043051495.1	Acinetobacter baumannii	abaumannii_2	2	Pas_cpn60(2),Pas_fusA(2),Pas_gltA(2),Pas_pyrG(2),Pas_recA(2),Pas_rplB(2),Pas_rpoB(2)
GCA_043048185.1	Acinetobacter baumannii	abaumannii_2	239	Pas_cpn60(1),Pas_fusA(4),Pas_gltA(2),Pas_pyrG(2),Pas_recA(7),Pas_rplB(1),Pas_rpoB(4)
GCA_043052145.1	Acinetobacter baumannii	abaumannii_2	108	Pas_cpn60(35),Pas_fusA(1),Pas_gltA(11),Pas_pyrG(7),Pas_recA(9),Pas_rplB(25),Pas_rpoB(2)
GCA_904866185.1	Klebsiella pneumoniae	klebsiella	601	gapA(16),infB(24),mdh(21),pgi(53),phoE(47),rpoB(22),tonB(73)
GCA_045278625.1	Acinetobacter baumannii	abaumannii_2	10	Pas_cpn60(1),Pas_fusA(3),Pas_gltA(2),Pas_pyrG(1),Pas_recA(4),Pas_rplB(4),Pas_rpoB(4)
GCA_043046095.1	Acinetobacter baumannii	abaumannii_2	23	Pas_cpn60(1),Pas_fusA(3),Pas_gltA(10),Pas_pyrG(1),Pas_recA(4),Pas_rplB(4),Pas_rpoB(4)
GCA_043050195.1	Acinetobacter baumannii	abaumannii_2	2	Pas_cpn60(2),Pas_fusA(2),Pas_gltA(2),Pas_pyrG(2),Pas_recA(2),Pas_rplB(2),Pas_rpoB(2)
GCA_905231945.2	Klebsiella pneumoniae	klebsiella	567	gapA(2),infB(1),mdh(77),pgi(1),phoE(17),rpoB(4),tonB(42)
GCA_043044755.1	Acinetobacter baumannii	abaumannii_2	2	Pas_cpn60(2),Pas_fusA(2),Pas_gltA(2),Pas_pyrG(2),Pas_recA(2),Pas_rplB(2),Pas_rpoB(2)
GCA_043039655.1	Acinetobacter baumannii	abaumannii_2	2	Pas_cpn60(2),Pas_fusA(2),Pas_gltA(2),Pas_pyrG(2),Pas_recA(2),Pas_rplB(2),Pas_rpoB(2)
GCA_905329825.2	Klebsiella pneumoniae	klebsiella	1189	gapA(3),infB(5),mdh(95),pgi(1),phoE(16),rpoB(1),tonB(12)
GCA_045256945.1	Acinetobacter baumannii	abaumannii_2	2	Pas_cpn60(2),Pas_fusA(2),Pas_gltA(2),Pas_pyrG(2),Pas_recA(2),Pas_rplB(2),Pas_rpoB(2)
GCA_905329645.2	Klebsiella pneumoniae	klebsiella	628	gapA(2),infB(60),mdh(11),pgi(1),phoE(4),rpoB(8),tonB(24)
GCA_043042175.1	Acinetobacter baumannii	abaumannii_2	2	Pas_cpn60(2),Pas_fusA(2),Pas_gltA(2),Pas_pyrG(2),Pas_recA(2),Pas_rplB(2),Pas_rpoB(2)
GCA_045278855.1	Acinetobacter baumannii	abaumannii_2	2	Pas_cpn60(2),Pas_fusA(2),Pas_gltA(2),Pas_pyrG(2),Pas_recA(2),Pas_rplB(2),Pas_rpoB(2)
GCA_905217845.2	Klebsiella pneumoniae	klebsiella	219	gapA(2),infB(1),mdh(2),pgi(3),phoE(27),rpoB(1),tonB(39)
GCA_905330165.2	Klebsiella pneumoniae	klebsiella	198	gapA(25),infB(33),mdh(1),pgi(26),phoE(7),rpoB(1),tonB(56)
GCA_905232085.2	Klebsiella pneumoniae	klebsiella	14	gapA(1),infB(6),mdh(1),pgi(1),phoE(1),rpoB(1),tonB(1)
GCA_905219155.2	Klebsiella pneumoniae	klebsiella	459	gapA(2),infB(3),mdh(6),pgi(1),phoE(9),rpoB(7),tonB(2)
GCA_905219225.2	Klebsiella pneumoniae	klebsiella	678	gapA(2),infB(3),mdh(1),pgi(1),phoE(109),rpoB(56),tonB(18)
GCA_905330085.2	Klebsiella pneumoniae	klebsiella	1401	gapA(2),infB(1),mdh(1),pgi(1),phoE(9),rpoB(1),tonB(4)
GCA_904863155.1	Klebsiella pneumoniae	klebsiella	3076	gapA(16),infB(18),mdh(21),pgi(27),phoE(155),rpoB(22),tonB(417)
GCA_904864575.1	Klebsiella pneumoniae	klebsiella	3092	gapA(18),infB(22),mdh(18),pgi(16),phoE(115),rpoB(13),tonB(192)
GCA_905329895.2	Klebsiella oxytoca	klebsiella	-	gapA(~147),infB(126?),mdh(-),pgi(-),phoE(-),rpoB(~276),tonB(-)
GCA_904866545.1	Klebsiella pneumoniae	klebsiella	681	gapA(16),infB(24),mdh(60),pgi(33),phoE(83),rpoB(40),tonB(67)
GCA_045801195.1	Klebsiella pneumoniae	klebsiella	66	gapA(2),infB(3),mdh(2),pgi(1),phoE(10),rpoB(1),tonB(13)
GCA_904865665.1	Klebsiella pneumoniae	klebsiella	323	gapA(2),infB(1),mdh(1),pgi(1),phoE(9),rpoB(1),tonB(93)
GCA_045801185.1	Klebsiella pneumoniae	klebsiella	66	gapA(2),infB(3),mdh(2),pgi(1),phoE(10),rpoB(1),tonB(13)
GCA_904864485.1	Klebsiella pneumoniae	klebsiella	323	gapA(2),infB(1),mdh(1),pgi(1),phoE(9),rpoB(1),tonB(93)
GCA_904863415.1	Klebsiella pneumoniae	klebsiella	681	gapA(16),infB(24),mdh(60),pgi(33),phoE(83),rpoB(40),tonB(67)
GCA_904866515.1	Klebsiella pneumoniae	klebsiella	641	gapA(16),infB(18),mdh(21),pgi(27),phoE(39),rpoB(22),tonB(67)
GCA_904863065.1	Klebsiella pneumoniae	klebsiella	386	gapA(16),infB(18),mdh(43),pgi(31),phoE(42),rpoB(22),tonB(45)
GCA_904865705.1	Klebsiella pneumoniae	klebsiella	925	gapA(16),infB(18),mdh(21),pgi(27),phoE(153),rpoB(40),tonB(85)
GCA_904865775.1	Klebsiella pneumoniae	klebsiella	925	gapA(16),infB(18),mdh(21),pgi(27),phoE(153),rpoB(40),tonB(85)
GCA_904864455.1	Klebsiella pneumoniae	klebsiella	347	gapA(16),infB(24),mdh(21),pgi(27),phoE(47),rpoB(22),tonB(67)
GCA_905232445.2	Klebsiella oxytoca	klebsiella	-	gapA(~147),infB(126?),mdh(-),pgi(-),phoE(-),rpoB(~276),tonB(-)
GCA_904864495.1	Klebsiella pneumoniae	klebsiella	925	gapA(16),infB(18),mdh(21),pgi(27),phoE(153),rpoB(40),tonB(85)
GCA_904866265.1	Klebsiella pneumoniae	klebsiella	925	gapA(16),infB(18),mdh(21),pgi(27),phoE(153),rpoB(40),tonB(85)
GCA_904866525.1	Klebsiella pneumoniae	klebsiella	3095	gapA(29),infB(24),mdh(46),pgi(27),phoE(320),rpoB(22),tonB(341)
GCA_964262335.1	Klebsiella pneumoniae	klebsiella	-	gapA(-),infB(-),mdh(-),pgi(-),phoE(-),rpoB(-),tonB(-)
GCA_964262475.1	Klebsiella pneumoniae	klebsiella	-	gapA(-),infB(-),mdh(-),pgi(-),phoE(-),rpoB(-),tonB(-)
GCA_963924215.1	Klebsiella pneumoniae	klebsiella	-	gapA(-),infB(-),mdh(-),pgi(-),phoE(-),rpoB(-),tonB(-)
GCA_964262145.1	Klebsiella pneumoniae	klebsiella	-	gapA(-),infB(-),mdh(-),pgi(-),phoE(-),rpoB(-),tonB(-)
GCA_964262465.1	Klebsiella pneumoniae	klebsiella	-	gapA(-),infB(-),mdh(-),pgi(-),phoE(-),rpoB(-),tonB(-)
GCA_963924225.1	Klebsiella pneumoniae	klebsiella	-	gapA(-),infB(-),mdh(-),pgi(-),phoE(-),rpoB(-),tonB(-)
GCA_964262115.1	Klebsiella pneumoniae	klebsiella	-	gapA(-),infB(-),mdh(-),pgi(-),phoE(-),rpoB(-),tonB(-)
GCA_964262355.1	Klebsiella oxytoca	klebsiella	-	gapA(-),infB(-),mdh(-),pgi(-),phoE(-),rpoB(-),tonB(-)
GCA_963924235.1	Klebsiella pneumoniae	klebsiella	-	gapA(-),infB(-),mdh(-),pgi(-),phoE(-),rpoB(-),tonB(-)
GCA_964262165.1	Klebsiella pneumoniae	klebsiella	-	gapA(-),infB(-),mdh(-),pgi(-),phoE(-),rpoB(-),tonB(-)
GCA_964262575.1	Klebsiella pneumoniae	klebsiella	-	gapA(-),infB(-),mdh(-),pgi(-),phoE(-),rpoB(-),tonB(-)
GCA_964262595.1	Klebsiella pneumoniae	klebsiella	-	gapA(-),infB(-),mdh(-),pgi(-),phoE(-),rpoB(-),tonB(-)
GCA_964261985.1	Klebsiella pneumoniae	klebsiella	-	gapA(-),infB(-),mdh(-),pgi(-),phoE(-),rpoB(-),tonB(-)
GCA_964262785.1	Klebsiella pneumoniae	klebsiella	-	gapA(-),infB(-),mdh(-),pgi(-),phoE(-),rpoB(-),tonB(-)
GCA_964262815.1	Klebsiella pneumoniae	klebsiella	-	gapA(-),infB(-),mdh(-),pgi(-),phoE(-),rpoB(-),tonB(-)
GCA_964262275.1	Klebsiella pneumoniae	klebsiella	-	gapA(-),infB(-),mdh(-),pgi(-),phoE(-),rpoB(-),tonB(-)
GCA_964262725.1	Klebsiella oxytoca	klebsiella	-	gapA(-),infB(-),mdh(-),pgi(-),phoE(-),rpoB(-),tonB(-)
GCA_964262515.1	Klebsiella pneumoniae	klebsiella	-	gapA(-),infB(-),mdh(-),pgi(-),phoE(-),rpoB(-),tonB(-)
GCA_964261975.1	Klebsiella pneumoniae	klebsiella	-	gapA(-),infB(-),mdh(-),pgi(-),phoE(-),rpoB(-),tonB(-)
GCA_964262485.1	Klebsiella pneumoniae	klebsiella	-	gapA(-),infB(-),mdh(-),pgi(-),phoE(-),rpoB(-),tonB(-)
GCA_964262095.1	Klebsiella pneumoniae	klebsiella	-	gapA(-),infB(-),mdh(-),pgi(-),phoE(-),rpoB(-),tonB(-)
GCA_964262235.1	Klebsiella pneumoniae	klebsiella	-	gapA(-),infB(-),mdh(-),pgi(-),phoE(-),rpoB(-),tonB(-)
GCA_964262795.1	Klebsiella pneumoniae	klebsiella	-	gapA(-),infB(-),mdh(-),pgi(-),phoE(-),rpoB(-),tonB(-)
GCA_964262655.1	Klebsiella oxytoca	klebsiella	-	gapA(-),infB(-),mdh(-),pgi(-),phoE(-),rpoB(-),tonB(-)
GCA_964262765.1	Klebsiella pneumoniae	klebsiella	-	gapA(-),infB(-),mdh(-),pgi(-),phoE(-),rpoB(-),tonB(-)
GCA_964262535.1	Klebsiella pneumoniae	klebsiella	-	gapA(-),infB(-),mdh(-),pgi(-),phoE(-),rpoB(-),tonB(-)
GCA_964262105.1	Klebsiella pneumoniae	klebsiella	-	gapA(-),infB(-),mdh(-),pgi(-),phoE(-),rpoB(-),tonB(-)
GCA_964262665.1	Klebsiella pneumoniae	klebsiella	-	gapA(-),infB(-),mdh(-),pgi(-),phoE(-),rpoB(-),tonB(-)
GCA_964262775.1	Klebsiella pneumoniae	klebsiella	-	gapA(-),infB(-),mdh(-),pgi(-),phoE(-),rpoB(-),tonB(-)
GCA_964262545.1	Klebsiella pneumoniae	klebsiella	-	gapA(-),infB(-),mdh(-),pgi(-),phoE(-),rpoB(-),tonB(-)
GCA_964262755.1	Klebsiella pneumoniae	klebsiella	-	gapA(-),infB(-),mdh(-),pgi(-),phoE(-),rpoB(-),tonB(-)
GCA_964262685.1	Klebsiella oxytoca	klebsiella	-	gapA(-),infB(-),mdh(-),pgi(-),phoE(-),rpoB(-),tonB(-)
GCA_964262805.1	Acinetobacter baumannii	abaumannii_2	-	Pas_cpn60(-),Pas_fusA(-),Pas_gltA(-),Pas_pyrG(-),Pas_recA(-),Pas_rplB(-),Pas_rpoB(-)
GCA_964262175.1	Klebsiella pneumoniae	klebsiella	-	gapA(-),infB(-),mdh(-),pgi(-),phoE(-),rpoB(-),tonB(-)
GCA_964262365.1	Klebsiella oxytoca	klebsiella	-	gapA(-),infB(-),mdh(-),pgi(-),phoE(-),rpoB(-),tonB(-)
GCF_001593585.2	Klebsiella aerogenes	klebsiella	-	gapA(361),infB(~196),mdh(-),pgi(~198),phoE(463),rpoB(263),tonB(-)
GCF_002258005.2	Klebsiella pneumoniae	klebsiella	2004	gapA(4),infB(1),mdh(2),pgi(1),phoE(1),rpoB(114),tonB(4)
GCF_000783935.2	Klebsiella planticola	klebsiella	-	gapA(~146),infB(~120),mdh(-),pgi(170?),phoE(~282),rpoB(~140),tonB(-)
GCF_002300675.1	Klebsiella pneumoniae	klebsiella	231	gapA(2),infB(6),mdh(1),pgi(3),phoE(26),rpoB(1),tonB(77)
GCA_905337835.2	Klebsiella pneumoniae	klebsiella	551	gapA(3),infB(1),mdh(1),pgi(1),phoE(9),rpoB(4),tonB(135)
GCF_002852325.2	Klebsiella pneumoniae	klebsiella	661	gapA(4),infB(3),mdh(1),pgi(36),phoE(9),rpoB(10),tonB(14)
GCF_002258145.4	Klebsiella pneumoniae	klebsiella	11	gapA(3),infB(3),mdh(1),pgi(1),phoE(1),rpoB(1),tonB(4)
GCF_001887985.4	Klebsiella pneumoniae	klebsiella	11	gapA(3),infB(3),mdh(1),pgi(1),phoE(1),rpoB(1),tonB(4)
GCF_001887995.2	Klebsiella pneumoniae	klebsiella	1	gapA(4),infB(4),mdh(1),pgi(1),phoE(7),rpoB(4),tonB(10)
GCA_905335665.2	Klebsiella pneumoniae	klebsiella	1962	gapA(2),infB(1),mdh(65),pgi(1),phoE(240),rpoB(4),tonB(43)
GCA_905330185.2	Klebsiella pneumoniae	klebsiella	151	gapA(4),infB(1),mdh(32),pgi(1),phoE(7),rpoB(4),tonB(10)
GCF_001701835.2	Klebsiella pneumoniae	klebsiella	11	gapA(3),infB(3),mdh(1),pgi(1),phoE(1),rpoB(1),tonB(4)
GCF_002164835.4	Klebsiella pneumoniae	klebsiella	11	gapA(3),infB(3),mdh(1),pgi(1),phoE(1),rpoB(1),tonB(4)
GCA_905330355.2	Klebsiella pneumoniae	klebsiella	39	gapA(2),infB(1),mdh(2),pgi(4),phoE(9),rpoB(1),tonB(14)
GCF_002187935.3	Klebsiella quasipneumoniae	klebsiella	476	gapA(18),infB(22),mdh(26),pgi(22),phoE(93),rpoB(37),tonB(99)
GCA_905331375.2	Klebsiella pneumoniae	klebsiella	13	gapA(2),infB(3),mdh(1),pgi(1),phoE(10),rpoB(1),tonB(19)
GCF_002258175.2	Klebsiella pneumoniae	klebsiella	1213	gapA(2),infB(1),mdh(1),pgi(1),phoE(7),rpoB(4),tonB(87)
GCA_905330195.2	Klebsiella pneumoniae	klebsiella	1083	gapA(2),infB(1),mdh(2),pgi(1),phoE(13),rpoB(1),tonB(23)
GCA_905333975.2	Klebsiella pneumoniae	klebsiella	5001	gapA(3),infB(3),mdh(380),pgi(1),phoE(1),rpoB(1),tonB(4)
GCF_001701425.2	Klebsiella pneumoniae	klebsiella	147	gapA(3),infB(4),mdh(6),pgi(1),phoE(7),rpoB(4),tonB(38)
GCA_963681985.1	Klebsiella oxytoca	klebsiella	-	gapA(147),infB(126),mdh(-),pgi(171),phoE(-),rpoB(149),tonB(-)
GCF_002258055.3	Klebsiella pneumoniae	klebsiella	11	gapA(3),infB(3),mdh(1),pgi(1),phoE(1),rpoB(1),tonB(4)
GCF_002811335.3	Klebsiella pneumoniae	klebsiella	273	gapA(3),infB(4),mdh(6),pgi(1),phoE(7),rpoB(4),tonB(4)
GCF_002164695.2	Klebsiella pneumoniae	klebsiella	45	gapA(2),infB(1),mdh(1),pgi(6),phoE(7),rpoB(1),tonB(12)
GCF_001559215.2	Klebsiella aerogenes	klebsiella	-	gapA(361),infB(~196),mdh(-),pgi(~198),phoE(463),rpoB(263),tonB(-)
GCF_002811305.2	Klebsiella pneumoniae	klebsiella	11	gapA(3),infB(3),mdh(1),pgi(1),phoE(1),rpoB(1),tonB(4)
GCF_002811425.2	Klebsiella pneumoniae	klebsiella	45	gapA(2),infB(1),mdh(1),pgi(6),phoE(7),rpoB(1),tonB(12)
GCF_001702045.2	Klebsiella pneumoniae	klebsiella	258	gapA(3),infB(3),mdh(1),pgi(1),phoE(1),rpoB(1),tonB(79)
GCF_002251875.2	Klebsiella pneumoniae	klebsiella	3541	gapA(4),infB(1),mdh(2),pgi(1),phoE(3),rpoB(4),tonB(477)
GCF_002249975.2	Klebsiella pneumoniae	klebsiella	258	gapA(3),infB(3),mdh(1),pgi(1),phoE(1),rpoB(1),tonB(79)
GCF_001699105.2	Klebsiella pneumoniae	klebsiella	17	gapA(2),infB(1),mdh(1),pgi(1),phoE(4),rpoB(4),tonB(4)
GCA_905335555.2	Klebsiella pneumoniae	klebsiella	4387	gapA(2),infB(20),mdh(13),pgi(1),phoE(21),rpoB(1),tonB(9)
GCF_002258105.2	Klebsiella pneumoniae	klebsiella	147	gapA(3),infB(4),mdh(6),pgi(1),phoE(7),rpoB(4),tonB(38)
GCF_002811325.3	Klebsiella pneumoniae	klebsiella	11	gapA(3),infB(3),mdh(1),pgi(1),phoE(1),rpoB(1),tonB(4)
GCF_001701845.2	Klebsiella pneumoniae	klebsiella	258	gapA(3),infB(3),mdh(1),pgi(1),phoE(1),rpoB(1),tonB(79)
GCF_002850275.3	Klebsiella pneumoniae	klebsiella	111	gapA(2),infB(1),mdh(5),pgi(1),phoE(17),rpoB(4),tonB(42)
GCF_002753375.2	Klebsiella pneumoniae	klebsiella	37	gapA(2),infB(9),mdh(2),pgi(1),phoE(13),rpoB(1),tonB(16)
GCF_001866535.2	Klebsiella ornithinolytica	klebsiella	-	gapA(146),infB(~120),mdh(-),pgi(~170),phoE(~277),rpoB(~140),tonB(-)
GCA_905330695.2	Klebsiella pneumoniae	klebsiella	340	gapA(3),infB(3),mdh(1),pgi(1),phoE(1),rpoB(1),tonB(18)
GCF_002164805.3	Klebsiella variicola	klebsiella	1142	gapA(16),infB(24),mdh(57),pgi(62),phoE(92),rpoB(22),tonB(104)
GCA_963707455.1	Klebsiella pneumoniae	klebsiella	3956	gapA(29),infB(24),mdh(137),pgi(76),phoE(38),rpoB(22),tonB(281)
GCF_001939885.2	Klebsiella pneumoniae	klebsiella	485	gapA(2),infB(1),mdh(1),pgi(1),phoE(7),rpoB(1),tonB(12)
GCF_002164855.2	Klebsiella pneumoniae	klebsiella	11	gapA(3),infB(3),mdh(1),pgi(1),phoE(1),rpoB(1),tonB(4)
GCA_947662745.2	Klebsiella pneumoniae	klebsiella	-	gapA(~294),infB(3),mdh(1),pgi(1),phoE(~1),rpoB(436),tonB(79)
GCA_905331115.2	Klebsiella pneumoniae	klebsiella	5002	gapA(4),infB(1),mdh(2),pgi(52),phoE(1),rpoB(284),tonB(7)
GCF_002257765.2	Klebsiella pneumoniae	klebsiella	11	gapA(3),infB(3),mdh(1),pgi(1),phoE(1),rpoB(1),tonB(4)
GCF_002239895.2	Klebsiella quasipneumoniae	klebsiella	476	gapA(18),infB(22),mdh(26),pgi(22),phoE(93),rpoB(37),tonB(99)
GCF_002248115.2	Klebsiella pneumoniae	klebsiella	1	gapA(4),infB(4),mdh(1),pgi(1),phoE(7),rpoB(4),tonB(10)
GCF_001718115.2	Klebsiella pneumoniae	klebsiella	340	gapA(3),infB(3),mdh(1),pgi(1),phoE(1),rpoB(1),tonB(18)
GCA_947660395.2	Klebsiella pneumoniae	klebsiella	-	gapA(~294),infB(~230),mdh(1),pgi(1),phoE(~1),rpoB(1),tonB(18)
GCA_905330855.2	Klebsiella oxytoca	klebsiella	-	gapA(~147),infB(-),mdh(-),pgi(-),phoE(-),rpoB(~276),tonB(-)
GCA_947662215.2	Klebsiella pneumoniae	klebsiella	-	gapA(~294),infB(4),mdh(6),pgi(1),phoE(~7),rpoB(~436),tonB(38)
GCA_947663175.2	Klebsiella pneumoniae	klebsiella	-	gapA(2),infB(94),mdh(2),pgi(4),phoE(9),rpoB(436),tonB(14)
GCA_964271295.1	Klebsiella pneumoniae	klebsiella	340	gapA(3),infB(3),mdh(1),pgi(1),phoE(1),rpoB(1),tonB(18)
GCA_947662735.2	Klebsiella pneumoniae	klebsiella	-	gapA(294),infB(1),mdh(1),pgi(225?),phoE(~9),rpoB(436?),tonB(93)
GCF_002257935.4	Klebsiella pneumoniae	klebsiella	36	gapA(2),infB(1),mdh(2),pgi(1),phoE(7),rpoB(1),tonB(7)
GCA_964271335.1	Klebsiella pneumoniae	klebsiella	-	gapA(~2),infB(1),mdh(2),pgi(4),phoE(9),rpoB(1),tonB(~523)
GCA_964271345.1	Klebsiella pneumoniae	klebsiella	323	gapA(2),infB(1),mdh(1),pgi(1),phoE(9),rpoB(1),tonB(93)
GCA_947662245.2	Klebsiella pneumoniae	klebsiella	-	gapA(~294),infB(1),mdh(420?),pgi(4),phoE(~9),rpoB(~224),tonB(~523)
GCA_964271325.1	Klebsiella pneumoniae	klebsiella	-	gapA(~3),infB(3),mdh(1),pgi(1),phoE(1),rpoB(1),tonB(79)
GCF_001185665.2	Klebsiella pneumoniae	klebsiella	309	gapA(2),infB(9),mdh(2),pgi(1),phoE(13),rpoB(1),tonB(10)
GCA_964271315.1	Klebsiella pneumoniae	klebsiella	-	gapA(3),infB(4),mdh(6?),pgi(1),phoE(757?),rpoB(4),tonB(38)
GCA_947662885.2	Klebsiella pneumoniae	klebsiella	-	gapA(~294),infB(~4),mdh(6),pgi(1),phoE(~7),rpoB(~436),tonB(38)
GCA_947662035.2	Klebsiella pneumoniae	klebsiella	258	gapA(3),infB(3),mdh(1),pgi(1),phoE(1),rpoB(1),tonB(79)
GCA_964271305.1	Klebsiella pneumoniae	klebsiella	39	gapA(2),infB(1),mdh(2),pgi(4),phoE(9),rpoB(1),tonB(14)
GCF_003181095.1	Klebsiella pneumoniae	klebsiella	16	gapA(2),infB(1),mdh(2),pgi(1),phoE(4),rpoB(4),tonB(4)
GCF_003571545.1	Klebsiella pneumoniae	klebsiella	101	gapA(2),infB(6),mdh(1),pgi(5),phoE(4),rpoB(1),tonB(6)
GCF_003285165.1	Klebsiella quasipneumoniae	klebsiella	3876	gapA(17),infB(19),mdh(39),pgi(39),phoE(268),rpoB(18),tonB(156)
GCF_002970895.1	Klebsiella pneumoniae	klebsiella	23	gapA(2),infB(1),mdh(1),pgi(1),phoE(9),rpoB(4),tonB(12)
GCF_003036645.2	Klebsiella pneumoniae	klebsiella	307	gapA(4),infB(1),mdh(2),pgi(52),phoE(1),rpoB(1),tonB(7)
GCF_003261575.2	Klebsiella huaxiensis	klebsiella	-	gapA(~146),infB(-),mdh(-),pgi(-),phoE(-),rpoB(~148),tonB(-)
GCF_002948835.2	Klebsiella aerogenes	klebsiella	-	gapA(361),infB(~196),mdh(-),pgi(~198),phoE(463),rpoB(263),tonB(-)
GCF_003074075.1	Klebsiella michiganensis	klebsiella	-	gapA(~147),infB(-),mdh(-),pgi(-),phoE(-),rpoB(~276),tonB(-)
GCF_003181135.1	Klebsiella pneumoniae	klebsiella	16	gapA(2),infB(1),mdh(2),pgi(1),phoE(4),rpoB(4),tonB(4)
GCF_003037325.3	Klebsiella pneumoniae	klebsiella	11	gapA(3),infB(3),mdh(1),pgi(1),phoE(1),rpoB(1),tonB(4)
GCF_003006175.1	Klebsiella pneumoniae	klebsiella	147	gapA(3),infB(4),mdh(6),pgi(1),phoE(7),rpoB(4),tonB(38)
GCF_003020825.1	Klebsiella quasipneumoniae	klebsiella	3874	gapA(18),infB(109),mdh(283),pgi(61),phoE(403),rpoB(105),tonB(99)
GCF_003429545.1	Klebsiella pneumoniae	klebsiella	11	gapA(3),infB(3),mdh(1),pgi(1),phoE(1),rpoB(1),tonB(4)
GCF_003186535.1	Klebsiella pneumoniae	klebsiella	983	gapA(4),infB(1),mdh(2),pgi(1),phoE(1),rpoB(4),tonB(4)
GCF_003073315.1	Klebsiella pneumoniae	klebsiella	34	gapA(2),infB(3),mdh(6),pgi(1),phoE(9),rpoB(7),tonB(4)
GCF_002918585.2	Klebsiella pneumoniae	klebsiella	340	gapA(3),infB(3),mdh(1),pgi(1),phoE(1),rpoB(1),tonB(18)
GCF_003546885.1	Klebsiella aerogenes	klebsiella	-	gapA(361),infB(~196),mdh(-),pgi(~198),phoE(463),rpoB(263),tonB(-)
GCF_002852945.3	Klebsiella pneumoniae	klebsiella	11	gapA(3),infB(3),mdh(1),pgi(1),phoE(1),rpoB(1),tonB(4)
GCF_002909775.1	Klebsiella pneumoniae	klebsiella	231	gapA(2),infB(6),mdh(1),pgi(3),phoE(26),rpoB(1),tonB(77)
GCF_003038035.2	Klebsiella pneumoniae	klebsiella	11	gapA(3),infB(3),mdh(1),pgi(1),phoE(1),rpoB(1),tonB(4)
GCF_003330945.1	Klebsiella pneumoniae	klebsiella	375	gapA(43),infB(1),mdh(2),pgi(1),phoE(10),rpoB(4),tonB(13)
GCF_003286975.1	Klebsiella pneumoniae	klebsiella	29	gapA(2),infB(3),mdh(2),pgi(2),phoE(6),rpoB(4),tonB(4)
GCF_003038215.3	Klebsiella pneumoniae	klebsiella	11	gapA(3),infB(3),mdh(1),pgi(1),phoE(1),rpoB(1),tonB(4)
GCF_002951635.1	Klebsiella pneumoniae	klebsiella	13	gapA(2),infB(3),mdh(1),pgi(1),phoE(10),rpoB(1),tonB(19)
GCF_003285185.1	Klebsiella variicola	klebsiella	1562	gapA(16),infB(24),mdh(36),pgi(27),phoE(29),rpoB(22),tonB(105)
GCF_003204175.1	Klebsiella pneumoniae	klebsiella	16	gapA(2),infB(1),mdh(2),pgi(1),phoE(4),rpoB(4),tonB(4)
GCF_003443835.1	Klebsiella quasipneumoniae	klebsiella	367	gapA(18),infB(15),mdh(26),pgi(16),phoE(11),rpoB(13),tonB(106)
GCF_003038135.2	Klebsiella pneumoniae	klebsiella	11	gapA(3),infB(3),mdh(1),pgi(1),phoE(1),rpoB(1),tonB(4)
GCF_002894385.2	Klebsiella pneumoniae	klebsiella	3627	gapA(3),infB(3),mdh(1),pgi(1),phoE(1),rpoB(67),tonB(4)
GCF_003571525.1	Klebsiella pneumoniae	klebsiella	2938	gapA(2),infB(3),mdh(2),pgi(1),phoE(7),rpoB(4),tonB(12)
GCF_003267985.1	Klebsiella pneumoniae	klebsiella	14	gapA(1),infB(6),mdh(1),pgi(1),phoE(1),rpoB(1),tonB(1)
GCF_003037615.2	Klebsiella pneumoniae	klebsiella	48	gapA(2),infB(5),mdh(2),pgi(2),phoE(7),rpoB(1),tonB(10)
GCF_003037005.2	Klebsiella pneumoniae	klebsiella	11	gapA(3),infB(3),mdh(1),pgi(1),phoE(1),rpoB(1),tonB(4)
GCF_003261955.3	Klebsiella pneumoniae	klebsiella	11	gapA(3),infB(3),mdh(1),pgi(1),phoE(1),rpoB(1),tonB(4)
GCF_003571645.1	Klebsiella pneumoniae	klebsiella	3603	gapA(2),infB(9),mdh(253),pgi(1),phoE(13),rpoB(1),tonB(35)
GCF_003146655.1	Klebsiella quasipneumoniae	klebsiella	196	gapA(17),infB(19),mdh(39),pgi(39),phoE(51),rpoB(18),tonB(72)
GCF_003571745.1	Klebsiella pneumoniae	klebsiella	147	gapA(3),infB(4),mdh(6),pgi(1),phoE(7),rpoB(4),tonB(38)
GCF_003571705.1	Klebsiella pneumoniae	klebsiella	340	gapA(3),infB(3),mdh(1),pgi(1),phoE(1),rpoB(1),tonB(18)
GCF_003073335.1	Klebsiella pneumoniae	klebsiella	11	gapA(3),infB(3),mdh(1),pgi(1),phoE(1),rpoB(1),tonB(4)
GCF_003030145.1	Klebsiella pneumoniae	klebsiella	15	gapA(1),infB(1),mdh(1),pgi(1),phoE(1),rpoB(1),tonB(1)
GCF_003571605.1	Klebsiella pneumoniae	klebsiella	16	gapA(2),infB(1),mdh(2),pgi(1),phoE(4),rpoB(4),tonB(4)
GCF_002852995.3	Klebsiella pneumoniae	klebsiella	1	gapA(4),infB(4),mdh(1),pgi(1),phoE(7),rpoB(4),tonB(10)
GCF_002853435.3	Klebsiella pneumoniae	klebsiella	11	gapA(3),infB(3),mdh(1),pgi(1),phoE(1),rpoB(1),tonB(4)
GCF_002968475.1	Klebsiella pneumoniae	klebsiella	258	gapA(3),infB(3),mdh(1),pgi(1),phoE(1),rpoB(1),tonB(79)
GCF_003071305.1	Klebsiella pneumoniae	klebsiella	34	gapA(2),infB(3),mdh(6),pgi(1),phoE(9),rpoB(7),tonB(4)
GCF_003181055.1	Klebsiella pneumoniae	klebsiella	147	gapA(3),infB(4),mdh(6),pgi(1),phoE(7),rpoB(4),tonB(38)
GCF_003288375.1	Klebsiella pneumoniae	klebsiella	258	gapA(3),infB(3),mdh(1),pgi(1),phoE(1),rpoB(1),tonB(79)
GCF_003076555.1	Klebsiella pneumoniae	klebsiella	307	gapA(4),infB(1),mdh(2),pgi(52),phoE(1),rpoB(1),tonB(7)
GCF_002852975.3	Klebsiella pneumoniae	klebsiella	11	gapA(3),infB(3),mdh(1),pgi(1),phoE(1),rpoB(1),tonB(4)
GCF_003146635.1	Klebsiella quasipneumoniae	klebsiella	196	gapA(17),infB(19),mdh(39),pgi(39),phoE(51),rpoB(18),tonB(72)
GCF_002948565.1	Klebsiella pneumoniae	klebsiella	14	gapA(1),infB(6),mdh(1),pgi(1),phoE(1),rpoB(1),tonB(1)
GCF_003204465.1	Klebsiella pneumoniae	klebsiella	34	gapA(2),infB(3),mdh(6),pgi(1),phoE(9),rpoB(7),tonB(4)
GCF_002852675.2	Klebsiella pneumoniae	klebsiella	11	gapA(3),infB(3),mdh(1),pgi(1),phoE(1),rpoB(1),tonB(4)
GCF_003181175.1	Klebsiella quasipneumoniae	klebsiella	489	gapA(18),infB(22),mdh(26),pgi(71),phoE(98),rpoB(52),tonB(51)
GCF_002953295.1	Klebsiella quasipneumoniae	klebsiella	489	gapA(18),infB(22),mdh(26),pgi(71),phoE(98),rpoB(52),tonB(51)
GCF_002853115.2	Klebsiella pneumoniae	klebsiella	23	gapA(2),infB(1),mdh(1),pgi(1),phoE(9),rpoB(4),tonB(12)
GCF_003146685.1	Klebsiella quasipneumoniae	klebsiella	196	gapA(17),infB(19),mdh(39),pgi(39),phoE(51),rpoB(18),tonB(72)
GCF_002967795.2	Klebsiella pneumoniae	klebsiella	11	gapA(3),infB(3),mdh(1),pgi(1),phoE(1),rpoB(1),tonB(4)
GCF_003432285.1	Klebsiella pneumoniae	klebsiella	45	gapA(2),infB(1),mdh(1),pgi(6),phoE(7),rpoB(1),tonB(12)
GCF_003074015.1	Klebsiella pneumoniae	klebsiella	15	gapA(1),infB(1),mdh(1),pgi(1),phoE(1),rpoB(1),tonB(1)
GCF_003571585.1	Klebsiella pneumoniae	klebsiella	36	gapA(2),infB(1),mdh(2),pgi(1),phoE(7),rpoB(1),tonB(7)
GCF_002984395.1	Klebsiella oxytoca	klebsiella	-	gapA(~150),infB(~133),mdh(-),pgi(~174),phoE(-),rpoB(~149),tonB(-)
GCF_002968495.1	Klebsiella pneumoniae	klebsiella	258	gapA(3),infB(3),mdh(1),pgi(1),phoE(1),rpoB(1),tonB(79)
GCF_003290425.1	Klebsiella variicola	klebsiella	697	gapA(60),infB(18),mdh(21),pgi(27),phoE(53),rpoB(17),tonB(67)
GCF_003323835.1	Klebsiella sp.	klebsiella	-	gapA(~146),infB(120?),mdh(-),pgi(170),phoE(~277),rpoB(~148),tonB(-)
GCF_002893825.1	Klebsiella pneumoniae	klebsiella	11	gapA(3),infB(3),mdh(1),pgi(1),phoE(1),rpoB(1),tonB(4)
GCF_003031325.1	Klebsiella pneumoniae	klebsiella	15	gapA(1),infB(1),mdh(1),pgi(1),phoE(1),rpoB(1),tonB(1)
GCF_003432245.1	Klebsiella pneumoniae	klebsiella	36	gapA(2),infB(1),mdh(2),pgi(1),phoE(7),rpoB(1),tonB(7)
GCF_002852915.4	Klebsiella variicola	klebsiella	595	gapA(16),infB(24),mdh(21),pgi(27),phoE(55),rpoB(22),tonB(67)
GCF_003069525.1	Klebsiella pneumoniae	klebsiella	14	gapA(1),infB(6),mdh(1),pgi(1),phoE(1),rpoB(1),tonB(1)
GCF_003367555.1	Klebsiella pneumoniae	klebsiella	11	gapA(3),infB(3),mdh(1),pgi(1),phoE(1),rpoB(1),tonB(4)
GCF_002852785.2	Klebsiella pneumoniae	klebsiella	11	gapA(3),infB(3),mdh(1),pgi(1),phoE(1),rpoB(1),tonB(4)
GCF_002853385.2	Klebsiella pneumoniae	klebsiella	35	gapA(2),infB(1),mdh(2),pgi(1),phoE(10),rpoB(1),tonB(19)
GCF_003073975.1	Klebsiella oxytoca	klebsiella	-	gapA(147),infB(133),mdh(-),pgi(~171),phoE(-),rpoB(163),tonB(-)
GCF_002852365.2	Klebsiella pneumoniae	klebsiella	11	gapA(3),infB(3),mdh(1),pgi(1),phoE(1),rpoB(1),tonB(4)
GCF_003286995.1	Klebsiella pneumoniae	klebsiella	1660	gapA(2),infB(1),mdh(1),pgi(1),phoE(9),rpoB(4),tonB(260)
GCF_002903005.1	Klebsiella pneumoniae	klebsiella	252	gapA(2),infB(5),mdh(1),pgi(1),phoE(9),rpoB(1),tonB(6)
GCF_003194285.1	Klebsiella pneumoniae	klebsiella	147	gapA(3),infB(4),mdh(6),pgi(1),phoE(7),rpoB(4),tonB(38)
GCF_003031505.1	Klebsiella pneumoniae	klebsiella	258	gapA(3),infB(3),mdh(1),pgi(1),phoE(1),rpoB(1),tonB(79)
GCF_002951555.1	Klebsiella pneumoniae	klebsiella	437	gapA(3),infB(3),mdh(1),pgi(1),phoE(1),rpoB(1),tonB(31)
GCF_002935085.1	Klebsiella pneumoniae	klebsiella	252	gapA(2),infB(5),mdh(1),pgi(1),phoE(9),rpoB(1),tonB(6)
GCF_003073675.1	Klebsiella pneumoniae	klebsiella	512	gapA(54),infB(3),mdh(1),pgi(1),phoE(1),rpoB(1),tonB(79)
GCF_003432205.1	Klebsiella pneumoniae	klebsiella	230	gapA(2),infB(1),mdh(2),pgi(1),phoE(13),rpoB(1),tonB(38)
GCF_003432185.1	Klebsiella pneumoniae	klebsiella	29	gapA(2),infB(3),mdh(2),pgi(2),phoE(6),rpoB(4),tonB(4)
GCF_002903025.1	Klebsiella pneumoniae	klebsiella	359	gapA(10),infB(1),mdh(2),pgi(1),phoE(9),rpoB(27),tonB(6)
GCF_002853475.2	Klebsiella pneumoniae	klebsiella	1	gapA(4),infB(4),mdh(1),pgi(1),phoE(7),rpoB(4),tonB(10)
GCF_003432405.1	Klebsiella pneumoniae	klebsiella	1	gapA(4),infB(4),mdh(1),pgi(1),phoE(7),rpoB(4),tonB(10)
GCF_002970375.3	Klebsiella pneumoniae	klebsiella	395	gapA(3),infB(1),mdh(2),pgi(4),phoE(1),rpoB(1),tonB(4)
GCF_002951595.1	Klebsiella pneumoniae	klebsiella	437	gapA(3),infB(3),mdh(1),pgi(1),phoE(1),rpoB(1),tonB(31)
GCF_003443755.1	Klebsiella pneumoniae	klebsiella	54	gapA(2),infB(1),mdh(1),pgi(13),phoE(16),rpoB(15),tonB(4)
GCF_003432145.1	Klebsiella pneumoniae	klebsiella	661	gapA(4),infB(3),mdh(1),pgi(36),phoE(9),rpoB(10),tonB(14)
GCF_003031345.1	Klebsiella pneumoniae	klebsiella	147	gapA(3),infB(4),mdh(6),pgi(1),phoE(7),rpoB(4),tonB(38)
GCF_003429625.1	Klebsiella variicola	klebsiella	718	gapA(16),infB(24),mdh(21),pgi(40),phoE(47),rpoB(65),tonB(45)
GCF_003285145.1	Klebsiella pneumoniae	klebsiella	1755	gapA(2),infB(1),mdh(33),pgi(1),phoE(1),rpoB(4),tonB(284)
GCF_003037185.2	Klebsiella pneumoniae	klebsiella	23	gapA(2),infB(1),mdh(1),pgi(1),phoE(9),rpoB(4),tonB(12)
GCF_003054385.1	Klebsiella pneumoniae	klebsiella	15	gapA(1),infB(1),mdh(1),pgi(1),phoE(1),rpoB(1),tonB(1)
GCF_003203435.1	Klebsiella pneumoniae	klebsiella	11	gapA(3),infB(3),mdh(1),pgi(1),phoE(1),rpoB(1),tonB(4)
GCF_003432165.1	Klebsiella pneumoniae	klebsiella	231	gapA(2),infB(6),mdh(1),pgi(3),phoE(26),rpoB(1),tonB(77)
GCF_002944845.1	Klebsiella pneumoniae	klebsiella	86	gapA(9),infB(4),mdh(2),pgi(1),phoE(1),rpoB(1),tonB(27)
GCF_003408615.1	Klebsiella pneumoniae	klebsiella	422	gapA(2),infB(3),mdh(1),pgi(1),phoE(4),rpoB(4),tonB(111)
GCF_003812185.1	Klebsiella aerogenes	klebsiella	-	gapA(361),infB(~196),mdh(-),pgi(~198),phoE(463),rpoB(263),tonB(-)
GCF_007421865.2	Klebsiella pneumoniae	klebsiella	1967	gapA(2),infB(3),mdh(6),pgi(1),phoE(9),rpoB(4),tonB(4)
GCF_008364425.2	Klebsiella grimontii	klebsiella	-	gapA(~147),infB(-),mdh(-),pgi(~174),phoE(-),rpoB(~276),tonB(-)
GCF_008122285.1	Klebsiella pneumoniae	klebsiella	-	gapA(2),infB(1),mdh(2),pgi(1),phoE(263?),rpoB(1),tonB(81)
GCF_004137665.1	Klebsiella pneumoniae	klebsiella	20	gapA(2),infB(3),mdh(1),pgi(1),phoE(4),rpoB(4),tonB(4)
GCF_004120115.1	Klebsiella pneumoniae	klebsiella	11	gapA(3),infB(3),mdh(1),pgi(1),phoE(1),rpoB(1),tonB(4)
GCF_003855535.1	Klebsiella pneumoniae	klebsiella	15	gapA(1),infB(1),mdh(1),pgi(1),phoE(1),rpoB(1),tonB(1)
GCF_003855555.1	Klebsiella pneumoniae	klebsiella	15	gapA(1),infB(1),mdh(1),pgi(1),phoE(1),rpoB(1),tonB(1)
GCF_003790505.1	Klebsiella sp.	klebsiella	3911	gapA(16),infB(24),mdh(21),pgi(27),phoE(57),rpoB(22),tonB(124)
GCF_007197815.1	Klebsiella pneumoniae	klebsiella	1779	gapA(2),infB(9),mdh(2),pgi(1),phoE(13),rpoB(1),tonB(296)
GCF_007106885.1	Klebsiella michiganensis	klebsiella	-	gapA(~147),infB(-),mdh(-),pgi(-),phoE(-),rpoB(~276),tonB(-)
GCF_007632255.1	Klebsiella aerogenes	klebsiella	-	gapA(361),infB(~196),mdh(-),pgi(198),phoE(~463),rpoB(~263),tonB(-)
GCF_007873865.1	Klebsiella pneumoniae	klebsiella	16	gapA(2),infB(1),mdh(2),pgi(1),phoE(4),rpoB(4),tonB(4)
GCF_005165545.1	Klebsiella ornithinolytica	klebsiella	-	gapA(~146),infB(~120),mdh(-),pgi(170),phoE(~282),rpoB(~148),tonB(-)
GCF_004010995.1	Klebsiella pneumoniae	klebsiella	101	gapA(2),infB(6),mdh(1),pgi(5),phoE(4),rpoB(1),tonB(6)
GCF_008369685.1	Klebsiella pneumoniae	klebsiella	2268	gapA(2),infB(3),mdh(11),pgi(1),phoE(7),rpoB(4),tonB(13)
GCF_004295605.1	Klebsiella pneumoniae	klebsiella	15	gapA(1),infB(1),mdh(1),pgi(1),phoE(1),rpoB(1),tonB(1)
GCF_004141975.1	Klebsiella pneumoniae	klebsiella	11	gapA(3),infB(3),mdh(1),pgi(1),phoE(1),rpoB(1),tonB(4)
GCF_003990375.1	Klebsiella quasipneumoniae	klebsiella	1770	gapA(18),infB(22),mdh(18),pgi(63),phoE(11),rpoB(13),tonB(179)
GCF_004006035.1	Klebsiella pneumoniae	klebsiella	437	gapA(3),infB(3),mdh(1),pgi(1),phoE(1),rpoB(1),tonB(31)
GCF_003812845.1	Klebsiella sp.	klebsiella	-	gapA(~147),infB(-),mdh(-),pgi(-),phoE(-),rpoB(148?),tonB(-)
GCF_004118955.1	Klebsiella pneumoniae	klebsiella	23	gapA(2),infB(1),mdh(1),pgi(1),phoE(9),rpoB(4),tonB(12)
GCF_007833575.1	Klebsiella pneumoniae	klebsiella	14	gapA(1),infB(6),mdh(1),pgi(1),phoE(1),rpoB(1),tonB(1)
GCF_007421875.2	Klebsiella pneumoniae	klebsiella	1967	gapA(2),infB(3),mdh(6),pgi(1),phoE(9),rpoB(4),tonB(4)
GCF_008121515.1	Klebsiella pneumoniae	klebsiella	258	gapA(3),infB(3),mdh(1),pgi(1),phoE(1),rpoB(1),tonB(79)
GCF_004332075.1	Klebsiella pneumoniae	klebsiella	86	gapA(9),infB(4),mdh(2),pgi(1),phoE(1),rpoB(1),tonB(27)
GCF_003931835.1	Klebsiella pneumoniae	klebsiella	11	gapA(3),infB(3),mdh(1),pgi(1),phoE(1),rpoB(1),tonB(4)
GCF_008065415.1	Klebsiella pneumoniae	klebsiella	16	gapA(2),infB(1),mdh(2),pgi(1),phoE(4),rpoB(4),tonB(4)
GCF_003856475.1	Klebsiella pneumoniae	klebsiella	11	gapA(3),infB(3),mdh(1),pgi(1),phoE(1),rpoB(1),tonB(4)
GCF_008632435.1	Klebsiella quasipneumoniae	klebsiella	526	gapA(38),infB(19),mdh(53),pgi(58),phoE(73),rpoB(21),tonB(130)
GCF_007421885.2	Klebsiella pneumoniae	klebsiella	1967	gapA(2),infB(3),mdh(6),pgi(1),phoE(9),rpoB(4),tonB(4)
GCF_003812105.1	Klebsiella pneumoniae	klebsiella	25	gapA(2),infB(1),mdh(1),pgi(1),phoE(10),rpoB(4),tonB(13)
GCF_006874725.1	Klebsiella aerogenes	klebsiella	-	gapA(168),infB(~196),mdh(-),pgi(~198),phoE(463),rpoB(165),tonB(-)
GCF_004014965.1	Klebsiella pneumoniae	klebsiella	3750	gapA(4),infB(3),mdh(1),pgi(1),phoE(9),rpoB(1),tonB(9)
GCF_008693445.1	Klebsiella pneumoniae	klebsiella	231	gapA(2),infB(6),mdh(1),pgi(3),phoE(26),rpoB(1),tonB(77)
GCF_005885775.1	Klebsiella pneumoniae	klebsiella	15	gapA(1),infB(1),mdh(1),pgi(1),phoE(1),rpoB(1),tonB(1)
GCF_006965405.1	Klebsiella pneumoniae	klebsiella	35	gapA(2),infB(1),mdh(2),pgi(1),phoE(10),rpoB(1),tonB(19)
GCF_004322795.1	Klebsiella pneumoniae	klebsiella	11	gapA(3),infB(3),mdh(1),pgi(1),phoE(1),rpoB(1),tonB(4)
GCF_006364295.1	Klebsiella pneumoniae	klebsiella	3	gapA(5),infB(5),mdh(1),pgi(1),phoE(9),rpoB(6),tonB(11)
GCF_004295385.1	Klebsiella pneumoniae	klebsiella	15	gapA(1),infB(1),mdh(1),pgi(1),phoE(1),rpoB(1),tonB(1)
GCF_008693405.1	Klebsiella pneumoniae	klebsiella	147	gapA(3),infB(4),mdh(6),pgi(1),phoE(7),rpoB(4),tonB(38)
GCF_004014895.1	Klebsiella variicola	klebsiella	595	gapA(16),infB(24),mdh(21),pgi(27),phoE(55),rpoB(22),tonB(67)
GCF_003932915.1	Klebsiella pneumoniae	klebsiella	65	gapA(2),infB(1),mdh(2),pgi(1),phoE(10),rpoB(4),tonB(13)
GCF_008693465.1	Klebsiella variicola	klebsiella	447	gapA(16),infB(49),mdh(30),pgi(38),phoE(90),rpoB(22),tonB(45)
GCF_005854245.1	Klebsiella pneumoniae	klebsiella	11	gapA(3),infB(3),mdh(1),pgi(1),phoE(1),rpoB(1),tonB(4)
GCF_004104525.2	Klebsiella grimontii	klebsiella	-	gapA(~147),infB(-),mdh(-),pgi(~174),phoE(-),rpoB(~276),tonB(-)
GCF_003711065.1	Klebsiella pneumoniae	klebsiella	11	gapA(3),infB(3),mdh(1),pgi(1),phoE(1),rpoB(1),tonB(4)
GCF_003812085.1	Klebsiella pneumoniae	klebsiella	252	gapA(2),infB(5),mdh(1),pgi(1),phoE(9),rpoB(1),tonB(6)
GCF_005853785.1	Klebsiella pneumoniae	klebsiella	11	gapA(3),infB(3),mdh(1),pgi(1),phoE(1),rpoB(1),tonB(4)
GCF_004119955.1	Klebsiella pneumoniae	klebsiella	11	gapA(3),infB(3),mdh(1),pgi(1),phoE(1),rpoB(1),tonB(4)
GCF_004120055.1	Klebsiella pneumoniae	klebsiella	661	gapA(4),infB(3),mdh(1),pgi(36),phoE(9),rpoB(10),tonB(14)
GCF_003937135.2	Klebsiella pneumoniae	klebsiella	14	gapA(1),infB(6),mdh(1),pgi(1),phoE(1),rpoB(1),tonB(1)
GCF_003584585.1	Klebsiella pneumoniae	klebsiella	11	gapA(3),infB(3),mdh(1),pgi(1),phoE(1),rpoB(1),tonB(4)
GCF_004120175.1	Klebsiella pneumoniae	klebsiella	17	gapA(2),infB(1),mdh(1),pgi(1),phoE(4),rpoB(4),tonB(4)
GCF_006974165.1	Klebsiella pneumoniae	klebsiella	968	gapA(2),infB(3),mdh(2),pgi(37),phoE(4),rpoB(1),tonB(15)
GCF_004295405.1	Klebsiella pneumoniae	klebsiella	23	gapA(2),infB(1),mdh(1),pgi(1),phoE(9),rpoB(4),tonB(12)
GCF_005854025.1	Klebsiella pneumoniae	klebsiella	11	gapA(3),infB(3),mdh(1),pgi(1),phoE(1),rpoB(1),tonB(4)
GCF_003812925.1	Klebsiella oxytoca	klebsiella	-	gapA(150),infB(126),mdh(-),pgi(~174),phoE(-),rpoB(149),tonB(-)
GCF_004120155.1	Klebsiella pneumoniae	klebsiella	3685	gapA(5),infB(3),mdh(1),pgi(232),phoE(9),rpoB(4),tonB(283)
GCF_003660185.1	Klebsiella pneumoniae	klebsiella	105	gapA(2),infB(3),mdh(2),pgi(1),phoE(1),rpoB(4),tonB(18)
GCF_003856595.1	Klebsiella pneumoniae	klebsiella	147	gapA(3),infB(4),mdh(6),pgi(1),phoE(7),rpoB(4),tonB(38)
GCF_004319525.1	Klebsiella pneumoniae	klebsiella	15	gapA(1),infB(1),mdh(1),pgi(1),phoE(1),rpoB(1),tonB(1)
GCF_004801235.1	Klebsiella pneumoniae	klebsiella	2570	gapA(4),infB(5),mdh(11),pgi(1),phoE(9),rpoB(10),tonB(23)
GCF_004102625.1	Klebsiella michiganensis	klebsiella	-	gapA(~147),infB(-),mdh(-),pgi(-),phoE(-),rpoB(~276),tonB(-)
GCF_008693425.1	Klebsiella pneumoniae	klebsiella	6620	gapA(4),infB(1),mdh(1),pgi(1),phoE(1),rpoB(25),tonB(39)
GCF_004119975.1	Klebsiella pneumoniae	klebsiella	11	gapA(3),infB(3),mdh(1),pgi(1),phoE(1),rpoB(1),tonB(4)
GCF_008632415.1	Klebsiella pneumoniae	klebsiella	3410	gapA(4),infB(4),mdh(1),pgi(1),phoE(7),rpoB(4),tonB(65)
GCF_003574275.1	Klebsiella pneumoniae	klebsiella	14	gapA(1),infB(6),mdh(1),pgi(1),phoE(1),rpoB(1),tonB(1)
GCF_003574235.1	Klebsiella pneumoniae	klebsiella	14	gapA(1),infB(6),mdh(1),pgi(1),phoE(1),rpoB(1),tonB(1)
GCF_004322955.1	Klebsiella pneumoniae	klebsiella	45	gapA(2),infB(1),mdh(1),pgi(6),phoE(7),rpoB(1),tonB(12)
GCF_003790485.1	Klebsiella pneumoniae	klebsiella	1685	gapA(2),infB(6),mdh(1),pgi(5),phoE(4),rpoB(9),tonB(6)
GCF_007955015.2	Klebsiella pneumoniae	klebsiella	11	gapA(3),infB(3),mdh(1),pgi(1),phoE(1),rpoB(1),tonB(4)
GCF_004010915.1	Klebsiella sp.	klebsiella	421	gapA(18),infB(22),mdh(26),pgi(63),phoE(85),rpoB(20),tonB(115)
GCF_003953905.1	Klebsiella pneumoniae	klebsiella	23	gapA(2),infB(1),mdh(1),pgi(1),phoE(9),rpoB(4),tonB(12)
GCF_006711645.1	Klebsiella electrica	klebsiella	-	gapA(~146),infB(~120),mdh(-),pgi(~170),phoE(-),rpoB(~148),tonB(-)
GCF_003597715.1	Klebsiella pneumoniae	klebsiella	307	gapA(4),infB(1),mdh(2),pgi(52),phoE(1),rpoB(1),tonB(7)
GCF_003597695.1	Klebsiella pneumoniae	klebsiella	307	gapA(4),infB(1),mdh(2),pgi(52),phoE(1),rpoB(1),tonB(7)
GCF_003850165.1	Klebsiella pneumoniae	klebsiella	231	gapA(2),infB(6),mdh(1),pgi(3),phoE(26),rpoB(1),tonB(77)
GCF_004120035.1	Klebsiella pneumoniae	klebsiella	343	gapA(2),infB(6),mdh(2),pgi(1),phoE(9),rpoB(27),tonB(102)
GCF_004924315.1	Klebsiella pneumoniae	klebsiella	23	gapA(2),infB(1),mdh(1),pgi(1),phoE(9),rpoB(4),tonB(12)
GCF_004120135.1	Klebsiella pneumoniae	klebsiella	3686	gapA(195),infB(1),mdh(2),pgi(1),phoE(7),rpoB(1),tonB(7)
GCF_007955105.2	Klebsiella pneumoniae	klebsiella	11	gapA(3),infB(3),mdh(1),pgi(1),phoE(1),rpoB(1),tonB(4)
GCF_004120095.1	Klebsiella pneumoniae	klebsiella	11	gapA(3),infB(3),mdh(1),pgi(1),phoE(1),rpoB(1),tonB(4)
GCF_004119995.1	Klebsiella pneumoniae	klebsiella	11	gapA(3),infB(3),mdh(1),pgi(1),phoE(1),rpoB(1),tonB(4)
GCF_006494915.1	Klebsiella pneumoniae	klebsiella	11	gapA(3),infB(3),mdh(1),pgi(1),phoE(1),rpoB(1),tonB(4)
GCF_003692695.1	Klebsiella pneumoniae	klebsiella	3582	gapA(10),infB(3),mdh(1),pgi(1),phoE(375),rpoB(4),tonB(4)
GCF_007833555.1	Klebsiella pneumoniae	klebsiella	105	gapA(2),infB(3),mdh(2),pgi(1),phoE(1),rpoB(4),tonB(18)
GCF_003597735.1	Klebsiella pneumoniae	klebsiella	307	gapA(4),infB(1),mdh(2),pgi(52),phoE(1),rpoB(1),tonB(7)
GCF_003597755.1	Klebsiella pneumoniae	klebsiella	307	gapA(4),infB(1),mdh(2),pgi(52),phoE(1),rpoB(1),tonB(7)
GCF_003590665.1	Klebsiella pneumoniae	klebsiella	253	gapA(2),infB(1),mdh(1),pgi(1),phoE(9),rpoB(1),tonB(13)
GCF_003574255.1	Klebsiella pneumoniae	klebsiella	14	gapA(1),infB(6),mdh(1),pgi(1),phoE(1),rpoB(1),tonB(1)
GCF_006494895.1	Klebsiella pneumoniae	klebsiella	11	gapA(3),infB(3),mdh(1),pgi(1),phoE(1),rpoB(1),tonB(4)
GCF_003934185.1	Klebsiella pneumoniae	klebsiella	307	gapA(4),infB(1),mdh(2),pgi(52),phoE(1),rpoB(1),tonB(7)
GCF_004322995.1	Klebsiella pneumoniae	klebsiella	35	gapA(2),infB(1),mdh(2),pgi(1),phoE(10),rpoB(1),tonB(19)
GCF_003855515.1	Klebsiella pneumoniae	klebsiella	23	gapA(2),infB(1),mdh(1),pgi(1),phoE(9),rpoB(4),tonB(12)
GCF_007954925.2	Klebsiella pneumoniae	klebsiella	11	gapA(3),infB(3),mdh(1),pgi(1),phoE(1),rpoB(1),tonB(4)
GCF_006459145.1	Klebsiella pneumoniae	klebsiella	101	gapA(2),infB(6),mdh(1),pgi(5),phoE(4),rpoB(1),tonB(6)
GCF_006304565.1	Klebsiella pneumoniae	klebsiella	11	gapA(3),infB(3),mdh(1),pgi(1),phoE(1),rpoB(1),tonB(4)
GCF_003855315.1	Klebsiella pneumoniae	klebsiella	15	gapA(1),infB(1),mdh(1),pgi(1),phoE(1),rpoB(1),tonB(1)
GCF_005944305.1	Klebsiella pneumoniae	klebsiella	147	gapA(3),infB(4),mdh(6),pgi(1),phoE(7),rpoB(4),tonB(38)
GCF_011067245.1	Klebsiella aerogenes	klebsiella	-	gapA(~166),infB(131),mdh(-),pgi(~196),phoE(~463),rpoB(81),tonB(-)
GCF_009732795.1	Klebsiella aerogenes	klebsiella	-	gapA(~166),infB(~196),mdh(-),pgi(~198),phoE(~329),rpoB(165),tonB(-)
GCF_011149255.1	Klebsiella ornithinolytica	klebsiella	-	gapA(146),infB(~120),mdh(-),pgi(165),phoE(~282),rpoB(~140),tonB(-)
GCF_009387945.1	Klebsiella pneumoniae	klebsiella	87	gapA(5),infB(1),mdh(5),pgi(1),phoE(7),rpoB(1),tonB(24)
GCF_009732815.1	Klebsiella aerogenes	klebsiella	-	gapA(~166),infB(~196),mdh(-),pgi(~198),phoE(~329),rpoB(165),tonB(-)
GCF_009707385.1	Klebsiella oxytoca	klebsiella	-	gapA(~147),infB(~126),mdh(-),pgi(-),phoE(-),rpoB(268?),tonB(-)
GCF_009905335.1	Klebsiella sp.	klebsiella	-	gapA(~147),infB(-),mdh(-),pgi(~174),phoE(-),rpoB(~276),tonB(-)
GCF_008693885.1	Klebsiella aerogenes	klebsiella	-	gapA(~361),infB(131),mdh(-),pgi(~198),phoE(~463),rpoB(165),tonB(-)
GCF_009498255.1	Klebsiella quasipneumoniae	klebsiella	852	gapA(18),infB(22),mdh(18),pgi(22),phoE(139),rpoB(69),tonB(179)
GCF_009732835.1	Klebsiella aerogenes	klebsiella	-	gapA(~166),infB(~196),mdh(-),pgi(~198),phoE(~329),rpoB(165),tonB(-)
GCF_009909305.1	Klebsiella pneumoniae	klebsiella	23	gapA(2),infB(1),mdh(1),pgi(1),phoE(9),rpoB(4),tonB(12)
GCF_009906895.1	Klebsiella pneumoniae	klebsiella	11	gapA(3),infB(3),mdh(1),pgi(1),phoE(1),rpoB(1),tonB(4)
GCF_010509815.1	Klebsiella aerogenes	klebsiella	-	gapA(168),infB(~196),mdh(-),pgi(~198),phoE(463),rpoB(263),tonB(-)
GCF_011742515.2	Klebsiella pneumoniae	klebsiella	437	gapA(3),infB(3),mdh(1),pgi(1),phoE(1),rpoB(1),tonB(31)
GCF_009906875.1	Klebsiella pneumoniae	klebsiella	11	gapA(3),infB(3),mdh(1),pgi(1),phoE(1),rpoB(1),tonB(4)
GCF_008931605.1	Klebsiella michiganensis	klebsiella	-	gapA(~147),infB(126?),mdh(-),pgi(~174),phoE(-),rpoB(~276),tonB(-)
GCF_009648995.1	Klebsiella pneumoniae	klebsiella	629	gapA(2),infB(3),mdh(87),pgi(1),phoE(12),rpoB(1),tonB(26)
GCF_009731405.1	Klebsiella pneumoniae	klebsiella	147	gapA(3),infB(4),mdh(6),pgi(1),phoE(7),rpoB(4),tonB(38)
GCF_009556655.1	Klebsiella pneumoniae	klebsiella	25	gapA(2),infB(1),mdh(1),pgi(1),phoE(10),rpoB(4),tonB(13)
GCF_011066505.1	Klebsiella pneumoniae	klebsiella	11	gapA(3),infB(3),mdh(1),pgi(1),phoE(1),rpoB(1),tonB(4)
GCF_011742055.2	Klebsiella pneumoniae	klebsiella	14	gapA(1),infB(6),mdh(1),pgi(1),phoE(1),rpoB(1),tonB(1)
GCF_009884395.1	Klebsiella pneumoniae	klebsiella	17	gapA(2),infB(1),mdh(1),pgi(1),phoE(4),rpoB(4),tonB(4)
GCF_009909325.1	Klebsiella pneumoniae	klebsiella	23	gapA(2),infB(1),mdh(1),pgi(1),phoE(9),rpoB(4),tonB(12)
GCF_008727695.1	Klebsiella aerogenes	klebsiella	-	gapA(168),infB(~196),mdh(-),pgi(197),phoE(~464),rpoB(~263),tonB(-)
GCF_009909445.1	Klebsiella aerogenes	klebsiella	-	gapA(~361),infB(131),mdh(-),pgi(~198),phoE(463),rpoB(165),tonB(-)
GCF_008931665.1	Klebsiella aerogenes	klebsiella	-	gapA(~166),infB(~196),mdh(-),pgi(~198),phoE(~463),rpoB(57),tonB(-)
GCF_010450855.1	Klebsiella pneumoniae	klebsiella	11	gapA(3),infB(3),mdh(1),pgi(1),phoE(1),rpoB(1),tonB(4)
GCF_009930855.1	Klebsiella michiganensis	klebsiella	-	gapA(~147),infB(-),mdh(-),pgi(-),phoE(-),rpoB(276?),tonB(-)
GCF_009931015.1	Klebsiella pneumoniae	klebsiella	11	gapA(3),infB(3),mdh(1),pgi(1),phoE(1),rpoB(1),tonB(4)
GCF_010365445.1	Klebsiella ornithinolytica	klebsiella	-	gapA(146),infB(125),mdh(-),pgi(170),phoE(282),rpoB(140?),tonB(-)
GCF_010367305.1	Klebsiella pneumoniae	klebsiella	268	gapA(2),infB(1),mdh(2),pgi(1),phoE(7),rpoB(1),tonB(81)
GCF_011742415.2	Klebsiella pneumoniae	klebsiella	2096	gapA(1),infB(6),mdh(1),pgi(1),phoE(1),rpoB(46),tonB(1)
GCF_008693565.1	Klebsiella michiganensis	klebsiella	-	gapA(~147),infB(-),mdh(-),pgi(-),phoE(-),rpoB(~276),tonB(-)
GCF_009661725.2	Klebsiella pneumoniae	klebsiella	4060	gapA(2),infB(4),mdh(2),pgi(1),phoE(26),rpoB(1),tonB(2)
GCF_009884415.1	Klebsiella pneumoniae	klebsiella	15	gapA(1),infB(1),mdh(1),pgi(1),phoE(1),rpoB(1),tonB(1)
GCF_011742285.2	Klebsiella pneumoniae	klebsiella	16	gapA(2),infB(1),mdh(2),pgi(1),phoE(4),rpoB(4),tonB(4)
GCF_011068365.1	Klebsiella pneumoniae	klebsiella	784	gapA(2),infB(1),mdh(1),pgi(1),phoE(27),rpoB(5),tonB(4)
GCF_009931095.1	Klebsiella pneumoniae	klebsiella	147	gapA(3),infB(4),mdh(6),pgi(1),phoE(7),rpoB(4),tonB(38)
GCF_011045775.1	Klebsiella pneumoniae	klebsiella	395	gapA(3),infB(1),mdh(2),pgi(4),phoE(1),rpoB(1),tonB(4)
GCF_009648975.1	Klebsiella variicola	klebsiella	-	gapA(16),infB(18),mdh(21),pgi(195),phoE(76),rpoB(22),tonB(45)
GCF_009930995.1	Klebsiella pneumoniae	klebsiella	1	gapA(4),infB(4),mdh(1),pgi(1),phoE(7),rpoB(4),tonB(10)
GCF_009930975.1	Klebsiella pneumoniae	klebsiella	11	gapA(3),infB(3),mdh(1),pgi(1),phoE(1),rpoB(1),tonB(4)
GCF_011742505.2	Klebsiella pneumoniae	klebsiella	42	gapA(2),infB(6),mdh(1),pgi(3),phoE(8),rpoB(1),tonB(15)
GCF_009931075.1	Klebsiella pneumoniae	klebsiella	86	gapA(9),infB(4),mdh(2),pgi(1),phoE(1),rpoB(1),tonB(27)
GCF_009931055.1	Klebsiella pneumoniae	klebsiella	412	gapA(2),infB(1),mdh(2),pgi(1),phoE(9),rpoB(1),tonB(112)
GCF_009833945.1	Klebsiella pneumoniae	klebsiella	11	gapA(3),infB(3),mdh(1),pgi(1),phoE(1),rpoB(1),tonB(4)
GCF_011106605.1	Klebsiella pneumoniae	klebsiella	11	gapA(3),infB(3),mdh(1),pgi(1),phoE(1),rpoB(1),tonB(4)
GCF_009387915.1	Klebsiella pneumoniae	klebsiella	1315	gapA(14),infB(3),mdh(6),pgi(1),phoE(21),rpoB(10),tonB(1)
GCF_009738595.2	Klebsiella pneumoniae	klebsiella	512	gapA(54),infB(3),mdh(1),pgi(1),phoE(1),rpoB(1),tonB(79)
GCF_010093005.1	Klebsiella michiganensis	klebsiella	-	gapA(~147),infB(~126),mdh(-),pgi(-),phoE(-),rpoB(264?),tonB(-)
GCF_009661415.2	Klebsiella pneumoniae	klebsiella	26	gapA(2),infB(1),mdh(1),pgi(1),phoE(9),rpoB(1),tonB(18)
GCF_009755705.1	Klebsiella pneumoniae	klebsiella	307	gapA(4),infB(1),mdh(2),pgi(52),phoE(1),rpoB(1),tonB(7)
GCF_009931175.1	Klebsiella pneumoniae	klebsiella	412	gapA(2),infB(1),mdh(2),pgi(1),phoE(9),rpoB(1),tonB(112)
GCF_009791495.1	Klebsiella pneumoniae	klebsiella	15	gapA(1),infB(1),mdh(1),pgi(1),phoE(1),rpoB(1),tonB(1)
GCF_011742585.2	Klebsiella pneumoniae	klebsiella	2096	gapA(1),infB(6),mdh(1),pgi(1),phoE(1),rpoB(46),tonB(1)
GCF_008694045.1	Klebsiella planticola	klebsiella	-	gapA(~146),infB(~120),mdh(-),pgi(170?),phoE(~282),rpoB(~140),tonB(-)
GCF_009497715.1	Klebsiella variicola	klebsiella	1562	gapA(16),infB(24),mdh(36),pgi(27),phoE(29),rpoB(22),tonB(105)
GCF_009931035.1	Klebsiella pneumoniae	klebsiella	290	gapA(2),infB(1),mdh(1),pgi(37),phoE(10),rpoB(1),tonB(86)
GCF_009914235.1	Klebsiella pneumoniae	klebsiella	11	gapA(3),infB(3),mdh(1),pgi(1),phoE(1),rpoB(1),tonB(4)
GCF_009387795.1	Klebsiella quasipneumoniae	klebsiella	1321	gapA(18),infB(22),mdh(123),pgi(111),phoE(94),rpoB(61),tonB(228)
GCF_011006575.1	Klebsiella pneumoniae	klebsiella	1027	gapA(2),infB(1),mdh(1),pgi(1),phoE(9),rpoB(4),tonB(14)
GCF_011045595.1	Klebsiella pneumoniae	klebsiella	1	gapA(4),infB(4),mdh(1),pgi(1),phoE(7),rpoB(4),tonB(10)
GCF_011022255.1	Klebsiella pneumoniae	klebsiella	11	gapA(3),infB(3),mdh(1),pgi(1),phoE(1),rpoB(1),tonB(4)
GCF_011604725.1	Klebsiella aerogenes	klebsiella	-	gapA(~361),infB(~196),mdh(-),pgi(197),phoE(~329),rpoB(~263),tonB(-)
GCF_009661535.2	Klebsiella pneumoniae	klebsiella	395	gapA(3),infB(1),mdh(2),pgi(4),phoE(1),rpoB(1),tonB(4)
GCF_011065365.1	Klebsiella pneumoniae	klebsiella	76	gapA(4),infB(1),mdh(1),pgi(1),phoE(21),rpoB(1),tonB(35)
GCF_009720445.1	Klebsiella pneumoniae	klebsiella	16	gapA(2),infB(1),mdh(2),pgi(1),phoE(4),rpoB(4),tonB(4)
GCF_009734105.1	Klebsiella pneumoniae	klebsiella	15	gapA(1),infB(1),mdh(1),pgi(1),phoE(1),rpoB(1),tonB(1)
GCF_008728415.1	Klebsiella pneumoniae	klebsiella	11	gapA(3),infB(3),mdh(1),pgi(1),phoE(1),rpoB(1),tonB(4)
GCF_009497695.1	Klebsiella pneumoniae	klebsiella	23	gapA(2),infB(1),mdh(1),pgi(1),phoE(9),rpoB(4),tonB(12)
GCF_009661615.2	Klebsiella pneumoniae	klebsiella	11	gapA(3),infB(3),mdh(1),pgi(1),phoE(1),rpoB(1),tonB(4)
GCF_009914255.1	Klebsiella pneumoniae	klebsiella	11	gapA(3),infB(3),mdh(1),pgi(1),phoE(1),rpoB(1),tonB(4)
GCF_011290675.2	Klebsiella planticola	klebsiella	-	gapA(~146),infB(~120),mdh(-),pgi(170?),phoE(~282),rpoB(~140),tonB(-)
GCF_009497735.1	Klebsiella pneumoniae	klebsiella	392	gapA(3),infB(4),mdh(6),pgi(1),phoE(7),rpoB(4),tonB(40)
GCF_009661455.2	Klebsiella pneumoniae	klebsiella	11	gapA(3),infB(3),mdh(1),pgi(1),phoE(1),rpoB(1),tonB(4)
GCF_009856585.1	Klebsiella pneumoniae	klebsiella	11	gapA(3),infB(3),mdh(1),pgi(1),phoE(1),rpoB(1),tonB(4)
GCF_009660375.2	Klebsiella pneumoniae	klebsiella	11	gapA(3),infB(3),mdh(1),pgi(1),phoE(1),rpoB(1),tonB(4)
GCF_009497755.1	Klebsiella pneumoniae	klebsiella	1265	gapA(2),infB(1),mdh(1),pgi(1),phoE(10),rpoB(4),tonB(12)
GCF_009791475.1	Klebsiella pneumoniae	klebsiella	15	gapA(1),infB(1),mdh(1),pgi(1),phoE(1),rpoB(1),tonB(1)
GCF_008931565.1	Klebsiella pneumoniae	klebsiella	1109	gapA(2),infB(3),mdh(2),pgi(2),phoE(168),rpoB(4),tonB(4)
GCF_011764365.2	Klebsiella pneumoniae	klebsiella	273	gapA(3),infB(4),mdh(6),pgi(1),phoE(7),rpoB(4),tonB(4)
GCF_011106795.1	Klebsiella pneumoniae	klebsiella	11	gapA(3),infB(3),mdh(1),pgi(1),phoE(1),rpoB(1),tonB(4)
GCF_008807175.1	Klebsiella quasipneumoniae	klebsiella	3876	gapA(17),infB(19),mdh(39),pgi(39),phoE(268),rpoB(18),tonB(156)
GCF_011752495.1	Klebsiella pneumoniae	klebsiella	11	gapA(3),infB(3),mdh(1),pgi(1),phoE(1),rpoB(1),tonB(4)
GCF_009661485.2	Klebsiella pneumoniae	klebsiella	377	gapA(10),infB(20),mdh(2),pgi(1),phoE(9),rpoB(11),tonB(12)
GCF_011106775.1	Klebsiella pneumoniae	klebsiella	11	gapA(3),infB(3),mdh(1),pgi(1),phoE(1),rpoB(1),tonB(4)
GCF_009601745.1	Klebsiella pneumoniae	klebsiella	-	gapA(2),infB(~148),mdh(6),pgi(1),phoE(9),rpoB(7),tonB(42)
GCF_009387775.1	Klebsiella pneumoniae	klebsiella	39	gapA(2),infB(1),mdh(2),pgi(4),phoE(9),rpoB(1),tonB(14)
GCF_008728695.1	Klebsiella pneumoniae	klebsiella	11	gapA(3),infB(3),mdh(1),pgi(1),phoE(1),rpoB(1),tonB(4)
GCF_009867115.1	Klebsiella pneumoniae	klebsiella	258	gapA(3),infB(3),mdh(1),pgi(1),phoE(1),rpoB(1),tonB(79)
GCF_010586985.1	Klebsiella pneumoniae	klebsiella	10	gapA(4),infB(1),mdh(7),pgi(1),phoE(9),rpoB(1),tonB(12)
GCF_010183645.1	Klebsiella pneumoniae	klebsiella	11	gapA(3),infB(3),mdh(1),pgi(1),phoE(1),rpoB(1),tonB(4)
GCF_010183685.1	Klebsiella pneumoniae	klebsiella	11	gapA(3),infB(3),mdh(1),pgi(1),phoE(1),rpoB(1),tonB(4)
GCF_009834285.1	Klebsiella pneumoniae	klebsiella	11	gapA(3),infB(3),mdh(1),pgi(1),phoE(1),rpoB(1),tonB(4)
GCF_009684575.1	Klebsiella pneumoniae	klebsiella	11	gapA(3),infB(3),mdh(1),pgi(1),phoE(1),rpoB(1),tonB(4)
GCF_011129215.1	Klebsiella pneumoniae	klebsiella	11	gapA(3),infB(3),mdh(1),pgi(1),phoE(1),rpoB(1),tonB(4)
GCF_009002435.1	Klebsiella quasipneumoniae	klebsiella	668	gapA(17),infB(19),mdh(82),pgi(81),phoE(122),rpoB(63),tonB(148)
GCF_008931345.1	Klebsiella pneumoniae	klebsiella	12	gapA(6),infB(3),mdh(1),pgi(1),phoE(12),rpoB(1),tonB(4)
GCF_009387815.1	Klebsiella pneumoniae	klebsiella	873	gapA(14),infB(1),mdh(2),pgi(1),phoE(7),rpoB(4),tonB(182)
GCF_009025895.1	Klebsiella pneumoniae	klebsiella	16	gapA(2),infB(1),mdh(2),pgi(1),phoE(4),rpoB(4),tonB(4)
GCF_013416085.1	Klebsiella pneumoniae	klebsiella	11	gapA(3),infB(3),mdh(1),pgi(1),phoE(1),rpoB(1),tonB(4)
GCF_013366555.2	Klebsiella quasipneumoniae	klebsiella	138	gapA(18),infB(22),mdh(26),pgi(23),phoE(31),rpoB(13),tonB(49)
GCF_013462275.1	Klebsiella planticola	klebsiella	-	gapA(~146),infB(~120),mdh(-),pgi(170?),phoE(~282),rpoB(~140),tonB(-)
GCF_013366565.2	Klebsiella quasipneumoniae	klebsiella	138	gapA(18),infB(22),mdh(26),pgi(23),phoE(31),rpoB(13),tonB(49)
GCF_013366585.2	Klebsiella quasipneumoniae	klebsiella	138	gapA(18),infB(22),mdh(26),pgi(23),phoE(31),rpoB(13),tonB(49)
GCF_013377595.2	Klebsiella quasipneumoniae	klebsiella	138	gapA(18),infB(22),mdh(26),pgi(23),phoE(31),rpoB(13),tonB(49)
GCF_013730235.1	Klebsiella grimontii	klebsiella	-	gapA(~147),infB(-),mdh(-),pgi(~174),phoE(-),rpoB(~276),tonB(-)
GCF_013457875.1	Klebsiella ornithinolytica	klebsiella	-	gapA(146),infB(120?),mdh(-),pgi(170),phoE(~277),rpoB(~140),tonB(-)
GCF_013168295.1	Klebsiella pneumoniae	klebsiella	967	gapA(2),infB(1),mdh(19),pgi(4),phoE(9),rpoB(4),tonB(34)
GCF_013457615.1	Klebsiella ornithinolytica	klebsiella	-	gapA(~146),infB(~120),mdh(-),pgi(170),phoE(282),rpoB(~148),tonB(-)
GCF_013378195.1	Klebsiella pneumoniae	klebsiella	11	gapA(3),infB(3),mdh(1),pgi(1),phoE(1),rpoB(1),tonB(4)
GCF_013590775.1	Klebsiella grimontii	klebsiella	-	gapA(~147),infB(-),mdh(-),pgi(~174),phoE(-),rpoB(~276),tonB(-)
GCF_013730675.1	Klebsiella pneumoniae	klebsiella	292	gapA(2),infB(1),mdh(2),pgi(1),phoE(1),rpoB(1),tonB(4)
GCF_013378155.1	Klebsiella pneumoniae	klebsiella	11	gapA(3),infB(3),mdh(1),pgi(1),phoE(1),rpoB(1),tonB(4)
GCF_013425975.1	Klebsiella ornithinolytica	klebsiella	-	gapA(146),infB(~120),mdh(-),pgi(170),phoE(~277),rpoB(140?),tonB(-)
GCF_013416055.1	Klebsiella pneumoniae	klebsiella	11	gapA(3),infB(3),mdh(1),pgi(1),phoE(1),rpoB(1),tonB(4)
GCF_013377655.2	Klebsiella quasipneumoniae	klebsiella	3234	gapA(42),infB(22),mdh(55),pgi(22),phoE(107),rpoB(128),tonB(114)
GCF_013366575.2	Klebsiella quasipneumoniae	klebsiella	138	gapA(18),infB(22),mdh(26),pgi(23),phoE(31),rpoB(13),tonB(49)
GCF_011784425.1	Klebsiella variicola	klebsiella	-	gapA(16),infB(24),mdh(21),pgi(67),phoE(47),rpoB(40),tonB(67)
GCF_012113615.1	Klebsiella pneumoniae	klebsiella	-	gapA(2),infB(1),mdh(1),pgi(1),phoE(89),rpoB(1),tonB(4)
GCF_012167215.1	Klebsiella pneumoniae	klebsiella	4327	gapA(4),infB(1),mdh(1),pgi(1),phoE(16),rpoB(1),tonB(6)
GCF_013727635.1	Klebsiella aerogenes	klebsiella	-	gapA(361),infB(~196),mdh(-),pgi(~198),phoE(463),rpoB(263),tonB(-)
GCF_012169405.1	Klebsiella pneumoniae	klebsiella	86	gapA(9),infB(4),mdh(2),pgi(1),phoE(1),rpoB(1),tonB(27)
GCF_013366635.2	Klebsiella quasipneumoniae	klebsiella	138	gapA(18),infB(22),mdh(26),pgi(23),phoE(31),rpoB(13),tonB(49)
GCF_012167385.1	Klebsiella pneumoniae	klebsiella	228	gapA(2),infB(3),mdh(6),pgi(1),phoE(27),rpoB(5),tonB(4)
GCF_013378275.1	Klebsiella pneumoniae	klebsiella	307	gapA(4),infB(1),mdh(2),pgi(52),phoE(1),rpoB(1),tonB(7)
GCF_013349085.1	Klebsiella pneumoniae	klebsiella	11	gapA(3),infB(3),mdh(1),pgi(1),phoE(1),rpoB(1),tonB(4)
GCF_013376595.1	Klebsiella pneumoniae	klebsiella	37	gapA(2),infB(9),mdh(2),pgi(1),phoE(13),rpoB(1),tonB(16)
GCF_013377665.2	Klebsiella quasipneumoniae	klebsiella	138	gapA(18),infB(22),mdh(26),pgi(23),phoE(31),rpoB(13),tonB(49)
GCF_013636415.1	Klebsiella michiganensis	klebsiella	-	gapA(~147),infB(-),mdh(-),pgi(-),phoE(-),rpoB(~276),tonB(-)
GCF_013407605.1	Klebsiella pneumoniae	klebsiella	512	gapA(54),infB(3),mdh(1),pgi(1),phoE(1),rpoB(1),tonB(79)
GCF_013635015.1	Klebsiella grimontii	klebsiella	-	gapA(~147),infB(-),mdh(-),pgi(~174),phoE(-),rpoB(~276),tonB(-)
GCF_013606065.1	Klebsiella grimontii	klebsiella	-	gapA(~147),infB(-),mdh(-),pgi(~174),phoE(-),rpoB(~276),tonB(-)
GCF_013348925.1	Klebsiella pneumoniae	klebsiella	11	gapA(3),infB(3),mdh(1),pgi(1),phoE(1),rpoB(1),tonB(4)
GCF_013407715.1	Klebsiella pneumoniae	klebsiella	1519	gapA(54),infB(3),mdh(1),pgi(1),phoE(1),rpoB(9),tonB(79)
GCF_013407825.1	Klebsiella pneumoniae	klebsiella	1519	gapA(54),infB(3),mdh(1),pgi(1),phoE(1),rpoB(9),tonB(79)
GCF_013283935.1	Klebsiella pneumoniae	klebsiella	1764	gapA(5),infB(3),mdh(1),pgi(1),phoE(9),rpoB(4),tonB(283)
GCF_012029655.1	Klebsiella terrigena	klebsiella	-	gapA(~33),infB(54),mdh(-),pgi(73),phoE(69),rpoB(~35),tonB(~128)
GCF_013728275.1	Klebsiella variicola	klebsiella	3815	gapA(16),infB(24),mdh(227),pgi(49),phoE(83),rpoB(22),tonB(124)
GCF_012167075.1	Klebsiella pneumoniae	klebsiella	889	gapA(3),infB(1),mdh(1),pgi(4),phoE(3),rpoB(1),tonB(19)
GCF_013409165.1	Klebsiella pneumoniae	klebsiella	512	gapA(54),infB(3),mdh(1),pgi(1),phoE(1),rpoB(1),tonB(79)
GCF_012113635.1	Klebsiella pneumoniae	klebsiella	107	gapA(2),infB(1),mdh(2),pgi(17),phoE(27),rpoB(1),tonB(39)
GCF_013305245.1	Klebsiella variicola	klebsiella	1747	gapA(108),infB(24),mdh(21),pgi(33),phoE(52),rpoB(22),tonB(67)
GCF_013694405.1	Klebsiella pneumoniae	klebsiella	147	gapA(3),infB(4),mdh(6),pgi(1),phoE(7),rpoB(4),tonB(38)
GCF_013408385.1	Klebsiella pneumoniae	klebsiella	307	gapA(4),infB(1),mdh(2),pgi(52),phoE(1),rpoB(1),tonB(7)
GCF_013610655.1	Klebsiella michiganensis	klebsiella	-	gapA(~147),infB(-),mdh(-),pgi(-),phoE(-),rpoB(~276),tonB(-)
GCF_013348905.1	Klebsiella pneumoniae	klebsiella	11	gapA(3),infB(3),mdh(1),pgi(1),phoE(1),rpoB(1),tonB(4)
GCF_013408885.1	Klebsiella quasipneumoniae	klebsiella	3540	gapA(18),infB(22),mdh(56),pgi(61),phoE(234),rpoB(105),tonB(357)
GCF_012113655.1	Klebsiella pneumoniae	klebsiella	629	gapA(2),infB(3),mdh(87),pgi(1),phoE(12),rpoB(1),tonB(26)
GCF_013416125.1	Klebsiella pneumoniae	klebsiella	11	gapA(3),infB(3),mdh(1),pgi(1),phoE(1),rpoB(1),tonB(4)
GCF_013416105.1	Klebsiella pneumoniae	klebsiella	11	gapA(3),infB(3),mdh(1),pgi(1),phoE(1),rpoB(1),tonB(4)
GCF_013624225.1	Klebsiella grimontii	klebsiella	-	gapA(~147),infB(-),mdh(-),pgi(~174),phoE(-),rpoB(~276),tonB(-)
GCF_013376535.2	Klebsiella pneumoniae	klebsiella	11	gapA(3),infB(3),mdh(1),pgi(1),phoE(1),rpoB(1),tonB(4)
GCF_013378235.1	Klebsiella pneumoniae	klebsiella	11	gapA(3),infB(3),mdh(1),pgi(1),phoE(1),rpoB(1),tonB(4)
GCF_013608545.1	Klebsiella grimontii	klebsiella	-	gapA(~147),infB(-),mdh(-),pgi(~174),phoE(-),rpoB(~276),tonB(-)
GCF_013409055.1	Klebsiella pneumoniae	klebsiella	512	gapA(54),infB(3),mdh(1),pgi(1),phoE(1),rpoB(1),tonB(79)
GCF_013349045.1	Klebsiella pneumoniae	klebsiella	11	gapA(3),infB(3),mdh(1),pgi(1),phoE(1),rpoB(1),tonB(4)
GCF_013378215.1	Klebsiella pneumoniae	klebsiella	11	gapA(3),infB(3),mdh(1),pgi(1),phoE(1),rpoB(1),tonB(4)
GCF_013378175.1	Klebsiella pneumoniae	klebsiella	11	gapA(3),infB(3),mdh(1),pgi(1),phoE(1),rpoB(1),tonB(4)
GCF_013624375.1	Klebsiella michiganensis	klebsiella	-	gapA(~147),infB(-),mdh(-),pgi(~174),phoE(-),rpoB(~276),tonB(-)
GCF_012944055.1	Klebsiella pneumoniae	klebsiella	660	gapA(2),infB(1),mdh(2),pgi(1),phoE(4),rpoB(1),tonB(25)
GCF_013403435.2	Klebsiella aerogenes	klebsiella	-	gapA(~168),infB(~196),mdh(-),pgi(198),phoE(~463),rpoB(~165),tonB(-)
GCF_013704985.1	Klebsiella pneumoniae	klebsiella	359	gapA(10),infB(1),mdh(2),pgi(1),phoE(9),rpoB(27),tonB(6)
GCF_013348945.1	Klebsiella pneumoniae	klebsiella	11	gapA(3),infB(3),mdh(1),pgi(1),phoE(1),rpoB(1),tonB(4)
GCF_013416035.1	Klebsiella pneumoniae	klebsiella	11	gapA(3),infB(3),mdh(1),pgi(1),phoE(1),rpoB(1),tonB(4)
GCF_013282295.1	Klebsiella pneumoniae	klebsiella	659	gapA(66),infB(1),mdh(65),pgi(1),phoE(9),rpoB(11),tonB(18)
GCF_013729075.1	Klebsiella pneumoniae	klebsiella	17	gapA(2),infB(1),mdh(1),pgi(1),phoE(4),rpoB(4),tonB(4)
GCF_013734035.1	Klebsiella pneumoniae	klebsiella	1380	gapA(2),infB(3),mdh(1),pgi(1),phoE(9),rpoB(10),tonB(4)
GCF_013731305.1	Klebsiella pneumoniae	klebsiella	2552	gapA(2),infB(3),mdh(1),pgi(6),phoE(12),rpoB(1),tonB(12)
GCF_013305325.1	Klebsiella pneumoniae	klebsiella	515	gapA(2),infB(1),mdh(1),pgi(1),phoE(1),rpoB(1),tonB(4)
GCF_013348965.1	Klebsiella pneumoniae	klebsiella	11	gapA(3),infB(3),mdh(1),pgi(1),phoE(1),rpoB(1),tonB(4)
GCF_013732655.1	Klebsiella michiganensis	klebsiella	-	gapA(~147),infB(-),mdh(-),pgi(-),phoE(-),rpoB(276?),tonB(-)
GCF_013408255.1	Klebsiella pneumoniae	klebsiella	307	gapA(4),infB(1),mdh(2),pgi(52),phoE(1),rpoB(1),tonB(7)
GCF_013724605.1	Klebsiella pneumoniae	klebsiella	461	gapA(3),infB(1),mdh(13),pgi(34),phoE(63),rpoB(1),tonB(64)
GCF_013376555.1	Klebsiella pneumoniae	klebsiella	340	gapA(3),infB(3),mdh(1),pgi(1),phoE(1),rpoB(1),tonB(18)
GCF_013731735.1	Klebsiella pneumoniae	klebsiella	3705	gapA(2),infB(1),mdh(1),pgi(1),phoE(17),rpoB(1),tonB(23)
GCF_013694425.1	Klebsiella pneumoniae	klebsiella	147	gapA(3),infB(4),mdh(6),pgi(1),phoE(7),rpoB(4),tonB(38)
GCF_013378295.1	Klebsiella pneumoniae	klebsiella	11	gapA(3),infB(3),mdh(1),pgi(1),phoE(1),rpoB(1),tonB(4)
GCF_013423825.1	Klebsiella pneumoniae	klebsiella	11	gapA(3),infB(3),mdh(1),pgi(1),phoE(1),rpoB(1),tonB(4)
GCF_013348885.1	Klebsiella pneumoniae	klebsiella	11	gapA(3),infB(3),mdh(1),pgi(1),phoE(1),rpoB(1),tonB(4)
GCF_013408755.1	Klebsiella pneumoniae	klebsiella	512	gapA(54),infB(3),mdh(1),pgi(1),phoE(1),rpoB(1),tonB(79)
GCF_013349065.1	Klebsiella pneumoniae	klebsiella	11	gapA(3),infB(3),mdh(1),pgi(1),phoE(1),rpoB(1),tonB(4)
GCF_013305305.1	Klebsiella pneumoniae	klebsiella	258	gapA(3),infB(3),mdh(1),pgi(1),phoE(1),rpoB(1),tonB(79)
GCF_013611495.1	Klebsiella pneumoniae	klebsiella	3705	gapA(2),infB(1),mdh(1),pgi(1),phoE(17),rpoB(1),tonB(23)
GCF_013408625.1	Klebsiella pneumoniae	klebsiella	307	gapA(4),infB(1),mdh(2),pgi(52),phoE(1),rpoB(1),tonB(7)
GCF_012029975.2	Klebsiella pneumoniae	klebsiella	258	gapA(3),infB(3),mdh(1),pgi(1),phoE(1),rpoB(1),tonB(79)
GCF_013378255.1	Klebsiella pneumoniae	klebsiella	307	gapA(4),infB(1),mdh(2),pgi(52),phoE(1),rpoB(1),tonB(7)
GCF_012029935.2	Klebsiella pneumoniae	klebsiella	13	gapA(2),infB(3),mdh(1),pgi(1),phoE(10),rpoB(1),tonB(19)
GCF_012029945.2	Klebsiella pneumoniae	klebsiella	258	gapA(3),infB(3),mdh(1),pgi(1),phoE(1),rpoB(1),tonB(79)
GCF_012030545.2	Klebsiella pneumoniae	klebsiella	512	gapA(54),infB(3),mdh(1),pgi(1),phoE(1),rpoB(1),tonB(79)
GCF_013348985.1	Klebsiella pneumoniae	klebsiella	11	gapA(3),infB(3),mdh(1),pgi(1),phoE(1),rpoB(1),tonB(4)
GCF_013378315.1	Klebsiella pneumoniae	klebsiella	11	gapA(3),infB(3),mdh(1),pgi(1),phoE(1),rpoB(1),tonB(4)
GCF_013349025.1	Klebsiella pneumoniae	klebsiella	11	gapA(3),infB(3),mdh(1),pgi(1),phoE(1),rpoB(1),tonB(4)
GCF_012029895.2	Klebsiella pneumoniae	klebsiella	37	gapA(2),infB(9),mdh(2),pgi(1),phoE(13),rpoB(1),tonB(16)
GCF_011769825.1	Klebsiella pneumoniae	klebsiella	15	gapA(1),infB(1),mdh(1),pgi(1),phoE(1),rpoB(1),tonB(1)
GCF_011769725.1	Klebsiella pneumoniae	klebsiella	147	gapA(3),infB(4),mdh(6),pgi(1),phoE(7),rpoB(4),tonB(38)
GCF_012029695.2	Klebsiella pneumoniae	klebsiella	14	gapA(1),infB(6),mdh(1),pgi(1),phoE(1),rpoB(1),tonB(1)
GCF_013349005.1	Klebsiella pneumoniae	klebsiella	11	gapA(3),infB(3),mdh(1),pgi(1),phoE(1),rpoB(1),tonB(4)
GCF_013624775.1	Klebsiella quasipneumoniae	klebsiella	-	gapA(18),infB(22),mdh(~566),pgi(59),phoE(11),rpoB(61),tonB(147)
GCF_011769805.1	Klebsiella pneumoniae	klebsiella	11	gapA(3),infB(3),mdh(1),pgi(1),phoE(1),rpoB(1),tonB(4)
GCF_014189245.1	Klebsiella quasipneumoniae	klebsiella	3506	gapA(18),infB(22),mdh(56),pgi(61),phoE(234),rpoB(20),tonB(169)
GCF_013783245.1	Klebsiella pneumoniae	klebsiella	37	gapA(2),infB(9),mdh(2),pgi(1),phoE(13),rpoB(1),tonB(16)
GCF_014169755.1	Klebsiella sp.	klebsiella	-	gapA(~147),infB(-),mdh(-),pgi(-),phoE(-),rpoB(146?),tonB(-)
GCF_013744615.1	Klebsiella grimontii	klebsiella	-	gapA(~147),infB(-),mdh(-),pgi(~174),phoE(-),rpoB(~276),tonB(-)
GCF_014170935.1	Klebsiella pneumoniae	klebsiella	29	gapA(2),infB(3),mdh(2),pgi(2),phoE(6),rpoB(4),tonB(4)
GCF_015135515.1	Klebsiella quasipneumoniae	klebsiella	2131	gapA(18),infB(22),mdh(26),pgi(22),phoE(171),rpoB(20),tonB(51)
GCF_014217275.1	Klebsiella michiganensis	klebsiella	-	gapA(~147),infB(-),mdh(-),pgi(-),phoE(-),rpoB(~276),tonB(-)
GCF_013745295.1	Klebsiella pneumoniae	klebsiella	1777	gapA(113),infB(1),mdh(2),pgi(1),phoE(10),rpoB(16),tonB(121)
GCF_014169535.1	Klebsiella sp.	klebsiella	-	gapA(~147),infB(-),mdh(-),pgi(-),phoE(-),rpoB(146?),tonB(-)
GCF_014169335.1	Klebsiella pneumoniae	klebsiella	655	gapA(1),infB(1),mdh(1),pgi(1),phoE(1),rpoB(1),tonB(23)
GCF_013796245.1	Klebsiella pneumoniae	klebsiella	111	gapA(2),infB(1),mdh(5),pgi(1),phoE(17),rpoB(4),tonB(42)
GCF_014168815.1	Klebsiella sp.	klebsiella	-	gapA(~147),infB(-),mdh(-),pgi(-),phoE(-),rpoB(148?),tonB(-)
GCF_014169075.1	Klebsiella sp.	klebsiella	-	gapA(~147),infB(-),mdh(-),pgi(-),phoE(-),rpoB(146?),tonB(-)
GCF_014168655.1	Klebsiella pneumoniae	klebsiella	4	gapA(3),infB(1),mdh(1),pgi(1),phoE(3),rpoB(3),tonB(1)
GCF_014883955.1	Klebsiella pneumoniae	klebsiella	504	gapA(2),infB(1),mdh(1),pgi(1),phoE(3),rpoB(3),tonB(18)
GCF_014495765.1	Klebsiella pneumoniae	klebsiella	147	gapA(3),infB(4),mdh(6),pgi(1),phoE(7),rpoB(4),tonB(38)
GCF_013782105.1	Klebsiella pneumoniae	klebsiella	-	gapA(2),infB(3),mdh(6),pgi(75),phoE(~9),rpoB(7),tonB(137)
GCF_014169555.1	Klebsiella sp.	klebsiella	-	gapA(~147),infB(-),mdh(-),pgi(-),phoE(-),rpoB(146?),tonB(-)
GCF_014169515.1	Klebsiella sp.	klebsiella	-	gapA(~147),infB(-),mdh(-),pgi(-),phoE(-),rpoB(146?),tonB(-)
GCF_015138775.1	Klebsiella pneumoniae	klebsiella	20	gapA(2),infB(3),mdh(1),pgi(1),phoE(4),rpoB(4),tonB(4)
GCF_013737695.1	Klebsiella pneumoniae	klebsiella	359	gapA(10),infB(1),mdh(2),pgi(1),phoE(9),rpoB(27),tonB(6)
GCF_015277995.1	Klebsiella pneumoniae	klebsiella	5511	gapA(2),infB(9),mdh(220),pgi(1),phoE(13),rpoB(1),tonB(16)
GCF_014169215.1	Klebsiella aerogenes	klebsiella	-	gapA(168),infB(~196),mdh(-),pgi(~198),phoE(463),rpoB(57),tonB(-)
GCF_013791265.1	Klebsiella pneumoniae	klebsiella	45	gapA(2),infB(1),mdh(1),pgi(6),phoE(7),rpoB(1),tonB(12)
GCF_014217415.1	Klebsiella variicola	klebsiella	5059	gapA(16),infB(18),mdh(84),pgi(31),phoE(92),rpoB(29),tonB(75)
GCF_014189265.1	Klebsiella quasipneumoniae	klebsiella	2275	gapA(18),infB(22),mdh(26),pgi(22),phoE(115),rpoB(52),tonB(51)
GCF_014168575.1	Klebsiella pneumoniae	klebsiella	101	gapA(2),infB(6),mdh(1),pgi(5),phoE(4),rpoB(1),tonB(6)
GCF_015239295.1	Klebsiella pneumoniae	klebsiella	11	gapA(3),infB(3),mdh(1),pgi(1),phoE(1),rpoB(1),tonB(4)
GCF_013826985.1	Klebsiella oxytoca	klebsiella	-	gapA(147),infB(133),mdh(-),pgi(~174),phoE(-),rpoB(~149),tonB(-)
GCF_014725775.1	Klebsiella pneumoniae	klebsiella	86	gapA(9),infB(4),mdh(2),pgi(1),phoE(1),rpoB(1),tonB(27)
GCF_013735895.1	Klebsiella pneumoniae	klebsiella	188	gapA(3),infB(1),mdh(1),pgi(3),phoE(4),rpoB(28),tonB(39)
GCF_013735435.1	Klebsiella grimontii	klebsiella	-	gapA(~147),infB(-),mdh(-),pgi(~174),phoE(-),rpoB(~276),tonB(-)
GCF_014050515.2	Klebsiella michiganensis	klebsiella	-	gapA(~147),infB(-),mdh(-),pgi(-),phoE(-),rpoB(~276),tonB(-)
GCF_014041845.2	Klebsiella pneumoniae	klebsiella	11	gapA(3),infB(3),mdh(1),pgi(1),phoE(1),rpoB(1),tonB(4)
GCF_015278075.1	Klebsiella quasipneumoniae	klebsiella	2354	gapA(42),infB(22),mdh(192),pgi(64),phoE(269),rpoB(20),tonB(312)
GCF_013796485.1	Klebsiella pneumoniae	klebsiella	111	gapA(2),infB(1),mdh(5),pgi(1),phoE(17),rpoB(4),tonB(42)
GCF_015239135.1	Klebsiella pneumoniae	klebsiella	11	gapA(3),infB(3),mdh(1),pgi(1),phoE(1),rpoB(1),tonB(4)
GCF_013792545.1	Klebsiella pneumoniae	klebsiella	34	gapA(2),infB(3),mdh(6),pgi(1),phoE(9),rpoB(7),tonB(4)
GCF_014168915.1	Klebsiella sp.	klebsiella	-	gapA(~147),infB(-),mdh(-),pgi(-),phoE(-),rpoB(148?),tonB(-)
GCF_013735155.1	Klebsiella pneumoniae	klebsiella	678	gapA(2),infB(3),mdh(1),pgi(1),phoE(109),rpoB(56),tonB(18)
GCF_014041645.2	Klebsiella pneumoniae	klebsiella	11	gapA(3),infB(3),mdh(1),pgi(1),phoE(1),rpoB(1),tonB(4)
GCF_015277755.1	Klebsiella pneumoniae	klebsiella	11	gapA(3),infB(3),mdh(1),pgi(1),phoE(1),rpoB(1),tonB(4)
GCF_013736875.1	Klebsiella sp.	klebsiella	-	gapA(~146),infB(-),mdh(-),pgi(-),phoE(-),rpoB(~148),tonB(-)
GCF_014764345.1	Klebsiella pneumoniae	klebsiella	37	gapA(2),infB(9),mdh(2),pgi(1),phoE(13),rpoB(1),tonB(16)
GCF_014495785.1	Klebsiella pneumoniae	klebsiella	147	gapA(3),infB(4),mdh(6),pgi(1),phoE(7),rpoB(4),tonB(38)
GCF_013736155.1	Klebsiella pneumoniae	klebsiella	20	gapA(2),infB(3),mdh(1),pgi(1),phoE(4),rpoB(4),tonB(4)
GCF_014041735.2	Klebsiella pneumoniae	klebsiella	11	gapA(3),infB(3),mdh(1),pgi(1),phoE(1),rpoB(1),tonB(4)
GCF_015278015.1	Klebsiella variicola	klebsiella	3972	gapA(16),infB(49),mdh(296),pgi(38),phoE(47),rpoB(22),tonB(569)
GCF_014843255.1	Klebsiella quasipneumoniae	klebsiella	-	gapA(69),infB(19),mdh(90),pgi(20),phoE(~125),rpoB(18),tonB(36)
GCF_014041505.2	Klebsiella pneumoniae	klebsiella	11	gapA(3),infB(3),mdh(1),pgi(1),phoE(1),rpoB(1),tonB(4)
GCF_014304835.1	Klebsiella pneumoniae	klebsiella	65	gapA(2),infB(1),mdh(2),pgi(1),phoE(10),rpoB(4),tonB(13)
GCF_013813035.1	Klebsiella pneumoniae	klebsiella	661	gapA(4),infB(3),mdh(1),pgi(36),phoE(9),rpoB(10),tonB(14)
GCF_015238895.1	Klebsiella pneumoniae	klebsiella	11	gapA(3),infB(3),mdh(1),pgi(1),phoE(1),rpoB(1),tonB(4)
GCF_015159775.2	Klebsiella pneumoniae	klebsiella	43	gapA(2),infB(6),mdh(1),pgi(5),phoE(11),rpoB(1),tonB(15)
GCF_014171135.1	Klebsiella ornithinolytica	klebsiella	-	gapA(146),infB(120),mdh(-),pgi(~170),phoE(~282),rpoB(140?),tonB(-)
GCF_014168875.1	Klebsiella quasipneumoniae	klebsiella	-	gapA(18),infB(15),mdh(18),pgi(~396),phoE(11),rpoB(92),tonB(~49)
GCF_015238655.1	Klebsiella pneumoniae	klebsiella	11	gapA(3),infB(3),mdh(1),pgi(1),phoE(1),rpoB(1),tonB(4)
GCF_013734595.1	Klebsiella grimontii	klebsiella	-	gapA(~147),infB(-),mdh(-),pgi(~174),phoE(-),rpoB(~276),tonB(-)
GCF_014840955.1	Klebsiella pneumoniae	klebsiella	-	gapA(2),infB(1),mdh(2),pgi(1),phoE(12),rpoB(1),tonB(~46)
GCF_014489395.1	Klebsiella variicola	klebsiella	1737	gapA(16),infB(24),mdh(21),pgi(31),phoE(47),rpoB(22),tonB(45)
GCF_013811445.1	Klebsiella pneumoniae	klebsiella	161	gapA(2),infB(1),mdh(2),pgi(1),phoE(1),rpoB(4),tonB(12)
GCF_013826045.1	Klebsiella pneumoniae	klebsiella	966	gapA(2),infB(1),mdh(2),pgi(1),phoE(1),rpoB(1),tonB(68)
GCF_014490685.2	Klebsiella pneumoniae	klebsiella	147	gapA(3),infB(4),mdh(6),pgi(1),phoE(7),rpoB(4),tonB(38)
GCF_015277975.1	Klebsiella pneumoniae	klebsiella	628	gapA(2),infB(60),mdh(11),pgi(1),phoE(4),rpoB(8),tonB(24)
GCF_014854815.1	Klebsiella pneumoniae	klebsiella	11	gapA(3),infB(3),mdh(1),pgi(1),phoE(1),rpoB(1),tonB(4)
GCF_013750595.1	Klebsiella oxytoca	klebsiella	-	gapA(147),infB(~133),mdh(-),pgi(174),phoE(-),rpoB(~149),tonB(-)
GCF_013834745.1	Klebsiella pneumoniae	klebsiella	45	gapA(2),infB(1),mdh(1),pgi(6),phoE(7),rpoB(1),tonB(12)
GCF_013811845.1	Klebsiella pneumoniae	klebsiella	5808	gapA(4),infB(1),mdh(3),pgi(1),phoE(7),rpoB(1),tonB(7)
GCF_014524525.1	Klebsiella pneumoniae	klebsiella	15	gapA(1),infB(1),mdh(1),pgi(1),phoE(1),rpoB(1),tonB(1)
GCF_015022235.1	Klebsiella pneumoniae	klebsiella	-	gapA(3),infB(3),mdh(1),pgi(1),phoE(1),rpoB(1),tonB(~4)
GCF_015139575.1	Klebsiella michiganensis	klebsiella	-	gapA(~147),infB(-),mdh(-),pgi(~174),phoE(-),rpoB(~276),tonB(-)
GCF_014162935.2	Klebsiella pneumoniae	klebsiella	101	gapA(2),infB(6),mdh(1),pgi(5),phoE(4),rpoB(1),tonB(6)
GCF_014361115.1	Klebsiella pneumoniae	klebsiella	37	gapA(2),infB(9),mdh(2),pgi(1),phoE(13),rpoB(1),tonB(16)
GCF_015277935.1	Klebsiella pneumoniae	klebsiella	791	gapA(2),infB(1),mdh(1),pgi(37),phoE(9),rpoB(4),tonB(64)
GCF_015074825.1	Klebsiella grimontii	klebsiella	-	gapA(~147),infB(-),mdh(-),pgi(~174),phoE(-),rpoB(~276),tonB(-)
GCF_015024285.2	Klebsiella pneumoniae	klebsiella	1035	gapA(4),infB(1),mdh(1),pgi(26),phoE(1),rpoB(1),tonB(4)
GCF_014189335.1	Klebsiella pneumoniae	klebsiella	1454	gapA(2),infB(3),mdh(6),pgi(1),phoE(9),rpoB(7),tonB(18)
GCF_014169495.1	Klebsiella quasipneumoniae	klebsiella	1031	gapA(18),infB(22),mdh(18),pgi(23),phoE(134),rpoB(13),tonB(51)
GCF_015278095.1	Klebsiella pneumoniae	klebsiella	629	gapA(2),infB(3),mdh(87),pgi(1),phoE(12),rpoB(1),tonB(26)
GCF_014788765.1	Klebsiella pneumoniae	klebsiella	25	gapA(2),infB(1),mdh(1),pgi(1),phoE(10),rpoB(4),tonB(13)
GCF_014123345.1	Klebsiella pneumoniae	klebsiella	15	gapA(1),infB(1),mdh(1),pgi(1),phoE(1),rpoB(1),tonB(1)
GCF_014596785.2	Klebsiella sp.	klebsiella	290	gapA(2),infB(1),mdh(1),pgi(37),phoE(10),rpoB(1),tonB(86)
GCF_014905815.1	Klebsiella pneumoniae	klebsiella	11	gapA(3),infB(3),mdh(1),pgi(1),phoE(1),rpoB(1),tonB(4)
GCF_015238555.1	Klebsiella pneumoniae	klebsiella	2667	gapA(3),infB(3),mdh(1),pgi(1),phoE(1),rpoB(1),tonB(10)
GCF_015219805.1	Klebsiella pneumoniae	klebsiella	15	gapA(1),infB(1),mdh(1),pgi(1),phoE(1),rpoB(1),tonB(1)
GCF_013805705.1	Klebsiella pneumoniae	klebsiella	2426	gapA(4),infB(3),mdh(1),pgi(1),phoE(9),rpoB(10),tonB(14)
GCF_013895695.1	Klebsiella pneumoniae	klebsiella	3153	gapA(1),infB(1),mdh(4),pgi(1),phoE(3),rpoB(1),tonB(54)
GCF_014826045.1	Klebsiella pneumoniae	klebsiella	37	gapA(2),infB(9),mdh(2),pgi(1),phoE(13),rpoB(1),tonB(16)
GCF_015278055.1	Klebsiella pneumoniae	klebsiella	1662	gapA(4),infB(1),mdh(1),pgi(1),phoE(3),rpoB(44),tonB(4)
GCF_015277955.1	Klebsiella pneumoniae	klebsiella	1	gapA(4),infB(4),mdh(1),pgi(1),phoE(7),rpoB(4),tonB(10)
GCF_015277915.1	Klebsiella pneumoniae	klebsiella	1	gapA(4),infB(4),mdh(1),pgi(1),phoE(7),rpoB(4),tonB(10)
GCF_014169255.1	Klebsiella quasipneumoniae	klebsiella	-	gapA(18),infB(22),mdh(309),pgi(16),phoE(~11),rpoB(37),tonB(593)
GCF_014170655.1	Klebsiella quasipneumoniae	klebsiella	-	gapA(18),infB(22),mdh(26),pgi(59),phoE(94),rpoB(13),tonB(51)
GCF_014170855.1	Klebsiella ornithinolytica	klebsiella	-	gapA(~146),infB(125),mdh(-),pgi(170),phoE(~282),rpoB(140),tonB(-)
GCF_014170015.1	Klebsiella pneumoniae	klebsiella	37	gapA(2),infB(9),mdh(2),pgi(1),phoE(13),rpoB(1),tonB(16)
GCF_015074925.1	Klebsiella pneumoniae	klebsiella	23	gapA(2),infB(1),mdh(1),pgi(1),phoE(9),rpoB(4),tonB(12)
GCF_015243235.1	Klebsiella pneumoniae	klebsiella	11	gapA(3),infB(3),mdh(1),pgi(1),phoE(1),rpoB(1),tonB(4)
GCF_014961485.1	Klebsiella pneumoniae	klebsiella	2667	gapA(3),infB(3),mdh(1),pgi(1),phoE(1),rpoB(1),tonB(10)
GCF_014168895.1	Klebsiella quasipneumoniae	klebsiella	-	gapA(18),infB(22),mdh(26),pgi(59),phoE(94),rpoB(13),tonB(~51)
GCF_014169355.1	Klebsiella quasipneumoniae	klebsiella	668	gapA(17),infB(19),mdh(82),pgi(81),phoE(122),rpoB(63),tonB(148)
GCF_015285145.1	Klebsiella pneumoniae	klebsiella	111	gapA(2),infB(1),mdh(5),pgi(1),phoE(17),rpoB(4),tonB(42)
GCF_015286965.1	Klebsiella variicola	klebsiella	-	gapA(45),infB(24),mdh(21),pgi(66),phoE(47),rpoB(22),tonB(288)
GCF_015287155.1	Klebsiella variicola	klebsiella	919	gapA(16),infB(24),mdh(21),pgi(27),phoE(47),rpoB(22),tonB(188)
GCF_015287425.1	Klebsiella variicola	klebsiella	-	gapA(45),infB(24),mdh(21),pgi(66),phoE(47),rpoB(22),tonB(288)
GCF_016743095.1	Klebsiella quasipneumoniae	klebsiella	-	gapA(284),infB(~232),mdh(405),pgi(~351),phoE(~520),rpoB(~301),tonB(~782)
GCF_015601345.1	Klebsiella sp.	klebsiella	-	gapA(~147),infB(-),mdh(-),pgi(-),phoE(-),rpoB(148?),tonB(-)
GCF_015289145.1	Klebsiella pneumoniae	klebsiella	2668	gapA(7),infB(1),mdh(2),pgi(2),phoE(1),rpoB(1),tonB(25)
GCF_015283665.1	Klebsiella pneumoniae	klebsiella	86	gapA(9),infB(4),mdh(2),pgi(1),phoE(1),rpoB(1),tonB(27)
GCF_015284185.1	Klebsiella variicola	klebsiella	-	gapA(45),infB(24),mdh(21),pgi(66),phoE(47),rpoB(22),tonB(288)
GCF_016415705.1	Klebsiella quasipneumoniae	klebsiella	3387	gapA(18),infB(22),mdh(74),pgi(70),phoE(11),rpoB(69),tonB(99)
GCF_015288445.1	Klebsiella variicola	klebsiella	-	gapA(45),infB(24),mdh(21),pgi(66),phoE(47),rpoB(22),tonB(288)
GCF_015283885.1	Klebsiella pneumoniae	klebsiella	1565	gapA(2),infB(1),mdh(99),pgi(1),phoE(9),rpoB(1),tonB(14)
GCF_015286025.1	Klebsiella quasipneumoniae	klebsiella	2355	gapA(18),infB(22),mdh(18),pgi(61),phoE(11),rpoB(13),tonB(51)
GCF_015992305.1	Klebsiella pneumoniae	klebsiella	11	gapA(3),infB(3),mdh(1),pgi(1),phoE(1),rpoB(1),tonB(4)
GCF_015288985.1	Klebsiella quasipneumoniae	klebsiella	-	gapA(18),infB(22),mdh(26),pgi(63),phoE(254),rpoB(38),tonB(359)
GCF_015285645.1	Klebsiella variicola	klebsiella	-	gapA(45),infB(24),mdh(21),pgi(66),phoE(47),rpoB(22),tonB(288)
GCF_015284925.1	Klebsiella pneumoniae	klebsiella	2158	gapA(4),infB(1),mdh(5),pgi(1),phoE(7),rpoB(1),tonB(24)
GCF_015774955.1	Klebsiella pneumoniae	klebsiella	11	gapA(3),infB(3),mdh(1),pgi(1),phoE(1),rpoB(1),tonB(4)
GCF_015992405.1	Klebsiella pneumoniae	klebsiella	11	gapA(3),infB(3),mdh(1),pgi(1),phoE(1),rpoB(1),tonB(4)
GCF_015338385.1	Klebsiella pneumoniae	klebsiella	-	gapA(2),infB(3),mdh(2),pgi(1),phoE(1),rpoB(10),tonB(4)
GCF_015288205.1	Klebsiella pneumoniae	klebsiella	1565	gapA(2),infB(1),mdh(99),pgi(1),phoE(9),rpoB(1),tonB(14)
GCF_015832035.1	Klebsiella pneumoniae	klebsiella	375	gapA(43),infB(1),mdh(2),pgi(1),phoE(10),rpoB(4),tonB(13)
GCF_015774895.1	Klebsiella pneumoniae	klebsiella	1128	gapA(2),infB(1),mdh(1),pgi(1),phoE(7),rpoB(1),tonB(4)
GCF_015284485.1	Klebsiella quasipneumoniae	klebsiella	2355	gapA(18),infB(22),mdh(18),pgi(61),phoE(11),rpoB(13),tonB(51)
GCF_015286445.1	Klebsiella pneumoniae	klebsiella	23	gapA(2),infB(1),mdh(1),pgi(1),phoE(9),rpoB(4),tonB(12)
GCF_016066025.1	Klebsiella pneumoniae	klebsiella	1440	gapA(2),infB(3),mdh(1),pgi(1),phoE(4),rpoB(1),tonB(4)
GCF_015694085.1	Klebsiella pneumoniae	klebsiella	29	gapA(2),infB(3),mdh(2),pgi(2),phoE(6),rpoB(4),tonB(4)
GCF_015286225.1	Klebsiella pneumoniae	klebsiella	1565	gapA(2),infB(1),mdh(99),pgi(1),phoE(9),rpoB(1),tonB(14)
GCF_015291905.1	Klebsiella quasipneumoniae	klebsiella	2355	gapA(18),infB(22),mdh(18),pgi(61),phoE(11),rpoB(13),tonB(51)
GCF_015285825.1	Klebsiella quasipneumoniae	klebsiella	2355	gapA(18),infB(22),mdh(18),pgi(61),phoE(11),rpoB(13),tonB(51)
GCF_015992425.1	Klebsiella pneumoniae	klebsiella	11	gapA(3),infB(3),mdh(1),pgi(1),phoE(1),rpoB(1),tonB(4)
GCF_016237985.1	Klebsiella quasipneumoniae	klebsiella	367	gapA(18),infB(15),mdh(26),pgi(16),phoE(11),rpoB(13),tonB(106)
GCF_015775135.1	Klebsiella pneumoniae	klebsiella	11	gapA(3),infB(3),mdh(1),pgi(1),phoE(1),rpoB(1),tonB(4)
GCF_015286725.1	Klebsiella variicola	klebsiella	-	gapA(28),infB(24),mdh(21),pgi(40),phoE(55),rpoB(22),tonB(67)
GCF_015355855.1	Klebsiella pneumoniae	klebsiella	23	gapA(2),infB(1),mdh(1),pgi(1),phoE(9),rpoB(4),tonB(12)
GCF_015289325.1	Klebsiella variicola	klebsiella	-	gapA(45),infB(24),mdh(21),pgi(66),phoE(47),rpoB(22),tonB(288)
GCF_015288785.1	Klebsiella variicola	klebsiella	-	gapA(28),infB(24),mdh(21),pgi(40),phoE(55),rpoB(22),tonB(67)
GCF_015288045.1	Klebsiella variicola	klebsiella	-	gapA(28),infB(24),mdh(21),pgi(40),phoE(55),rpoB(22),tonB(67)
GCF_015290925.1	Klebsiella pneumoniae	klebsiella	-	gapA(2),infB(1),mdh(~169),pgi(1),phoE(232),rpoB(7),tonB(13)
GCF_015289765.1	Klebsiella pneumoniae	klebsiella	1565	gapA(2),infB(1),mdh(99),pgi(1),phoE(9),rpoB(1),tonB(14)
GCF_016599735.1	Klebsiella sp.	klebsiella	-	gapA(~146),infB(~120),mdh(-),pgi(165),phoE(~282),rpoB(~148),tonB(-)
GCF_015289545.1	Klebsiella pneumoniae	klebsiella	1565	gapA(2),infB(1),mdh(99),pgi(1),phoE(9),rpoB(1),tonB(14)
GCF_015999385.1	Klebsiella michiganensis	klebsiella	-	gapA(~147),infB(-),mdh(-),pgi(-),phoE(-),rpoB(~276),tonB(-)
GCF_016694775.1	Klebsiella pneumoniae	klebsiella	967	gapA(2),infB(1),mdh(19),pgi(4),phoE(9),rpoB(4),tonB(34)
GCF_015290145.1	Klebsiella pneumoniae	klebsiella	1035	gapA(4),infB(1),mdh(1),pgi(26),phoE(1),rpoB(1),tonB(4)
GCF_015286005.1	Klebsiella variicola	klebsiella	347	gapA(16),infB(24),mdh(21),pgi(27),phoE(47),rpoB(22),tonB(67)
GCF_015355995.1	Klebsiella pneumoniae	klebsiella	11	gapA(3),infB(3),mdh(1),pgi(1),phoE(1),rpoB(1),tonB(4)
GCF_015355955.1	Klebsiella pneumoniae	klebsiella	23	gapA(2),infB(1),mdh(1),pgi(1),phoE(9),rpoB(4),tonB(12)
GCF_015284065.1	Klebsiella quasipneumoniae	klebsiella	2558	gapA(42),infB(22),mdh(18),pgi(22),phoE(167),rpoB(13),tonB(49)
GCF_016067835.1	Klebsiella pneumoniae	klebsiella	11	gapA(3),infB(3),mdh(1),pgi(1),phoE(1),rpoB(1),tonB(4)
GCF_016510335.1	Klebsiella quasipneumoniae	klebsiella	1535	gapA(18),infB(22),mdh(26),pgi(61),phoE(79),rpoB(13),tonB(51)
GCF_015999625.1	Klebsiella pneumoniae	klebsiella	11	gapA(3),infB(3),mdh(1),pgi(1),phoE(1),rpoB(1),tonB(4)
GCF_015284665.1	Klebsiella pneumoniae	klebsiella	23	gapA(2),infB(1),mdh(1),pgi(1),phoE(9),rpoB(4),tonB(12)
GCF_015287805.1	Klebsiella variicola	klebsiella	-	gapA(16),infB(18),mdh(320),pgi(27),phoE(50),rpoB(22),tonB(858)
GCF_015291925.1	Klebsiella quasipneumoniae	klebsiella	2355	gapA(18),infB(22),mdh(18),pgi(61),phoE(11),rpoB(13),tonB(51)
GCF_016653655.1	Klebsiella ornithinolytica	klebsiella	-	gapA(146),infB(~120),mdh(-),pgi(170),phoE(282),rpoB(~148),tonB(-)
GCF_015355875.1	Klebsiella pneumoniae	klebsiella	11	gapA(3),infB(3),mdh(1),pgi(1),phoE(1),rpoB(1),tonB(4)
GCF_015355895.1	Klebsiella pneumoniae	klebsiella	11	gapA(3),infB(3),mdh(1),pgi(1),phoE(1),rpoB(1),tonB(4)
GCF_016727425.1	Klebsiella pneumoniae	klebsiella	48	gapA(2),infB(5),mdh(2),pgi(2),phoE(7),rpoB(1),tonB(10)
GCF_015910165.1	Klebsiella pneumoniae	klebsiella	17	gapA(2),infB(1),mdh(1),pgi(1),phoE(4),rpoB(4),tonB(4)
GCF_015992385.1	Klebsiella pneumoniae	klebsiella	11	gapA(3),infB(3),mdh(1),pgi(1),phoE(1),rpoB(1),tonB(4)
GCF_016618215.1	Klebsiella michiganensis	klebsiella	-	gapA(~147),infB(126?),mdh(-),pgi(-),phoE(-),rpoB(~276),tonB(-)
GCF_015775275.1	Klebsiella pneumoniae	klebsiella	1128	gapA(2),infB(1),mdh(1),pgi(1),phoE(7),rpoB(1),tonB(4)
GCF_015694065.1	Klebsiella pneumoniae	klebsiella	323	gapA(2),infB(1),mdh(1),pgi(1),phoE(9),rpoB(1),tonB(93)
GCF_016629585.1	Klebsiella pneumoniae	klebsiella	2999	gapA(2),infB(1),mdh(1),pgi(39),phoE(10),rpoB(1),tonB(5)
GCF_015355835.1	Klebsiella pneumoniae	klebsiella	23	gapA(2),infB(1),mdh(1),pgi(1),phoE(9),rpoB(4),tonB(12)
GCF_016403065.1	Klebsiella pneumoniae	klebsiella	11	gapA(3),infB(3),mdh(1),pgi(1),phoE(1),rpoB(1),tonB(4)
GCF_015288605.1	Klebsiella pneumoniae	klebsiella	35	gapA(2),infB(1),mdh(2),pgi(1),phoE(10),rpoB(1),tonB(19)
GCF_015355975.1	Klebsiella pneumoniae	klebsiella	23	gapA(2),infB(1),mdh(1),pgi(1),phoE(9),rpoB(4),tonB(12)
GCF_016403085.1	Klebsiella pneumoniae	klebsiella	11	gapA(3),infB(3),mdh(1),pgi(1),phoE(1),rpoB(1),tonB(4)
GCF_015571975.1	Klebsiella terrigena	klebsiella	-	gapA(~33),infB(54),mdh(-),pgi(~73),phoE(69),rpoB(~35),tonB(~140)
GCF_015992265.1	Klebsiella pneumoniae	klebsiella	11	gapA(3),infB(3),mdh(1),pgi(1),phoE(1),rpoB(1),tonB(4)
GCF_016758865.1	Klebsiella quasipneumoniae	klebsiella	5563	gapA(17),infB(19),mdh(188),pgi(20),phoE(545),rpoB(18),tonB(197)
GCF_015287605.1	Klebsiella pneumoniae	klebsiella	36	gapA(2),infB(1),mdh(2),pgi(1),phoE(7),rpoB(1),tonB(7)
GCF_015290365.1	Klebsiella variicola	klebsiella	7563	gapA(16),infB(24),mdh(84),pgi(33),phoE(637),rpoB(22),tonB(67)
GCF_015290565.1	Klebsiella variicola	klebsiella	7563	gapA(16),infB(24),mdh(84),pgi(33),phoE(637),rpoB(22),tonB(67)
GCF_015353095.1	Klebsiella pneumoniae	klebsiella	340	gapA(3),infB(3),mdh(1),pgi(1),phoE(1),rpoB(1),tonB(18)
GCF_015992365.1	Klebsiella quasipneumoniae	klebsiella	-	gapA(18),infB(15),mdh(18),pgi(16),phoE(231),rpoB(13),tonB(310)
GCF_015355915.1	Klebsiella pneumoniae	klebsiella	11	gapA(3),infB(3),mdh(1),pgi(1),phoE(1),rpoB(1),tonB(4)
GCF_016066695.1	Klebsiella quasipneumoniae	klebsiella	7051	gapA(48),infB(22),mdh(55),pgi(22),phoE(92),rpoB(13),tonB(51)
GCF_015356015.1	Klebsiella pneumoniae	klebsiella	11	gapA(3),infB(3),mdh(1),pgi(1),phoE(1),rpoB(1),tonB(4)
GCF_015355935.1	Klebsiella pneumoniae	klebsiella	11	gapA(3),infB(3),mdh(1),pgi(1),phoE(1),rpoB(1),tonB(4)
GCF_015356055.1	Klebsiella pneumoniae	klebsiella	11	gapA(3),infB(3),mdh(1),pgi(1),phoE(1),rpoB(1),tonB(4)
GCF_015992345.1	Klebsiella pneumoniae	klebsiella	3096	gapA(71),infB(1),mdh(1),pgi(35),phoE(16),rpoB(4),tonB(4)
GCF_015356035.1	Klebsiella pneumoniae	klebsiella	11	gapA(3),infB(3),mdh(1),pgi(1),phoE(1),rpoB(1),tonB(4)
GCF_015992285.1	Klebsiella pneumoniae	klebsiella	7701	gapA(2),infB(1),mdh(1),pgi(1),phoE(4),rpoB(1),tonB(26)
GCF_015910145.1	Klebsiella pneumoniae	klebsiella	376	gapA(2),infB(6),mdh(1),pgi(3),phoE(8),rpoB(1),tonB(27)
GCF_016772555.1	Klebsiella pneumoniae	klebsiella	258	gapA(3),infB(3),mdh(1),pgi(1),phoE(1),rpoB(1),tonB(79)
GCF_016774455.1	Klebsiella pneumoniae	klebsiella	11	gapA(3),infB(3),mdh(1),pgi(1),phoE(1),rpoB(1),tonB(4)
GCF_016772575.1	Klebsiella pneumoniae	klebsiella	258	gapA(3),infB(3),mdh(1),pgi(1),phoE(1),rpoB(1),tonB(79)
GCF_015289985.1	Klebsiella pneumoniae	klebsiella	133	gapA(12),infB(1),mdh(1),pgi(2),phoE(5),rpoB(1),tonB(36)
GCF_016066475.1	Klebsiella pneumoniae	klebsiella	507	gapA(2),infB(3),mdh(1),pgi(1),phoE(1),rpoB(4),tonB(38)
GCF_015992325.1	Klebsiella pneumoniae	klebsiella	11	gapA(3),infB(3),mdh(1),pgi(1),phoE(1),rpoB(1),tonB(4)
GCF_016071735.1	Klebsiella pneumoniae	klebsiella	493	gapA(2),infB(1),mdh(70),pgi(1),phoE(12),rpoB(1),tonB(127)
GCF_016066295.1	Klebsiella pneumoniae	klebsiella	225	gapA(10),infB(1),mdh(1),pgi(1),phoE(12),rpoB(1),tonB(38)
GCF_016774435.1	Klebsiella pneumoniae	klebsiella	11	gapA(3),infB(3),mdh(1),pgi(1),phoE(1),rpoB(1),tonB(4)
GCF_016772595.1	Klebsiella pneumoniae	klebsiella	258	gapA(3),infB(3),mdh(1),pgi(1),phoE(1),rpoB(1),tonB(79)
GCF_015290985.1	Klebsiella pneumoniae	klebsiella	23	gapA(2),infB(1),mdh(1),pgi(1),phoE(9),rpoB(4),tonB(12)
GCF_016772535.1	Klebsiella pneumoniae	klebsiella	258	gapA(3),infB(3),mdh(1),pgi(1),phoE(1),rpoB(1),tonB(79)
GCF_015694045.1	Klebsiella variicola	klebsiella	347	gapA(16),infB(24),mdh(21),pgi(27),phoE(47),rpoB(22),tonB(67)
GCF_017310325.1	Klebsiella pneumoniae	klebsiella	11	gapA(3),infB(3),mdh(1),pgi(1),phoE(1),rpoB(1),tonB(4)
GCF_016903515.1	Klebsiella pneumoniae	klebsiella	628	gapA(2),infB(60),mdh(11),pgi(1),phoE(4),rpoB(8),tonB(24)
GCF_016904035.1	Klebsiella pneumoniae	klebsiella	298	gapA(2),infB(1),mdh(2),pgi(1),phoE(1),rpoB(1),tonB(7)
GCF_016925355.1	Klebsiella pneumoniae	klebsiella	231	gapA(2),infB(6),mdh(1),pgi(3),phoE(26),rpoB(1),tonB(77)
GCF_016904635.1	Klebsiella pneumoniae	klebsiella	45	gapA(2),infB(1),mdh(1),pgi(6),phoE(7),rpoB(1),tonB(12)
GCF_016904415.1	Klebsiella pneumoniae	klebsiella	252	gapA(2),infB(5),mdh(1),pgi(1),phoE(9),rpoB(1),tonB(6)
GCF_017809835.1	Klebsiella pneumoniae	klebsiella	11	gapA(3),infB(3),mdh(1),pgi(1),phoE(1),rpoB(1),tonB(4)
GCF_016903755.1	Klebsiella pneumoniae	klebsiella	36	gapA(2),infB(1),mdh(2),pgi(1),phoE(7),rpoB(1),tonB(7)
GCF_016925415.1	Klebsiella pneumoniae	klebsiella	231	gapA(2),infB(6),mdh(1),pgi(3),phoE(26),rpoB(1),tonB(77)
GCF_016939495.1	Klebsiella aerogenes	klebsiella	-	gapA(168),infB(~196),mdh(-),pgi(~197),phoE(~463),rpoB(~263),tonB(-)
GCF_016904595.1	Klebsiella pneumoniae	klebsiella	15	gapA(1),infB(1),mdh(1),pgi(1),phoE(1),rpoB(1),tonB(1)
GCF_016925395.1	Klebsiella quasipneumoniae	klebsiella	196	gapA(17),infB(19),mdh(39),pgi(39),phoE(51),rpoB(18),tonB(72)
GCF_017743095.1	Klebsiella pneumoniae	klebsiella	23	gapA(2),infB(1),mdh(1),pgi(1),phoE(9),rpoB(4),tonB(12)
GCF_016903155.1	Klebsiella pneumoniae	klebsiella	-	gapA(3),infB(4),mdh(6),pgi(1),phoE(7),rpoB(4),tonB(~668)
GCF_016903455.1	Klebsiella pneumoniae	klebsiella	37	gapA(2),infB(9),mdh(2),pgi(1),phoE(13),rpoB(1),tonB(16)
GCF_017742935.1	Klebsiella pneumoniae	klebsiella	231	gapA(2),infB(6),mdh(1),pgi(3),phoE(26),rpoB(1),tonB(77)
GCF_017639895.1	Klebsiella michiganensis	klebsiella	-	gapA(~147),infB(126?),mdh(-),pgi(~174),phoE(-),rpoB(~276),tonB(-)
GCF_017815775.1	Klebsiella michiganensis	klebsiella	-	gapA(~147),infB(-),mdh(-),pgi(-),phoE(-),rpoB(276?),tonB(-)
GCF_016939535.1	Klebsiella pneumoniae	klebsiella	101	gapA(2),infB(6),mdh(1),pgi(5),phoE(4),rpoB(1),tonB(6)
GCF_016903795.1	Klebsiella pneumoniae	klebsiella	14	gapA(1),infB(6),mdh(1),pgi(1),phoE(1),rpoB(1),tonB(1)
GCF_016925375.1	Klebsiella pneumoniae	klebsiella	231	gapA(2),infB(6),mdh(1),pgi(3),phoE(26),rpoB(1),tonB(77)
GCF_016925435.1	Klebsiella pneumoniae	klebsiella	35	gapA(2),infB(1),mdh(2),pgi(1),phoE(10),rpoB(1),tonB(19)
GCF_017798285.1	Klebsiella michiganensis	klebsiella	-	gapA(~147),infB(-),mdh(-),pgi(-),phoE(-),rpoB(~276),tonB(-)
GCF_016903255.1	Klebsiella pneumoniae	klebsiella	20	gapA(2),infB(3),mdh(1),pgi(1),phoE(4),rpoB(4),tonB(4)
GCF_016903895.1	Klebsiella pneumoniae	klebsiella	45	gapA(2),infB(1),mdh(1),pgi(6),phoE(7),rpoB(1),tonB(12)
GCF_016939695.1	Klebsiella pneumoniae	klebsiella	101	gapA(2),infB(6),mdh(1),pgi(5),phoE(4),rpoB(1),tonB(6)
GCF_016903875.1	Klebsiella pneumoniae	klebsiella	628	gapA(2),infB(60),mdh(11),pgi(1),phoE(4),rpoB(8),tonB(24)
GCF_017742895.1	Klebsiella pneumoniae	klebsiella	35	gapA(2),infB(1),mdh(2),pgi(1),phoE(10),rpoB(1),tonB(19)
GCF_017310425.1	Klebsiella pneumoniae	klebsiella	147	gapA(3),infB(4),mdh(6),pgi(1),phoE(7),rpoB(4),tonB(38)
GCF_017310345.1	Klebsiella pneumoniae	klebsiella	11	gapA(3),infB(3),mdh(1),pgi(1),phoE(1),rpoB(1),tonB(4)
GCF_016904095.1	Klebsiella pneumoniae	klebsiella	896	gapA(2),infB(9),mdh(2),pgi(1),phoE(13),rpoB(1),tonB(38)
GCF_016904295.1	Klebsiella pneumoniae	klebsiella	13	gapA(2),infB(3),mdh(1),pgi(1),phoE(10),rpoB(1),tonB(19)
GCF_016903475.1	Klebsiella pneumoniae	klebsiella	643	gapA(2),infB(3),mdh(6),pgi(75),phoE(9),rpoB(7),tonB(137)
GCF_016903775.1	Klebsiella pneumoniae	klebsiella	14	gapA(1),infB(6),mdh(1),pgi(1),phoE(1),rpoB(1),tonB(1)
GCF_016904315.1	Klebsiella pneumoniae	klebsiella	45	gapA(2),infB(1),mdh(1),pgi(6),phoE(7),rpoB(1),tonB(12)
GCF_017743115.1	Klebsiella pneumoniae	klebsiella	660	gapA(2),infB(1),mdh(2),pgi(1),phoE(4),rpoB(1),tonB(25)
GCF_016903495.1	Klebsiella pneumoniae	klebsiella	23	gapA(2),infB(1),mdh(1),pgi(1),phoE(9),rpoB(4),tonB(12)
GCF_016939815.1	Klebsiella pneumoniae	klebsiella	11	gapA(3),infB(3),mdh(1),pgi(1),phoE(1),rpoB(1),tonB(4)
GCF_017351975.1	Klebsiella pneumoniae	klebsiella	11	gapA(3),infB(3),mdh(1),pgi(1),phoE(1),rpoB(1),tonB(4)
GCF_017639085.1	Klebsiella variicola	klebsiella	3523	gapA(28),infB(24),mdh(21),pgi(27),phoE(52),rpoB(22),tonB(67)
GCF_016903195.1	Klebsiella pneumoniae	klebsiella	4	gapA(3),infB(1),mdh(1),pgi(1),phoE(3),rpoB(3),tonB(1)
GCF_016918825.1	Klebsiella oxytoca	klebsiella	-	gapA(150),infB(126),mdh(-),pgi(~171),phoE(-),rpoB(~149),tonB(-)
GCF_017863855.1	Klebsiella grimontii	klebsiella	-	gapA(~147),infB(-),mdh(-),pgi(-),phoE(-),rpoB(~276),tonB(-)
GCF_016903115.1	Klebsiella pneumoniae	klebsiella	895	gapA(3),infB(3),mdh(1),pgi(1),phoE(1),rpoB(1),tonB(42)
GCF_016903295.1	Klebsiella pneumoniae	klebsiella	307	gapA(4),infB(1),mdh(2),pgi(52),phoE(1),rpoB(1),tonB(7)
GCF_017310565.1	Klebsiella pneumoniae	klebsiella	11	gapA(3),infB(3),mdh(1),pgi(1),phoE(1),rpoB(1),tonB(4)
GCF_017315205.1	Klebsiella pneumoniae	klebsiella	65	gapA(2),infB(1),mdh(2),pgi(1),phoE(10),rpoB(4),tonB(13)
GCF_017815715.1	Klebsiella pneumoniae	klebsiella	420	gapA(2),infB(1),mdh(65),pgi(2),phoE(5),rpoB(1),tonB(36)
GCF_017815795.1	Klebsiella pneumoniae	klebsiella	290	gapA(2),infB(1),mdh(1),pgi(37),phoE(10),rpoB(1),tonB(86)
GCF_016903735.1	Klebsiella pneumoniae	klebsiella	147	gapA(3),infB(4),mdh(6),pgi(1),phoE(7),rpoB(4),tonB(38)
GCF_017310385.1	Klebsiella pneumoniae	klebsiella	1393	gapA(2),infB(1),mdh(37),pgi(2),phoE(3),rpoB(1),tonB(19)
GCF_017863935.1	Klebsiella grimontii	klebsiella	-	gapA(~147),infB(-),mdh(-),pgi(~174),phoE(-),rpoB(~276),tonB(-)
GCF_016939835.1	Klebsiella pneumoniae	klebsiella	101	gapA(2),infB(6),mdh(1),pgi(5),phoE(4),rpoB(1),tonB(6)
GCF_016801375.1	Klebsiella pneumoniae	klebsiella	258	gapA(3),infB(3),mdh(1),pgi(1),phoE(1),rpoB(1),tonB(79)
GCF_017310365.1	Klebsiella pneumoniae	klebsiella	395	gapA(3),infB(1),mdh(2),pgi(4),phoE(1),rpoB(1),tonB(4)
GCF_016904275.1	Klebsiella pneumoniae	klebsiella	258	gapA(3),infB(3),mdh(1),pgi(1),phoE(1),rpoB(1),tonB(79)
GCF_017742915.1	Klebsiella pneumoniae	klebsiella	231	gapA(2),infB(6),mdh(1),pgi(3),phoE(26),rpoB(1),tonB(77)
GCF_016903235.1	Klebsiella pneumoniae	klebsiella	70	gapA(2),infB(6),mdh(17),pgi(1),phoE(20),rpoB(10),tonB(25)
GCF_017743135.1	Klebsiella pneumoniae	klebsiella	5214	gapA(2),infB(1),mdh(1),pgi(1),phoE(27),rpoB(5),tonB(42)
GCF_016800965.1	Klebsiella pneumoniae	klebsiella	290	gapA(2),infB(1),mdh(1),pgi(37),phoE(10),rpoB(1),tonB(86)
GCF_016939775.1	Klebsiella pneumoniae	klebsiella	846	gapA(2),infB(1),mdh(97),pgi(1),phoE(9),rpoB(4),tonB(13)
GCF_017357925.1	Klebsiella pneumoniae	klebsiella	37	gapA(2),infB(9),mdh(2),pgi(1),phoE(13),rpoB(1),tonB(16)
GCF_017894285.1	Klebsiella pneumoniae	klebsiella	111	gapA(2),infB(1),mdh(5),pgi(1),phoE(17),rpoB(4),tonB(42)
GCF_017742955.1	Klebsiella pneumoniae	klebsiella	231	gapA(2),infB(6),mdh(1),pgi(3),phoE(26),rpoB(1),tonB(77)
GCF_016903395.1	Klebsiella pneumoniae	klebsiella	3145	gapA(2),infB(1),mdh(1),pgi(1),phoE(9),rpoB(1),tonB(6)
GCF_016925235.1	Klebsiella pneumoniae	klebsiella	231	gapA(2),infB(6),mdh(1),pgi(3),phoE(26),rpoB(1),tonB(77)
GCF_016903955.1	Klebsiella pneumoniae	klebsiella	15	gapA(1),infB(1),mdh(1),pgi(1),phoE(1),rpoB(1),tonB(1)
GCF_017310305.1	Klebsiella pneumoniae	klebsiella	383	gapA(2),infB(6),mdh(1),pgi(3),phoE(8),rpoB(1),tonB(18)
GCF_017310405.1	Klebsiella pneumoniae	klebsiella	1128	gapA(2),infB(1),mdh(1),pgi(1),phoE(7),rpoB(1),tonB(4)
GCF_017743035.1	Klebsiella quasipneumoniae	klebsiella	196	gapA(17),infB(19),mdh(39),pgi(39),phoE(51),rpoB(18),tonB(72)
GCF_017161485.1	Klebsiella pneumoniae	klebsiella	17	gapA(2),infB(1),mdh(1),pgi(1),phoE(4),rpoB(4),tonB(4)
GCF_017084505.1	Klebsiella pneumoniae	klebsiella	412	gapA(2),infB(1),mdh(2),pgi(1),phoE(9),rpoB(1),tonB(112)
GCF_016939675.1	Klebsiella pneumoniae	klebsiella	512	gapA(54),infB(3),mdh(1),pgi(1),phoE(1),rpoB(1),tonB(79)
GCF_016804025.1	Klebsiella pneumoniae	klebsiella	11	gapA(3),infB(3),mdh(1),pgi(1),phoE(1),rpoB(1),tonB(4)
GCF_017310465.1	Klebsiella oxytoca	klebsiella	-	gapA(150),infB(126),mdh(-),pgi(~171),phoE(-),rpoB(149),tonB(-)
GCF_016939755.1	Klebsiella pneumoniae	klebsiella	11	gapA(3),infB(3),mdh(1),pgi(1),phoE(1),rpoB(1),tonB(4)
GCF_017277455.1	Klebsiella pneumoniae	klebsiella	1731	gapA(4),infB(1),mdh(20),pgi(1),phoE(7),rpoB(4),tonB(91)
GCF_017161385.1	Klebsiella quasipneumoniae	klebsiella	668	gapA(17),infB(19),mdh(82),pgi(81),phoE(122),rpoB(63),tonB(148)
GCF_016812055.1	Klebsiella pneumoniae	klebsiella	11	gapA(3),infB(3),mdh(1),pgi(1),phoE(1),rpoB(1),tonB(4)
GCF_016903715.1	Klebsiella oxytoca	klebsiella	-	gapA(147),infB(~133),mdh(-),pgi(171),phoE(-),rpoB(149),tonB(-)
GCF_016925335.1	Klebsiella quasipneumoniae	klebsiella	196	gapA(17),infB(19),mdh(39),pgi(39),phoE(51),rpoB(18),tonB(72)
GCF_017086485.1	Klebsiella pneumoniae	klebsiella	11	gapA(3),infB(3),mdh(1),pgi(1),phoE(1),rpoB(1),tonB(4)
GCF_016925215.1	Klebsiella pneumoniae	klebsiella	231	gapA(2),infB(6),mdh(1),pgi(3),phoE(26),rpoB(1),tonB(77)
GCF_017161505.1	Klebsiella pneumoniae	klebsiella	17	gapA(2),infB(1),mdh(1),pgi(1),phoE(4),rpoB(4),tonB(4)
GCF_017161135.1	Klebsiella pneumoniae	klebsiella	35	gapA(2),infB(1),mdh(2),pgi(1),phoE(10),rpoB(1),tonB(19)
GCF_016904515.1	Klebsiella oxytoca	klebsiella	-	gapA(147),infB(~133),mdh(-),pgi(171),phoE(-),rpoB(149),tonB(-)
GCF_016925275.1	Klebsiella pneumoniae	klebsiella	231	gapA(2),infB(6),mdh(1),pgi(3),phoE(26),rpoB(1),tonB(77)
GCF_016925255.1	Klebsiella quasipneumoniae	klebsiella	196	gapA(17),infB(19),mdh(39),pgi(39),phoE(51),rpoB(18),tonB(72)
GCF_016903975.1	Klebsiella oxytoca	klebsiella	-	gapA(147),infB(~133),mdh(-),pgi(171),phoE(-),rpoB(149),tonB(-)
GCF_017638945.1	Klebsiella variicola	klebsiella	2263	gapA(16),infB(18),mdh(21),pgi(154),phoE(47),rpoB(22),tonB(67)
GCF_016903415.1	Klebsiella oxytoca	klebsiella	-	gapA(147),infB(133),mdh(-),pgi(~174),phoE(-),rpoB(149),tonB(-)
GCF_016804125.1	Klebsiella africana	klebsiella	4938	gapA(156),infB(209),mdh(214),pgi(186),phoE(304),rpoB(155),tonB(679)
GCF_017301375.1	Klebsiella pneumoniae	klebsiella	14	gapA(1),infB(6),mdh(1),pgi(1),phoE(1),rpoB(1),tonB(1)
GCF_017894305.1	Klebsiella pneumoniae	klebsiella	111	gapA(2),infB(1),mdh(5),pgi(1),phoE(17),rpoB(4),tonB(42)
GCF_017639065.1	Klebsiella pneumoniae	klebsiella	307	gapA(4),infB(1),mdh(2),pgi(52),phoE(1),rpoB(1),tonB(7)
GCF_017161155.1	Klebsiella pneumoniae	klebsiella	17	gapA(2),infB(1),mdh(1),pgi(1),phoE(4),rpoB(4),tonB(4)
GCF_016925295.1	Klebsiella pneumoniae	klebsiella	231	gapA(2),infB(6),mdh(1),pgi(3),phoE(26),rpoB(1),tonB(77)
GCF_016864395.1	Klebsiella pneumoniae	klebsiella	15	gapA(1),infB(1),mdh(1),pgi(1),phoE(1),rpoB(1),tonB(1)
GCF_017348855.1	Klebsiella michiganensis	klebsiella	-	gapA(~147),infB(-),mdh(-),pgi(-),phoE(-),rpoB(~276),tonB(-)
GCF_016925315.1	Klebsiella pneumoniae	klebsiella	16	gapA(2),infB(1),mdh(2),pgi(1),phoE(4),rpoB(4),tonB(4)
GCF_019048125.1	Klebsiella aerogenes	klebsiella	-	gapA(~361),infB(131),mdh(-),pgi(~198),phoE(~463),rpoB(165),tonB(-)
GCF_018223825.1	Klebsiella quasipneumoniae	klebsiella	1308	gapA(48),infB(22),mdh(18),pgi(59),phoE(92),rpoB(13),tonB(51)
GCF_018279185.1	Klebsiella pneumoniae	klebsiella	23	gapA(2),infB(1),mdh(1),pgi(1),phoE(9),rpoB(4),tonB(12)
GCF_018604345.1	Klebsiella pneumoniae	klebsiella	23	gapA(2),infB(1),mdh(1),pgi(1),phoE(9),rpoB(4),tonB(12)
GCF_019222805.1	Klebsiella variicola	klebsiella	2013	gapA(16),infB(18),mdh(21),pgi(33),phoE(55),rpoB(59),tonB(324)
GCF_019047925.1	Klebsiella aerogenes	klebsiella	-	gapA(~361),infB(~196),mdh(-),pgi(~198),phoE(~463),rpoB(263),tonB(-)
GCF_019317245.1	Klebsiella pneumoniae	klebsiella	231	gapA(2),infB(6),mdh(1),pgi(3),phoE(26),rpoB(1),tonB(77)
GCF_019703065.1	Klebsiella pneumoniae	klebsiella	258	gapA(3),infB(3),mdh(1),pgi(1),phoE(1),rpoB(1),tonB(79)
GCF_018199955.1	Klebsiella sp.	klebsiella	15	gapA(1),infB(1),mdh(1),pgi(1),phoE(1),rpoB(1),tonB(1)
GCF_019443545.1	Klebsiella pneumoniae	klebsiella	16	gapA(2),infB(1),mdh(2),pgi(1),phoE(4),rpoB(4),tonB(4)
GCF_018139045.1	Klebsiella pasteurii	klebsiella	-	gapA(~147),infB(-),mdh(-),pgi(-),phoE(-),rpoB(148?),tonB(-)
GCF_019286455.1	Klebsiella pneumoniae	klebsiella	14	gapA(1),infB(6),mdh(1),pgi(1),phoE(1),rpoB(1),tonB(1)
GCF_019334445.1	Klebsiella ornithinolytica	klebsiella	-	gapA(~146),infB(~120),mdh(-),pgi(~170),phoE(~277),rpoB(~148),tonB(-)
GCF_019317025.1	Klebsiella pneumoniae	klebsiella	231	gapA(2),infB(6),mdh(1),pgi(3),phoE(26),rpoB(1),tonB(77)
GCF_019317145.1	Klebsiella pneumoniae	klebsiella	231	gapA(2),infB(6),mdh(1),pgi(3),phoE(26),rpoB(1),tonB(77)
GCF_018140945.1	Klebsiella michiganensis	klebsiella	-	gapA(~147),infB(-),mdh(-),pgi(-),phoE(-),rpoB(~276),tonB(-)
GCF_018128465.1	Klebsiella pneumoniae	klebsiella	395	gapA(3),infB(1),mdh(2),pgi(4),phoE(1),rpoB(1),tonB(4)
GCF_018283505.2	Klebsiella pneumoniae	klebsiella	147	gapA(3),infB(4),mdh(6),pgi(1),phoE(7),rpoB(4),tonB(38)
GCF_018388785.1	Klebsiella sp.	klebsiella	-	gapA(~166),infB(131),mdh(-),pgi(~196),phoE(~463),rpoB(~81),tonB(-)
GCF_018140905.1	Klebsiella pneumoniae	klebsiella	11	gapA(3),infB(3),mdh(1),pgi(1),phoE(1),rpoB(1),tonB(4)
GCF_018069685.1	Klebsiella pneumoniae	klebsiella	660	gapA(2),infB(1),mdh(2),pgi(1),phoE(4),rpoB(1),tonB(25)
GCF_018278725.1	Klebsiella pneumoniae	klebsiella	1731	gapA(4),infB(1),mdh(20),pgi(1),phoE(7),rpoB(4),tonB(91)
GCF_018394355.1	Klebsiella pneumoniae	klebsiella	35	gapA(2),infB(1),mdh(2),pgi(1),phoE(10),rpoB(1),tonB(19)
GCF_019134695.1	Klebsiella pneumoniae	klebsiella	11	gapA(3),infB(3),mdh(1),pgi(1),phoE(1),rpoB(1),tonB(4)
GCF_018831545.1	Klebsiella pneumoniae	klebsiella	11	gapA(3),infB(3),mdh(1),pgi(1),phoE(1),rpoB(1),tonB(4)
GCF_018075325.1	Klebsiella pneumoniae	klebsiella	11	gapA(3),infB(3),mdh(1),pgi(1),phoE(1),rpoB(1),tonB(4)
GCF_019317045.1	Klebsiella pneumoniae	klebsiella	14	gapA(1),infB(6),mdh(1),pgi(1),phoE(1),rpoB(1),tonB(1)
GCF_018502565.1	Klebsiella pneumoniae	klebsiella	896	gapA(2),infB(9),mdh(2),pgi(1),phoE(13),rpoB(1),tonB(38)
GCF_018138305.2	Klebsiella pneumoniae	klebsiella	101	gapA(2),infB(6),mdh(1),pgi(5),phoE(4),rpoB(1),tonB(6)
GCF_019703045.1	Klebsiella pneumoniae	klebsiella	258	gapA(3),infB(3),mdh(1),pgi(1),phoE(1),rpoB(1),tonB(79)
GCF_018966505.1	Klebsiella ornithinolytica	klebsiella	-	gapA(146),infB(120),mdh(-),pgi(165),phoE(282),rpoB(~148),tonB(-)
GCF_018324045.1	Klebsiella variicola	klebsiella	1169	gapA(16),infB(24),mdh(21),pgi(27),phoE(47),rpoB(22),tonB(206)
GCF_019334545.1	Klebsiella pneumoniae	klebsiella	15	gapA(1),infB(1),mdh(1),pgi(1),phoE(1),rpoB(1),tonB(1)
GCF_019434275.1	Klebsiella pneumoniae	klebsiella	11	gapA(3),infB(3),mdh(1),pgi(1),phoE(1),rpoB(1),tonB(4)
GCF_019702985.1	Klebsiella pneumoniae	klebsiella	258	gapA(3),infB(3),mdh(1),pgi(1),phoE(1),rpoB(1),tonB(79)
GCF_019286515.1	Klebsiella pneumoniae	klebsiella	14	gapA(1),infB(6),mdh(1),pgi(1),phoE(1),rpoB(1),tonB(1)
GCF_019317105.1	Klebsiella pneumoniae	klebsiella	231	gapA(2),infB(6),mdh(1),pgi(3),phoE(26),rpoB(1),tonB(77)
GCF_019107705.1	Klebsiella pneumoniae	klebsiella	11	gapA(3),infB(3),mdh(1),pgi(1),phoE(1),rpoB(1),tonB(4)
GCF_019702965.1	Klebsiella pneumoniae	klebsiella	258	gapA(3),infB(3),mdh(1),pgi(1),phoE(1),rpoB(1),tonB(79)
GCF_017916215.1	Klebsiella pneumoniae	klebsiella	1731	gapA(4),infB(1),mdh(20),pgi(1),phoE(7),rpoB(4),tonB(91)
GCF_019317205.1	Klebsiella pneumoniae	klebsiella	14	gapA(1),infB(6),mdh(1),pgi(1),phoE(1),rpoB(1),tonB(1)
GCF_019703025.1	Klebsiella pneumoniae	klebsiella	258	gapA(3),infB(3),mdh(1),pgi(1),phoE(1),rpoB(1),tonB(79)
GCF_019048885.1	Klebsiella aerogenes	klebsiella	-	gapA(~361),infB(131),mdh(-),pgi(~198),phoE(463),rpoB(165),tonB(-)
GCF_018204675.1	Klebsiella sp.	klebsiella	11	gapA(3),infB(3),mdh(1),pgi(1),phoE(1),rpoB(1),tonB(4)
GCF_019317005.1	Klebsiella pneumoniae	klebsiella	2096	gapA(1),infB(6),mdh(1),pgi(1),phoE(1),rpoB(46),tonB(1)
GCF_019703005.1	Klebsiella pneumoniae	klebsiella	258	gapA(3),infB(3),mdh(1),pgi(1),phoE(1),rpoB(1),tonB(79)
GCF_019286695.1	Klebsiella pneumoniae	klebsiella	14	gapA(1),infB(6),mdh(1),pgi(1),phoE(1),rpoB(1),tonB(1)
GCF_019428485.1	Klebsiella quasipneumoniae	klebsiella	2787	gapA(38),infB(63),mdh(92),pgi(84),phoE(133),rpoB(63),tonB(148)
GCF_019317125.1	Klebsiella pneumoniae	klebsiella	231	gapA(2),infB(6),mdh(1),pgi(3),phoE(26),rpoB(1),tonB(77)
GCF_018449065.1	Klebsiella pneumoniae	klebsiella	11	gapA(3),infB(3),mdh(1),pgi(1),phoE(1),rpoB(1),tonB(4)
GCF_019048985.1	Klebsiella sp.	klebsiella	-	gapA(~147),infB(-),mdh(-),pgi(-),phoE(-),rpoB(~276),tonB(-)
GCF_018075085.1	Klebsiella pneumoniae	klebsiella	1583	gapA(2),infB(1),mdh(2),pgi(1),phoE(12),rpoB(1),tonB(9)
GCF_019286955.1	Klebsiella pneumoniae	klebsiella	2096	gapA(1),infB(6),mdh(1),pgi(1),phoE(1),rpoB(46),tonB(1)
GCF_018314145.1	Klebsiella pneumoniae	klebsiella	11	gapA(3),infB(3),mdh(1),pgi(1),phoE(1),rpoB(1),tonB(4)
GCF_019454345.1	Klebsiella pneumoniae	klebsiella	23	gapA(2),infB(1),mdh(1),pgi(1),phoE(9),rpoB(4),tonB(12)
GCF_019334625.1	Klebsiella pneumoniae	klebsiella	15	gapA(1),infB(1),mdh(1),pgi(1),phoE(1),rpoB(1),tonB(1)
GCF_018128445.1	Klebsiella pneumoniae	klebsiella	268	gapA(2),infB(1),mdh(2),pgi(1),phoE(7),rpoB(1),tonB(81)
GCF_018449045.1	Klebsiella pneumoniae	klebsiella	147	gapA(3),infB(4),mdh(6),pgi(1),phoE(7),rpoB(4),tonB(38)
GCF_019287195.1	Klebsiella pneumoniae	klebsiella	231	gapA(2),infB(6),mdh(1),pgi(3),phoE(26),rpoB(1),tonB(77)
GCF_019334825.1	Klebsiella variicola	klebsiella	363	gapA(16),infB(18),mdh(21),pgi(27),phoE(53),rpoB(22),tonB(67)
GCF_019286375.1	Klebsiella pneumoniae	klebsiella	231	gapA(2),infB(6),mdh(1),pgi(3),phoE(26),rpoB(1),tonB(77)
GCF_019287095.1	Klebsiella pneumoniae	klebsiella	231	gapA(2),infB(6),mdh(1),pgi(3),phoE(26),rpoB(1),tonB(77)
GCF_019317265.1	Klebsiella pneumoniae	klebsiella	231	gapA(2),infB(6),mdh(1),pgi(3),phoE(26),rpoB(1),tonB(77)
GCF_019317225.1	Klebsiella pneumoniae	klebsiella	2096	gapA(1),infB(6),mdh(1),pgi(1),phoE(1),rpoB(46),tonB(1)
GCF_017968865.1	Klebsiella oxytoca	klebsiella	-	gapA(147),infB(133),mdh(-),pgi(~171),phoE(-),rpoB(163),tonB(-)
GCF_019317165.1	Klebsiella pneumoniae	klebsiella	231	gapA(2),infB(6),mdh(1),pgi(3),phoE(26),rpoB(1),tonB(77)
GCF_019286635.1	Klebsiella pneumoniae	klebsiella	14	gapA(1),infB(6),mdh(1),pgi(1),phoE(1),rpoB(1),tonB(1)
GCF_017916195.1	Klebsiella pneumoniae	klebsiella	1731	gapA(4),infB(1),mdh(20),pgi(1),phoE(7),rpoB(4),tonB(91)
GCF_018487825.1	Klebsiella pneumoniae	klebsiella	896	gapA(2),infB(9),mdh(2),pgi(1),phoE(13),rpoB(1),tonB(38)
GCF_019038575.1	Klebsiella pneumoniae	klebsiella	5236	gapA(280),infB(155),mdh(1),pgi(346),phoE(7),rpoB(204),tonB(22)
GCF_018604125.1	Klebsiella quasipneumoniae	klebsiella	571	gapA(17),infB(19),mdh(79),pgi(20),phoE(108),rpoB(55),tonB(142)
GCF_019334705.1	Klebsiella pneumoniae	klebsiella	231	gapA(2),infB(6),mdh(1),pgi(3),phoE(26),rpoB(1),tonB(77)
GCF_019434255.1	Klebsiella pneumoniae	klebsiella	11	gapA(3),infB(3),mdh(1),pgi(1),phoE(1),rpoB(1),tonB(4)
GCF_018454365.1	Klebsiella pneumoniae	klebsiella	2237	gapA(1),infB(1),mdh(1),pgi(1),phoE(1),rpoB(46),tonB(1)
GCF_018310495.1	Klebsiella pneumoniae	klebsiella	147	gapA(3),infB(4),mdh(6),pgi(1),phoE(7),rpoB(4),tonB(38)
GCF_019107685.1	Klebsiella pneumoniae	klebsiella	377	gapA(10),infB(20),mdh(2),pgi(1),phoE(9),rpoB(11),tonB(12)
GCF_018502585.1	Klebsiella pneumoniae	klebsiella	967	gapA(2),infB(1),mdh(19),pgi(4),phoE(9),rpoB(4),tonB(34)
GCF_019443565.1	Klebsiella pneumoniae	klebsiella	656	gapA(4),infB(4),mdh(1),pgi(1),phoE(7),rpoB(4),tonB(4)
GCF_019434295.1	Klebsiella pneumoniae	klebsiella	11	gapA(3),infB(3),mdh(1),pgi(1),phoE(1),rpoB(1),tonB(4)
GCF_019287035.1	Klebsiella pneumoniae	klebsiella	231	gapA(2),infB(6),mdh(1),pgi(3),phoE(26),rpoB(1),tonB(77)
GCF_019317065.1	Klebsiella pneumoniae	klebsiella	231	gapA(2),infB(6),mdh(1),pgi(3),phoE(26),rpoB(1),tonB(77)
GCF_019286755.1	Klebsiella pneumoniae	klebsiella	14	gapA(1),infB(6),mdh(1),pgi(1),phoE(1),rpoB(1),tonB(1)
GCF_019317085.1	Klebsiella pneumoniae	klebsiella	14	gapA(1),infB(6),mdh(1),pgi(1),phoE(1),rpoB(1),tonB(1)
GCF_018279325.1	Klebsiella pneumoniae	klebsiella	11	gapA(3),infB(3),mdh(1),pgi(1),phoE(1),rpoB(1),tonB(4)
GCF_019455345.1	Klebsiella pneumoniae	klebsiella	65	gapA(2),infB(1),mdh(2),pgi(1),phoE(10),rpoB(4),tonB(13)
GCF_019317185.1	Klebsiella pneumoniae	klebsiella	231	gapA(2),infB(6),mdh(1),pgi(3),phoE(26),rpoB(1),tonB(77)
GCF_019444195.1	Klebsiella pneumoniae	klebsiella	11	gapA(3),infB(3),mdh(1),pgi(1),phoE(1),rpoB(1),tonB(4)
GCF_019443585.1	Klebsiella pneumoniae	klebsiella	16	gapA(2),infB(1),mdh(2),pgi(1),phoE(4),rpoB(4),tonB(4)
GCF_019047985.1	Klebsiella quasipneumoniae	klebsiella	2275	gapA(18),infB(22),mdh(26),pgi(22),phoE(115),rpoB(52),tonB(51)
GCF_018604765.1	Klebsiella pneumoniae	klebsiella	17	gapA(2),infB(1),mdh(1),pgi(1),phoE(4),rpoB(4),tonB(4)
GCF_018623335.1	Klebsiella pneumoniae	klebsiella	147	gapA(3),infB(4),mdh(6),pgi(1),phoE(7),rpoB(4),tonB(38)
GCF_018604105.1	Klebsiella michiganensis	klebsiella	-	gapA(~147),infB(-),mdh(-),pgi(~174),phoE(-),rpoB(~276),tonB(-)
GCF_018314115.1	Klebsiella pneumoniae	klebsiella	273	gapA(3),infB(4),mdh(6),pgi(1),phoE(7),rpoB(4),tonB(4)
GCF_019286855.1	Klebsiella pneumoniae	klebsiella	14	gapA(1),infB(6),mdh(1),pgi(1),phoE(1),rpoB(1),tonB(1)
GCF_018283575.2	Klebsiella pneumoniae	klebsiella	39	gapA(2),infB(1),mdh(2),pgi(4),phoE(9),rpoB(1),tonB(14)
GCF_018885345.1	Klebsiella pneumoniae	klebsiella	437	gapA(3),infB(3),mdh(1),pgi(1),phoE(1),rpoB(1),tonB(31)
GCF_019444635.1	Klebsiella pneumoniae	klebsiella	11	gapA(3),infB(3),mdh(1),pgi(1),phoE(1),rpoB(1),tonB(4)
GCF_018604385.1	Klebsiella pneumoniae	klebsiella	11	gapA(3),infB(3),mdh(1),pgi(1),phoE(1),rpoB(1),tonB(4)
GCF_018336835.1	Klebsiella pneumoniae	klebsiella	11	gapA(3),infB(3),mdh(1),pgi(1),phoE(1),rpoB(1),tonB(4)
GCF_018274525.2	Klebsiella pneumoniae	klebsiella	39	gapA(2),infB(1),mdh(2),pgi(4),phoE(9),rpoB(1),tonB(14)
GCF_020525925.1	Klebsiella quasipneumoniae	klebsiella	1528	gapA(17),infB(19),mdh(79),pgi(20),phoE(103),rpoB(18),tonB(52)
GCF_020525845.1	Klebsiella pneumoniae	klebsiella	17	gapA(2),infB(1),mdh(1),pgi(1),phoE(4),rpoB(4),tonB(4)
GCF_020080125.1	Klebsiella pneumoniae	klebsiella	2237	gapA(1),infB(1),mdh(1),pgi(1),phoE(1),rpoB(46),tonB(1)
GCF_019703105.1	Klebsiella pneumoniae	klebsiella	258	gapA(3),infB(3),mdh(1),pgi(1),phoE(1),rpoB(1),tonB(79)
GCF_020525805.1	Klebsiella quasipneumoniae	klebsiella	1118	gapA(50),infB(19),mdh(112),pgi(39),phoE(170),rpoB(63),tonB(125)
GCF_019703205.1	Klebsiella pneumoniae	klebsiella	258	gapA(3),infB(3),mdh(1),pgi(1),phoE(1),rpoB(1),tonB(79)
GCF_019703085.1	Klebsiella pneumoniae	klebsiella	258	gapA(3),infB(3),mdh(1),pgi(1),phoE(1),rpoB(1),tonB(79)
GCF_019703145.1	Klebsiella pneumoniae	klebsiella	258	gapA(3),infB(3),mdh(1),pgi(1),phoE(1),rpoB(1),tonB(79)
GCF_019703125.1	Klebsiella pneumoniae	klebsiella	258	gapA(3),infB(3),mdh(1),pgi(1),phoE(1),rpoB(1),tonB(79)
GCF_019703165.1	Klebsiella pneumoniae	klebsiella	258	gapA(3),infB(3),mdh(1),pgi(1),phoE(1),rpoB(1),tonB(79)
GCF_019703225.1	Klebsiella pneumoniae	klebsiella	258	gapA(3),infB(3),mdh(1),pgi(1),phoE(1),rpoB(1),tonB(79)
GCF_020215625.1	Klebsiella pneumoniae	klebsiella	231	gapA(2),infB(6),mdh(1),pgi(3),phoE(26),rpoB(1),tonB(77)
GCF_020525505.1	Klebsiella pneumoniae	klebsiella	37	gapA(2),infB(9),mdh(2),pgi(1),phoE(13),rpoB(1),tonB(16)
GCF_019968885.1	Klebsiella planticola	klebsiella	-	gapA(~146),infB(~120),mdh(-),pgi(170?),phoE(~282),rpoB(~140),tonB(-)
GCF_019823805.1	Klebsiella pneumoniae	klebsiella	11	gapA(3),infB(3),mdh(1),pgi(1),phoE(1),rpoB(1),tonB(4)
GCF_020695665.1	Klebsiella pneumoniae	klebsiella	11	gapA(3),infB(3),mdh(1),pgi(1),phoE(1),rpoB(1),tonB(4)
GCF_020525565.1	Klebsiella quasipneumoniae	klebsiella	2275	gapA(18),infB(22),mdh(26),pgi(22),phoE(115),rpoB(52),tonB(51)
GCF_019703245.1	Klebsiella pneumoniae	klebsiella	258	gapA(3),infB(3),mdh(1),pgi(1),phoE(1),rpoB(1),tonB(79)
GCF_021137655.1	Klebsiella pneumoniae	klebsiella	152	gapA(2),infB(3),mdh(2),pgi(1),phoE(1),rpoB(4),tonB(56)
GCF_020525905.1	Klebsiella pneumoniae	klebsiella	55	gapA(2),infB(1),mdh(1),pgi(17),phoE(7),rpoB(16),tonB(4)
GCF_019803065.1	Klebsiella michiganensis	klebsiella	-	gapA(~147),infB(126?),mdh(-),pgi(-),phoE(-),rpoB(~276),tonB(-)
GCF_019823855.1	Klebsiella pneumoniae	klebsiella	11	gapA(3),infB(3),mdh(1),pgi(1),phoE(1),rpoB(1),tonB(4)
GCF_020526005.1	Klebsiella pneumoniae	klebsiella	14	gapA(1),infB(6),mdh(1),pgi(1),phoE(1),rpoB(1),tonB(1)
GCF_020911805.1	Klebsiella pneumoniae	klebsiella	23	gapA(2),infB(1),mdh(1),pgi(1),phoE(9),rpoB(4),tonB(12)
GCF_020525725.1	Klebsiella quasipneumoniae	klebsiella	526	gapA(38),infB(19),mdh(53),pgi(58),phoE(73),rpoB(21),tonB(130)
GCF_019890895.1	Klebsiella sp.	klebsiella	-	gapA(~147),infB(-),mdh(-),pgi(-),phoE(-),rpoB(148?),tonB(-)
GCF_020911785.1	Klebsiella pneumoniae	klebsiella	2643	gapA(2),infB(1),mdh(2),pgi(1),phoE(1),rpoB(4),tonB(123)
GCF_019823785.1	Klebsiella pneumoniae	klebsiella	2237	gapA(1),infB(1),mdh(1),pgi(1),phoE(1),rpoB(46),tonB(1)
GCF_020221715.1	Klebsiella pneumoniae	klebsiella	35	gapA(2),infB(1),mdh(2),pgi(1),phoE(10),rpoB(1),tonB(19)
GCF_019823765.1	Klebsiella pneumoniae	klebsiella	11	gapA(3),infB(3),mdh(1),pgi(1),phoE(1),rpoB(1),tonB(4)
GCF_020149895.1	Klebsiella pneumoniae	klebsiella	359	gapA(10),infB(1),mdh(2),pgi(1),phoE(9),rpoB(27),tonB(6)
GCF_019793595.1	Klebsiella pneumoniae	klebsiella	11	gapA(3),infB(3),mdh(1),pgi(1),phoE(1),rpoB(1),tonB(4)
GCF_020526025.1	Klebsiella pneumoniae	klebsiella	15	gapA(1),infB(1),mdh(1),pgi(1),phoE(1),rpoB(1),tonB(1)
GCF_020641015.1	Klebsiella pneumoniae	klebsiella	412	gapA(2),infB(1),mdh(2),pgi(1),phoE(9),rpoB(1),tonB(112)
GCF_020525525.1	Klebsiella quasipneumoniae	klebsiella	384	gapA(18),infB(23),mdh(56),pgi(63),phoE(80),rpoB(43),tonB(51)
GCF_019703185.1	Klebsiella pneumoniae	klebsiella	258	gapA(3),infB(3),mdh(1),pgi(1),phoE(1),rpoB(1),tonB(79)
GCF_019973635.1	Klebsiella ornithinolytica	klebsiella	-	gapA(~146),infB(120?),mdh(-),pgi(170),phoE(~277),rpoB(~140),tonB(-)
GCF_020525585.1	Klebsiella quasipneumoniae	klebsiella	414	gapA(18),infB(22),mdh(26),pgi(63),phoE(85),rpoB(20),tonB(51)
GCF_020525645.1	Klebsiella pneumoniae	klebsiella	45	gapA(2),infB(1),mdh(1),pgi(6),phoE(7),rpoB(1),tonB(12)
GCF_020099175.1	Klebsiella quasipneumoniae	klebsiella	1528	gapA(17),infB(19),mdh(79),pgi(20),phoE(103),rpoB(18),tonB(52)
GCF_020525825.1	Klebsiella quasipneumoniae	klebsiella	2274	gapA(38),infB(19),mdh(39),pgi(20),phoE(206),rpoB(127),tonB(67)
GCF_020525625.1	Klebsiella variicola	klebsiella	1216	gapA(89),infB(84),mdh(115),pgi(104),phoE(58),rpoB(83),tonB(214)
GCF_020525885.1	Klebsiella pneumoniae	klebsiella	86	gapA(9),infB(4),mdh(2),pgi(1),phoE(1),rpoB(1),tonB(27)
GCF_019880265.1	Klebsiella pneumoniae	klebsiella	495	gapA(4),infB(1),mdh(1),pgi(1),phoE(9),rpoB(1),tonB(35)
GCF_021137615.1	Klebsiella pneumoniae	klebsiella	152	gapA(2),infB(3),mdh(2),pgi(1),phoE(1),rpoB(4),tonB(56)
GCF_020525945.1	Klebsiella pneumoniae	klebsiella	62	gapA(2),infB(1),mdh(15),pgi(1),phoE(18),rpoB(4),tonB(30)
GCF_020525785.1	Klebsiella quasipneumoniae	klebsiella	622	gapA(17),infB(19),mdh(39),pgi(20),phoE(34),rpoB(18),tonB(52)
GCF_019856295.1	Klebsiella planticola	klebsiella	-	gapA(~146),infB(~120),mdh(-),pgi(170?),phoE(~282),rpoB(~140),tonB(-)
GCF_020535145.1	Klebsiella pneumoniae	klebsiella	2667	gapA(3),infB(3),mdh(1),pgi(1),phoE(1),rpoB(1),tonB(10)
GCF_020995405.1	Klebsiella variicola	klebsiella	4203	gapA(16),infB(62),mdh(21),pgi(27),phoE(55),rpoB(22),tonB(607)
GCF_020991145.1	Klebsiella pneumoniae	klebsiella	617	gapA(2),infB(9),mdh(1),pgi(1),phoE(13),rpoB(1),tonB(2)
GCF_020695545.1	Klebsiella pneumoniae	klebsiella	54	gapA(2),infB(1),mdh(1),pgi(13),phoE(16),rpoB(15),tonB(4)
GCF_020526045.1	Klebsiella pneumoniae	klebsiella	65	gapA(2),infB(1),mdh(2),pgi(1),phoE(10),rpoB(4),tonB(13)
GCF_020525705.1	Klebsiella quasipneumoniae	klebsiella	2276	gapA(13),infB(15),mdh(18),pgi(16),phoE(25),rpoB(13),tonB(50)
GCF_021137675.1	Klebsiella pneumoniae	klebsiella	147	gapA(3),infB(4),mdh(6),pgi(1),phoE(7),rpoB(4),tonB(38)
GCF_020736285.1	Klebsiella pneumoniae	klebsiella	11	gapA(3),infB(3),mdh(1),pgi(1),phoE(1),rpoB(1),tonB(4)
GCF_019931695.1	Klebsiella aerogenes	klebsiella	-	gapA(~361),infB(~196),mdh(-),pgi(197),phoE(~329),rpoB(165),tonB(-)
GCF_020525485.1	Klebsiella pneumoniae	klebsiella	23	gapA(2),infB(1),mdh(1),pgi(1),phoE(9),rpoB(4),tonB(12)
GCF_020149825.1	Klebsiella pneumoniae	klebsiella	37	gapA(2),infB(9),mdh(2),pgi(1),phoE(13),rpoB(1),tonB(16)
GCF_019915565.1	Klebsiella quasipneumoniae	klebsiella	5013	gapA(42),infB(15),mdh(18),pgi(63),phoE(31),rpoB(37),tonB(593)
GCF_019823935.1	Klebsiella pneumoniae	klebsiella	11	gapA(3),infB(3),mdh(1),pgi(1),phoE(1),rpoB(1),tonB(4)
GCF_020149785.1	Klebsiella pneumoniae	klebsiella	20	gapA(2),infB(3),mdh(1),pgi(1),phoE(4),rpoB(4),tonB(4)
GCF_020526065.1	Klebsiella pneumoniae	klebsiella	380	gapA(2),infB(1),mdh(1),pgi(1),phoE(1),rpoB(4),tonB(19)
GCF_020906545.1	Klebsiella pneumoniae	klebsiella	985	gapA(10),infB(3),mdh(2),pgi(2),phoE(6),rpoB(4),tonB(4)
GCF_020808985.1	Klebsiella pneumoniae	klebsiella	1017	gapA(2),infB(2),mdh(2),pgi(1),phoE(1),rpoB(4),tonB(34)
GCF_019915325.1	Klebsiella pneumoniae	klebsiella	380	gapA(2),infB(1),mdh(1),pgi(1),phoE(1),rpoB(4),tonB(19)
GCF_020525985.1	Klebsiella pneumoniae	klebsiella	2668	gapA(7),infB(1),mdh(2),pgi(2),phoE(1),rpoB(1),tonB(25)
GCF_020097415.1	Klebsiella quasipneumoniae	klebsiella	1215	gapA(18),infB(22),mdh(64),pgi(22),phoE(174),rpoB(13),tonB(213)
GCF_020525545.1	Klebsiella variicola	klebsiella	2263	gapA(16),infB(18),mdh(21),pgi(154),phoE(47),rpoB(22),tonB(67)
GCF_020525605.1	Klebsiella variicola	klebsiella	2273	gapA(16),infB(24),mdh(21),pgi(27),phoE(47),rpoB(22),tonB(341)
GCF_019928625.2	Klebsiella pneumoniae	klebsiella	1583	gapA(2),infB(1),mdh(2),pgi(1),phoE(12),rpoB(1),tonB(9)
GCF_020023465.1	Klebsiella pneumoniae	klebsiella	727	gapA(2),infB(9),mdh(2),pgi(1),phoE(7),rpoB(1),tonB(16)
GCF_019823915.1	Klebsiella pneumoniae	klebsiella	11	gapA(3),infB(3),mdh(1),pgi(1),phoE(1),rpoB(1),tonB(4)
GCF_019798005.1	Klebsiella pneumoniae	klebsiella	420	gapA(2),infB(1),mdh(65),pgi(2),phoE(5),rpoB(1),tonB(36)
GCF_020172745.1	Klebsiella pneumoniae	klebsiella	727	gapA(2),infB(9),mdh(2),pgi(1),phoE(7),rpoB(1),tonB(16)
GCF_020149805.1	Klebsiella variicola	klebsiella	347	gapA(16),infB(24),mdh(21),pgi(27),phoE(47),rpoB(22),tonB(67)
GCF_020520185.1	Klebsiella pneumoniae	klebsiella	11	gapA(3),infB(3),mdh(1),pgi(1),phoE(1),rpoB(1),tonB(4)
GCF_020023445.1	Klebsiella quasipneumoniae	klebsiella	3830	gapA(42),infB(15),mdh(18),pgi(63),phoE(167),rpoB(13),tonB(49)
GCF_020526085.1	Klebsiella africana	klebsiella	3291	gapA(174),infB(117),mdh(214),pgi(186),phoE(304),rpoB(155),tonB(445)
GCF_019797985.1	Klebsiella pneumoniae	klebsiella	307	gapA(4),infB(1),mdh(2),pgi(52),phoE(1),rpoB(1),tonB(7)
GCF_020459305.1	Klebsiella pneumoniae	klebsiella	1383	gapA(2),infB(2),mdh(1),pgi(1),phoE(16),rpoB(94),tonB(229)
GCF_020525865.1	Klebsiella pneumoniae	klebsiella	375	gapA(43),infB(1),mdh(2),pgi(1),phoE(10),rpoB(4),tonB(13)
GCF_020080145.1	Klebsiella pneumoniae	klebsiella	37	gapA(2),infB(9),mdh(2),pgi(1),phoE(13),rpoB(1),tonB(16)
GCF_021135615.1	Klebsiella pneumoniae	klebsiella	101	gapA(2),infB(6),mdh(1),pgi(5),phoE(4),rpoB(1),tonB(6)
GCF_019915305.1	Klebsiella pneumoniae	klebsiella	23	gapA(2),infB(1),mdh(1),pgi(1),phoE(9),rpoB(4),tonB(12)
GCF_019915345.1	Klebsiella pneumoniae	klebsiella	1486	gapA(2),infB(1),mdh(2),pgi(1),phoE(7),rpoB(1),tonB(1)
GCF_020695625.1	Klebsiella michiganensis	klebsiella	-	gapA(~147),infB(-),mdh(-),pgi(-),phoE(-),rpoB(~276),tonB(-)
GCF_019823955.1	Klebsiella pneumoniae	klebsiella	11	gapA(3),infB(3),mdh(1),pgi(1),phoE(1),rpoB(1),tonB(4)
GCF_020985265.1	Klebsiella quasipneumoniae	klebsiella	2712	gapA(42),infB(22),mdh(135),pgi(59),phoE(11),rpoB(38),tonB(51)
GCF_019823895.1	Klebsiella pneumoniae	klebsiella	2237	gapA(1),infB(1),mdh(1),pgi(1),phoE(1),rpoB(46),tonB(1)
GCF_019823835.1	Klebsiella pneumoniae	klebsiella	11	gapA(3),infB(3),mdh(1),pgi(1),phoE(1),rpoB(1),tonB(4)
GCF_019823875.1	Klebsiella pneumoniae	klebsiella	11	gapA(3),infB(3),mdh(1),pgi(1),phoE(1),rpoB(1),tonB(4)
GCF_020405285.1	Klebsiella pneumoniae	klebsiella	11	gapA(3),infB(3),mdh(1),pgi(1),phoE(1),rpoB(1),tonB(4)
GCF_019798185.1	Klebsiella pneumoniae	klebsiella	2948	gapA(3),infB(3),mdh(1),pgi(1),phoE(1),rpoB(1),tonB(51)
GCF_021137635.1	Klebsiella pneumoniae	klebsiella	101	gapA(2),infB(6),mdh(1),pgi(5),phoE(4),rpoB(1),tonB(6)
GCF_020149875.1	Klebsiella pneumoniae	klebsiella	3073	gapA(5),infB(1),mdh(2),pgi(12),phoE(9),rpoB(4),tonB(38)
GCF_019798025.1	Klebsiella pneumoniae	klebsiella	2954	gapA(138),infB(1),mdh(1),pgi(6),phoE(7),rpoB(1),tonB(12)
GCF_020525965.1	Klebsiella pneumoniae	klebsiella	133	gapA(12),infB(1),mdh(1),pgi(2),phoE(5),rpoB(1),tonB(36)
GCF_020990405.1	Klebsiella pneumoniae	klebsiella	37	gapA(2),infB(9),mdh(2),pgi(1),phoE(13),rpoB(1),tonB(16)
GCF_020405265.1	Klebsiella pneumoniae	klebsiella	11	gapA(3),infB(3),mdh(1),pgi(1),phoE(1),rpoB(1),tonB(4)
GCF_021498005.1	Klebsiella pneumoniae	klebsiella	11	gapA(3),infB(3),mdh(1),pgi(1),phoE(1),rpoB(1),tonB(4)
GCF_021497265.1	Klebsiella pneumoniae	klebsiella	1660	gapA(2),infB(1),mdh(1),pgi(1),phoE(9),rpoB(4),tonB(260)
GCF_021535105.1	Klebsiella pneumoniae	klebsiella	23	gapA(2),infB(1),mdh(1),pgi(1),phoE(9),rpoB(4),tonB(12)
GCF_022009655.1	Klebsiella pneumoniae	klebsiella	29	gapA(2),infB(3),mdh(2),pgi(2),phoE(6),rpoB(4),tonB(4)
GCF_021228995.1	Klebsiella michiganensis	klebsiella	-	gapA(~147),infB(-),mdh(-),pgi(-),phoE(-),rpoB(~276),tonB(-)
GCF_021228855.1	Klebsiella michiganensis	klebsiella	-	gapA(~147),infB(126?),mdh(-),pgi(-),phoE(-),rpoB(~276),tonB(-)
GCF_021184225.1	Klebsiella sp.	klebsiella	23	gapA(2),infB(1),mdh(1),pgi(1),phoE(9),rpoB(4),tonB(12)
GCF_022313415.2	Klebsiella quasipneumoniae	klebsiella	138	gapA(18),infB(22),mdh(26),pgi(23),phoE(31),rpoB(13),tonB(49)
GCF_021729905.1	Klebsiella pneumoniae	klebsiella	147	gapA(3),infB(4),mdh(6),pgi(1),phoE(7),rpoB(4),tonB(38)
GCF_021398445.1	Klebsiella pneumoniae	klebsiella	11	gapA(3),infB(3),mdh(1),pgi(1),phoE(1),rpoB(1),tonB(4)
GCF_021228815.1	Klebsiella pneumoniae	klebsiella	2856	gapA(3),infB(3),mdh(2),pgi(1),phoE(1),rpoB(1),tonB(4)
GCF_021441845.1	Klebsiella pneumoniae	klebsiella	25	gapA(2),infB(1),mdh(1),pgi(1),phoE(10),rpoB(4),tonB(13)
GCF_021460155.1	Klebsiella pneumoniae	klebsiella	815	gapA(2),infB(1),mdh(2),pgi(1),phoE(7),rpoB(1),tonB(12)
GCF_021137855.1	Klebsiella pneumoniae	klebsiella	101	gapA(2),infB(6),mdh(1),pgi(5),phoE(4),rpoB(1),tonB(6)
GCF_021137815.1	Klebsiella pneumoniae	klebsiella	101	gapA(2),infB(6),mdh(1),pgi(5),phoE(4),rpoB(1),tonB(6)
GCF_021137795.1	Klebsiella pneumoniae	klebsiella	101	gapA(2),infB(6),mdh(1),pgi(5),phoE(4),rpoB(1),tonB(6)
GCF_021496095.1	Klebsiella pneumoniae	klebsiella	340	gapA(3),infB(3),mdh(1),pgi(1),phoE(1),rpoB(1),tonB(18)
GCF_021952745.1	Klebsiella pneumoniae	klebsiella	5873	gapA(314),infB(35),mdh(2),pgi(35),phoE(56),rpoB(24),tonB(19)
GCF_021137715.1	Klebsiella pneumoniae	klebsiella	101	gapA(2),infB(6),mdh(1),pgi(5),phoE(4),rpoB(1),tonB(6)
GCF_022343245.1	Klebsiella michiganensis	klebsiella	-	gapA(~147),infB(126?),mdh(-),pgi(-),phoE(-),rpoB(~276),tonB(-)
GCF_021137755.1	Klebsiella pneumoniae	klebsiella	101	gapA(2),infB(6),mdh(1),pgi(5),phoE(4),rpoB(1),tonB(6)
GCF_022353525.1	Klebsiella pneumoniae	klebsiella	709	gapA(1),infB(1),mdh(1),pgi(1),phoE(1),rpoB(1),tonB(4)
GCF_022343265.1	Klebsiella michiganensis	klebsiella	-	gapA(~147),infB(126?),mdh(-),pgi(-),phoE(-),rpoB(~276),tonB(-)
GCF_021137695.1	Klebsiella pneumoniae	klebsiella	437	gapA(3),infB(3),mdh(1),pgi(1),phoE(1),rpoB(1),tonB(31)
GCF_021535085.1	Klebsiella pneumoniae	klebsiella	23	gapA(2),infB(1),mdh(1),pgi(1),phoE(9),rpoB(4),tonB(12)
GCF_021137835.1	Klebsiella pneumoniae	klebsiella	16	gapA(2),infB(1),mdh(2),pgi(1),phoE(4),rpoB(4),tonB(4)
GCF_021398155.1	Klebsiella pneumoniae	klebsiella	11	gapA(3),infB(3),mdh(1),pgi(1),phoE(1),rpoB(1),tonB(4)
GCF_021729765.1	Klebsiella pneumoniae	klebsiella	231	gapA(2),infB(6),mdh(1),pgi(3),phoE(26),rpoB(1),tonB(77)
GCF_021390015.1	Klebsiella pneumoniae	klebsiella	35	gapA(2),infB(1),mdh(2),pgi(1),phoE(10),rpoB(1),tonB(19)
GCF_022023795.1	Klebsiella quasipneumoniae	klebsiella	-	gapA(50),infB(19),mdh(286),pgi(265),phoE(122),rpoB(18),tonB(126)
GCF_021442045.1	Klebsiella pneumoniae	klebsiella	15	gapA(1),infB(1),mdh(1),pgi(1),phoE(1),rpoB(1),tonB(1)
GCF_021228695.1	Klebsiella michiganensis	klebsiella	-	gapA(~147),infB(126?),mdh(-),pgi(-),phoE(-),rpoB(~276),tonB(-)
GCF_021729785.1	Klebsiella pneumoniae	klebsiella	1269	gapA(2),infB(1),mdh(2),pgi(1),phoE(7),rpoB(1),tonB(226)
GCF_021249265.1	Klebsiella pneumoniae	klebsiella	23	gapA(2),infB(1),mdh(1),pgi(1),phoE(9),rpoB(4),tonB(12)
GCF_021391575.1	Klebsiella michiganensis	klebsiella	-	gapA(~147),infB(-),mdh(-),pgi(~174),phoE(-),rpoB(276?),tonB(-)
GCF_021397755.1	Klebsiella pneumoniae	klebsiella	23	gapA(2),infB(1),mdh(1),pgi(1),phoE(9),rpoB(4),tonB(12)
GCF_021137875.1	Klebsiella pneumoniae	klebsiella	14	gapA(1),infB(6),mdh(1),pgi(1),phoE(1),rpoB(1),tonB(1)
GCF_021432105.1	Klebsiella pneumoniae	klebsiella	617	gapA(2),infB(9),mdh(1),pgi(1),phoE(13),rpoB(1),tonB(2)
GCF_021952765.1	Klebsiella pneumoniae	klebsiella	219	gapA(2),infB(1),mdh(2),pgi(3),phoE(27),rpoB(1),tonB(39)
GCF_022353645.1	Klebsiella pneumoniae	klebsiella	1922	gapA(3),infB(4),mdh(6),pgi(1),phoE(7),rpoB(4),tonB(16)
GCF_021138035.1	Klebsiella pneumoniae	klebsiella	392	gapA(3),infB(4),mdh(6),pgi(1),phoE(7),rpoB(4),tonB(40)
GCF_021655475.1	Klebsiella pneumoniae	klebsiella	628	gapA(2),infB(60),mdh(11),pgi(1),phoE(4),rpoB(8),tonB(24)
GCF_021137955.1	Klebsiella pneumoniae	klebsiella	2719	gapA(2),infB(1),mdh(151),pgi(87),phoE(7),rpoB(1),tonB(12)
GCF_021398915.1	Klebsiella oxytoca	klebsiella	-	gapA(150),infB(126),mdh(-),pgi(~174),phoE(-),rpoB(149),tonB(-)
GCF_021655435.1	Klebsiella pneumoniae	klebsiella	628	gapA(2),infB(60),mdh(11),pgi(1),phoE(4),rpoB(8),tonB(24)
GCF_021655455.1	Klebsiella pneumoniae	klebsiella	628	gapA(2),infB(60),mdh(11),pgi(1),phoE(4),rpoB(8),tonB(24)
GCF_021137735.1	Klebsiella pneumoniae	klebsiella	258	gapA(3),infB(3),mdh(1),pgi(1),phoE(1),rpoB(1),tonB(79)
GCF_021729925.1	Klebsiella pneumoniae	klebsiella	101	gapA(2),infB(6),mdh(1),pgi(5),phoE(4),rpoB(1),tonB(6)
GCF_021655495.1	Klebsiella pneumoniae	klebsiella	628	gapA(2),infB(60),mdh(11),pgi(1),phoE(4),rpoB(8),tonB(24)
GCF_021768325.1	Klebsiella pneumoniae	klebsiella	11	gapA(3),infB(3),mdh(1),pgi(1),phoE(1),rpoB(1),tonB(4)
GCF_021655515.1	Klebsiella pneumoniae	klebsiella	628	gapA(2),infB(60),mdh(11),pgi(1),phoE(4),rpoB(8),tonB(24)
GCF_021899615.1	Klebsiella pneumoniae	klebsiella	147	gapA(3),infB(4),mdh(6),pgi(1),phoE(7),rpoB(4),tonB(38)
GCF_021432125.1	Klebsiella pneumoniae	klebsiella	617	gapA(2),infB(9),mdh(1),pgi(1),phoE(13),rpoB(1),tonB(2)
GCF_022353585.1	Klebsiella pneumoniae	klebsiella	35	gapA(2),infB(1),mdh(2),pgi(1),phoE(10),rpoB(1),tonB(19)
GCF_021166075.1	Klebsiella pneumoniae	klebsiella	218	gapA(2),infB(3),mdh(1),pgi(1),phoE(9),rpoB(4),tonB(12)
GCF_021899755.1	Klebsiella pneumoniae	klebsiella	14	gapA(1),infB(6),mdh(1),pgi(1),phoE(1),rpoB(1),tonB(1)
GCF_021432005.1	Klebsiella pneumoniae	klebsiella	15	gapA(1),infB(1),mdh(1),pgi(1),phoE(1),rpoB(1),tonB(1)
GCF_021137895.1	Klebsiella pneumoniae	klebsiella	14	gapA(1),infB(6),mdh(1),pgi(1),phoE(1),rpoB(1),tonB(1)
GCF_021442065.1	Klebsiella pneumoniae	klebsiella	11	gapA(3),infB(3),mdh(1),pgi(1),phoE(1),rpoB(1),tonB(4)
GCF_021137915.1	Klebsiella pneumoniae	klebsiella	37	gapA(2),infB(9),mdh(2),pgi(1),phoE(13),rpoB(1),tonB(16)
GCF_021431985.1	Klebsiella pneumoniae	klebsiella	11	gapA(3),infB(3),mdh(1),pgi(1),phoE(1),rpoB(1),tonB(4)
GCF_021496545.1	Klebsiella pneumoniae	klebsiella	37	gapA(2),infB(9),mdh(2),pgi(1),phoE(13),rpoB(1),tonB(16)
GCF_021560095.1	Klebsiella pneumoniae	klebsiella	11	gapA(3),infB(3),mdh(1),pgi(1),phoE(1),rpoB(1),tonB(4)
GCF_021397585.1	Klebsiella pneumoniae	klebsiella	15	gapA(1),infB(1),mdh(1),pgi(1),phoE(1),rpoB(1),tonB(1)
GCF_021228835.1	Klebsiella variicola	klebsiella	5823	gapA(16),infB(24),mdh(21),pgi(31),phoE(47),rpoB(22),tonB(804)
GCF_021497485.1	Klebsiella pneumoniae	klebsiella	11	gapA(3),infB(3),mdh(1),pgi(1),phoE(1),rpoB(1),tonB(4)
GCF_021228775.1	Klebsiella oxytoca	klebsiella	-	gapA(147),infB(126),mdh(-),pgi(~171),phoE(-),rpoB(149),tonB(-)
GCF_021484985.1	Klebsiella pneumoniae	klebsiella	512	gapA(54),infB(3),mdh(1),pgi(1),phoE(1),rpoB(1),tonB(79)
GCF_021869705.1	Klebsiella sp.	klebsiella	138	gapA(18),infB(22),mdh(26),pgi(23),phoE(31),rpoB(13),tonB(49)
GCF_021485025.1	Klebsiella pneumoniae	klebsiella	512	gapA(54),infB(3),mdh(1),pgi(1),phoE(1),rpoB(1),tonB(79)
GCF_022213425.1	Klebsiella pneumoniae	klebsiella	23	gapA(2),infB(1),mdh(1),pgi(1),phoE(9),rpoB(4),tonB(12)
GCF_021138155.1	Klebsiella pneumoniae	klebsiella	147	gapA(3),infB(4),mdh(6),pgi(1),phoE(7),rpoB(4),tonB(38)
GCF_021166175.1	Klebsiella pneumoniae	klebsiella	86	gapA(9),infB(4),mdh(2),pgi(1),phoE(1),rpoB(1),tonB(27)
GCF_021166215.1	Klebsiella pneumoniae	klebsiella	23	gapA(2),infB(1),mdh(1),pgi(1),phoE(9),rpoB(4),tonB(12)
GCF_021166055.1	Klebsiella pneumoniae	klebsiella	23	gapA(2),infB(1),mdh(1),pgi(1),phoE(9),rpoB(4),tonB(12)
GCF_021137975.1	Klebsiella pneumoniae	klebsiella	1213	gapA(2),infB(1),mdh(1),pgi(1),phoE(7),rpoB(4),tonB(87)
GCF_021228735.1	Klebsiella pasteurii	klebsiella	-	gapA(~147),infB(-),mdh(-),pgi(-),phoE(-),rpoB(148?),tonB(-)
GCF_021464465.1	Klebsiella pneumoniae	klebsiella	11	gapA(3),infB(3),mdh(1),pgi(1),phoE(1),rpoB(1),tonB(4)
GCF_021137775.1	Klebsiella pneumoniae	klebsiella	101	gapA(2),infB(6),mdh(1),pgi(5),phoE(4),rpoB(1),tonB(6)
GCF_021496525.1	Klebsiella ornithinolytica	klebsiella	-	gapA(~146),infB(125),mdh(-),pgi(170),phoE(~282),rpoB(148),tonB(-)
GCF_021655415.1	Klebsiella pneumoniae	klebsiella	23	gapA(2),infB(1),mdh(1),pgi(1),phoE(9),rpoB(4),tonB(12)
GCF_021228655.1	Klebsiella oxytoca	klebsiella	-	gapA(147),infB(~133),mdh(-),pgi(171),phoE(-),rpoB(149),tonB(-)
GCF_021442005.1	Klebsiella pneumoniae	klebsiella	11	gapA(3),infB(3),mdh(1),pgi(1),phoE(1),rpoB(1),tonB(4)
GCF_021166195.1	Klebsiella pneumoniae	klebsiella	11	gapA(3),infB(3),mdh(1),pgi(1),phoE(1),rpoB(1),tonB(4)
GCF_021172125.1	Klebsiella pneumoniae	klebsiella	5605	gapA(2),infB(6),mdh(17),pgi(368),phoE(20),rpoB(10),tonB(25)
GCF_021485005.1	Klebsiella pneumoniae	klebsiella	512	gapA(54),infB(3),mdh(1),pgi(1),phoE(1),rpoB(1),tonB(79)
GCF_021389995.1	Klebsiella pneumoniae	klebsiella	2407	gapA(2),infB(1),mdh(99),pgi(1),phoE(9),rpoB(5),tonB(5)
GCF_021166155.1	Klebsiella pneumoniae	klebsiella	11	gapA(3),infB(3),mdh(1),pgi(1),phoE(1),rpoB(1),tonB(4)
GCF_021166115.1	Klebsiella pneumoniae	klebsiella	11	gapA(3),infB(3),mdh(1),pgi(1),phoE(1),rpoB(1),tonB(4)
GCF_021166095.1	Klebsiella pneumoniae	klebsiella	-	gapA(2),infB(1),mdh(2),pgi(~68),phoE(10),rpoB(4),tonB(13)
GCF_021137935.1	Klebsiella pneumoniae	klebsiella	231	gapA(2),infB(6),mdh(1),pgi(3),phoE(26),rpoB(1),tonB(77)
GCF_022213405.2	Klebsiella pneumoniae	klebsiella	11	gapA(3),infB(3),mdh(1),pgi(1),phoE(1),rpoB(1),tonB(4)
GCF_021484965.1	Klebsiella pneumoniae	klebsiella	1	gapA(4),infB(4),mdh(1),pgi(1),phoE(7),rpoB(4),tonB(10)
GCF_022163245.2	Klebsiella michiganensis	klebsiella	-	gapA(~147),infB(126?),mdh(-),pgi(-),phoE(-),rpoB(~276),tonB(-)
GCF_021228755.1	Klebsiella michiganensis	klebsiella	-	gapA(~147),infB(-),mdh(-),pgi(-),phoE(-),rpoB(~276),tonB(-)
GCF_021899575.1	Klebsiella pneumoniae	klebsiella	11	gapA(3),infB(3),mdh(1),pgi(1),phoE(1),rpoB(1),tonB(4)
GCF_021228715.1	Klebsiella oxytoca	klebsiella	-	gapA(147),infB(~133),mdh(-),pgi(171),phoE(-),rpoB(149),tonB(-)
GCF_021166135.1	Klebsiella pneumoniae	klebsiella	147	gapA(3),infB(4),mdh(6),pgi(1),phoE(7),rpoB(4),tonB(38)
GCF_022059905.1	Klebsiella pneumoniae	klebsiella	11	gapA(3),infB(3),mdh(1),pgi(1),phoE(1),rpoB(1),tonB(4)
GCF_021166235.1	Klebsiella pneumoniae	klebsiella	23	gapA(2),infB(1),mdh(1),pgi(1),phoE(9),rpoB(4),tonB(12)
GCF_022637595.1	Klebsiella planticola	klebsiella	-	gapA(~146),infB(~120),mdh(-),pgi(170?),phoE(~282),rpoB(~140),tonB(-)
GCF_022915955.1	Klebsiella aerogenes	klebsiella	-	gapA(~166),infB(~196),mdh(-),pgi(~198),phoE(463),rpoB(~263),tonB(-)
GCF_022789185.2	Klebsiella pneumoniae	klebsiella	643	gapA(2),infB(3),mdh(6),pgi(75),phoE(9),rpoB(7),tonB(137)
GCF_022354265.1	Klebsiella ornithinolytica	klebsiella	-	gapA(146),infB(120?),mdh(-),pgi(170),phoE(~277),rpoB(148),tonB(-)
GCF_022569835.1	Klebsiella michiganensis	klebsiella	-	gapA(~147),infB(126?),mdh(-),pgi(-),phoE(-),rpoB(~276),tonB(-)
GCF_022559855.1	Klebsiella grimontii	klebsiella	-	gapA(~147),infB(-),mdh(-),pgi(-),phoE(-),rpoB(~276),tonB(-)
GCF_022453565.1	Klebsiella pneumoniae	klebsiella	17	gapA(2),infB(1),mdh(1),pgi(1),phoE(4),rpoB(4),tonB(4)
GCF_022964835.1	Klebsiella pneumoniae	klebsiella	152	gapA(2),infB(3),mdh(2),pgi(1),phoE(1),rpoB(4),tonB(56)
GCF_022790445.2	Klebsiella pneumoniae	klebsiella	110	gapA(2),infB(6),mdh(1),pgi(3),phoE(8),rpoB(1),tonB(44)
GCF_022749475.1	Klebsiella pneumoniae	klebsiella	629	gapA(2),infB(3),mdh(87),pgi(1),phoE(12),rpoB(1),tonB(26)
GCF_022354285.1	Klebsiella pneumoniae	klebsiella	15	gapA(1),infB(1),mdh(1),pgi(1),phoE(1),rpoB(1),tonB(1)
GCF_022353805.1	Klebsiella pneumoniae	klebsiella	29	gapA(2),infB(3),mdh(2),pgi(2),phoE(6),rpoB(4),tonB(4)
GCF_022353825.1	Klebsiella pneumoniae	klebsiella	11	gapA(3),infB(3),mdh(1),pgi(1),phoE(1),rpoB(1),tonB(4)
GCF_022494055.1	Klebsiella quasipneumoniae	klebsiella	4345	gapA(42),infB(15),mdh(18),pgi(22),phoE(269),rpoB(13),tonB(609)
GCF_022921135.1	Klebsiella pneumoniae	klebsiella	656	gapA(4),infB(4),mdh(1),pgi(1),phoE(7),rpoB(4),tonB(4)
GCF_022789805.2	Klebsiella pneumoniae	klebsiella	3157	gapA(2),infB(1),mdh(1),pgi(1),phoE(7),rpoB(1),tonB(89)
GCF_022869145.1	Klebsiella pneumoniae	klebsiella	86	gapA(9),infB(4),mdh(2),pgi(1),phoE(1),rpoB(1),tonB(27)
GCF_022354365.1	Klebsiella pneumoniae	klebsiella	15	gapA(1),infB(1),mdh(1),pgi(1),phoE(1),rpoB(1),tonB(1)
GCF_022570755.1	Klebsiella pneumoniae	klebsiella	25	gapA(2),infB(1),mdh(1),pgi(1),phoE(10),rpoB(4),tonB(13)
GCF_022433565.1	Klebsiella quasipneumoniae	klebsiella	6953	gapA(17),infB(19),mdh(39),pgi(20),phoE(308),rpoB(21),tonB(277)
GCF_022700775.1	Klebsiella aerogenes	klebsiella	-	gapA(168),infB(~196),mdh(-),pgi(~198),phoE(~463),rpoB(268),tonB(-)
GCF_022809675.1	Klebsiella pneumoniae	klebsiella	11	gapA(3),infB(3),mdh(1),pgi(1),phoE(1),rpoB(1),tonB(4)
GCF_022494375.1	Klebsiella pneumoniae	klebsiella	-	gapA(2),infB(20),mdh(2),pgi(1),phoE(13),rpoB(4),tonB(~442)
GCF_022789905.2	Klebsiella pneumoniae	klebsiella	111	gapA(2),infB(1),mdh(5),pgi(1),phoE(17),rpoB(4),tonB(42)
GCF_022759705.1	Klebsiella pneumoniae	klebsiella	307	gapA(4),infB(1),mdh(2),pgi(52),phoE(1),rpoB(1),tonB(7)
GCF_022789105.2	Klebsiella pneumoniae	klebsiella	1026	gapA(2),infB(1),mdh(2),pgi(35),phoE(10),rpoB(24),tonB(19)
GCF_022369815.1	Klebsiella pneumoniae	klebsiella	147	gapA(3),infB(4),mdh(6),pgi(1),phoE(7),rpoB(4),tonB(38)
GCF_022818695.2	Klebsiella quasivariicola	klebsiella	3899	gapA(65),infB(174),mdh(86),pgi(79),phoE(136),rpoB(81),tonB(209)
GCF_022699325.1	Klebsiella pneumoniae	klebsiella	2943	gapA(2),infB(52),mdh(2),pgi(1),phoE(12),rpoB(1),tonB(34)
GCF_022533525.1	Klebsiella pneumoniae	klebsiella	11	gapA(3),infB(3),mdh(1),pgi(1),phoE(1),rpoB(1),tonB(4)
GCF_022494395.1	Klebsiella pneumoniae	klebsiella	2871	gapA(2),infB(1),mdh(1),pgi(4),phoE(1),rpoB(4),tonB(13)
GCF_022369925.1	Klebsiella pneumoniae	klebsiella	147	gapA(3),infB(4),mdh(6),pgi(1),phoE(7),rpoB(4),tonB(38)
GCF_022592735.1	Klebsiella pneumoniae	klebsiella	464	gapA(2),infB(5),mdh(2),pgi(1),phoE(26),rpoB(1),tonB(2)
GCF_022494255.1	Klebsiella pneumoniae	klebsiella	37	gapA(2),infB(9),mdh(2),pgi(1),phoE(13),rpoB(1),tonB(16)
GCF_022353665.1	Klebsiella pneumoniae	klebsiella	2190	gapA(2),infB(10),mdh(13),pgi(1),phoE(1),rpoB(7),tonB(6)
GCF_022789205.2	Klebsiella pneumoniae	klebsiella	3041	gapA(2),infB(1),mdh(1),pgi(1),phoE(9),rpoB(1),tonB(89)
GCF_022870805.1	Klebsiella pneumoniae	klebsiella	11	gapA(3),infB(3),mdh(1),pgi(1),phoE(1),rpoB(1),tonB(4)
GCF_022354725.1	Klebsiella pneumoniae	klebsiella	661	gapA(4),infB(3),mdh(1),pgi(36),phoE(9),rpoB(10),tonB(14)
GCF_022964795.1	Klebsiella pneumoniae	klebsiella	36	gapA(2),infB(1),mdh(2),pgi(1),phoE(7),rpoB(1),tonB(7)
GCF_022353765.1	Klebsiella pneumoniae	klebsiella	315	gapA(2),infB(35),mdh(2),pgi(35),phoE(56),rpoB(24),tonB(92)
GCF_022605305.1	Klebsiella oxytoca	klebsiella	-	gapA(147),infB(~133),mdh(-),pgi(171),phoE(-),rpoB(149),tonB(-)
GCF_022789885.2	Klebsiella pneumoniae	klebsiella	1083	gapA(2),infB(1),mdh(2),pgi(1),phoE(13),rpoB(1),tonB(23)
GCF_022809875.1	Klebsiella pneumoniae	klebsiella	-	gapA(4),infB(1),mdh(1),pgi(1),phoE(9),rpoB(4),tonB(36)
GCF_022353865.1	Klebsiella quasipneumoniae	klebsiella	334	gapA(18),infB(22),mdh(18),pgi(22),phoE(25),rpoB(37),tonB(51)
GCF_022869885.1	Klebsiella michiganensis	klebsiella	-	gapA(~147),infB(126?),mdh(-),pgi(-),phoE(-),rpoB(~276),tonB(-)
GCF_022759585.1	Klebsiella aerogenes	klebsiella	-	gapA(~166),infB(~196),mdh(-),pgi(~198),phoE(463),rpoB(268),tonB(-)
GCF_022790305.2	Klebsiella pneumoniae	klebsiella	252	gapA(2),infB(5),mdh(1),pgi(1),phoE(9),rpoB(1),tonB(6)
GCF_022533505.1	Klebsiella pneumoniae	klebsiella	11	gapA(3),infB(3),mdh(1),pgi(1),phoE(1),rpoB(1),tonB(4)
GCF_022789975.2	Klebsiella pneumoniae	klebsiella	4676	gapA(2),infB(1),mdh(354),pgi(1),phoE(7),rpoB(5),tonB(181)
GCF_022353705.1	Klebsiella pneumoniae	klebsiella	45	gapA(2),infB(1),mdh(1),pgi(6),phoE(7),rpoB(1),tonB(12)
GCF_022869665.1	Klebsiella pneumoniae	klebsiella	3	gapA(5),infB(5),mdh(1),pgi(1),phoE(9),rpoB(6),tonB(11)
GCF_022760005.1	Klebsiella pneumoniae	klebsiella	101	gapA(2),infB(6),mdh(1),pgi(5),phoE(4),rpoB(1),tonB(6)
GCF_022453785.1	Klebsiella variicola	klebsiella	347	gapA(16),infB(24),mdh(21),pgi(27),phoE(47),rpoB(22),tonB(67)
GCF_022789585.2	Klebsiella pneumoniae	klebsiella	2695	gapA(2),infB(1),mdh(1),pgi(1),phoE(4),rpoB(4),tonB(373)
GCF_022759605.1	Klebsiella aerogenes	klebsiella	-	gapA(~168),infB(197?),mdh(-),pgi(300),phoE(464),rpoB(~264),tonB(-)
GCF_022492895.1	Klebsiella pneumoniae	klebsiella	512	gapA(54),infB(3),mdh(1),pgi(1),phoE(1),rpoB(1),tonB(79)
GCF_022759945.1	Klebsiella pneumoniae	klebsiella	101	gapA(2),infB(6),mdh(1),pgi(5),phoE(4),rpoB(1),tonB(6)
GCF_022701055.1	Klebsiella pneumoniae	klebsiella	147	gapA(3),infB(4),mdh(6),pgi(1),phoE(7),rpoB(4),tonB(38)
GCF_022699345.1	Klebsiella pneumoniae	klebsiella	2096	gapA(1),infB(6),mdh(1),pgi(1),phoE(1),rpoB(46),tonB(1)
GCF_022539425.1	Klebsiella pneumoniae	klebsiella	1	gapA(4),infB(4),mdh(1),pgi(1),phoE(7),rpoB(4),tonB(10)
GCF_022789685.2	Klebsiella pneumoniae	klebsiella	45	gapA(2),infB(1),mdh(1),pgi(6),phoE(7),rpoB(1),tonB(12)
GCF_022759685.1	Klebsiella pneumoniae	klebsiella	307	gapA(4),infB(1),mdh(2),pgi(52),phoE(1),rpoB(1),tonB(7)
GCF_022605325.1	Klebsiella sp.	klebsiella	-	gapA(~33),infB(41?),mdh(-),pgi(~73),phoE(~99),rpoB(35?),tonB(128?)
GCF_022354545.1	Klebsiella pneumoniae	klebsiella	11	gapA(3),infB(3),mdh(1),pgi(1),phoE(1),rpoB(1),tonB(4)
GCF_022353985.1	Klebsiella pneumoniae	klebsiella	17	gapA(2),infB(1),mdh(1),pgi(1),phoE(4),rpoB(4),tonB(4)
GCF_022475535.1	Klebsiella oxytoca	klebsiella	-	gapA(147),infB(133),mdh(-),pgi(~171),phoE(-),rpoB(163),tonB(-)
GCF_022828575.1	Klebsiella pneumoniae	klebsiella	11	gapA(3),infB(3),mdh(1),pgi(1),phoE(1),rpoB(1),tonB(4)
GCF_022493975.1	Klebsiella pneumoniae	klebsiella	11	gapA(3),infB(3),mdh(1),pgi(1),phoE(1),rpoB(1),tonB(4)
GCF_022790165.2	Klebsiella pneumoniae	klebsiella	4675	gapA(2),infB(3),mdh(1),pgi(1),phoE(7),rpoB(1),tonB(4)
GCF_022354625.1	Klebsiella pneumoniae	klebsiella	101	gapA(2),infB(6),mdh(1),pgi(5),phoE(4),rpoB(1),tonB(6)
GCF_022354165.1	Klebsiella pneumoniae	klebsiella	4552	gapA(2),infB(1),mdh(1),pgi(6),phoE(7),rpoB(1),tonB(271)
GCF_022577075.1	Klebsiella pneumoniae	klebsiella	43	gapA(2),infB(6),mdh(1),pgi(5),phoE(11),rpoB(1),tonB(15)
GCF_022789345.2	Klebsiella pneumoniae	klebsiella	2441	gapA(2),infB(1),mdh(2),pgi(1),phoE(12),rpoB(4),tonB(9)
GCF_022453645.1	Klebsiella pneumoniae	klebsiella	11	gapA(3),infB(3),mdh(1),pgi(1),phoE(1),rpoB(1),tonB(4)
GCF_022354525.1	Klebsiella pneumoniae	klebsiella	15	gapA(1),infB(1),mdh(1),pgi(1),phoE(1),rpoB(1),tonB(1)
GCF_022354125.1	Klebsiella pneumoniae	klebsiella	39	gapA(2),infB(1),mdh(2),pgi(4),phoE(9),rpoB(1),tonB(14)
GCF_022354665.1	Klebsiella pneumoniae	klebsiella	661	gapA(4),infB(3),mdh(1),pgi(36),phoE(9),rpoB(10),tonB(14)
GCF_022558365.1	Klebsiella pneumoniae	klebsiella	11	gapA(3),infB(3),mdh(1),pgi(1),phoE(1),rpoB(1),tonB(4)
GCF_022354105.1	Klebsiella pneumoniae	klebsiella	2601	gapA(2),infB(1),mdh(11),pgi(1),phoE(9),rpoB(4),tonB(242)
GCF_022759985.1	Klebsiella pneumoniae	klebsiella	101	gapA(2),infB(6),mdh(1),pgi(5),phoE(4),rpoB(1),tonB(6)
GCF_022494215.1	Klebsiella pneumoniae	klebsiella	1	gapA(4),infB(4),mdh(1),pgi(1),phoE(7),rpoB(4),tonB(10)
GCF_022592575.1	Klebsiella pneumoniae	klebsiella	1326	gapA(3),infB(3),mdh(1),pgi(1),phoE(1),rpoB(1),tonB(16)
GCF_022749215.1	Klebsiella pneumoniae	klebsiella	2096	gapA(1),infB(6),mdh(1),pgi(1),phoE(1),rpoB(46),tonB(1)
GCF_022759645.1	Klebsiella pneumoniae	klebsiella	307	gapA(4),infB(1),mdh(2),pgi(52),phoE(1),rpoB(1),tonB(7)
GCF_022870645.1	Klebsiella pneumoniae	klebsiella	15	gapA(1),infB(1),mdh(1),pgi(1),phoE(1),rpoB(1),tonB(1)
GCF_022759665.1	Klebsiella pneumoniae	klebsiella	307	gapA(4),infB(1),mdh(2),pgi(52),phoE(1),rpoB(1),tonB(7)
GCF_022699305.1	Klebsiella pneumoniae	klebsiella	2096	gapA(1),infB(6),mdh(1),pgi(1),phoE(1),rpoB(46),tonB(1)
GCF_022789985.2	Klebsiella pneumoniae	klebsiella	240	gapA(2),infB(1),mdh(1),pgi(1),phoE(17),rpoB(1),tonB(18)
GCF_022789725.2	Klebsiella pneumoniae	klebsiella	922	gapA(79),infB(3),mdh(1),pgi(1),phoE(9),rpoB(1),tonB(13)
GCF_022492855.1	Klebsiella pneumoniae	klebsiella	512	gapA(54),infB(3),mdh(1),pgi(1),phoE(1),rpoB(1),tonB(79)
GCF_022828525.1	Klebsiella pneumoniae	klebsiella	11	gapA(3),infB(3),mdh(1),pgi(1),phoE(1),rpoB(1),tonB(4)
GCF_022559785.1	Klebsiella pneumoniae	klebsiella	11	gapA(3),infB(3),mdh(1),pgi(1),phoE(1),rpoB(1),tonB(4)
GCF_022790205.2	Klebsiella pneumoniae	klebsiella	22	gapA(2),infB(3),mdh(1),pgi(1),phoE(1),rpoB(4),tonB(4)
GCF_022494195.1	Klebsiella pneumoniae	klebsiella	15	gapA(1),infB(1),mdh(1),pgi(1),phoE(1),rpoB(1),tonB(1)
GCF_022492875.1	Klebsiella pneumoniae	klebsiella	512	gapA(54),infB(3),mdh(1),pgi(1),phoE(1),rpoB(1),tonB(79)
GCF_022759625.1	Klebsiella pneumoniae	klebsiella	307	gapA(4),infB(1),mdh(2),pgi(52),phoE(1),rpoB(1),tonB(7)
GCF_022559765.1	Klebsiella pneumoniae	klebsiella	11	gapA(3),infB(3),mdh(1),pgi(1),phoE(1),rpoB(1),tonB(4)
GCF_022759965.1	Klebsiella pneumoniae	klebsiella	101	gapA(2),infB(6),mdh(1),pgi(5),phoE(4),rpoB(1),tonB(6)
GCF_022828555.1	Klebsiella pneumoniae	klebsiella	11	gapA(3),infB(3),mdh(1),pgi(1),phoE(1),rpoB(1),tonB(4)
GCF_022759925.1	Klebsiella pneumoniae	klebsiella	101	gapA(2),infB(6),mdh(1),pgi(5),phoE(4),rpoB(1),tonB(6)
GCF_023093835.1	Klebsiella michiganensis	klebsiella	-	gapA(~147),infB(-),mdh(-),pgi(-),phoE(-),rpoB(~276),tonB(-)
GCF_023657815.1	Klebsiella pneumoniae	klebsiella	307	gapA(4),infB(1),mdh(2),pgi(52),phoE(1),rpoB(1),tonB(7)
GCF_023657675.1	Klebsiella pneumoniae	klebsiella	392	gapA(3),infB(4),mdh(6),pgi(1),phoE(7),rpoB(4),tonB(40)
GCF_023703955.1	Klebsiella pneumoniae	klebsiella	5037	gapA(2),infB(1),mdh(4),pgi(1),phoE(12),rpoB(285),tonB(19)
GCF_023347685.1	Klebsiella pneumoniae	klebsiella	15	gapA(1),infB(1),mdh(1),pgi(1),phoE(1),rpoB(1),tonB(1)
GCF_023538935.1	Klebsiella pneumoniae	klebsiella	307	gapA(4),infB(1),mdh(2),pgi(52),phoE(1),rpoB(1),tonB(7)
GCF_023658145.1	Klebsiella pneumoniae	klebsiella	258	gapA(3),infB(3),mdh(1),pgi(1),phoE(1),rpoB(1),tonB(79)
GCF_023518295.1	Klebsiella pneumoniae	klebsiella	16	gapA(2),infB(1),mdh(2),pgi(1),phoE(4),rpoB(4),tonB(4)
GCF_023715965.1	Klebsiella pneumoniae	klebsiella	11	gapA(3),infB(3),mdh(1),pgi(1),phoE(1),rpoB(1),tonB(4)
GCF_023464655.1	Klebsiella aerogenes	klebsiella	-	gapA(168),infB(~196),mdh(-),pgi(198),phoE(463),rpoB(165),tonB(-)
GCF_023657735.1	Klebsiella pneumoniae	klebsiella	307	gapA(4),infB(1),mdh(2),pgi(52),phoE(1),rpoB(1),tonB(7)
GCF_023518335.1	Klebsiella pneumoniae	klebsiella	985	gapA(10),infB(3),mdh(2),pgi(2),phoE(6),rpoB(4),tonB(4)
GCF_023704035.1	Klebsiella africana	klebsiella	4939	gapA(156),infB(210),mdh(214),pgi(326),phoE(304),rpoB(280),tonB(679)
GCF_023657855.1	Klebsiella pneumoniae	klebsiella	307	gapA(4),infB(1),mdh(2),pgi(52),phoE(1),rpoB(1),tonB(7)
GCF_023658205.1	Klebsiella pneumoniae	klebsiella	258	gapA(3),infB(3),mdh(1),pgi(1),phoE(1),rpoB(1),tonB(79)
GCF_023653925.1	Klebsiella pneumoniae	klebsiella	11	gapA(3),infB(3),mdh(1),pgi(1),phoE(1),rpoB(1),tonB(4)
GCF_023657835.1	Klebsiella pneumoniae	klebsiella	307	gapA(4),infB(1),mdh(2),pgi(52),phoE(1),rpoB(1),tonB(7)
GCF_023703975.1	Klebsiella pneumoniae	klebsiella	661	gapA(4),infB(3),mdh(1),pgi(36),phoE(9),rpoB(10),tonB(14)
GCF_023573645.1	Klebsiella pneumoniae	klebsiella	11	gapA(3),infB(3),mdh(1),pgi(1),phoE(1),rpoB(1),tonB(4)
GCF_023703915.1	Klebsiella pneumoniae	klebsiella	5035	gapA(4),infB(1),mdh(1),pgi(6),phoE(10),rpoB(4),tonB(23)
GCF_023573605.1	Klebsiella quasipneumoniae	klebsiella	841	gapA(18),infB(15),mdh(64),pgi(59),phoE(11),rpoB(13),tonB(51)
GCF_023658105.1	Klebsiella pneumoniae	klebsiella	258	gapA(3),infB(3),mdh(1),pgi(1),phoE(1),rpoB(1),tonB(79)
GCF_023657615.1	Klebsiella pneumoniae	klebsiella	392	gapA(3),infB(4),mdh(6),pgi(1),phoE(7),rpoB(4),tonB(40)
GCF_023703895.1	Klebsiella pneumoniae	klebsiella	5036	gapA(2),infB(1),mdh(2),pgi(1),phoE(12),rpoB(1),tonB(688)
GCF_022982715.1	Klebsiella pneumoniae	klebsiella	11	gapA(3),infB(3),mdh(1),pgi(1),phoE(1),rpoB(1),tonB(4)
GCF_023715985.1	Klebsiella pneumoniae	klebsiella	11	gapA(3),infB(3),mdh(1),pgi(1),phoE(1),rpoB(1),tonB(4)
GCF_022964855.1	Klebsiella pneumoniae	klebsiella	17	gapA(2),infB(1),mdh(1),pgi(1),phoE(4),rpoB(4),tonB(4)
GCF_023612435.1	Klebsiella pneumoniae	klebsiella	484	gapA(4),infB(1),mdh(1),pgi(1),phoE(3),rpoB(27),tonB(4)
GCF_023093995.1	Klebsiella pneumoniae	klebsiella	37	gapA(2),infB(9),mdh(2),pgi(1),phoE(13),rpoB(1),tonB(16)
GCF_023573725.1	Klebsiella pneumoniae	klebsiella	11	gapA(3),infB(3),mdh(1),pgi(1),phoE(1),rpoB(1),tonB(4)
GCF_023615425.1	Klebsiella ornithinolytica	klebsiella	-	gapA(140),infB(120),mdh(-),pgi(~170),phoE(~277),rpoB(~148),tonB(-)
GCF_023573705.1	Klebsiella pneumoniae	klebsiella	11	gapA(3),infB(3),mdh(1),pgi(1),phoE(1),rpoB(1),tonB(4)
GCF_022982595.1	Klebsiella pneumoniae	klebsiella	11	gapA(3),infB(3),mdh(1),pgi(1),phoE(1),rpoB(1),tonB(4)
GCF_023703935.1	Klebsiella pneumoniae	klebsiella	4919	gapA(4),infB(1),mdh(1),pgi(1),phoE(1),rpoB(4),tonB(12)
GCF_023657655.1	Klebsiella pneumoniae	klebsiella	392	gapA(3),infB(4),mdh(6),pgi(1),phoE(7),rpoB(4),tonB(40)
GCF_023025805.1	Klebsiella pneumoniae	klebsiella	20	gapA(2),infB(3),mdh(1),pgi(1),phoE(4),rpoB(4),tonB(4)
GCF_023066705.1	Klebsiella pneumoniae	klebsiella	11	gapA(3),infB(3),mdh(1),pgi(1),phoE(1),rpoB(1),tonB(4)
GCF_023658125.1	Klebsiella pneumoniae	klebsiella	258	gapA(3),infB(3),mdh(1),pgi(1),phoE(1),rpoB(1),tonB(79)
GCF_023650855.1	Klebsiella quasipneumoniae	klebsiella	6348	gapA(104),infB(19),mdh(149),pgi(39),phoE(113),rpoB(21),tonB(276)
GCF_023704015.1	Klebsiella pneumoniae	klebsiella	1017	gapA(2),infB(2),mdh(2),pgi(1),phoE(1),rpoB(4),tonB(34)
GCF_023657635.1	Klebsiella pneumoniae	klebsiella	392	gapA(3),infB(4),mdh(6),pgi(1),phoE(7),rpoB(4),tonB(40)
GCF_023374185.1	Klebsiella pneumoniae	klebsiella	14	gapA(1),infB(6),mdh(1),pgi(1),phoE(1),rpoB(1),tonB(1)
GCF_022982575.1	Klebsiella pneumoniae	klebsiella	11	gapA(3),infB(3),mdh(1),pgi(1),phoE(1),rpoB(1),tonB(4)
GCF_023612395.1	Klebsiella pneumoniae	klebsiella	3251	gapA(2),infB(5),mdh(1),pgi(6),phoE(7),rpoB(1),tonB(12)
GCF_023657795.1	Klebsiella pneumoniae	klebsiella	307	gapA(4),infB(1),mdh(2),pgi(52),phoE(1),rpoB(1),tonB(7)
GCF_023373545.1	Klebsiella pneumoniae	klebsiella	5214	gapA(2),infB(1),mdh(1),pgi(1),phoE(27),rpoB(5),tonB(42)
GCF_023573765.1	Klebsiella pneumoniae	klebsiella	11	gapA(3),infB(3),mdh(1),pgi(1),phoE(1),rpoB(1),tonB(4)
GCF_023657895.1	Klebsiella pneumoniae	klebsiella	17	gapA(2),infB(1),mdh(1),pgi(1),phoE(4),rpoB(4),tonB(4)
GCF_023347665.1	Klebsiella pneumoniae	klebsiella	65	gapA(2),infB(1),mdh(2),pgi(1),phoE(10),rpoB(4),tonB(13)
GCF_023658185.1	Klebsiella pneumoniae	klebsiella	258	gapA(3),infB(3),mdh(1),pgi(1),phoE(1),rpoB(1),tonB(79)
GCF_023657755.1	Klebsiella pneumoniae	klebsiella	950	gapA(2),infB(1),mdh(1),pgi(20),phoE(56),rpoB(4),tonB(31)
GCF_023374165.1	Klebsiella pneumoniae	klebsiella	14	gapA(1),infB(6),mdh(1),pgi(1),phoE(1),rpoB(1),tonB(1)
GCF_023658245.1	Klebsiella pneumoniae	klebsiella	258	gapA(3),infB(3),mdh(1),pgi(1),phoE(1),rpoB(1),tonB(79)
GCF_023703875.1	Klebsiella pneumoniae	klebsiella	105	gapA(2),infB(3),mdh(2),pgi(1),phoE(1),rpoB(4),tonB(18)
GCF_023373565.1	Klebsiella quasipneumoniae	klebsiella	5820	gapA(17),infB(19),mdh(39),pgi(20),phoE(371),rpoB(18),tonB(803)
GCF_023374245.1	Klebsiella pneumoniae	klebsiella	14	gapA(1),infB(6),mdh(1),pgi(1),phoE(1),rpoB(1),tonB(1)
GCF_023573585.1	Klebsiella pneumoniae	klebsiella	23	gapA(2),infB(1),mdh(1),pgi(1),phoE(9),rpoB(4),tonB(12)
GCF_023657695.1	Klebsiella pneumoniae	klebsiella	392	gapA(3),infB(4),mdh(6),pgi(1),phoE(7),rpoB(4),tonB(40)
GCF_023658165.1	Klebsiella pneumoniae	klebsiella	258	gapA(3),infB(3),mdh(1),pgi(1),phoE(1),rpoB(1),tonB(79)
GCF_023657715.1	Klebsiella pneumoniae	klebsiella	307	gapA(4),infB(1),mdh(2),pgi(52),phoE(1),rpoB(1),tonB(7)
GCF_022982555.1	Klebsiella pneumoniae	klebsiella	11	gapA(3),infB(3),mdh(1),pgi(1),phoE(1),rpoB(1),tonB(4)
GCF_023066685.1	Klebsiella pneumoniae	klebsiella	11	gapA(3),infB(3),mdh(1),pgi(1),phoE(1),rpoB(1),tonB(4)
GCF_023588825.1	Klebsiella variicola	klebsiella	197	gapA(16),infB(28),mdh(21),pgi(27),phoE(47),rpoB(22),tonB(67)
GCF_023573745.1	Klebsiella pneumoniae	klebsiella	11	gapA(3),infB(3),mdh(1),pgi(1),phoE(1),rpoB(1),tonB(4)
GCF_022982615.1	Klebsiella pneumoniae	klebsiella	11	gapA(3),infB(3),mdh(1),pgi(1),phoE(1),rpoB(1),tonB(4)
GCF_023572965.1	Klebsiella pneumoniae	klebsiella	11	gapA(3),infB(3),mdh(1),pgi(1),phoE(1),rpoB(1),tonB(4)
GCF_023657775.1	Klebsiella pneumoniae	klebsiella	950	gapA(2),infB(1),mdh(1),pgi(20),phoE(56),rpoB(4),tonB(31)
GCF_023657875.1	Klebsiella pneumoniae	klebsiella	392	gapA(3),infB(4),mdh(6),pgi(1),phoE(7),rpoB(4),tonB(40)
GCF_023658225.1	Klebsiella pneumoniae	klebsiella	258	gapA(3),infB(3),mdh(1),pgi(1),phoE(1),rpoB(1),tonB(79)
GCF_023066725.1	Klebsiella pneumoniae	klebsiella	11	gapA(3),infB(3),mdh(1),pgi(1),phoE(1),rpoB(1),tonB(4)
GCF_023538975.1	Klebsiella pneumoniae	klebsiella	11	gapA(3),infB(3),mdh(1),pgi(1),phoE(1),rpoB(1),tonB(4)
GCF_023573825.1	Klebsiella pneumoniae	klebsiella	11	gapA(3),infB(3),mdh(1),pgi(1),phoE(1),rpoB(1),tonB(4)
GCF_022964875.1	Klebsiella pneumoniae	klebsiella	39	gapA(2),infB(1),mdh(2),pgi(4),phoE(9),rpoB(1),tonB(14)
GCF_023374225.1	Klebsiella pneumoniae	klebsiella	14	gapA(1),infB(6),mdh(1),pgi(1),phoE(1),rpoB(1),tonB(1)
GCF_023703815.1	Klebsiella variicola	klebsiella	5032	gapA(16),infB(18),mdh(21),pgi(32),phoE(92),rpoB(22),tonB(67)
GCF_023538995.1	Klebsiella pneumoniae	klebsiella	11	gapA(3),infB(3),mdh(1),pgi(1),phoE(1),rpoB(1),tonB(4)
GCF_023066805.1	Klebsiella pneumoniae	klebsiella	11	gapA(3),infB(3),mdh(1),pgi(1),phoE(1),rpoB(1),tonB(4)
GCF_023703855.1	Klebsiella pneumoniae	klebsiella	5034	gapA(4),infB(1),mdh(1),pgi(1),phoE(9),rpoB(1),tonB(10)
GCF_023066785.1	Klebsiella pneumoniae	klebsiella	11	gapA(3),infB(3),mdh(1),pgi(1),phoE(1),rpoB(1),tonB(4)
GCF_023184535.1	Klebsiella pneumoniae	klebsiella	512	gapA(54),infB(3),mdh(1),pgi(1),phoE(1),rpoB(1),tonB(79)
GCF_023272735.1	Klebsiella pneumoniae	klebsiella	530	gapA(2),infB(39),mdh(2),pgi(1),phoE(1),rpoB(4),tonB(24)
GCF_023573785.1	Klebsiella pneumoniae	klebsiella	11	gapA(3),infB(3),mdh(1),pgi(1),phoE(1),rpoB(1),tonB(4)
GCF_023538955.1	Klebsiella pneumoniae	klebsiella	307	gapA(4),infB(1),mdh(2),pgi(52),phoE(1),rpoB(1),tonB(7)
GCF_023374205.1	Klebsiella pneumoniae	klebsiella	14	gapA(1),infB(6),mdh(1),pgi(1),phoE(1),rpoB(1),tonB(1)
GCF_023703835.1	Klebsiella pneumoniae	klebsiella	5033	gapA(2),infB(1),mdh(334),pgi(1),phoE(1),rpoB(4),tonB(48)
GCF_023573685.1	Klebsiella pneumoniae	klebsiella	11	gapA(3),infB(3),mdh(1),pgi(1),phoE(1),rpoB(1),tonB(4)
GCF_023612215.1	Klebsiella pneumoniae	klebsiella	15	gapA(1),infB(1),mdh(1),pgi(1),phoE(1),rpoB(1),tonB(1)
GCF_023066645.1	Klebsiella pneumoniae	klebsiella	15	gapA(1),infB(1),mdh(1),pgi(1),phoE(1),rpoB(1),tonB(1)
GCF_023573805.1	Klebsiella pneumoniae	klebsiella	11	gapA(3),infB(3),mdh(1),pgi(1),phoE(1),rpoB(1),tonB(4)
GCF_023573885.1	Klebsiella pneumoniae	klebsiella	11	gapA(3),infB(3),mdh(1),pgi(1),phoE(1),rpoB(1),tonB(4)
GCF_023518315.1	Klebsiella pneumoniae	klebsiella	307	gapA(4),infB(1),mdh(2),pgi(52),phoE(1),rpoB(1),tonB(7)
GCF_023573865.1	Klebsiella pneumoniae	klebsiella	11	gapA(3),infB(3),mdh(1),pgi(1),phoE(1),rpoB(1),tonB(4)
GCF_023650835.1	Klebsiella pneumoniae	klebsiella	37	gapA(2),infB(9),mdh(2),pgi(1),phoE(13),rpoB(1),tonB(16)
GCF_023066625.1	Klebsiella pneumoniae	klebsiella	15	gapA(1),infB(1),mdh(1),pgi(1),phoE(1),rpoB(1),tonB(1)
GCF_023205035.1	Klebsiella pneumoniae	klebsiella	15	gapA(1),infB(1),mdh(1),pgi(1),phoE(1),rpoB(1),tonB(1)
GCF_023066745.1	Klebsiella pneumoniae	klebsiella	11	gapA(3),infB(3),mdh(1),pgi(1),phoE(1),rpoB(1),tonB(4)
GCF_023066665.1	Klebsiella pneumoniae	klebsiella	11	gapA(3),infB(3),mdh(1),pgi(1),phoE(1),rpoB(1),tonB(4)
GCF_023066765.1	Klebsiella pneumoniae	klebsiella	11	gapA(3),infB(3),mdh(1),pgi(1),phoE(1),rpoB(1),tonB(4)
GCF_023066605.1	Klebsiella pneumoniae	klebsiella	11	gapA(3),infB(3),mdh(1),pgi(1),phoE(1),rpoB(1),tonB(4)
GCF_023205055.1	Klebsiella quasipneumoniae	klebsiella	978	gapA(17),infB(55),mdh(39),pgi(20),phoE(117),rpoB(18),tonB(156)
GCF_024211115.1	Klebsiella aerogenes	klebsiella	-	gapA(~361),infB(~196),mdh(-),pgi(~198),phoE(~463),rpoB(263),tonB(-)
GCF_024226435.1	Klebsiella pneumoniae	klebsiella	20	gapA(2),infB(3),mdh(1),pgi(1),phoE(4),rpoB(4),tonB(4)
GCF_023920065.1	Klebsiella pneumoniae	klebsiella	11	gapA(3),infB(3),mdh(1),pgi(1),phoE(1),rpoB(1),tonB(4)
GCF_024224875.1	Klebsiella pneumoniae	klebsiella	2053	gapA(2),infB(3),mdh(1),pgi(4),phoE(1),rpoB(4),tonB(13)
GCF_024731085.1	Klebsiella pneumoniae	klebsiella	1027	gapA(2),infB(1),mdh(1),pgi(1),phoE(9),rpoB(4),tonB(14)
GCF_024299245.1	Klebsiella pneumoniae	klebsiella	11	gapA(3),infB(3),mdh(1),pgi(1),phoE(1),rpoB(1),tonB(4)
GCF_024225115.1	Klebsiella michiganensis	klebsiella	-	gapA(~147),infB(-),mdh(-),pgi(-),phoE(-),rpoB(~276),tonB(-)
GCF_024734255.1	Klebsiella quasipneumoniae	klebsiella	526	gapA(38),infB(19),mdh(53),pgi(58),phoE(73),rpoB(21),tonB(130)
GCF_024397375.1	Klebsiella pneumoniae	klebsiella	11	gapA(3),infB(3),mdh(1),pgi(1),phoE(1),rpoB(1),tonB(4)
GCF_024734295.1	Klebsiella quasipneumoniae	klebsiella	414	gapA(18),infB(22),mdh(26),pgi(63),phoE(85),rpoB(20),tonB(51)
GCF_024346855.1	Klebsiella pneumoniae	klebsiella	11	gapA(3),infB(3),mdh(1),pgi(1),phoE(1),rpoB(1),tonB(4)
GCF_024227055.1	Klebsiella pneumoniae	klebsiella	2053	gapA(2),infB(3),mdh(1),pgi(4),phoE(1),rpoB(4),tonB(13)
GCF_024917695.1	Klebsiella quasipneumoniae	klebsiella	571	gapA(17),infB(19),mdh(79),pgi(20),phoE(108),rpoB(55),tonB(142)
GCF_024917295.1	Klebsiella michiganensis	klebsiella	-	gapA(~147),infB(126?),mdh(-),pgi(~174),phoE(-),rpoB(~276),tonB(-)
GCF_024496125.1	Klebsiella pneumoniae	klebsiella	11	gapA(3),infB(3),mdh(1),pgi(1),phoE(1),rpoB(1),tonB(4)
GCF_024398905.1	Klebsiella pneumoniae	klebsiella	5580	gapA(298),infB(1),mdh(1),pgi(1),phoE(9),rpoB(1),tonB(13)
GCF_024734275.1	Klebsiella quasipneumoniae	klebsiella	526	gapA(38),infB(19),mdh(53),pgi(58),phoE(73),rpoB(21),tonB(130)
GCF_024637895.1	Klebsiella pneumoniae	klebsiella	4523	gapA(3),infB(3),mdh(2),pgi(1),phoE(10),rpoB(1),tonB(4)
GCF_024734235.1	Klebsiella quasipneumoniae	klebsiella	526	gapA(38),infB(19),mdh(53),pgi(58),phoE(73),rpoB(21),tonB(130)
GCF_024734215.1	Klebsiella pneumoniae	klebsiella	766	gapA(3),infB(5),mdh(95),pgi(1),phoE(13),rpoB(1),tonB(12)
GCF_024346895.1	Klebsiella pneumoniae	klebsiella	11	gapA(3),infB(3),mdh(1),pgi(1),phoE(1),rpoB(1),tonB(4)
GCF_024734195.1	Klebsiella pneumoniae	klebsiella	766	gapA(3),infB(5),mdh(95),pgi(1),phoE(13),rpoB(1),tonB(12)
GCF_023920005.1	Klebsiella pneumoniae	klebsiella	268	gapA(2),infB(1),mdh(2),pgi(1),phoE(7),rpoB(1),tonB(81)
GCF_024346775.1	Klebsiella pneumoniae	klebsiella	11	gapA(3),infB(3),mdh(1),pgi(1),phoE(1),rpoB(1),tonB(4)
GCF_024396595.1	Klebsiella michiganensis	klebsiella	-	gapA(~147),infB(-),mdh(-),pgi(-),phoE(-),rpoB(~276),tonB(-)
GCF_024730825.1	Klebsiella pneumoniae	klebsiella	25	gapA(2),infB(1),mdh(1),pgi(1),phoE(10),rpoB(4),tonB(13)
GCF_024762135.1	Klebsiella pneumoniae	klebsiella	11	gapA(3),infB(3),mdh(1),pgi(1),phoE(1),rpoB(1),tonB(4)
GCF_024496185.1	Klebsiella pneumoniae	klebsiella	11	gapA(3),infB(3),mdh(1),pgi(1),phoE(1),rpoB(1),tonB(4)
GCF_024347755.1	Klebsiella quasipneumoniae	klebsiella	5735	gapA(17),infB(19),mdh(148),pgi(58),phoE(73),rpoB(21),tonB(797)
GCF_024397815.1	Klebsiella pneumoniae	klebsiella	375	gapA(43),infB(1),mdh(2),pgi(1),phoE(10),rpoB(4),tonB(13)
GCF_024223795.1	Klebsiella pneumoniae	klebsiella	427	gapA(2),infB(4),mdh(1),pgi(1),phoE(7),rpoB(1),tonB(46)
GCF_024496145.1	Klebsiella pneumoniae	klebsiella	11	gapA(3),infB(3),mdh(1),pgi(1),phoE(1),rpoB(1),tonB(4)
GCF_024652825.1	Klebsiella pneumoniae	klebsiella	65	gapA(2),infB(1),mdh(2),pgi(1),phoE(10),rpoB(4),tonB(13)
GCF_024496205.1	Klebsiella pneumoniae	klebsiella	218	gapA(2),infB(3),mdh(1),pgi(1),phoE(9),rpoB(4),tonB(12)
GCF_024226755.1	Klebsiella pneumoniae	klebsiella	427	gapA(2),infB(4),mdh(1),pgi(1),phoE(7),rpoB(1),tonB(46)
GCF_024628885.1	Klebsiella pneumoniae	klebsiella	11	gapA(3),infB(3),mdh(1),pgi(1),phoE(1),rpoB(1),tonB(4)
GCF_024730945.1	Klebsiella pneumoniae	klebsiella	751	gapA(3),infB(3),mdh(1),pgi(1),phoE(1),rpoB(46),tonB(4)
GCF_023920325.1	Klebsiella pneumoniae	klebsiella	11	gapA(3),infB(3),mdh(1),pgi(1),phoE(1),rpoB(1),tonB(4)
GCF_024346735.1	Klebsiella pneumoniae	klebsiella	11	gapA(3),infB(3),mdh(1),pgi(1),phoE(1),rpoB(1),tonB(4)
GCF_024498895.1	Klebsiella pneumoniae	klebsiella	11	gapA(3),infB(3),mdh(1),pgi(1),phoE(1),rpoB(1),tonB(4)
GCF_024758605.1	Klebsiella pneumoniae	klebsiella	29	gapA(2),infB(3),mdh(2),pgi(2),phoE(6),rpoB(4),tonB(4)
GCF_024346695.1	Klebsiella pneumoniae	klebsiella	11	gapA(3),infB(3),mdh(1),pgi(1),phoE(1),rpoB(1),tonB(4)
GCF_024917555.1	Klebsiella pneumoniae	klebsiella	307	gapA(4),infB(1),mdh(2),pgi(52),phoE(1),rpoB(1),tonB(7)
GCF_024496165.1	Klebsiella pneumoniae	klebsiella	11	gapA(3),infB(3),mdh(1),pgi(1),phoE(1),rpoB(1),tonB(4)
GCF_024346815.1	Klebsiella pneumoniae	klebsiella	11	gapA(3),infB(3),mdh(1),pgi(1),phoE(1),rpoB(1),tonB(4)
GCF_024224355.1	Klebsiella grimontii	klebsiella	-	gapA(~147),infB(-),mdh(-),pgi(~174),phoE(-),rpoB(~276),tonB(-)
GCF_024397235.1	Klebsiella pneumoniae	klebsiella	11	gapA(3),infB(3),mdh(1),pgi(1),phoE(1),rpoB(1),tonB(4)
GCF_024661995.1	Klebsiella aerogenes	klebsiella	-	gapA(168),infB(~196),mdh(-),pgi(198),phoE(463),rpoB(165),tonB(-)
GCF_024347815.1	Klebsiella quasipneumoniae	klebsiella	5735	gapA(17),infB(19),mdh(148),pgi(58),phoE(73),rpoB(21),tonB(797)
GCF_024637995.1	Klebsiella pneumoniae	klebsiella	15	gapA(1),infB(1),mdh(1),pgi(1),phoE(1),rpoB(1),tonB(1)
GCF_024917255.1	Klebsiella pneumoniae	klebsiella	29	gapA(2),infB(3),mdh(2),pgi(2),phoE(6),rpoB(4),tonB(4)
GCF_023920045.1	Klebsiella pneumoniae	klebsiella	11	gapA(3),infB(3),mdh(1),pgi(1),phoE(1),rpoB(1),tonB(4)
GCF_023920025.1	Klebsiella pneumoniae	klebsiella	15	gapA(1),infB(1),mdh(1),pgi(1),phoE(1),rpoB(1),tonB(1)
GCF_024803465.1	Klebsiella variicola	klebsiella	2477	gapA(16),infB(24),mdh(21),pgi(27),phoE(146),rpoB(59),tonB(75)
GCF_024734175.1	Klebsiella pneumoniae	klebsiella	37	gapA(2),infB(9),mdh(2),pgi(1),phoE(13),rpoB(1),tonB(16)
GCF_024347795.1	Klebsiella quasipneumoniae	klebsiella	5735	gapA(17),infB(19),mdh(148),pgi(58),phoE(73),rpoB(21),tonB(797)
GCF_024584455.1	Klebsiella pneumoniae	klebsiella	11	gapA(3),infB(3),mdh(1),pgi(1),phoE(1),rpoB(1),tonB(4)
GCF_024917515.1	Klebsiella pneumoniae	klebsiella	307	gapA(4),infB(1),mdh(2),pgi(52),phoE(1),rpoB(1),tonB(7)
GCF_024917415.1	Klebsiella pneumoniae	klebsiella	2004	gapA(4),infB(1),mdh(2),pgi(1),phoE(1),rpoB(114),tonB(4)
GCF_024397075.1	Klebsiella pneumoniae	klebsiella	11	gapA(3),infB(3),mdh(1),pgi(1),phoE(1),rpoB(1),tonB(4)
GCF_024584475.1	Klebsiella pneumoniae	klebsiella	11	gapA(3),infB(3),mdh(1),pgi(1),phoE(1),rpoB(1),tonB(4)
GCF_024138975.1	Klebsiella pneumoniae	klebsiella	66	gapA(2),infB(3),mdh(2),pgi(1),phoE(10),rpoB(1),tonB(13)
GCF_024396895.1	Klebsiella pneumoniae	klebsiella	395	gapA(3),infB(1),mdh(2),pgi(4),phoE(1),rpoB(1),tonB(4)
GCF_024585245.1	Klebsiella pneumoniae	klebsiella	274	gapA(2),infB(1),mdh(2),pgi(1),phoE(4),rpoB(31),tonB(19)
GCF_024750555.1	Klebsiella pneumoniae	klebsiella	147	gapA(3),infB(4),mdh(6),pgi(1),phoE(7),rpoB(4),tonB(38)
GCF_024666505.1	Klebsiella pneumoniae	klebsiella	340	gapA(3),infB(3),mdh(1),pgi(1),phoE(1),rpoB(1),tonB(18)
GCF_024917855.1	Klebsiella pneumoniae	klebsiella	29	gapA(2),infB(3),mdh(2),pgi(2),phoE(6),rpoB(4),tonB(4)
GCF_024396855.1	Klebsiella pneumoniae	klebsiella	11	gapA(3),infB(3),mdh(1),pgi(1),phoE(1),rpoB(1),tonB(4)
GCF_024917435.1	Klebsiella pneumoniae	klebsiella	1373	gapA(2),infB(1),mdh(1),pgi(1),phoE(1),rpoB(4),tonB(4)
GCF_024081805.1	Klebsiella pneumoniae	klebsiella	7349	gapA(2),infB(3),mdh(2),pgi(1),phoE(10),rpoB(1),tonB(1021)
GCF_024498655.1	Klebsiella pneumoniae	klebsiella	11	gapA(3),infB(3),mdh(1),pgi(1),phoE(1),rpoB(1),tonB(4)
GCF_024803445.1	Klebsiella variicola	klebsiella	3948	gapA(16),infB(24),mdh(30),pgi(270),phoE(90),rpoB(22),tonB(45)
GCF_024138415.1	Klebsiella pneumoniae	klebsiella	412	gapA(2),infB(1),mdh(2),pgi(1),phoE(9),rpoB(1),tonB(112)
GCF_024134525.1	Klebsiella quasipneumoniae	klebsiella	-	gapA(17),infB(19),mdh(79),pgi(39),phoE(34),rpoB(18),tonB(153)
GCF_024138755.1	Klebsiella variicola	klebsiella	3531	gapA(16),infB(18),mdh(21),pgi(53),phoE(47),rpoB(33),tonB(67)
GCF_024734755.1	Klebsiella pneumoniae	klebsiella	101	gapA(2),infB(6),mdh(1),pgi(5),phoE(4),rpoB(1),tonB(6)
GCF_024750575.1	Klebsiella pneumoniae	klebsiella	15	gapA(1),infB(1),mdh(1),pgi(1),phoE(1),rpoB(1),tonB(1)
GCF_024917875.1	Klebsiella pneumoniae	klebsiella	307	gapA(4),infB(1),mdh(2),pgi(52),phoE(1),rpoB(1),tonB(7)
GCF_024917835.1	Klebsiella pneumoniae	klebsiella	14	gapA(1),infB(6),mdh(1),pgi(1),phoE(1),rpoB(1),tonB(1)
GCF_024579815.1	Klebsiella pneumoniae	klebsiella	273	gapA(3),infB(4),mdh(6),pgi(1),phoE(7),rpoB(4),tonB(4)
GCF_024917755.1	Klebsiella pneumoniae	klebsiella	45	gapA(2),infB(1),mdh(1),pgi(6),phoE(7),rpoB(1),tonB(12)
GCF_024917495.1	Klebsiella pneumoniae	klebsiella	3293	gapA(2),infB(1),mdh(5),pgi(1),phoE(10),rpoB(4),tonB(13)
GCF_023920245.1	Klebsiella quasipneumoniae	klebsiella	5015	gapA(18),infB(22),mdh(89),pgi(88),phoE(123),rpoB(13),tonB(154)
GCF_024917575.1	Klebsiella aerogenes	klebsiella	-	gapA(361),infB(~196),mdh(-),pgi(~198),phoE(463),rpoB(263),tonB(-)
GCF_024396875.1	Klebsiella pneumoniae	klebsiella	437	gapA(3),infB(3),mdh(1),pgi(1),phoE(1),rpoB(1),tonB(31)
GCF_024734135.1	Klebsiella pneumoniae	klebsiella	495	gapA(4),infB(1),mdh(1),pgi(1),phoE(9),rpoB(1),tonB(35)
GCF_023913595.1	Klebsiella pneumoniae	klebsiella	11	gapA(3),infB(3),mdh(1),pgi(1),phoE(1),rpoB(1),tonB(4)
GCF_023796915.1	Klebsiella pneumoniae	klebsiella	45	gapA(2),infB(1),mdh(1),pgi(6),phoE(7),rpoB(1),tonB(12)
GCF_024585205.1	Klebsiella pneumoniae	klebsiella	274	gapA(2),infB(1),mdh(2),pgi(1),phoE(4),rpoB(31),tonB(19)
GCF_024496265.1	Klebsiella pneumoniae	klebsiella	11	gapA(3),infB(3),mdh(1),pgi(1),phoE(1),rpoB(1),tonB(4)
GCF_023913575.1	Klebsiella pneumoniae	klebsiella	252	gapA(2),infB(5),mdh(1),pgi(1),phoE(9),rpoB(1),tonB(6)
GCF_024734155.1	Klebsiella pneumoniae	klebsiella	37	gapA(2),infB(9),mdh(2),pgi(1),phoE(13),rpoB(1),tonB(16)
GCF_024505665.1	Klebsiella pneumoniae	klebsiella	16	gapA(2),infB(1),mdh(2),pgi(1),phoE(4),rpoB(4),tonB(4)
GCF_024585225.1	Klebsiella pneumoniae	klebsiella	274	gapA(2),infB(1),mdh(2),pgi(1),phoE(4),rpoB(31),tonB(19)
GCF_024917595.1	Klebsiella pneumoniae	klebsiella	15	gapA(1),infB(1),mdh(1),pgi(1),phoE(1),rpoB(1),tonB(1)
GCF_024396915.1	Klebsiella pneumoniae	klebsiella	290	gapA(2),infB(1),mdh(1),pgi(37),phoE(10),rpoB(1),tonB(86)
GCF_024346655.1	Klebsiella pneumoniae	klebsiella	11	gapA(3),infB(3),mdh(1),pgi(1),phoE(1),rpoB(1),tonB(4)
GCF_024585185.1	Klebsiella pneumoniae	klebsiella	274	gapA(2),infB(1),mdh(2),pgi(1),phoE(4),rpoB(31),tonB(19)
GCF_024666265.1	Klebsiella pneumoniae	klebsiella	16	gapA(2),infB(1),mdh(2),pgi(1),phoE(4),rpoB(4),tonB(4)
GCF_023913555.1	Klebsiella pneumoniae	klebsiella	252	gapA(2),infB(5),mdh(1),pgi(1),phoE(9),rpoB(1),tonB(6)
GCF_025905445.1	Klebsiella pneumoniae	klebsiella	1764	gapA(5),infB(3),mdh(1),pgi(1),phoE(9),rpoB(4),tonB(283)
GCF_026000835.1	Klebsiella pneumoniae	klebsiella	37	gapA(2),infB(9),mdh(2),pgi(1),phoE(13),rpoB(1),tonB(16)
GCF_025837075.1	Klebsiella pneumoniae	klebsiella	307	gapA(4),infB(1),mdh(2),pgi(52),phoE(1),rpoB(1),tonB(7)
GCF_024918735.1	Klebsiella oxytoca	klebsiella	-	gapA(150),infB(126),mdh(-),pgi(~171),phoE(-),rpoB(149),tonB(-)
GCF_026220715.1	Klebsiella aerogenes	klebsiella	-	gapA(~361),infB(~196),mdh(-),pgi(197),phoE(~463),rpoB(263),tonB(-)
GCF_025244645.1	Klebsiella pneumoniae	klebsiella	11	gapA(3),infB(3),mdh(1),pgi(1),phoE(1),rpoB(1),tonB(4)
GCF_025579525.1	Klebsiella variicola	klebsiella	1737	gapA(16),infB(24),mdh(21),pgi(31),phoE(47),rpoB(22),tonB(45)
GCF_025398695.1	Klebsiella pneumoniae	klebsiella	307	gapA(4),infB(1),mdh(2),pgi(52),phoE(1),rpoB(1),tonB(7)
GCF_026016005.1	Klebsiella pneumoniae	klebsiella	101	gapA(2),infB(6),mdh(1),pgi(5),phoE(4),rpoB(1),tonB(6)
GCF_025643175.1	Klebsiella pneumoniae	klebsiella	48	gapA(2),infB(5),mdh(2),pgi(2),phoE(7),rpoB(1),tonB(10)
GCF_024918475.1	Klebsiella pneumoniae	klebsiella	3576	gapA(2),infB(60),mdh(11),pgi(1),phoE(4),rpoB(8),tonB(482)
GCF_025813515.1	Klebsiella sp.	klebsiella	147	gapA(3),infB(4),mdh(6),pgi(1),phoE(7),rpoB(4),tonB(38)
GCF_025259665.1	Klebsiella pneumoniae	klebsiella	133	gapA(12),infB(1),mdh(1),pgi(2),phoE(5),rpoB(1),tonB(36)
GCF_025397975.1	Klebsiella pneumoniae	klebsiella	11	gapA(3),infB(3),mdh(1),pgi(1),phoE(1),rpoB(1),tonB(4)
GCF_025960245.1	Klebsiella michiganensis	klebsiella	-	gapA(~147),infB(-),mdh(-),pgi(~174),phoE(-),rpoB(~276),tonB(-)
GCF_025398355.1	Klebsiella pneumoniae	klebsiella	133	gapA(12),infB(1),mdh(1),pgi(2),phoE(5),rpoB(1),tonB(36)
GCF_026314315.1	Klebsiella sp.	klebsiella	-	gapA(146),infB(~125),mdh(-),pgi(170),phoE(~282),rpoB(~140),tonB(-)
GCF_025643115.1	Klebsiella pneumoniae	klebsiella	147	gapA(3),infB(4),mdh(6),pgi(1),phoE(7),rpoB(4),tonB(38)
GCF_025398435.1	Klebsiella pneumoniae	klebsiella	15	gapA(1),infB(1),mdh(1),pgi(1),phoE(1),rpoB(1),tonB(1)
GCF_025642315.1	Klebsiella pneumoniae	klebsiella	592	gapA(2),infB(3),mdh(6),pgi(1),phoE(9),rpoB(4),tonB(13)
GCF_025884075.1	Klebsiella pneumoniae	klebsiella	15	gapA(1),infB(1),mdh(1),pgi(1),phoE(1),rpoB(1),tonB(1)
GCF_025676585.1	Klebsiella variicola	klebsiella	1737	gapA(16),infB(24),mdh(21),pgi(31),phoE(47),rpoB(22),tonB(45)
GCF_026427375.1	Klebsiella pneumoniae	klebsiella	2096	gapA(1),infB(6),mdh(1),pgi(1),phoE(1),rpoB(46),tonB(1)
GCF_025144525.1	Klebsiella pneumoniae	klebsiella	383	gapA(2),infB(6),mdh(1),pgi(3),phoE(8),rpoB(1),tonB(18)
GCF_025490535.1	Klebsiella michiganensis	klebsiella	-	gapA(~147),infB(126?),mdh(-),pgi(-),phoE(-),rpoB(~276),tonB(-)
GCF_025946825.1	Klebsiella pneumoniae	klebsiella	11	gapA(3),infB(3),mdh(1),pgi(1),phoE(1),rpoB(1),tonB(4)
GCF_025884115.1	Klebsiella pneumoniae	klebsiella	15	gapA(1),infB(1),mdh(1),pgi(1),phoE(1),rpoB(1),tonB(1)
GCF_025946845.1	Klebsiella pneumoniae	klebsiella	751	gapA(3),infB(3),mdh(1),pgi(1),phoE(1),rpoB(46),tonB(4)
GCF_025579405.1	Klebsiella variicola	klebsiella	1737	gapA(16),infB(24),mdh(21),pgi(31),phoE(47),rpoB(22),tonB(45)
GCF_025665355.1	Klebsiella michiganensis	klebsiella	-	gapA(~147),infB(-),mdh(-),pgi(-),phoE(-),rpoB(~276),tonB(-)
GCF_025579425.1	Klebsiella variicola	klebsiella	1737	gapA(16),infB(24),mdh(21),pgi(31),phoE(47),rpoB(22),tonB(45)
GCF_026069095.1	Klebsiella variicola	klebsiella	1737	gapA(16),infB(24),mdh(21),pgi(31),phoE(47),rpoB(22),tonB(45)
GCF_025884175.1	Klebsiella pneumoniae	klebsiella	15	gapA(1),infB(1),mdh(1),pgi(1),phoE(1),rpoB(1),tonB(1)
GCF_025252425.1	Klebsiella pneumoniae	klebsiella	751	gapA(3),infB(3),mdh(1),pgi(1),phoE(1),rpoB(46),tonB(4)
GCF_025118435.1	Klebsiella pneumoniae	klebsiella	37	gapA(2),infB(9),mdh(2),pgi(1),phoE(13),rpoB(1),tonB(16)
GCF_025917765.1	Klebsiella pneumoniae	klebsiella	660	gapA(2),infB(1),mdh(2),pgi(1),phoE(4),rpoB(1),tonB(25)
GCF_026069065.1	Klebsiella variicola	klebsiella	1737	gapA(16),infB(24),mdh(21),pgi(31),phoE(47),rpoB(22),tonB(45)
GCF_025232435.1	Klebsiella pneumoniae	klebsiella	35	gapA(2),infB(1),mdh(2),pgi(1),phoE(10),rpoB(1),tonB(19)
GCF_025258665.1	Klebsiella pneumoniae	klebsiella	11	gapA(3),infB(3),mdh(1),pgi(1),phoE(1),rpoB(1),tonB(4)
GCF_025884095.1	Klebsiella pneumoniae	klebsiella	15	gapA(1),infB(1),mdh(1),pgi(1),phoE(1),rpoB(1),tonB(1)
GCF_026626065.1	Klebsiella pneumoniae	klebsiella	273	gapA(3),infB(4),mdh(6),pgi(1),phoE(7),rpoB(4),tonB(4)
GCF_025490515.1	Klebsiella pneumoniae	klebsiella	37	gapA(2),infB(9),mdh(2),pgi(1),phoE(13),rpoB(1),tonB(16)
GCF_025263805.1	Klebsiella michiganensis	klebsiella	-	gapA(~147),infB(-),mdh(-),pgi(~174),phoE(-),rpoB(~276),tonB(-)
GCF_025725705.1	Klebsiella pneumoniae	klebsiella	11	gapA(3),infB(3),mdh(1),pgi(1),phoE(1),rpoB(1),tonB(4)
GCF_026153495.1	Klebsiella pneumoniae	klebsiella	412	gapA(2),infB(1),mdh(2),pgi(1),phoE(9),rpoB(1),tonB(112)
GCF_025884275.1	Klebsiella pneumoniae	klebsiella	15	gapA(1),infB(1),mdh(1),pgi(1),phoE(1),rpoB(1),tonB(1)
GCF_025884195.1	Klebsiella pneumoniae	klebsiella	15	gapA(1),infB(1),mdh(1),pgi(1),phoE(1),rpoB(1),tonB(1)
GCF_026427615.1	Klebsiella pneumoniae	klebsiella	2127	gapA(12),infB(1),mdh(1),pgi(152),phoE(5),rpoB(1),tonB(36)
GCF_026016665.1	Klebsiella quasipneumoniae	klebsiella	138	gapA(18),infB(22),mdh(26),pgi(23),phoE(31),rpoB(13),tonB(49)
GCF_025118455.1	Klebsiella pneumoniae	klebsiella	37	gapA(2),infB(9),mdh(2),pgi(1),phoE(13),rpoB(1),tonB(16)
GCF_025232415.1	Klebsiella pneumoniae	klebsiella	35	gapA(2),infB(1),mdh(2),pgi(1),phoE(10),rpoB(1),tonB(19)
GCF_024918835.1	Klebsiella pneumoniae	klebsiella	17	gapA(2),infB(1),mdh(1),pgi(1),phoE(4),rpoB(4),tonB(4)
GCF_025579445.1	Klebsiella variicola	klebsiella	1737	gapA(16),infB(24),mdh(21),pgi(31),phoE(47),rpoB(22),tonB(45)
GCF_026000885.1	Klebsiella pneumoniae	klebsiella	37	gapA(2),infB(9),mdh(2),pgi(1),phoE(13),rpoB(1),tonB(16)
GCF_025676845.1	Klebsiella variicola	klebsiella	1737	gapA(16),infB(24),mdh(21),pgi(31),phoE(47),rpoB(22),tonB(45)
GCF_026247905.1	Klebsiella pneumoniae	klebsiella	512	gapA(54),infB(3),mdh(1),pgi(1),phoE(1),rpoB(1),tonB(79)
GCF_024918075.1	Klebsiella pneumoniae	klebsiella	307	gapA(4),infB(1),mdh(2),pgi(52),phoE(1),rpoB(1),tonB(7)
GCF_025642295.1	Klebsiella pneumoniae	klebsiella	11	gapA(3),infB(3),mdh(1),pgi(1),phoE(1),rpoB(1),tonB(4)
GCF_026247925.1	Klebsiella pneumoniae	klebsiella	512	gapA(54),infB(3),mdh(1),pgi(1),phoE(1),rpoB(1),tonB(79)
GCF_025884235.1	Klebsiella pneumoniae	klebsiella	15	gapA(1),infB(1),mdh(1),pgi(1),phoE(1),rpoB(1),tonB(1)
GCF_025884215.1	Klebsiella pneumoniae	klebsiella	15	gapA(1),infB(1),mdh(1),pgi(1),phoE(1),rpoB(1),tonB(1)
GCF_026153555.1	Klebsiella pneumoniae	klebsiella	20	gapA(2),infB(3),mdh(1),pgi(1),phoE(4),rpoB(4),tonB(4)
GCF_024918855.1	Klebsiella pneumoniae	klebsiella	280	gapA(2),infB(1),mdh(2),pgi(1),phoE(10),rpoB(4),tonB(46)
GCF_024918355.1	Klebsiella aerogenes	klebsiella	-	gapA(361),infB(~196),mdh(-),pgi(~198),phoE(~463),rpoB(263),tonB(-)
GCF_024918435.1	Klebsiella pneumoniae	klebsiella	15	gapA(1),infB(1),mdh(1),pgi(1),phoE(1),rpoB(1),tonB(1)
GCF_024918175.1	Klebsiella pneumoniae	klebsiella	870	gapA(2),infB(6),mdh(1),pgi(1),phoE(147),rpoB(1),tonB(31)
GCF_025676565.1	Klebsiella oxytoca	klebsiella	-	gapA(147),infB(133),mdh(-),pgi(~171),phoE(-),rpoB(163),tonB(-)
GCF_025716785.1	Klebsiella variicola	klebsiella	357	gapA(16),infB(24),mdh(21),pgi(27),phoE(54),rpoB(22),tonB(45)
GCF_025677765.1	Klebsiella pneumoniae	klebsiella	11	gapA(3),infB(3),mdh(1),pgi(1),phoE(1),rpoB(1),tonB(4)
GCF_025884155.1	Klebsiella pneumoniae	klebsiella	15	gapA(1),infB(1),mdh(1),pgi(1),phoE(1),rpoB(1),tonB(1)
GCF_024918875.1	Klebsiella pneumoniae	klebsiella	15	gapA(1),infB(1),mdh(1),pgi(1),phoE(1),rpoB(1),tonB(1)
GCF_025734435.1	Klebsiella pneumoniae	klebsiella	2294	gapA(4),infB(4),mdh(1),pgi(1),phoE(264),rpoB(4),tonB(10)
GCF_024918095.1	Klebsiella pneumoniae	klebsiella	307	gapA(4),infB(1),mdh(2),pgi(52),phoE(1),rpoB(1),tonB(7)
GCF_025152765.1	Klebsiella pneumoniae	klebsiella	11	gapA(3),infB(3),mdh(1),pgi(1),phoE(1),rpoB(1),tonB(4)
GCF_026167625.1	Klebsiella pneumoniae	klebsiella	2407	gapA(2),infB(1),mdh(99),pgi(1),phoE(9),rpoB(5),tonB(5)
GCF_025884255.1	Klebsiella pneumoniae	klebsiella	15	gapA(1),infB(1),mdh(1),pgi(1),phoE(1),rpoB(1),tonB(1)
GCF_025920785.1	Klebsiella pneumoniae	klebsiella	17	gapA(2),infB(1),mdh(1),pgi(1),phoE(4),rpoB(4),tonB(4)
GCF_026626045.1	Klebsiella pneumoniae	klebsiella	963	gapA(2),infB(9),mdh(2),pgi(1),phoE(13),rpoB(1),tonB(25)
GCF_025920085.1	Klebsiella pneumoniae	klebsiella	23	gapA(2),infB(1),mdh(1),pgi(1),phoE(9),rpoB(4),tonB(12)
GCF_026248005.1	Klebsiella pneumoniae	klebsiella	512	gapA(54),infB(3),mdh(1),pgi(1),phoE(1),rpoB(1),tonB(79)
GCF_025946965.1	Klebsiella pneumoniae	klebsiella	15	gapA(1),infB(1),mdh(1),pgi(1),phoE(1),rpoB(1),tonB(1)
GCF_026626085.1	Klebsiella pneumoniae	klebsiella	15	gapA(1),infB(1),mdh(1),pgi(1),phoE(1),rpoB(1),tonB(1)
GCF_025732175.1	Klebsiella oxytoca	klebsiella	-	gapA(147),infB(126),mdh(-),pgi(171),phoE(-),rpoB(149),tonB(-)
GCF_025579125.1	Klebsiella oxytoca	klebsiella	-	gapA(147),infB(~133),mdh(-),pgi(~174),phoE(-),rpoB(149),tonB(-)
GCF_025946985.1	Klebsiella pneumoniae	klebsiella	11	gapA(3),infB(3),mdh(1),pgi(1),phoE(1),rpoB(1),tonB(4)
GCF_024918055.1	Klebsiella pneumoniae	klebsiella	307	gapA(4),infB(1),mdh(2),pgi(52),phoE(1),rpoB(1),tonB(7)
GCF_025920065.1	Klebsiella pneumoniae	klebsiella	23	gapA(2),infB(1),mdh(1),pgi(1),phoE(9),rpoB(4),tonB(12)
GCF_025677745.1	Klebsiella pneumoniae	klebsiella	11	gapA(3),infB(3),mdh(1),pgi(1),phoE(1),rpoB(1),tonB(4)
GCF_025908435.1	Klebsiella pneumoniae	klebsiella	5	gapA(2),infB(2),mdh(1),pgi(1),phoE(3),rpoB(3),tonB(3)
GCF_024918315.1	Klebsiella pneumoniae	klebsiella	307	gapA(4),infB(1),mdh(2),pgi(52),phoE(1),rpoB(1),tonB(7)
GCF_026013275.1	Klebsiella pneumoniae	klebsiella	37	gapA(2),infB(9),mdh(2),pgi(1),phoE(13),rpoB(1),tonB(16)
GCF_025997695.1	Klebsiella pneumoniae	klebsiella	1873	gapA(2),infB(6),mdh(10),pgi(82),phoE(20),rpoB(10),tonB(25)
GCF_026248225.1	Klebsiella pneumoniae	klebsiella	1519	gapA(54),infB(3),mdh(1),pgi(1),phoE(1),rpoB(9),tonB(79)
GCF_025884135.1	Klebsiella pneumoniae	klebsiella	15	gapA(1),infB(1),mdh(1),pgi(1),phoE(1),rpoB(1),tonB(1)
GCF_025349945.1	Klebsiella ornithinolytica	klebsiella	-	gapA(~146),infB(120),mdh(-),pgi(170),phoE(~282),rpoB(~140),tonB(-)
GCF_026247985.1	Klebsiella pneumoniae	klebsiella	512	gapA(54),infB(3),mdh(1),pgi(1),phoE(1),rpoB(1),tonB(79)
GCF_025200575.1	Klebsiella pneumoniae	klebsiella	1106	gapA(2),infB(1),mdh(1),pgi(1),phoE(7),rpoB(2),tonB(12)
GCF_026247945.1	Klebsiella pneumoniae	klebsiella	512	gapA(54),infB(3),mdh(1),pgi(1),phoE(1),rpoB(1),tonB(79)
GCF_024917915.1	Klebsiella pneumoniae	klebsiella	23	gapA(2),infB(1),mdh(1),pgi(1),phoE(9),rpoB(4),tonB(12)
GCF_026247965.1	Klebsiella pneumoniae	klebsiella	512	gapA(54),infB(3),mdh(1),pgi(1),phoE(1),rpoB(1),tonB(79)
GCF_027595705.1	Klebsiella aerogenes	klebsiella	-	gapA(361),infB(~196),mdh(-),pgi(~198),phoE(463),rpoB(263),tonB(-)
GCF_026729635.1	Klebsiella aerogenes	klebsiella	-	gapA(~168),infB(~196),mdh(-),pgi(198),phoE(~463),rpoB(~165),tonB(-)
GCF_026967695.1	Klebsiella michiganensis	klebsiella	-	gapA(~147),infB(-),mdh(-),pgi(-),phoE(-),rpoB(~276),tonB(-)
GCF_027595505.1	Klebsiella aerogenes	klebsiella	-	gapA(~168),infB(196),mdh(-),pgi(~198),phoE(~463),rpoB(263),tonB(-)
GCF_028223855.1	Klebsiella pneumoniae	klebsiella	11	gapA(3),infB(3),mdh(1),pgi(1),phoE(1),rpoB(1),tonB(4)
GCF_026626245.1	Klebsiella pneumoniae	klebsiella	37	gapA(2),infB(9),mdh(2),pgi(1),phoE(13),rpoB(1),tonB(16)
GCF_028220865.1	Klebsiella pneumoniae	klebsiella	11	gapA(3),infB(3),mdh(1),pgi(1),phoE(1),rpoB(1),tonB(4)
GCF_028596205.1	Klebsiella pneumoniae	klebsiella	11	gapA(3),infB(3),mdh(1),pgi(1),phoE(1),rpoB(1),tonB(4)
GCF_028225535.1	Klebsiella pneumoniae	klebsiella	11	gapA(3),infB(3),mdh(1),pgi(1),phoE(1),rpoB(1),tonB(4)
GCF_027627785.1	Klebsiella oxytoca	klebsiella	-	gapA(147),infB(~126),mdh(-),pgi(171),phoE(-),rpoB(149),tonB(-)
GCF_028220015.1	Klebsiella pneumoniae	klebsiella	11	gapA(3),infB(3),mdh(1),pgi(1),phoE(1),rpoB(1),tonB(4)
GCF_028219835.1	Klebsiella pneumoniae	klebsiella	11	gapA(3),infB(3),mdh(1),pgi(1),phoE(1),rpoB(1),tonB(4)
GCF_028220965.1	Klebsiella pneumoniae	klebsiella	11	gapA(3),infB(3),mdh(1),pgi(1),phoE(1),rpoB(1),tonB(4)
GCF_028221855.1	Klebsiella pneumoniae	klebsiella	11	gapA(3),infB(3),mdh(1),pgi(1),phoE(1),rpoB(1),tonB(4)
GCF_028622155.1	Klebsiella pneumoniae	klebsiella	147	gapA(3),infB(4),mdh(6),pgi(1),phoE(7),rpoB(4),tonB(38)
GCF_028221125.1	Klebsiella pneumoniae	klebsiella	11	gapA(3),infB(3),mdh(1),pgi(1),phoE(1),rpoB(1),tonB(4)
GCF_026626185.1	Klebsiella pneumoniae	klebsiella	789	gapA(25),infB(10),mdh(1),pgi(1),phoE(20),rpoB(1),tonB(22)
GCF_028221105.1	Klebsiella pneumoniae	klebsiella	11	gapA(3),infB(3),mdh(1),pgi(1),phoE(1),rpoB(1),tonB(4)
GCF_027945215.1	Klebsiella michiganensis	klebsiella	-	gapA(~147),infB(126?),mdh(-),pgi(~174),phoE(-),rpoB(~276),tonB(-)
GCF_027577885.1	Klebsiella michiganensis	klebsiella	-	gapA(~147),infB(-),mdh(-),pgi(~174),phoE(-),rpoB(~276),tonB(-)
GCF_026967735.1	Klebsiella variicola	klebsiella	1737	gapA(16),infB(24),mdh(21),pgi(31),phoE(47),rpoB(22),tonB(45)
GCF_027886565.1	Klebsiella pneumoniae	klebsiella	258	gapA(3),infB(3),mdh(1),pgi(1),phoE(1),rpoB(1),tonB(79)
GCF_026626225.1	Klebsiella pneumoniae	klebsiella	656	gapA(4),infB(4),mdh(1),pgi(1),phoE(7),rpoB(4),tonB(4)
GCF_028223615.1	Klebsiella pneumoniae	klebsiella	11	gapA(3),infB(3),mdh(1),pgi(1),phoE(1),rpoB(1),tonB(4)
GCF_028221515.1	Klebsiella pneumoniae	klebsiella	11	gapA(3),infB(3),mdh(1),pgi(1),phoE(1),rpoB(1),tonB(4)
GCF_028222535.1	Klebsiella pneumoniae	klebsiella	11	gapA(3),infB(3),mdh(1),pgi(1),phoE(1),rpoB(1),tonB(4)
GCF_028226215.1	Klebsiella pneumoniae	klebsiella	11	gapA(3),infB(3),mdh(1),pgi(1),phoE(1),rpoB(1),tonB(4)
GCF_028226435.1	Klebsiella pneumoniae	klebsiella	11	gapA(3),infB(3),mdh(1),pgi(1),phoE(1),rpoB(1),tonB(4)
GCF_027913355.1	Klebsiella pneumoniae	klebsiella	2004	gapA(4),infB(1),mdh(2),pgi(1),phoE(1),rpoB(114),tonB(4)
GCF_028223415.1	Klebsiella pneumoniae	klebsiella	11	gapA(3),infB(3),mdh(1),pgi(1),phoE(1),rpoB(1),tonB(4)
GCF_026626205.1	Klebsiella pneumoniae	klebsiella	656	gapA(4),infB(4),mdh(1),pgi(1),phoE(7),rpoB(4),tonB(4)
GCF_027595485.1	Klebsiella pneumoniae	klebsiella	258	gapA(3),infB(3),mdh(1),pgi(1),phoE(1),rpoB(1),tonB(79)
GCF_028221045.1	Klebsiella pneumoniae	klebsiella	11	gapA(3),infB(3),mdh(1),pgi(1),phoE(1),rpoB(1),tonB(4)
GCF_028220555.1	Klebsiella pneumoniae	klebsiella	1049	gapA(2),infB(3),mdh(4),pgi(97),phoE(12),rpoB(1),tonB(39)
GCF_028226565.1	Klebsiella pneumoniae	klebsiella	11	gapA(3),infB(3),mdh(1),pgi(1),phoE(1),rpoB(1),tonB(4)
GCF_028219695.1	Klebsiella pneumoniae	klebsiella	11	gapA(3),infB(3),mdh(1),pgi(1),phoE(1),rpoB(1),tonB(4)
GCF_028219935.1	Klebsiella pneumoniae	klebsiella	11	gapA(3),infB(3),mdh(1),pgi(1),phoE(1),rpoB(1),tonB(4)
GCF_028219975.1	Klebsiella pneumoniae	klebsiella	11	gapA(3),infB(3),mdh(1),pgi(1),phoE(1),rpoB(1),tonB(4)
GCF_028221025.1	Klebsiella pneumoniae	klebsiella	11	gapA(3),infB(3),mdh(1),pgi(1),phoE(1),rpoB(1),tonB(4)
GCF_026651915.1	Klebsiella pneumoniae	klebsiella	2667	gapA(3),infB(3),mdh(1),pgi(1),phoE(1),rpoB(1),tonB(10)
GCF_028224025.1	Klebsiella pneumoniae	klebsiella	11	gapA(3),infB(3),mdh(1),pgi(1),phoE(1),rpoB(1),tonB(4)
GCF_026967755.1	Klebsiella variicola	klebsiella	1737	gapA(16),infB(24),mdh(21),pgi(31),phoE(47),rpoB(22),tonB(45)
GCF_027595745.1	Klebsiella pneumoniae	klebsiella	258	gapA(3),infB(3),mdh(1),pgi(1),phoE(1),rpoB(1),tonB(79)
GCF_028219495.1	Klebsiella pneumoniae	klebsiella	11	gapA(3),infB(3),mdh(1),pgi(1),phoE(1),rpoB(1),tonB(4)
GCF_026626285.1	Klebsiella pneumoniae	klebsiella	656	gapA(4),infB(4),mdh(1),pgi(1),phoE(7),rpoB(4),tonB(4)
GCF_028583665.1	Klebsiella pneumoniae	klebsiella	14	gapA(1),infB(6),mdh(1),pgi(1),phoE(1),rpoB(1),tonB(1)
GCF_028364475.1	Klebsiella pneumoniae	klebsiella	6958	gapA(3),infB(271),mdh(6),pgi(1),phoE(7),rpoB(4),tonB(38)
GCF_028220765.1	Klebsiella pneumoniae	klebsiella	11	gapA(3),infB(3),mdh(1),pgi(1),phoE(1),rpoB(1),tonB(4)
GCF_028225725.1	Klebsiella pneumoniae	klebsiella	11	gapA(3),infB(3),mdh(1),pgi(1),phoE(1),rpoB(1),tonB(4)
GCF_028221005.1	Klebsiella pneumoniae	klebsiella	11	gapA(3),infB(3),mdh(1),pgi(1),phoE(1),rpoB(1),tonB(4)
GCF_028221065.1	Klebsiella pneumoniae	klebsiella	11	gapA(3),infB(3),mdh(1),pgi(1),phoE(1),rpoB(1),tonB(4)
GCF_028221225.1	Klebsiella pneumoniae	klebsiella	11	gapA(3),infB(3),mdh(1),pgi(1),phoE(1),rpoB(1),tonB(4)
GCF_028220175.1	Klebsiella pneumoniae	klebsiella	11	gapA(3),infB(3),mdh(1),pgi(1),phoE(1),rpoB(1),tonB(4)
GCF_028225315.1	Klebsiella pneumoniae	klebsiella	11	gapA(3),infB(3),mdh(1),pgi(1),phoE(1),rpoB(1),tonB(4)
GCF_028221085.1	Klebsiella pneumoniae	klebsiella	11	gapA(3),infB(3),mdh(1),pgi(1),phoE(1),rpoB(1),tonB(4)
GCF_028219955.1	Klebsiella pneumoniae	klebsiella	11	gapA(3),infB(3),mdh(1),pgi(1),phoE(1),rpoB(1),tonB(4)
GCF_027594945.1	Klebsiella pneumoniae	klebsiella	23	gapA(2),infB(1),mdh(1),pgi(1),phoE(9),rpoB(4),tonB(12)
GCF_028224955.1	Klebsiella pneumoniae	klebsiella	11	gapA(3),infB(3),mdh(1),pgi(1),phoE(1),rpoB(1),tonB(4)
GCF_027474365.1	Klebsiella pneumoniae	klebsiella	307	gapA(4),infB(1),mdh(2),pgi(52),phoE(1),rpoB(1),tonB(7)
GCF_028222115.1	Klebsiella pneumoniae	klebsiella	11	gapA(3),infB(3),mdh(1),pgi(1),phoE(1),rpoB(1),tonB(4)
GCF_028224675.1	Klebsiella pneumoniae	klebsiella	11	gapA(3),infB(3),mdh(1),pgi(1),phoE(1),rpoB(1),tonB(4)
GCF_028222915.1	Klebsiella pneumoniae	klebsiella	11	gapA(3),infB(3),mdh(1),pgi(1),phoE(1),rpoB(1),tonB(4)
GCF_027595605.1	Klebsiella pneumoniae	klebsiella	258	gapA(3),infB(3),mdh(1),pgi(1),phoE(1),rpoB(1),tonB(79)
GCF_028219375.1	Klebsiella pneumoniae	klebsiella	11	gapA(3),infB(3),mdh(1),pgi(1),phoE(1),rpoB(1),tonB(4)
GCF_028471925.1	Klebsiella pneumoniae	klebsiella	11	gapA(3),infB(3),mdh(1),pgi(1),phoE(1),rpoB(1),tonB(4)
GCF_028224355.1	Klebsiella pneumoniae	klebsiella	11	gapA(3),infB(3),mdh(1),pgi(1),phoE(1),rpoB(1),tonB(4)
GCF_028226055.1	Klebsiella pneumoniae	klebsiella	11	gapA(3),infB(3),mdh(1),pgi(1),phoE(1),rpoB(1),tonB(4)
GCF_028622675.1	Klebsiella grimontii	klebsiella	-	gapA(~147),infB(-),mdh(-),pgi(~174),phoE(-),rpoB(~276),tonB(-)
GCF_027942175.1	Klebsiella pneumoniae	klebsiella	11	gapA(3),infB(3),mdh(1),pgi(1),phoE(1),rpoB(1),tonB(4)
GCF_028609785.1	Klebsiella pneumoniae	klebsiella	37	gapA(2),infB(9),mdh(2),pgi(1),phoE(13),rpoB(1),tonB(16)
GCF_028225915.1	Klebsiella pneumoniae	klebsiella	11	gapA(3),infB(3),mdh(1),pgi(1),phoE(1),rpoB(1),tonB(4)
GCF_028223205.1	Klebsiella pneumoniae	klebsiella	11	gapA(3),infB(3),mdh(1),pgi(1),phoE(1),rpoB(1),tonB(4)
GCF_027558835.1	Klebsiella pneumoniae	klebsiella	268	gapA(2),infB(1),mdh(2),pgi(1),phoE(7),rpoB(1),tonB(81)
GCF_027595545.1	Klebsiella michiganensis	klebsiella	-	gapA(~147),infB(-),mdh(-),pgi(~174),phoE(-),rpoB(~276),tonB(-)
GCF_027595685.1	Klebsiella pneumoniae	klebsiella	258	gapA(3),infB(3),mdh(1),pgi(1),phoE(1),rpoB(1),tonB(79)
GCF_027558815.1	Klebsiella pneumoniae	klebsiella	268	gapA(2),infB(1),mdh(2),pgi(1),phoE(7),rpoB(1),tonB(81)
GCF_027595665.1	Klebsiella pneumoniae	klebsiella	258	gapA(3),infB(3),mdh(1),pgi(1),phoE(1),rpoB(1),tonB(79)
GCF_028219995.1	Klebsiella pneumoniae	klebsiella	11	gapA(3),infB(3),mdh(1),pgi(1),phoE(1),rpoB(1),tonB(4)
GCF_028220985.1	Klebsiella pneumoniae	klebsiella	11	gapA(3),infB(3),mdh(1),pgi(1),phoE(1),rpoB(1),tonB(4)
GCF_027921545.1	Klebsiella electrica	klebsiella	-	gapA(~146),infB(~120),mdh(-),pgi(~170),phoE(-),rpoB(~148),tonB(-)
GCF_027595585.1	Klebsiella pneumoniae	klebsiella	17	gapA(2),infB(1),mdh(1),pgi(1),phoE(4),rpoB(4),tonB(4)
GCF_027595625.1	Klebsiella pneumoniae	klebsiella	15	gapA(1),infB(1),mdh(1),pgi(1),phoE(1),rpoB(1),tonB(1)
GCF_027595845.1	Klebsiella pneumoniae	klebsiella	258	gapA(3),infB(3),mdh(1),pgi(1),phoE(1),rpoB(1),tonB(79)
GCF_028621835.1	Klebsiella pneumoniae	klebsiella	1309	gapA(10),infB(1),mdh(2),pgi(1),phoE(10),rpoB(4),tonB(5)
GCF_026626165.1	Klebsiella pneumoniae	klebsiella	438	gapA(3),infB(4),mdh(6),pgi(1),phoE(1),rpoB(4),tonB(4)
GCF_026684275.1	Klebsiella quasipneumoniae	klebsiella	138	gapA(18),infB(22),mdh(26),pgi(23),phoE(31),rpoB(13),tonB(49)
GCF_026626105.1	Klebsiella pneumoniae	klebsiella	15	gapA(1),infB(1),mdh(1),pgi(1),phoE(1),rpoB(1),tonB(1)
GCF_027594885.1	Klebsiella pneumoniae	klebsiella	23	gapA(2),infB(1),mdh(1),pgi(1),phoE(9),rpoB(4),tonB(12)
GCF_027594905.1	Klebsiella pneumoniae	klebsiella	23	gapA(2),infB(1),mdh(1),pgi(1),phoE(9),rpoB(4),tonB(12)
GCF_027941975.1	Klebsiella pneumoniae	klebsiella	258	gapA(3),infB(3),mdh(1),pgi(1),phoE(1),rpoB(1),tonB(79)
GCF_027126715.1	Klebsiella pneumoniae	klebsiella	8	gapA(4),infB(1),mdh(1),pgi(1),phoE(1),rpoB(5),tonB(6)
GCF_027942195.1	Klebsiella pneumoniae	klebsiella	11	gapA(3),infB(3),mdh(1),pgi(1),phoE(1),rpoB(1),tonB(4)
GCF_026967715.1	Klebsiella quasipneumoniae	klebsiella	3890	gapA(17),infB(19),mdh(39),pgi(20),phoE(150),rpoB(18),tonB(277)
GCF_027945845.1	Klebsiella ornithinolytica	klebsiella	-	gapA(146),infB(120),mdh(-),pgi(~170),phoE(~282),rpoB(140?),tonB(-)
GCF_027594925.1	Klebsiella pneumoniae	klebsiella	23	gapA(2),infB(1),mdh(1),pgi(1),phoE(9),rpoB(4),tonB(12)
GCF_027595645.1	Klebsiella pneumoniae	klebsiella	258	gapA(3),infB(3),mdh(1),pgi(1),phoE(1),rpoB(1),tonB(79)
GCF_026802135.1	Klebsiella variicola	klebsiella	-	gapA(~177),infB(84),mdh(200),pgi(~164),phoE(286),rpoB(83),tonB(~560)
GCF_027942215.1	Klebsiella pneumoniae	klebsiella	11	gapA(3),infB(3),mdh(1),pgi(1),phoE(1),rpoB(1),tonB(4)
GCF_026821715.1	Klebsiella pneumoniae	klebsiella	16	gapA(2),infB(1),mdh(2),pgi(1),phoE(4),rpoB(4),tonB(4)
GCF_027558775.1	Klebsiella pneumoniae	klebsiella	268	gapA(2),infB(1),mdh(2),pgi(1),phoE(7),rpoB(1),tonB(81)
GCF_030035465.1	Klebsiella pneumoniae	klebsiella	11	gapA(3),infB(3),mdh(1),pgi(1),phoE(1),rpoB(1),tonB(4)
GCF_029889725.1	Klebsiella pneumoniae	klebsiella	105	gapA(2),infB(3),mdh(2),pgi(1),phoE(1),rpoB(4),tonB(18)
GCF_029867025.1	Klebsiella pneumoniae	klebsiella	5979	gapA(4),infB(3),mdh(1),pgi(36),phoE(9),rpoB(1),tonB(42)
GCF_029202365.1	Klebsiella huaxiensis	klebsiella	-	gapA(~146),infB(-),mdh(-),pgi(-),phoE(-),rpoB(~148),tonB(-)
GCF_029717425.1	Klebsiella aerogenes	klebsiella	-	gapA(168),infB(131),mdh(-),pgi(198),phoE(463),rpoB(263),tonB(-)
GCF_028736015.1	Klebsiella michiganensis	klebsiella	-	gapA(~147),infB(-),mdh(-),pgi(~174),phoE(-),rpoB(~276),tonB(-)
GCF_029718685.1	Klebsiella michiganensis	klebsiella	-	gapA(~147),infB(-),mdh(-),pgi(-),phoE(-),rpoB(~276),tonB(-)
GCF_029027885.1	Klebsiella michiganensis	klebsiella	-	gapA(~147),infB(-),mdh(-),pgi(~174),phoE(-),rpoB(~276),tonB(-)
GCF_029201465.1	Klebsiella pneumoniae	klebsiella	11	gapA(3),infB(3),mdh(1),pgi(1),phoE(1),rpoB(1),tonB(4)
GCF_029952745.1	Klebsiella pneumoniae	klebsiella	35	gapA(2),infB(1),mdh(2),pgi(1),phoE(10),rpoB(1),tonB(19)
GCF_029717585.1	Klebsiella aerogenes	klebsiella	-	gapA(168),infB(131),mdh(-),pgi(~198),phoE(~463),rpoB(263),tonB(-)
GCF_029718135.1	Klebsiella pneumoniae	klebsiella	107	gapA(2),infB(1),mdh(2),pgi(17),phoE(27),rpoB(1),tonB(39)
GCF_030020855.1	Klebsiella pneumoniae	klebsiella	11	gapA(3),infB(3),mdh(1),pgi(1),phoE(1),rpoB(1),tonB(4)
GCF_029201505.1	Klebsiella pneumoniae	klebsiella	247	gapA(10),infB(7),mdh(2),pgi(2),phoE(3),rpoB(25),tonB(4)
GCF_029624895.1	Klebsiella pneumoniae	klebsiella	628	gapA(2),infB(60),mdh(11),pgi(1),phoE(4),rpoB(8),tonB(24)
GCF_029962245.1	Klebsiella pneumoniae	klebsiella	14	gapA(1),infB(6),mdh(1),pgi(1),phoE(1),rpoB(1),tonB(1)
GCF_029718665.1	Klebsiella michiganensis	klebsiella	-	gapA(~147),infB(-),mdh(-),pgi(-),phoE(-),rpoB(~276),tonB(-)
GCF_029909755.1	Klebsiella pneumoniae	klebsiella	7478	gapA(2),infB(1),mdh(1),pgi(2),phoE(61),rpoB(4),tonB(16)
GCF_028748965.1	Klebsiella grimontii	klebsiella	-	gapA(~147),infB(-),mdh(-),pgi(~174),phoE(-),rpoB(~276),tonB(-)
GCF_029854595.1	Klebsiella pneumoniae	klebsiella	268	gapA(2),infB(1),mdh(2),pgi(1),phoE(7),rpoB(1),tonB(81)
GCF_028768445.1	Klebsiella grimontii	klebsiella	-	gapA(~147),infB(-),mdh(-),pgi(~174),phoE(-),rpoB(~276),tonB(-)
GCF_029223945.1	Klebsiella pneumoniae	klebsiella	-	gapA(2),infB(1),mdh(1),pgi(5),phoE(7),rpoB(1),tonB(38)
GCF_028871695.1	Klebsiella variicola	klebsiella	3926	gapA(16),infB(49),mdh(21),pgi(27),phoE(47),rpoB(22),tonB(562)
GCF_028622755.1	Klebsiella pneumoniae	klebsiella	147	gapA(3),infB(4),mdh(6),pgi(1),phoE(7),rpoB(4),tonB(38)
GCF_028872175.1	Klebsiella pneumoniae	klebsiella	491	gapA(51),infB(1),mdh(5),pgi(1),phoE(9),rpoB(4),tonB(13)
GCF_030062535.1	Klebsiella ornithinolytica	klebsiella	-	gapA(140),infB(120),mdh(-),pgi(~170),phoE(~277),rpoB(~148),tonB(-)
GCF_029854575.1	Klebsiella pneumoniae	klebsiella	268	gapA(2),infB(1),mdh(2),pgi(1),phoE(7),rpoB(1),tonB(81)
GCF_029542305.1	Klebsiella pneumoniae	klebsiella	380	gapA(2),infB(1),mdh(1),pgi(1),phoE(1),rpoB(4),tonB(19)
GCF_030168225.1	Klebsiella pneumoniae	klebsiella	15	gapA(1),infB(1),mdh(1),pgi(1),phoE(1),rpoB(1),tonB(1)
GCF_029853875.1	Klebsiella pneumoniae	klebsiella	11	gapA(3),infB(3),mdh(1),pgi(1),phoE(1),rpoB(1),tonB(4)
GCF_029541765.1	Klebsiella pneumoniae	klebsiella	5626	gapA(4),infB(1),mdh(2),pgi(3),phoE(1),rpoB(4),tonB(4)
GCF_029814845.1	Klebsiella pneumoniae	klebsiella	866	gapA(2),infB(9),mdh(2),pgi(1),phoE(1),rpoB(1),tonB(4)
GCF_028753275.1	Klebsiella pneumoniae	klebsiella	656	gapA(4),infB(4),mdh(1),pgi(1),phoE(7),rpoB(4),tonB(4)
GCF_030011575.1	Klebsiella pneumoniae	klebsiella	11	gapA(3),infB(3),mdh(1),pgi(1),phoE(1),rpoB(1),tonB(4)
GCF_029853835.1	Klebsiella pneumoniae	klebsiella	11	gapA(3),infB(3),mdh(1),pgi(1),phoE(1),rpoB(1),tonB(4)
GCF_029201485.1	Klebsiella pneumoniae	klebsiella	11	gapA(3),infB(3),mdh(1),pgi(1),phoE(1),rpoB(1),tonB(4)
GCF_029541805.1	Klebsiella pneumoniae	klebsiella	76	gapA(4),infB(1),mdh(1),pgi(1),phoE(21),rpoB(1),tonB(35)
GCF_029026345.1	Klebsiella pneumoniae	klebsiella	23	gapA(2),infB(1),mdh(1),pgi(1),phoE(9),rpoB(4),tonB(12)
GCF_030035485.1	Klebsiella pneumoniae	klebsiella	11	gapA(3),infB(3),mdh(1),pgi(1),phoE(1),rpoB(1),tonB(4)
GCF_028626845.1	Klebsiella pneumoniae	klebsiella	307	gapA(4),infB(1),mdh(2),pgi(52),phoE(1),rpoB(1),tonB(7)
GCF_029541845.1	Klebsiella pneumoniae	klebsiella	432	gapA(4),infB(1),mdh(1),pgi(2),phoE(7),rpoB(4),tonB(4)
GCF_028831855.1	Klebsiella pneumoniae	klebsiella	11	gapA(3),infB(3),mdh(1),pgi(1),phoE(1),rpoB(1),tonB(4)
GCF_029635815.1	Klebsiella planticola	klebsiella	-	gapA(~146),infB(~120),mdh(-),pgi(170?),phoE(~282),rpoB(~140),tonB(-)
GCF_029448435.1	Klebsiella pneumoniae	klebsiella	11	gapA(3),infB(3),mdh(1),pgi(1),phoE(1),rpoB(1),tonB(4)
GCF_029773585.1	Klebsiella pneumoniae	klebsiella	36	gapA(2),infB(1),mdh(2),pgi(1),phoE(7),rpoB(1),tonB(7)
GCF_029542165.1	Klebsiella pneumoniae	klebsiella	6316	gapA(14),infB(1),mdh(2),pgi(1),phoE(21),rpoB(1),tonB(875)
GCF_030020875.1	Klebsiella quasipneumoniae	klebsiella	7577	gapA(18),infB(22),mdh(26),pgi(61),phoE(11),rpoB(13),tonB(51)
GCF_029541645.1	Klebsiella pneumoniae	klebsiella	11	gapA(3),infB(3),mdh(1),pgi(1),phoE(1),rpoB(1),tonB(4)
GCF_029541785.1	Klebsiella pneumoniae	klebsiella	490	gapA(4),infB(1),mdh(1),pgi(1),phoE(21),rpoB(1),tonB(6)
GCF_029167725.1	Klebsiella pneumoniae	klebsiella	11	gapA(3),infB(3),mdh(1),pgi(1),phoE(1),rpoB(1),tonB(4)
GCF_029624915.1	Klebsiella pneumoniae	klebsiella	628	gapA(2),infB(60),mdh(11),pgi(1),phoE(4),rpoB(8),tonB(24)
GCF_029541865.1	Klebsiella pneumoniae	klebsiella	37	gapA(2),infB(9),mdh(2),pgi(1),phoE(13),rpoB(1),tonB(16)
GCF_029168275.1	Klebsiella pneumoniae	klebsiella	307	gapA(4),infB(1),mdh(2),pgi(52),phoE(1),rpoB(1),tonB(7)
GCF_030061685.1	Klebsiella pneumoniae	klebsiella	45	gapA(2),infB(1),mdh(1),pgi(6),phoE(7),rpoB(1),tonB(12)
GCF_029624955.1	Klebsiella pneumoniae	klebsiella	628	gapA(2),infB(60),mdh(11),pgi(1),phoE(4),rpoB(8),tonB(24)
GCF_030035505.1	Klebsiella pneumoniae	klebsiella	11	gapA(3),infB(3),mdh(1),pgi(1),phoE(1),rpoB(1),tonB(4)
GCF_029625015.1	Klebsiella pneumoniae	klebsiella	628	gapA(2),infB(60),mdh(11),pgi(1),phoE(4),rpoB(8),tonB(24)
GCF_029962265.1	Klebsiella pneumoniae	klebsiella	20	gapA(2),infB(3),mdh(1),pgi(1),phoE(4),rpoB(4),tonB(4)
GCF_029541905.1	Klebsiella pneumoniae	klebsiella	4845	gapA(2),infB(1),mdh(62),pgi(3),phoE(10),rpoB(4),tonB(4)
GCF_029541885.1	Klebsiella pneumoniae	klebsiella	405	gapA(2),infB(1),mdh(62),pgi(3),phoE(10),rpoB(4),tonB(110)
GCF_029962225.1	Klebsiella pneumoniae	klebsiella	101	gapA(2),infB(6),mdh(1),pgi(5),phoE(4),rpoB(1),tonB(6)
GCF_029542185.1	Klebsiella pneumoniae	klebsiella	6316	gapA(14),infB(1),mdh(2),pgi(1),phoE(21),rpoB(1),tonB(875)
GCF_029541705.1	Klebsiella pneumoniae	klebsiella	86	gapA(9),infB(4),mdh(2),pgi(1),phoE(1),rpoB(1),tonB(27)
GCF_028752875.1	Klebsiella pneumoniae	klebsiella	512	gapA(54),infB(3),mdh(1),pgi(1),phoE(1),rpoB(1),tonB(79)
GCF_030061865.1	Klebsiella pneumoniae	klebsiella	25	gapA(2),infB(1),mdh(1),pgi(1),phoE(10),rpoB(4),tonB(13)
GCF_029624935.1	Klebsiella pneumoniae	klebsiella	628	gapA(2),infB(60),mdh(11),pgi(1),phoE(4),rpoB(8),tonB(24)
GCF_030061755.1	Klebsiella pneumoniae	klebsiella	25	gapA(2),infB(1),mdh(1),pgi(1),phoE(10),rpoB(4),tonB(13)
GCF_030061775.1	Klebsiella pneumoniae	klebsiella	25	gapA(2),infB(1),mdh(1),pgi(1),phoE(10),rpoB(4),tonB(13)
GCF_029624995.1	Klebsiella pneumoniae	klebsiella	628	gapA(2),infB(60),mdh(11),pgi(1),phoE(4),rpoB(8),tonB(24)
GCF_029026865.1	Klebsiella pneumoniae	klebsiella	14	gapA(1),infB(6),mdh(1),pgi(1),phoE(1),rpoB(1),tonB(1)
GCF_029853855.1	Klebsiella pneumoniae	klebsiella	23	gapA(2),infB(1),mdh(1),pgi(1),phoE(9),rpoB(4),tonB(12)
GCF_029625075.1	Klebsiella pneumoniae	klebsiella	628	gapA(2),infB(60),mdh(11),pgi(1),phoE(4),rpoB(8),tonB(24)
GCF_029625055.1	Klebsiella pneumoniae	klebsiella	628	gapA(2),infB(60),mdh(11),pgi(1),phoE(4),rpoB(8),tonB(24)
GCF_029025965.1	Klebsiella pneumoniae	klebsiella	76	gapA(4),infB(1),mdh(1),pgi(1),phoE(21),rpoB(1),tonB(35)
GCF_029624875.1	Klebsiella pneumoniae	klebsiella	628	gapA(2),infB(60),mdh(11),pgi(1),phoE(4),rpoB(8),tonB(24)
GCF_030007135.1	Klebsiella pneumoniae	klebsiella	11	gapA(3),infB(3),mdh(1),pgi(1),phoE(1),rpoB(1),tonB(4)
GCF_030061715.1	Klebsiella pneumoniae	klebsiella	11	gapA(3),infB(3),mdh(1),pgi(1),phoE(1),rpoB(1),tonB(4)
GCF_030169265.1	Klebsiella pneumoniae	klebsiella	1	gapA(4),infB(4),mdh(1),pgi(1),phoE(7),rpoB(4),tonB(10)
GCF_029541625.1	Klebsiella pneumoniae	klebsiella	160	gapA(10),infB(7),mdh(1),pgi(1),phoE(1),rpoB(1),tonB(35)
GCF_029203205.1	Klebsiella pneumoniae	klebsiella	11	gapA(3),infB(3),mdh(1),pgi(1),phoE(1),rpoB(1),tonB(4)
GCF_030053875.1	Klebsiella pneumoniae	klebsiella	35	gapA(2),infB(1),mdh(2),pgi(1),phoE(10),rpoB(1),tonB(19)
GCF_029624975.1	Klebsiella pneumoniae	klebsiella	628	gapA(2),infB(60),mdh(11),pgi(1),phoE(4),rpoB(8),tonB(24)
GCF_029541725.1	Klebsiella pneumoniae	klebsiella	29	gapA(2),infB(3),mdh(2),pgi(2),phoE(6),rpoB(4),tonB(4)
GCF_030061665.1	Klebsiella pneumoniae	klebsiella	11	gapA(3),infB(3),mdh(1),pgi(1),phoE(1),rpoB(1),tonB(4)
GCF_029541685.1	Klebsiella pneumoniae	klebsiella	3355	gapA(1),infB(1),mdh(1),pgi(1),phoE(213),rpoB(185),tonB(458)
GCF_029581335.1	Klebsiella pneumoniae	klebsiella	15	gapA(1),infB(1),mdh(1),pgi(1),phoE(1),rpoB(1),tonB(1)
GCF_030007455.1	Klebsiella pneumoniae	klebsiella	487	gapA(2),infB(1),mdh(2),pgi(50),phoE(1),rpoB(4),tonB(17)
GCF_030061795.1	Klebsiella pneumoniae	klebsiella	25	gapA(2),infB(1),mdh(1),pgi(1),phoE(10),rpoB(4),tonB(13)
GCF_030061815.1	Klebsiella pneumoniae	klebsiella	11	gapA(3),infB(3),mdh(1),pgi(1),phoE(1),rpoB(1),tonB(4)
GCF_030020765.1	Klebsiella pneumoniae	klebsiella	380	gapA(2),infB(1),mdh(1),pgi(1),phoE(1),rpoB(4),tonB(19)
GCF_029541825.1	Klebsiella pneumoniae	klebsiella	442	gapA(10),infB(20),mdh(2),pgi(1),phoE(9),rpoB(11),tonB(14)
GCF_030020895.1	Klebsiella pneumoniae	klebsiella	656	gapA(4),infB(4),mdh(1),pgi(1),phoE(7),rpoB(4),tonB(4)
GCF_030020785.1	Klebsiella pneumoniae	klebsiella	23	gapA(2),infB(1),mdh(1),pgi(1),phoE(9),rpoB(4),tonB(12)
GCF_029025805.1	Klebsiella pneumoniae	klebsiella	5583	gapA(2),infB(1),mdh(2),pgi(1),phoE(13),rpoB(1),tonB(62)
GCF_030007315.1	Klebsiella variicola	klebsiella	971	gapA(16),infB(32),mdh(21),pgi(91),phoE(68),rpoB(22),tonB(74)
GCF_030061645.1	Klebsiella pneumoniae	klebsiella	505	gapA(7),infB(1),mdh(5),pgi(1),phoE(1),rpoB(1),tonB(84)
GCF_030122725.1	Klebsiella pneumoniae	klebsiella	307	gapA(4),infB(1),mdh(2),pgi(52),phoE(1),rpoB(1),tonB(7)
GCF_029026845.1	Klebsiella pneumoniae	klebsiella	1	gapA(4),infB(4),mdh(1),pgi(1),phoE(7),rpoB(4),tonB(10)
GCF_029834625.1	Klebsiella pneumoniae	klebsiella	16	gapA(2),infB(1),mdh(2),pgi(1),phoE(4),rpoB(4),tonB(4)
GCF_029834605.1	Klebsiella pneumoniae	klebsiella	16	gapA(2),infB(1),mdh(2),pgi(1),phoE(4),rpoB(4),tonB(4)
GCF_030489785.1	Klebsiella pneumoniae	klebsiella	15	gapA(1),infB(1),mdh(1),pgi(1),phoE(1),rpoB(1),tonB(1)
GCF_030505655.1	Klebsiella ornithinolytica	klebsiella	-	gapA(~146),infB(120),mdh(-),pgi(170),phoE(~277),rpoB(140),tonB(-)
GCF_030343625.2	Klebsiella oxytoca	klebsiella	-	gapA(147),infB(133),mdh(-),pgi(~174),phoE(-),rpoB(~149),tonB(-)
GCF_030253455.1	Klebsiella electrica	klebsiella	-	gapA(~146),infB(~120),mdh(-),pgi(~170),phoE(-),rpoB(~148),tonB(-)
GCF_030489765.1	Klebsiella pneumoniae	klebsiella	11	gapA(3),infB(3),mdh(1),pgi(1),phoE(1),rpoB(1),tonB(4)
GCF_030291695.1	Klebsiella michiganensis	klebsiella	-	gapA(~147),infB(-),mdh(-),pgi(-),phoE(-),rpoB(~276),tonB(-)
GCF_030323065.1	Klebsiella sp.	klebsiella	-	gapA(~147),infB(-),mdh(-),pgi(-),phoE(-),rpoB(~276),tonB(-)
GCF_030489945.1	Klebsiella pneumoniae	klebsiella	11	gapA(3),infB(3),mdh(1),pgi(1),phoE(1),rpoB(1),tonB(4)
GCF_030490715.1	Klebsiella pneumoniae	klebsiella	11	gapA(3),infB(3),mdh(1),pgi(1),phoE(1),rpoB(1),tonB(4)
GCF_030490695.1	Klebsiella pneumoniae	klebsiella	11	gapA(3),infB(3),mdh(1),pgi(1),phoE(1),rpoB(1),tonB(4)
GCF_030489885.1	Klebsiella pneumoniae	klebsiella	11	gapA(3),infB(3),mdh(1),pgi(1),phoE(1),rpoB(1),tonB(4)
GCF_030272075.1	Klebsiella pneumoniae	klebsiella	65	gapA(2),infB(1),mdh(2),pgi(1),phoE(10),rpoB(4),tonB(13)
GCF_030553015.1	Klebsiella pneumoniae	klebsiella	11	gapA(3),infB(3),mdh(1),pgi(1),phoE(1),rpoB(1),tonB(4)
GCF_030644585.1	Klebsiella pneumoniae	klebsiella	4267	gapA(2),infB(1),mdh(5),pgi(1),phoE(7),rpoB(4),tonB(23)
GCF_030489905.1	Klebsiella pneumoniae	klebsiella	11	gapA(3),infB(3),mdh(1),pgi(1),phoE(1),rpoB(1),tonB(4)
GCF_030414235.1	Klebsiella pneumoniae	klebsiella	412	gapA(2),infB(1),mdh(2),pgi(1),phoE(9),rpoB(1),tonB(112)
GCF_030291155.1	Klebsiella pneumoniae	klebsiella	35	gapA(2),infB(1),mdh(2),pgi(1),phoE(10),rpoB(1),tonB(19)
GCF_030582295.1	Klebsiella pneumoniae	klebsiella	111	gapA(2),infB(1),mdh(5),pgi(1),phoE(17),rpoB(4),tonB(42)
GCF_030506115.1	Klebsiella pneumoniae	klebsiella	11	gapA(3),infB(3),mdh(1),pgi(1),phoE(1),rpoB(1),tonB(4)
GCF_030490085.1	Klebsiella pneumoniae	klebsiella	11	gapA(3),infB(3),mdh(1),pgi(1),phoE(1),rpoB(1),tonB(4)
GCF_030489925.1	Klebsiella pneumoniae	klebsiella	11	gapA(3),infB(3),mdh(1),pgi(1),phoE(1),rpoB(1),tonB(4)
GCF_030490045.1	Klebsiella pneumoniae	klebsiella	11	gapA(3),infB(3),mdh(1),pgi(1),phoE(1),rpoB(1),tonB(4)
GCF_030347245.1	Klebsiella pneumoniae	klebsiella	11	gapA(3),infB(3),mdh(1),pgi(1),phoE(1),rpoB(1),tonB(4)
GCF_030490245.1	Klebsiella pneumoniae	klebsiella	11	gapA(3),infB(3),mdh(1),pgi(1),phoE(1),rpoB(1),tonB(4)
GCF_030489825.1	Klebsiella pneumoniae	klebsiella	11	gapA(3),infB(3),mdh(1),pgi(1),phoE(1),rpoB(1),tonB(4)
GCF_030544725.1	Klebsiella pneumoniae	klebsiella	43	gapA(2),infB(6),mdh(1),pgi(5),phoE(11),rpoB(1),tonB(15)
GCF_030490655.1	Klebsiella pneumoniae	klebsiella	11	gapA(3),infB(3),mdh(1),pgi(1),phoE(1),rpoB(1),tonB(4)
GCF_030489745.1	Klebsiella pneumoniae	klebsiella	307	gapA(4),infB(1),mdh(2),pgi(52),phoE(1),rpoB(1),tonB(7)
GCF_030252225.1	Klebsiella pneumoniae	klebsiella	412	gapA(2),infB(1),mdh(2),pgi(1),phoE(9),rpoB(1),tonB(112)
GCF_030490485.1	Klebsiella pneumoniae	klebsiella	11	gapA(3),infB(3),mdh(1),pgi(1),phoE(1),rpoB(1),tonB(4)
GCF_030544975.1	Klebsiella pneumoniae	klebsiella	11	gapA(3),infB(3),mdh(1),pgi(1),phoE(1),rpoB(1),tonB(4)
GCF_030506095.1	Klebsiella pneumoniae	klebsiella	11	gapA(3),infB(3),mdh(1),pgi(1),phoE(1),rpoB(1),tonB(4)
GCF_030412885.1	Klebsiella pneumoniae	klebsiella	726	gapA(2),infB(9),mdh(2),pgi(1),phoE(13),rpoB(1),tonB(4)
GCF_030644545.1	Klebsiella pneumoniae	klebsiella	2167	gapA(2),infB(9),mdh(2),pgi(1),phoE(13),rpoB(1),tonB(35)
GCF_030490505.1	Klebsiella pneumoniae	klebsiella	37	gapA(2),infB(9),mdh(2),pgi(1),phoE(13),rpoB(1),tonB(16)
GCF_030169555.1	Klebsiella pneumoniae	klebsiella	1758	gapA(10),infB(1),mdh(155),pgi(1),phoE(214),rpoB(1),tonB(264)
GCF_030644565.1	Klebsiella pneumoniae	klebsiella	556	gapA(2),infB(1),mdh(1),pgi(26),phoE(12),rpoB(15),tonB(138)
GCF_030322925.1	Klebsiella pneumoniae	klebsiella	231	gapA(2),infB(6),mdh(1),pgi(3),phoE(26),rpoB(1),tonB(77)
GCF_030490205.1	Klebsiella pneumoniae	klebsiella	11	gapA(3),infB(3),mdh(1),pgi(1),phoE(1),rpoB(1),tonB(4)
GCF_030284485.1	Klebsiella pneumoniae	klebsiella	11	gapA(3),infB(3),mdh(1),pgi(1),phoE(1),rpoB(1),tonB(4)
GCF_030490535.1	Klebsiella pneumoniae	klebsiella	11	gapA(3),infB(3),mdh(1),pgi(1),phoE(1),rpoB(1),tonB(4)
GCF_030644605.1	Klebsiella pneumoniae	klebsiella	25	gapA(2),infB(1),mdh(1),pgi(1),phoE(10),rpoB(4),tonB(13)
GCF_030489865.1	Klebsiella pneumoniae	klebsiella	11	gapA(3),infB(3),mdh(1),pgi(1),phoE(1),rpoB(1),tonB(4)
GCF_030369655.1	Klebsiella pneumoniae	klebsiella	726	gapA(2),infB(9),mdh(2),pgi(1),phoE(13),rpoB(1),tonB(4)
GCF_030490405.1	Klebsiella pneumoniae	klebsiella	11	gapA(3),infB(3),mdh(1),pgi(1),phoE(1),rpoB(1),tonB(4)
GCF_030316115.1	Klebsiella pneumoniae	klebsiella	11	gapA(3),infB(3),mdh(1),pgi(1),phoE(1),rpoB(1),tonB(4)
GCF_030490165.1	Klebsiella pneumoniae	klebsiella	11	gapA(3),infB(3),mdh(1),pgi(1),phoE(1),rpoB(1),tonB(4)
GCF_030490065.1	Klebsiella pneumoniae	klebsiella	11	gapA(3),infB(3),mdh(1),pgi(1),phoE(1),rpoB(1),tonB(4)
GCF_030295665.1	Klebsiella pneumoniae	klebsiella	11	gapA(3),infB(3),mdh(1),pgi(1),phoE(1),rpoB(1),tonB(4)
GCF_030376705.1	Klebsiella variicola	klebsiella	1270	gapA(16),infB(24),mdh(21),pgi(107),phoE(104),rpoB(66),tonB(67)
GCF_030490105.1	Klebsiella pneumoniae	klebsiella	11	gapA(3),infB(3),mdh(1),pgi(1),phoE(1),rpoB(1),tonB(4)
GCF_030490225.1	Klebsiella pneumoniae	klebsiella	11	gapA(3),infB(3),mdh(1),pgi(1),phoE(1),rpoB(1),tonB(4)
GCF_030490025.1	Klebsiella pneumoniae	klebsiella	11	gapA(3),infB(3),mdh(1),pgi(1),phoE(1),rpoB(1),tonB(4)
GCF_030323825.1	Klebsiella pneumoniae	klebsiella	11	gapA(3),infB(3),mdh(1),pgi(1),phoE(1),rpoB(1),tonB(4)
GCF_030489985.1	Klebsiella pneumoniae	klebsiella	11	gapA(3),infB(3),mdh(1),pgi(1),phoE(1),rpoB(1),tonB(4)
GCF_030490145.1	Klebsiella pneumoniae	klebsiella	11	gapA(3),infB(3),mdh(1),pgi(1),phoE(1),rpoB(1),tonB(4)
GCF_030323625.1	Klebsiella pneumoniae	klebsiella	65	gapA(2),infB(1),mdh(2),pgi(1),phoE(10),rpoB(4),tonB(13)
GCF_030489845.1	Klebsiella pneumoniae	klebsiella	65	gapA(2),infB(1),mdh(2),pgi(1),phoE(10),rpoB(4),tonB(13)
GCF_030490125.1	Klebsiella pneumoniae	klebsiella	11	gapA(3),infB(3),mdh(1),pgi(1),phoE(1),rpoB(1),tonB(4)
GCF_030490445.1	Klebsiella pneumoniae	klebsiella	45	gapA(2),infB(1),mdh(1),pgi(6),phoE(7),rpoB(1),tonB(12)
GCF_030324175.1	Klebsiella pneumoniae	klebsiella	11	gapA(3),infB(3),mdh(1),pgi(1),phoE(1),rpoB(1),tonB(4)
GCF_030534295.1	Klebsiella pneumoniae	klebsiella	1537	gapA(2),infB(1),mdh(2),pgi(1),phoE(12),rpoB(1),tonB(46)
GCF_030389145.1	Klebsiella terrigena	klebsiella	-	gapA(33),infB(54),mdh(-),pgi(~73),phoE(~99),rpoB(~35),tonB(~128)
GCF_030323665.1	Klebsiella pneumoniae	klebsiella	15	gapA(1),infB(1),mdh(1),pgi(1),phoE(1),rpoB(1),tonB(1)
GCF_030490595.1	Klebsiella pneumoniae	klebsiella	11	gapA(3),infB(3),mdh(1),pgi(1),phoE(1),rpoB(1),tonB(4)
GCF_030490575.1	Klebsiella pneumoniae	klebsiella	11	gapA(3),infB(3),mdh(1),pgi(1),phoE(1),rpoB(1),tonB(4)
GCF_030490675.1	Klebsiella pneumoniae	klebsiella	307	gapA(4),infB(1),mdh(2),pgi(52),phoE(1),rpoB(1),tonB(7)
GCF_030489805.1	Klebsiella pneumoniae	klebsiella	11	gapA(3),infB(3),mdh(1),pgi(1),phoE(1),rpoB(1),tonB(4)
GCF_030490425.1	Klebsiella pneumoniae	klebsiella	11	gapA(3),infB(3),mdh(1),pgi(1),phoE(1),rpoB(1),tonB(4)
GCF_030490555.1	Klebsiella pneumoniae	klebsiella	11	gapA(3),infB(3),mdh(1),pgi(1),phoE(1),rpoB(1),tonB(4)
GCF_030388445.1	Klebsiella pneumoniae	klebsiella	14	gapA(1),infB(6),mdh(1),pgi(1),phoE(1),rpoB(1),tonB(1)
GCF_030490005.1	Klebsiella pneumoniae	klebsiella	11	gapA(3),infB(3),mdh(1),pgi(1),phoE(1),rpoB(1),tonB(4)
GCF_030271935.1	Klebsiella pneumoniae	klebsiella	15	gapA(1),infB(1),mdh(1),pgi(1),phoE(1),rpoB(1),tonB(1)
GCF_030284505.1	Klebsiella pneumoniae	klebsiella	11	gapA(3),infB(3),mdh(1),pgi(1),phoE(1),rpoB(1),tonB(4)
GCF_030323605.1	Klebsiella pneumoniae	klebsiella	412	gapA(2),infB(1),mdh(2),pgi(1),phoE(9),rpoB(1),tonB(112)
GCF_030490465.1	Klebsiella pneumoniae	klebsiella	1544	gapA(2),infB(93),mdh(65),pgi(2),phoE(5),rpoB(1),tonB(36)
GCF_030271915.1	Klebsiella pneumoniae	klebsiella	6262	gapA(2),infB(9),mdh(2),pgi(1),phoE(13),rpoB(1),tonB(870)
GCF_030271855.1	Klebsiella pneumoniae	klebsiella	6265	gapA(4),infB(1),mdh(463),pgi(52),phoE(1),rpoB(1),tonB(7)
GCF_030271875.1	Klebsiella pneumoniae	klebsiella	580	gapA(3),infB(4),mdh(6),pgi(1),phoE(9),rpoB(4),tonB(38)
GCF_030490615.1	Klebsiella pneumoniae	klebsiella	11	gapA(3),infB(3),mdh(1),pgi(1),phoE(1),rpoB(1),tonB(4)
GCF_030490635.1	Klebsiella pneumoniae	klebsiella	11	gapA(3),infB(3),mdh(1),pgi(1),phoE(1),rpoB(1),tonB(4)
GCF_030271955.1	Klebsiella pneumoniae	klebsiella	15	gapA(1),infB(1),mdh(1),pgi(1),phoE(1),rpoB(1),tonB(1)
GCF_030442015.2	Klebsiella pneumoniae	klebsiella	29	gapA(2),infB(3),mdh(2),pgi(2),phoE(6),rpoB(4),tonB(4)
GCF_030271995.1	Klebsiella pneumoniae	klebsiella	2294	gapA(4),infB(4),mdh(1),pgi(1),phoE(264),rpoB(4),tonB(10)
GCF_030388425.1	Klebsiella pneumoniae	klebsiella	11	gapA(3),infB(3),mdh(1),pgi(1),phoE(1),rpoB(1),tonB(4)
GCF_030442105.2	Klebsiella pneumoniae	klebsiella	111	gapA(2),infB(1),mdh(5),pgi(1),phoE(17),rpoB(4),tonB(42)
GCF_030169945.1	Klebsiella pasteurii	klebsiella	-	gapA(~147),infB(~126),mdh(-),pgi(-),phoE(-),rpoB(148?),tonB(-)
GCF_030505415.1	Klebsiella variicola	klebsiella	-	gapA(16),infB(24),mdh(21),pgi(49),phoE(29),rpoB(22),tonB(281)
GCF_030271895.1	Klebsiella pneumoniae	klebsiella	1944	gapA(2),infB(1),mdh(1),pgi(6),phoE(9),rpoB(115),tonB(182)
GCF_030272015.1	Klebsiella pneumoniae	klebsiella	6262	gapA(2),infB(9),mdh(2),pgi(1),phoE(13),rpoB(1),tonB(870)
GCF_030323685.1	Klebsiella pneumoniae	klebsiella	15	gapA(1),infB(1),mdh(1),pgi(1),phoE(1),rpoB(1),tonB(1)
GCF_030252445.1	Klebsiella pneumoniae	klebsiella	147	gapA(3),infB(4),mdh(6),pgi(1),phoE(7),rpoB(4),tonB(38)
GCF_030552975.1	Klebsiella pneumoniae	klebsiella	37	gapA(2),infB(9),mdh(2),pgi(1),phoE(13),rpoB(1),tonB(16)
GCF_030263875.1	Klebsiella pneumoniae	klebsiella	11	gapA(3),infB(3),mdh(1),pgi(1),phoE(1),rpoB(1),tonB(4)
GCF_030552995.1	Klebsiella pneumoniae	klebsiella	11	gapA(3),infB(3),mdh(1),pgi(1),phoE(1),rpoB(1),tonB(4)
GCF_030271975.1	Klebsiella pneumoniae	klebsiella	5982	gapA(3),infB(4),mdh(1),pgi(1),phoE(467),rpoB(4),tonB(4)
GCF_030490185.1	Klebsiella quasipneumoniae	klebsiella	571	gapA(17),infB(19),mdh(79),pgi(20),phoE(108),rpoB(55),tonB(142)
GCF_030406515.2	Klebsiella pneumoniae	klebsiella	11	gapA(3),infB(3),mdh(1),pgi(1),phoE(1),rpoB(1),tonB(4)
GCF_030489965.1	Klebsiella variicola	klebsiella	2069	gapA(16),infB(18),mdh(21),pgi(27),phoE(47),rpoB(93),tonB(75)
GCF_030552935.1	Klebsiella pneumoniae	klebsiella	11	gapA(3),infB(3),mdh(1),pgi(1),phoE(1),rpoB(1),tonB(4)
GCF_030717685.1	Klebsiella ornithinolytica	klebsiella	-	gapA(140),infB(120),mdh(-),pgi(170),phoE(~282),rpoB(140?),tonB(-)
GCF_030685615.1	Klebsiella pneumoniae	klebsiella	23	gapA(2),infB(1),mdh(1),pgi(1),phoE(9),rpoB(4),tonB(12)
GCF_030845655.1	Klebsiella pneumoniae	klebsiella	6249	gapA(2),infB(1),mdh(2),pgi(1),phoE(7),rpoB(4),tonB(91)
GCF_030685635.1	Klebsiella pneumoniae	klebsiella	23	gapA(2),infB(1),mdh(1),pgi(1),phoE(9),rpoB(4),tonB(12)
GCF_030644625.1	Klebsiella pneumoniae	klebsiella	292	gapA(2),infB(1),mdh(2),pgi(1),phoE(1),rpoB(1),tonB(4)
GCF_032343715.1	Klebsiella pneumoniae	klebsiella	395	gapA(3),infB(1),mdh(2),pgi(4),phoE(1),rpoB(1),tonB(4)
GCF_030845475.1	Klebsiella pneumoniae	klebsiella	23	gapA(2),infB(1),mdh(1),pgi(1),phoE(9),rpoB(4),tonB(12)
GCF_032633365.1	Klebsiella aerogenes	klebsiella	-	gapA(168),infB(~196),mdh(-),pgi(~198),phoE(463),rpoB(165),tonB(-)
GCF_030717705.1	Klebsiella pneumoniae	klebsiella	11	gapA(3),infB(3),mdh(1),pgi(1),phoE(1),rpoB(1),tonB(4)
GCF_030845755.1	Klebsiella pneumoniae	klebsiella	29	gapA(2),infB(3),mdh(2),pgi(2),phoE(6),rpoB(4),tonB(4)
GCF_032348595.1	Klebsiella pneumoniae	klebsiella	437	gapA(3),infB(3),mdh(1),pgi(1),phoE(1),rpoB(1),tonB(31)
GCF_033563215.1	Klebsiella pneumoniae	klebsiella	656	gapA(4),infB(4),mdh(1),pgi(1),phoE(7),rpoB(4),tonB(4)
GCF_031357365.1	Klebsiella pneumoniae	klebsiella	3410	gapA(4),infB(4),mdh(1),pgi(1),phoE(7),rpoB(4),tonB(65)
GCF_030845695.1	Klebsiella pneumoniae	klebsiella	392	gapA(3),infB(4),mdh(6),pgi(1),phoE(7),rpoB(4),tonB(40)
GCF_030931735.1	Klebsiella quasipneumoniae	klebsiella	2558	gapA(42),infB(22),mdh(18),pgi(22),phoE(167),rpoB(13),tonB(49)
GCF_030846075.1	Klebsiella pneumoniae	klebsiella	1306	gapA(2),infB(1),mdh(119),pgi(1),phoE(1),rpoB(4),tonB(24)
GCF_030863585.1	Klebsiella pneumoniae	klebsiella	147	gapA(3),infB(4),mdh(6),pgi(1),phoE(7),rpoB(4),tonB(38)
GCF_030845375.1	Klebsiella pneumoniae	klebsiella	592	gapA(2),infB(3),mdh(6),pgi(1),phoE(9),rpoB(4),tonB(13)
GCF_031042315.1	Klebsiella aerogenes	klebsiella	-	gapA(168),infB(~196),mdh(-),pgi(~198),phoE(~329),rpoB(263),tonB(-)
GCF_030845555.1	Klebsiella pneumoniae	klebsiella	395	gapA(3),infB(1),mdh(2),pgi(4),phoE(1),rpoB(1),tonB(4)
GCF_030845715.1	Klebsiella pneumoniae	klebsiella	45	gapA(2),infB(1),mdh(1),pgi(6),phoE(7),rpoB(1),tonB(12)
GCF_031357205.1	Klebsiella pneumoniae	klebsiella	656	gapA(4),infB(4),mdh(1),pgi(1),phoE(7),rpoB(4),tonB(4)
GCF_030845735.1	Klebsiella pneumoniae	klebsiella	636	gapA(2),infB(5),mdh(1),pgi(1),phoE(4),rpoB(1),tonB(4)
GCF_030845595.1	Klebsiella pneumoniae	klebsiella	-	gapA(1),infB(1),mdh(1),pgi(1),phoE(1),rpoB(1),tonB(1,1)
GCF_032344435.1	Klebsiella pneumoniae	klebsiella	512	gapA(54),infB(3),mdh(1),pgi(1),phoE(1),rpoB(1),tonB(79)
GCF_030845415.1	Klebsiella pneumoniae	klebsiella	3663	gapA(2),infB(1),mdh(11),pgi(1),phoE(9),rpoB(8),tonB(257)
GCF_032248875.1	Klebsiella pneumoniae	klebsiella	485	gapA(2),infB(1),mdh(1),pgi(1),phoE(7),rpoB(1),tonB(12)
GCF_030845395.1	Klebsiella pneumoniae	klebsiella	23	gapA(2),infB(1),mdh(1),pgi(1),phoE(9),rpoB(4),tonB(12)
GCF_030845635.1	Klebsiella pneumoniae	klebsiella	412	gapA(2),infB(1),mdh(2),pgi(1),phoE(9),rpoB(1),tonB(112)
GCF_030846055.1	Klebsiella pneumoniae	klebsiella	15	gapA(1),infB(1),mdh(1),pgi(1),phoE(1),rpoB(1),tonB(1)
GCF_032253935.1	Klebsiella pneumoniae	klebsiella	23	gapA(2),infB(1),mdh(1),pgi(1),phoE(9),rpoB(4),tonB(12)
GCF_030845775.1	Klebsiella pneumoniae	klebsiella	3586	gapA(2),infB(1),mdh(2),pgi(1),phoE(7),rpoB(195),tonB(7)
GCF_033255445.1	Klebsiella pneumoniae	klebsiella	147	gapA(3),infB(4),mdh(6),pgi(1),phoE(7),rpoB(4),tonB(38)
GCF_030931055.1	Klebsiella quasipneumoniae	klebsiella	2558	gapA(42),infB(22),mdh(18),pgi(22),phoE(167),rpoB(13),tonB(49)
GCF_033238325.1	Klebsiella pneumoniae	klebsiella	147	gapA(3),infB(4),mdh(6),pgi(1),phoE(7),rpoB(4),tonB(38)
GCF_032463405.1	Klebsiella pneumoniae	klebsiella	-	gapA(2),infB(1),mdh(~2),pgi(17),phoE(27),rpoB(1),tonB(39)
GCF_033259165.1	Klebsiella pneumoniae	klebsiella	11	gapA(3),infB(3),mdh(1),pgi(1),phoE(1),rpoB(1),tonB(4)
GCF_030845455.1	Klebsiella pneumoniae	klebsiella	268	gapA(2),infB(1),mdh(2),pgi(1),phoE(7),rpoB(1),tonB(81)
GCF_033100215.1	Klebsiella sp.	klebsiella	7898	gapA(28),infB(24),mdh(21),pgi(53),phoE(68),rpoB(153),tonB(67)
GCF_030845615.1	Klebsiella pneumoniae	klebsiella	15	gapA(1),infB(1),mdh(1),pgi(1),phoE(1),rpoB(1),tonB(1)
GCF_033100295.1	Klebsiella quasipneumoniae	klebsiella	526	gapA(38),infB(19),mdh(53),pgi(58),phoE(73),rpoB(21),tonB(130)
GCF_030845575.1	Klebsiella pneumoniae	klebsiella	15	gapA(1),infB(1),mdh(1),pgi(1),phoE(1),rpoB(1),tonB(1)
GCF_030845795.1	Klebsiella pneumoniae	klebsiella	268	gapA(2),infB(1),mdh(2),pgi(1),phoE(7),rpoB(1),tonB(81)
GCF_030866865.1	Klebsiella pneumoniae	klebsiella	412	gapA(2),infB(1),mdh(2),pgi(1),phoE(9),rpoB(1),tonB(112)
GCF_030717725.1	Klebsiella pneumoniae	klebsiella	11	gapA(3),infB(3),mdh(1),pgi(1),phoE(1),rpoB(1),tonB(4)
GCF_032833975.1	Klebsiella pneumoniae	klebsiella	11	gapA(3),infB(3),mdh(1),pgi(1),phoE(1),rpoB(1),tonB(4)
GCF_030704345.1	Klebsiella pneumoniae	klebsiella	11	gapA(3),infB(3),mdh(1),pgi(1),phoE(1),rpoB(1),tonB(4)
GCF_033037675.1	Klebsiella quasipneumoniae	klebsiella	6348	gapA(104),infB(19),mdh(149),pgi(39),phoE(113),rpoB(21),tonB(276)
GCF_032807725.1	Klebsiella pneumoniae	klebsiella	23	gapA(2),infB(1),mdh(1),pgi(1),phoE(9),rpoB(4),tonB(12)
GCF_030845855.1	Klebsiella pneumoniae	klebsiella	37	gapA(2),infB(9),mdh(2),pgi(1),phoE(13),rpoB(1),tonB(16)
GCF_033256205.1	Klebsiella pneumoniae	klebsiella	147	gapA(3),infB(4),mdh(6),pgi(1),phoE(7),rpoB(4),tonB(38)
GCF_033251225.1	Klebsiella pneumoniae	klebsiella	147	gapA(3),infB(4),mdh(6),pgi(1),phoE(7),rpoB(4),tonB(38)
GCF_033257165.1	Klebsiella pneumoniae	klebsiella	147	gapA(3),infB(4),mdh(6),pgi(1),phoE(7),rpoB(4),tonB(38)
GCF_033245965.1	Klebsiella pneumoniae	klebsiella	147	gapA(3),infB(4),mdh(6),pgi(1),phoE(7),rpoB(4),tonB(38)
GCF_030845675.1	Klebsiella pneumoniae	klebsiella	1399	gapA(4),infB(1),mdh(124),pgi(1),phoE(7),rpoB(4),tonB(91)
GCF_033243425.1	Klebsiella pneumoniae	klebsiella	147	gapA(3),infB(4),mdh(6),pgi(1),phoE(7),rpoB(4),tonB(38)
GCF_030847575.1	Klebsiella pneumoniae	klebsiella	534	gapA(2),infB(1),mdh(1),pgi(2),phoE(61),rpoB(4),tonB(132)
GCF_030845875.1	Klebsiella pneumoniae	klebsiella	490	gapA(4),infB(1),mdh(1),pgi(1),phoE(21),rpoB(1),tonB(6)
GCF_030845435.1	Klebsiella pneumoniae	klebsiella	23	gapA(2),infB(1),mdh(1),pgi(1),phoE(9),rpoB(4),tonB(12)
GCF_032878755.1	Klebsiella pneumoniae	klebsiella	147	gapA(3),infB(4),mdh(6),pgi(1),phoE(7),rpoB(4),tonB(38)
GCF_031676375.1	Klebsiella pneumoniae	klebsiella	11	gapA(3),infB(3),mdh(1),pgi(1),phoE(1),rpoB(1),tonB(4)
GCF_033254545.1	Klebsiella pneumoniae	klebsiella	147	gapA(3),infB(4),mdh(6),pgi(1),phoE(7),rpoB(4),tonB(38)
GCF_030845895.1	Klebsiella pneumoniae	klebsiella	1440	gapA(2),infB(3),mdh(1),pgi(1),phoE(4),rpoB(1),tonB(4)
GCF_031432775.1	Klebsiella pneumoniae	klebsiella	307	gapA(4),infB(1),mdh(2),pgi(52),phoE(1),rpoB(1),tonB(7)
GCF_031432915.1	Klebsiella pneumoniae	klebsiella	307	gapA(4),infB(1),mdh(2),pgi(52),phoE(1),rpoB(1),tonB(7)
GCF_030863985.1	Klebsiella pneumoniae	klebsiella	412	gapA(2),infB(1),mdh(2),pgi(1),phoE(9),rpoB(1),tonB(112)
GCF_030845915.1	Klebsiella pneumoniae	klebsiella	490	gapA(4),infB(1),mdh(1),pgi(1),phoE(21),rpoB(1),tonB(6)
GCF_031326285.1	Klebsiella pneumoniae	klebsiella	307	gapA(4),infB(1),mdh(2),pgi(52),phoE(1),rpoB(1),tonB(7)
GCF_030845535.1	Klebsiella pneumoniae	klebsiella	23	gapA(2),infB(1),mdh(1),pgi(1),phoE(9),rpoB(4),tonB(12)
GCF_033253045.1	Klebsiella pneumoniae	klebsiella	147	gapA(3),infB(4),mdh(6),pgi(1),phoE(7),rpoB(4),tonB(38)
GCF_032680845.1	Klebsiella pneumoniae	klebsiella	896	gapA(2),infB(9),mdh(2),pgi(1),phoE(13),rpoB(1),tonB(38)
GCF_030848965.1	Klebsiella pneumoniae	klebsiella	1934	gapA(2),infB(1),mdh(2),pgi(1),phoE(235),rpoB(4),tonB(6)
GCF_031885215.1	Klebsiella pneumoniae	klebsiella	11	gapA(3),infB(3),mdh(1),pgi(1),phoE(1),rpoB(1),tonB(4)
GCF_030845975.1	Klebsiella pneumoniae	klebsiella	17	gapA(2),infB(1),mdh(1),pgi(1),phoE(4),rpoB(4),tonB(4)
GCF_032833155.1	Klebsiella pneumoniae	klebsiella	11	gapA(3),infB(3),mdh(1),pgi(1),phoE(1),rpoB(1),tonB(4)
GCF_030845955.1	Klebsiella pneumoniae	klebsiella	48	gapA(2),infB(5),mdh(2),pgi(2),phoE(7),rpoB(1),tonB(10)
GCF_032759475.1	Klebsiella pneumoniae	klebsiella	258	gapA(3),infB(3),mdh(1),pgi(1),phoE(1),rpoB(1),tonB(79)
GCF_032681225.1	Klebsiella pneumoniae	klebsiella	11	gapA(3),infB(3),mdh(1),pgi(1),phoE(1),rpoB(1),tonB(4)
GCF_031326245.1	Klebsiella pneumoniae	klebsiella	307	gapA(4),infB(1),mdh(2),pgi(52),phoE(1),rpoB(1),tonB(7)
GCF_033244325.1	Klebsiella pneumoniae	klebsiella	147	gapA(3),infB(4),mdh(6),pgi(1),phoE(7),rpoB(4),tonB(38)
GCF_032878355.1	Klebsiella pneumoniae	klebsiella	101	gapA(2),infB(6),mdh(1),pgi(5),phoE(4),rpoB(1),tonB(6)
GCF_033245165.1	Klebsiella pneumoniae	klebsiella	147	gapA(3),infB(4),mdh(6),pgi(1),phoE(7),rpoB(4),tonB(38)
GCF_030845935.1	Klebsiella pneumoniae	klebsiella	76	gapA(4),infB(1),mdh(1),pgi(1),phoE(21),rpoB(1),tonB(35)
GCF_032146325.1	Klebsiella variicola	klebsiella	347	gapA(16),infB(24),mdh(21),pgi(27),phoE(47),rpoB(22),tonB(67)
GCF_032826355.1	Klebsiella pneumoniae	klebsiella	11	gapA(3),infB(3),mdh(1),pgi(1),phoE(1),rpoB(1),tonB(4)
GCF_030845815.1	Klebsiella pneumoniae	klebsiella	15	gapA(1),infB(1),mdh(1),pgi(1),phoE(1),rpoB(1),tonB(1)
GCF_033252145.1	Klebsiella pneumoniae	klebsiella	147	gapA(3),infB(4),mdh(6),pgi(1),phoE(7),rpoB(4),tonB(38)
GCF_030845835.1	Klebsiella pneumoniae	klebsiella	23	gapA(2),infB(1),mdh(1),pgi(1),phoE(9),rpoB(4),tonB(12)
GCF_032738105.1	Klebsiella quasipneumoniae	klebsiella	1031	gapA(18),infB(22),mdh(18),pgi(23),phoE(134),rpoB(13),tonB(51)
GCF_032829175.1	Klebsiella pneumoniae	klebsiella	11	gapA(3),infB(3),mdh(1),pgi(1),phoE(1),rpoB(1),tonB(4)
GCF_030845495.1	Klebsiella pneumoniae	klebsiella	23	gapA(2),infB(1),mdh(1),pgi(1),phoE(9),rpoB(4),tonB(12)
GCF_032680825.1	Klebsiella pneumoniae	klebsiella	896	gapA(2),infB(9),mdh(2),pgi(1),phoE(13),rpoB(1),tonB(38)
GCF_033240085.1	Klebsiella pneumoniae	klebsiella	147	gapA(3),infB(4),mdh(6),pgi(1),phoE(7),rpoB(4),tonB(38)
GCF_030845515.1	Klebsiella pneumoniae	klebsiella	14	gapA(1),infB(6),mdh(1),pgi(1),phoE(1),rpoB(1),tonB(1)
GCF_031312745.1	Klebsiella pneumoniae	klebsiella	11	gapA(3),infB(3),mdh(1),pgi(1),phoE(1),rpoB(1),tonB(4)
GCF_033253665.1	Klebsiella pneumoniae	klebsiella	147	gapA(3),infB(4),mdh(6),pgi(1),phoE(7),rpoB(4),tonB(38)
GCF_031326265.1	Klebsiella pneumoniae	klebsiella	395	gapA(3),infB(1),mdh(2),pgi(4),phoE(1),rpoB(1),tonB(4)
GCF_032827515.1	Klebsiella pneumoniae	klebsiella	11	gapA(3),infB(3),mdh(1),pgi(1),phoE(1),rpoB(1),tonB(4)
GCF_033242065.1	Klebsiella pneumoniae	klebsiella	147	gapA(3),infB(4),mdh(6),pgi(1),phoE(7),rpoB(4),tonB(38)
GCF_033258285.1	Klebsiella pneumoniae	klebsiella	11	gapA(3),infB(3),mdh(1),pgi(1),phoE(1),rpoB(1),tonB(4)
GCF_034128605.1	Klebsiella aerogenes	klebsiella	-	gapA(~249),infB(~197),mdh(-),pgi(300),phoE(464),rpoB(264),tonB(-)
GCF_033870295.1	Klebsiella ornithinolytica	klebsiella	-	gapA(~140),infB(~120),mdh(-),pgi(170),phoE(277),rpoB(140?),tonB(-)
GCF_035620215.1	Klebsiella sp.	klebsiella	2273	gapA(16),infB(24),mdh(21),pgi(27),phoE(47),rpoB(22),tonB(341)
GCF_034123205.1	Klebsiella aerogenes	klebsiella	-	gapA(~361),infB(~196),mdh(-),pgi(197),phoE(~329),rpoB(165),tonB(-)
GCF_034554675.1	Klebsiella quasipneumoniae	klebsiella	367	gapA(18),infB(15),mdh(26),pgi(16),phoE(11),rpoB(13),tonB(106)
GCF_034130585.1	Klebsiella aerogenes	klebsiella	-	gapA(168),infB(~196),mdh(-),pgi(198),phoE(463),rpoB(165),tonB(-)
GCF_034127495.1	Klebsiella aerogenes	klebsiella	-	gapA(~166),infB(~196),mdh(-),pgi(~198),phoE(~329),rpoB(165),tonB(-)
GCF_033870315.1	Klebsiella planticola	klebsiella	-	gapA(~146),infB(~120),mdh(-),pgi(170?),phoE(~282),rpoB(~140),tonB(-)
GCF_034197895.1	Klebsiella aerogenes	klebsiella	-	gapA(168),infB(~196),mdh(-),pgi(197),phoE(330),rpoB(164),tonB(-)
GCF_034330985.1	Klebsiella aerogenes	klebsiella	-	gapA(~361),infB(~196),mdh(-),pgi(197),phoE(~463),rpoB(263),tonB(-)
GCF_034197875.1	Klebsiella aerogenes	klebsiella	-	gapA(~166),infB(131),mdh(-),pgi(~196),phoE(~463),rpoB(81),tonB(-)
GCF_034424095.1	Klebsiella pneumoniae	klebsiella	4110	gapA(2),infB(5),mdh(2),pgi(1),phoE(1),rpoB(4),tonB(2)
GCF_034125425.1	Klebsiella aerogenes	klebsiella	-	gapA(~166),infB(~196),mdh(-),pgi(198),phoE(463),rpoB(165),tonB(-)
GCF_033807435.1	Klebsiella pneumoniae	klebsiella	1049	gapA(2),infB(3),mdh(4),pgi(97),phoE(12),rpoB(1),tonB(39)
GCF_034421615.1	Klebsiella pneumoniae	klebsiella	437	gapA(3),infB(3),mdh(1),pgi(1),phoE(1),rpoB(1),tonB(31)
GCF_033861315.1	Klebsiella pneumoniae	klebsiella	15	gapA(1),infB(1),mdh(1),pgi(1),phoE(1),rpoB(1),tonB(1)
GCF_033564015.1	Klebsiella pneumoniae	klebsiella	273	gapA(3),infB(4),mdh(6),pgi(1),phoE(7),rpoB(4),tonB(4)
GCF_035594225.1	Klebsiella pneumoniae	klebsiella	1662	gapA(4),infB(1),mdh(1),pgi(1),phoE(3),rpoB(44),tonB(4)
GCF_035556855.1	Klebsiella aerogenes	klebsiella	-	gapA(361),infB(~196),mdh(-),pgi(~198),phoE(463),rpoB(263),tonB(-)
GCF_034479915.1	Klebsiella pneumoniae	klebsiella	2096	gapA(1),infB(6),mdh(1),pgi(1),phoE(1),rpoB(46),tonB(1)
GCF_035621275.1	Klebsiella pneumoniae	klebsiella	6924	gapA(4),infB(4),mdh(1),pgi(1),phoE(7),rpoB(4),tonB(226)
GCF_034121025.1	Klebsiella aerogenes	klebsiella	-	gapA(168),infB(~196),mdh(-),pgi(~198),phoE(463),rpoB(57),tonB(-)
GCF_033802585.1	Klebsiella pneumoniae	klebsiella	-	gapA(3),infB(4),mdh(1),pgi(1),phoE(2),rpoB(1),tonB(43)
GCF_033970445.1	Klebsiella variicola	klebsiella	6219	gapA(16),infB(24),mdh(21),pgi(31),phoE(92),rpoB(17),tonB(324)
GCF_035620095.1	Klebsiella pneumoniae	klebsiella	11	gapA(3),infB(3),mdh(1),pgi(1),phoE(1),rpoB(1),tonB(4)
GCF_034132705.1	Klebsiella aerogenes	klebsiella	-	gapA(~361),infB(196),mdh(-),pgi(~198),phoE(~329),rpoB(~263),tonB(-)
GCF_034043555.1	Klebsiella ornithinolytica	klebsiella	-	gapA(146),infB(120),mdh(-),pgi(165),phoE(282),rpoB(~148),tonB(-)
GCF_033859755.1	Klebsiella pneumoniae	klebsiella	37	gapA(2),infB(9),mdh(2),pgi(1),phoE(13),rpoB(1),tonB(16)
GCF_033807335.1	Klebsiella pneumoniae	klebsiella	11	gapA(3),infB(3),mdh(1),pgi(1),phoE(1),rpoB(1),tonB(4)
GCF_033864495.1	Klebsiella oxytoca	klebsiella	-	gapA(147),infB(126),mdh(-),pgi(~174),phoE(-),rpoB(~149),tonB(-)
GCF_035557175.1	Klebsiella pneumoniae	klebsiella	11	gapA(3),infB(3),mdh(1),pgi(1),phoE(1),rpoB(1),tonB(4)
GCF_033798725.1	Klebsiella pneumoniae	klebsiella	-	gapA(10),infB(1),mdh(5),pgi(8),phoE(9),rpoB(8),tonB(13)
GCF_035621195.1	Klebsiella pneumoniae	klebsiella	76	gapA(4),infB(1),mdh(1),pgi(1),phoE(21),rpoB(1),tonB(35)
GCF_035594725.1	Klebsiella pneumoniae	klebsiella	437	gapA(3),infB(3),mdh(1),pgi(1),phoE(1),rpoB(1),tonB(31)
GCF_034259265.1	Klebsiella pneumoniae	klebsiella	629	gapA(2),infB(3),mdh(87),pgi(1),phoE(12),rpoB(1),tonB(26)
GCF_033870135.1	Klebsiella pneumoniae	klebsiella	11	gapA(3),infB(3),mdh(1),pgi(1),phoE(1),rpoB(1),tonB(4)
GCF_033848475.1	Klebsiella pneumoniae	klebsiella	11	gapA(3),infB(3),mdh(1),pgi(1),phoE(1),rpoB(1),tonB(4)
GCF_035594245.1	Klebsiella pneumoniae	klebsiella	307	gapA(4),infB(1),mdh(2),pgi(52),phoE(1),rpoB(1),tonB(7)
GCF_033807355.1	Klebsiella pneumoniae	klebsiella	11	gapA(3),infB(3),mdh(1),pgi(1),phoE(1),rpoB(1),tonB(4)
GCF_033870115.1	Klebsiella pneumoniae	klebsiella	6792	gapA(2),infB(1),mdh(2),pgi(35),phoE(45),rpoB(24),tonB(19)
GCF_033857255.1	Klebsiella pneumoniae	klebsiella	147	gapA(3),infB(4),mdh(6),pgi(1),phoE(7),rpoB(4),tonB(38)
GCF_034120285.1	Klebsiella aerogenes	klebsiella	-	gapA(~361),infB(~196),mdh(-),pgi(198),phoE(~463),rpoB(57),tonB(-)
GCF_033862455.1	Klebsiella pneumoniae	klebsiella	5978	gapA(4),infB(4),mdh(1),pgi(1),phoE(7),rpoB(4),tonB(1)
GCF_035201625.1	Klebsiella pneumoniae	klebsiella	11	gapA(3),infB(3),mdh(1),pgi(1),phoE(1),rpoB(1),tonB(4)
GCF_033863975.1	Klebsiella pneumoniae	klebsiella	15	gapA(1),infB(1),mdh(1),pgi(1),phoE(1),rpoB(1),tonB(1)
GCF_034044195.1	Klebsiella aerogenes	klebsiella	-	gapA(~166),infB(~196),mdh(-),pgi(299),phoE(463),rpoB(263),tonB(-)
GCF_033865735.1	Klebsiella oxytoca	klebsiella	-	gapA(147),infB(~133),mdh(-),pgi(171),phoE(-),rpoB(149),tonB(-)
GCF_034331225.1	Klebsiella variicola	klebsiella	7571	gapA(16),infB(18),mdh(21),pgi(376),phoE(47),rpoB(22),tonB(1059)
GCF_033807415.1	Klebsiella pneumoniae	klebsiella	1049	gapA(2),infB(3),mdh(4),pgi(97),phoE(12),rpoB(1),tonB(39)
GCF_033863175.1	Klebsiella pneumoniae	klebsiella	5978	gapA(4),infB(4),mdh(1),pgi(1),phoE(7),rpoB(4),tonB(1)
GCF_033807455.1	Klebsiella pneumoniae	klebsiella	1049	gapA(2),infB(3),mdh(4),pgi(97),phoE(12),rpoB(1),tonB(39)
GCF_034119905.1	Klebsiella aerogenes	klebsiella	-	gapA(168),infB(~196),mdh(-),pgi(198),phoE(463),rpoB(165),tonB(-)
GCF_033802785.1	Klebsiella pneumoniae	klebsiella	6796	gapA(3),infB(4),mdh(6),pgi(1),phoE(7),rpoB(4),tonB(921)
GCF_034259285.1	Klebsiella pneumoniae	klebsiella	1805	gapA(4),infB(3),mdh(1),pgi(1),phoE(9),rpoB(27),tonB(14)
GCF_035596915.1	Klebsiella pneumoniae	klebsiella	3096	gapA(71),infB(1),mdh(1),pgi(35),phoE(16),rpoB(4),tonB(4)
GCF_035557615.1	Klebsiella pneumoniae	klebsiella	133	gapA(12),infB(1),mdh(1),pgi(2),phoE(5),rpoB(1),tonB(36)
GCF_033852495.1	Klebsiella pneumoniae	klebsiella	6793	gapA(2),infB(1),mdh(2),pgi(1),phoE(13),rpoB(1),tonB(161)
GCF_035184745.2	Klebsiella pneumoniae	klebsiella	11	gapA(3),infB(3),mdh(1),pgi(1),phoE(1),rpoB(1),tonB(4)
GCF_033807375.1	Klebsiella pneumoniae	klebsiella	11	gapA(3),infB(3),mdh(1),pgi(1),phoE(1),rpoB(1),tonB(4)
GCF_033807395.1	Klebsiella pneumoniae	klebsiella	1049	gapA(2),infB(3),mdh(4),pgi(97),phoE(12),rpoB(1),tonB(39)
GCF_033850575.1	Klebsiella pneumoniae	klebsiella	307	gapA(4),infB(1),mdh(2),pgi(52),phoE(1),rpoB(1),tonB(7)
GCF_033869935.1	Klebsiella pneumoniae	klebsiella	15	gapA(1),infB(1),mdh(1),pgi(1),phoE(1),rpoB(1),tonB(1)
GCF_035581385.1	Klebsiella pneumoniae	klebsiella	307	gapA(4),infB(1),mdh(2),pgi(52),phoE(1),rpoB(1),tonB(7)
GCF_035584575.1	Klebsiella pneumoniae	klebsiella	11	gapA(3),infB(3),mdh(1),pgi(1),phoE(1),rpoB(1),tonB(4)
GCF_035621535.1	Klebsiella pneumoniae	klebsiella	11	gapA(3),infB(3),mdh(1),pgi(1),phoE(1),rpoB(1),tonB(4)
GCF_034126985.1	Klebsiella pneumoniae	klebsiella	147	gapA(3),infB(4),mdh(6),pgi(1),phoE(7),rpoB(4),tonB(38)
GCF_033869415.1	Klebsiella pneumoniae	klebsiella	15	gapA(1),infB(1),mdh(1),pgi(1),phoE(1),rpoB(1),tonB(1)
GCF_035184765.2	Klebsiella pneumoniae	klebsiella	16	gapA(2),infB(1),mdh(2),pgi(1),phoE(4),rpoB(4),tonB(4)
GCF_034477785.1	Klebsiella pneumoniae	klebsiella	23	gapA(2),infB(1),mdh(1),pgi(1),phoE(9),rpoB(4),tonB(12)
GCF_035593365.1	Klebsiella pneumoniae	klebsiella	11	gapA(3),infB(3),mdh(1),pgi(1),phoE(1),rpoB(1),tonB(4)
GCF_033868275.1	Klebsiella pneumoniae	klebsiella	15	gapA(1),infB(1),mdh(1),pgi(1),phoE(1),rpoB(1),tonB(1)
GCF_034120115.1	Klebsiella aerogenes	klebsiella	-	gapA(~249),infB(~197),mdh(-),pgi(300),phoE(464),rpoB(264),tonB(-)
GCF_034340365.2	Klebsiella pneumoniae	klebsiella	65	gapA(2),infB(1),mdh(2),pgi(1),phoE(10),rpoB(4),tonB(13)
GCF_034341085.2	Klebsiella pneumoniae	klebsiella	65	gapA(2),infB(1),mdh(2),pgi(1),phoE(10),rpoB(4),tonB(13)
GCF_035594265.1	Klebsiella pneumoniae	klebsiella	1558	gapA(2),infB(1),mdh(4),pgi(1),phoE(12),rpoB(5),tonB(30)
GCF_033865275.1	Klebsiella pneumoniae	klebsiella	6792	gapA(2),infB(1),mdh(2),pgi(35),phoE(45),rpoB(24),tonB(19)
GCF_034424075.1	Klebsiella pneumoniae	klebsiella	152	gapA(2),infB(3),mdh(2),pgi(1),phoE(1),rpoB(4),tonB(56)
GCF_034120075.1	Klebsiella aerogenes	klebsiella	-	gapA(361),infB(~196),mdh(-),pgi(~198),phoE(~463),rpoB(263),tonB(-)
GCF_033847565.1	Klebsiella pneumoniae	klebsiella	438	gapA(3),infB(4),mdh(6),pgi(1),phoE(1),rpoB(4),tonB(4)
GCF_033802845.1	Klebsiella pneumoniae	klebsiella	656	gapA(4),infB(4),mdh(1),pgi(1),phoE(7),rpoB(4),tonB(4)
GCF_034661255.1	Klebsiella pneumoniae	klebsiella	11	gapA(3),infB(3),mdh(1),pgi(1),phoE(1),rpoB(1),tonB(4)
GCF_033878155.1	Klebsiella quasipneumoniae	klebsiella	2012	gapA(18),infB(22),mdh(26),pgi(130),phoE(115),rpoB(13),tonB(149)
GCF_035598475.1	Klebsiella pneumoniae	klebsiella	2096	gapA(1),infB(6),mdh(1),pgi(1),phoE(1),rpoB(46),tonB(1)
GCF_035595475.1	Klebsiella pneumoniae	klebsiella	20	gapA(2),infB(3),mdh(1),pgi(1),phoE(4),rpoB(4),tonB(4)
GCF_034119945.1	Klebsiella aerogenes	klebsiella	-	gapA(~166),infB(~196),mdh(-),pgi(~198),phoE(~464),rpoB(57),tonB(-)
GCF_033860475.1	Klebsiella oxytoca	klebsiella	-	gapA(147),infB(126),mdh(-),pgi(171),phoE(-),rpoB(149),tonB(-)
GCF_034259225.1	Klebsiella pneumoniae	klebsiella	1	gapA(4),infB(4),mdh(1),pgi(1),phoE(7),rpoB(4),tonB(10)
GCF_035599035.1	Klebsiella pneumoniae	klebsiella	86	gapA(9),infB(4),mdh(2),pgi(1),phoE(1),rpoB(1),tonB(27)
GCF_033867515.1	Klebsiella pneumoniae	klebsiella	656	gapA(4),infB(4),mdh(1),pgi(1),phoE(7),rpoB(4),tonB(4)
GCF_035594075.1	Klebsiella variicola	klebsiella	6797	gapA(16),infB(24),mdh(21),pgi(76),phoE(153),rpoB(22),tonB(922)
GCF_035598075.1	Klebsiella pneumoniae	klebsiella	20	gapA(2),infB(3),mdh(1),pgi(1),phoE(4),rpoB(4),tonB(4)
GCF_035620075.1	Klebsiella pneumoniae	klebsiella	37	gapA(2),infB(9),mdh(2),pgi(1),phoE(13),rpoB(1),tonB(16)
GCF_034564955.1	Klebsiella pneumoniae	klebsiella	11	gapA(3),infB(3),mdh(1),pgi(1),phoE(1),rpoB(1),tonB(4)
GCF_033868475.1	Klebsiella pneumoniae	klebsiella	6792	gapA(2),infB(1),mdh(2),pgi(35),phoE(45),rpoB(24),tonB(19)
GCF_034565915.1	Klebsiella pneumoniae	klebsiella	11	gapA(3),infB(3),mdh(1),pgi(1),phoE(1),rpoB(1),tonB(4)
GCF_033854795.1	Klebsiella pneumoniae	klebsiella	438	gapA(3),infB(4),mdh(6),pgi(1),phoE(1),rpoB(4),tonB(4)
GCF_035596235.1	Klebsiella pneumoniae	klebsiella	307	gapA(4),infB(1),mdh(2),pgi(52),phoE(1),rpoB(1),tonB(7)
GCF_035597335.1	Klebsiella pneumoniae	klebsiella	307	gapA(4),infB(1),mdh(2),pgi(52),phoE(1),rpoB(1),tonB(7)
GCF_033849915.1	Klebsiella pneumoniae	klebsiella	438	gapA(3),infB(4),mdh(6),pgi(1),phoE(1),rpoB(4),tonB(4)
GCF_034479935.1	Klebsiella pneumoniae	klebsiella	1788	gapA(2),infB(6),mdh(160),pgi(1),phoE(226),rpoB(111),tonB(299)
GCF_036287845.1	Klebsiella pasteurii	klebsiella	-	gapA(~147),infB(-),mdh(-),pgi(-),phoE(-),rpoB(148?),tonB(-)
GCF_036795285.1	Klebsiella pneumoniae	klebsiella	15	gapA(1),infB(1),mdh(1),pgi(1),phoE(1),rpoB(1),tonB(1)
GCF_036810575.1	Klebsiella aerogenes	klebsiella	-	gapA(168),infB(~196),mdh(-),pgi(~198),phoE(463),rpoB(165),tonB(-)
GCF_037081915.1	Klebsiella ornithinolytica	klebsiella	-	gapA(146),infB(120),mdh(-),pgi(170),phoE(282),rpoB(~148),tonB(-)
GCF_036785835.1	Klebsiella pneumoniae	klebsiella	-	gapA(2),infB(1),mdh(2),pgi(1),phoE(7),rpoB(1),tonB(~7)
GCF_036347655.1	Klebsiella pneumoniae	klebsiella	101	gapA(2),infB(6),mdh(1),pgi(5),phoE(4),rpoB(1),tonB(6)
GCF_037229455.1	Klebsiella variicola	klebsiella	3948	gapA(16),infB(24),mdh(30),pgi(270),phoE(90),rpoB(22),tonB(45)
GCF_036429575.1	Klebsiella pneumoniae	klebsiella	11	gapA(3),infB(3),mdh(1),pgi(1),phoE(1),rpoB(1),tonB(4)
GCF_036791365.1	Klebsiella ornithinolytica	klebsiella	-	gapA(146),infB(120),mdh(-),pgi(170),phoE(~282),rpoB(~148),tonB(-)
GCF_036287415.1	Klebsiella pneumoniae	klebsiella	86	gapA(9),infB(4),mdh(2),pgi(1),phoE(1),rpoB(1),tonB(27)
GCF_036687435.1	Klebsiella pneumoniae	klebsiella	289	gapA(4),infB(5),mdh(1),pgi(1),phoE(12),rpoB(4),tonB(46)
GCF_036080835.1	Klebsiella aerogenes	klebsiella	-	gapA(~361),infB(~196),mdh(-),pgi(~198),phoE(~463),rpoB(263),tonB(-)
GCF_036786065.1	Klebsiella ornithinolytica	klebsiella	-	gapA(146),infB(120),mdh(-),pgi(170),phoE(~282),rpoB(~148),tonB(-)
GCF_036542245.1	Klebsiella pneumoniae	klebsiella	76	gapA(4),infB(1),mdh(1),pgi(1),phoE(21),rpoB(1),tonB(35)
GCF_036542045.1	Klebsiella pneumoniae	klebsiella	29	gapA(2),infB(3),mdh(2),pgi(2),phoE(6),rpoB(4),tonB(4)
GCF_036884245.1	Klebsiella pneumoniae	klebsiella	14	gapA(1),infB(6),mdh(1),pgi(1),phoE(1),rpoB(1),tonB(1)
GCF_037099835.1	Klebsiella pneumoniae	klebsiella	11	gapA(3),infB(3),mdh(1),pgi(1),phoE(1),rpoB(1),tonB(4)
GCF_036789295.1	Klebsiella ornithinolytica	klebsiella	-	gapA(146),infB(120),mdh(-),pgi(170),phoE(~282),rpoB(~148),tonB(-)
GCF_036287495.1	Klebsiella pneumoniae	klebsiella	2665	gapA(2),infB(1),mdh(145),pgi(1),phoE(1),rpoB(1),tonB(6)
GCF_036287515.1	Klebsiella pneumoniae	klebsiella	3393	gapA(2),infB(1),mdh(99),pgi(1),phoE(1),rpoB(1),tonB(129)
GCF_037009005.1	Klebsiella pneumoniae	klebsiella	15	gapA(1),infB(1),mdh(1),pgi(1),phoE(1),rpoB(1),tonB(1)
GCF_037081955.1	Klebsiella michiganensis	klebsiella	-	gapA(~147),infB(-),mdh(-),pgi(-),phoE(-),rpoB(276?),tonB(-)
GCF_037100305.1	Klebsiella pneumoniae	klebsiella	15	gapA(1),infB(1),mdh(1),pgi(1),phoE(1),rpoB(1),tonB(1)
GCF_035621575.1	Klebsiella pneumoniae	klebsiella	11	gapA(3),infB(3),mdh(1),pgi(1),phoE(1),rpoB(1),tonB(4)
GCF_036287395.1	Klebsiella pneumoniae	klebsiella	11	gapA(3),infB(3),mdh(1),pgi(1),phoE(1),rpoB(1),tonB(4)
GCF_036287585.1	Klebsiella pneumoniae	klebsiella	258	gapA(3),infB(3),mdh(1),pgi(1),phoE(1),rpoB(1),tonB(79)
GCF_037081885.1	Klebsiella michiganensis	klebsiella	-	gapA(~147),infB(-),mdh(-),pgi(-),phoE(-),rpoB(~276),tonB(-)
GCF_036687385.1	Klebsiella pneumoniae	klebsiella	11	gapA(3),infB(3),mdh(1),pgi(1),phoE(1),rpoB(1),tonB(4)
GCF_036687455.1	Klebsiella oxytoca	klebsiella	-	gapA(147),infB(~133),mdh(-),pgi(~171),phoE(-),rpoB(149),tonB(-)
GCF_036452075.1	Klebsiella pneumoniae	klebsiella	147	gapA(3),infB(4),mdh(6),pgi(1),phoE(7),rpoB(4),tonB(38)
GCF_036541145.1	Klebsiella pneumoniae	klebsiella	375	gapA(43),infB(1),mdh(2),pgi(1),phoE(10),rpoB(4),tonB(13)
GCF_036287785.1	Klebsiella pneumoniae	klebsiella	188	gapA(3),infB(1),mdh(1),pgi(3),phoE(4),rpoB(28),tonB(39)
GCF_037099805.1	Klebsiella pneumoniae	klebsiella	11	gapA(3),infB(3),mdh(1),pgi(1),phoE(1),rpoB(1),tonB(4)
GCF_036542225.1	Klebsiella pneumoniae	klebsiella	412	gapA(2),infB(1),mdh(2),pgi(1),phoE(9),rpoB(1),tonB(112)
GCF_036884315.1	Klebsiella pneumoniae	klebsiella	11	gapA(3),infB(3),mdh(1),pgi(1),phoE(1),rpoB(1),tonB(4)
GCF_037024345.1	Klebsiella pneumoniae	klebsiella	231	gapA(2),infB(6),mdh(1),pgi(3),phoE(26),rpoB(1),tonB(77)
GCF_036884455.1	Klebsiella pneumoniae	klebsiella	1540	gapA(2),infB(1),mdh(1),pgi(6),phoE(10),rpoB(1),tonB(62)
GCF_036786095.1	Klebsiella ornithinolytica	klebsiella	-	gapA(146),infB(120),mdh(-),pgi(170),phoE(~282),rpoB(~148),tonB(-)
GCF_036362745.1	Klebsiella pneumoniae	klebsiella	4841	gapA(2),infB(1),mdh(2),pgi(1),phoE(12),rpoB(4),tonB(68)
GCF_036287435.1	Klebsiella pneumoniae	klebsiella	65	gapA(2),infB(1),mdh(2),pgi(1),phoE(10),rpoB(4),tonB(13)
GCF_036598075.1	Klebsiella pneumoniae	klebsiella	11	gapA(3),infB(3),mdh(1),pgi(1),phoE(1),rpoB(1),tonB(4)
GCF_036254055.1	Klebsiella pneumoniae	klebsiella	2237	gapA(1),infB(1),mdh(1),pgi(1),phoE(1),rpoB(46),tonB(1)
GCF_037157685.1	Klebsiella pneumoniae	klebsiella	11	gapA(3),infB(3),mdh(1),pgi(1),phoE(1),rpoB(1),tonB(4)
GCF_036320985.1	Klebsiella pneumoniae	klebsiella	323	gapA(2),infB(1),mdh(1),pgi(1),phoE(9),rpoB(1),tonB(93)
GCF_036599745.1	Klebsiella pneumoniae	klebsiella	11	gapA(3),infB(3),mdh(1),pgi(1),phoE(1),rpoB(1),tonB(4)
GCF_036542205.1	Klebsiella pneumoniae	klebsiella	11	gapA(3),infB(3),mdh(1),pgi(1),phoE(1),rpoB(1),tonB(4)
GCF_036417685.1	Klebsiella pneumoniae	klebsiella	35	gapA(2),infB(1),mdh(2),pgi(1),phoE(10),rpoB(1),tonB(19)
GCF_036542365.1	Klebsiella pneumoniae	klebsiella	23	gapA(2),infB(1),mdh(1),pgi(1),phoE(9),rpoB(4),tonB(12)
GCF_036787225.1	Klebsiella pneumoniae	klebsiella	37	gapA(2),infB(9),mdh(2),pgi(1),phoE(13),rpoB(1),tonB(16)
GCF_035666235.1	Klebsiella pneumoniae	klebsiella	20	gapA(2),infB(3),mdh(1),pgi(1),phoE(4),rpoB(4),tonB(4)
GCF_036549135.1	Klebsiella pneumoniae	klebsiella	23	gapA(2),infB(1),mdh(1),pgi(1),phoE(9),rpoB(4),tonB(12)
GCF_036282765.1	Klebsiella aerogenes	klebsiella	-	gapA(168),infB(~196),mdh(-),pgi(~197),phoE(463),rpoB(~263),tonB(-)
GCF_036687425.1	Klebsiella pneumoniae	klebsiella	17	gapA(2),infB(1),mdh(1),pgi(1),phoE(4),rpoB(4),tonB(4)
GCF_036452015.1	Klebsiella variicola	klebsiella	971	gapA(16),infB(32),mdh(21),pgi(91),phoE(68),rpoB(22),tonB(74)
GCF_037224975.1	Klebsiella quasipneumoniae	klebsiella	6256	gapA(17),infB(19),mdh(28),pgi(20),phoE(113),rpoB(18),tonB(52)
GCF_037024275.1	Klebsiella pneumoniae	klebsiella	231	gapA(2),infB(6),mdh(1),pgi(3),phoE(26),rpoB(1),tonB(77)
GCF_037157715.1	Klebsiella pneumoniae	klebsiella	11	gapA(3),infB(3),mdh(1),pgi(1),phoE(1),rpoB(1),tonB(4)
GCF_036452095.1	Klebsiella pneumoniae	klebsiella	395	gapA(3),infB(1),mdh(2),pgi(4),phoE(1),rpoB(1),tonB(4)
GCF_036452175.1	Klebsiella pneumoniae	klebsiella	3515	gapA(2),infB(1),mdh(247),pgi(1),phoE(4),rpoB(4),tonB(4)
GCF_037023225.1	Klebsiella pneumoniae	klebsiella	11	gapA(3),infB(3),mdh(1),pgi(1),phoE(1),rpoB(1),tonB(4)
GCF_036321465.1	Klebsiella pneumoniae	klebsiella	11	gapA(3),infB(3),mdh(1),pgi(1),phoE(1),rpoB(1),tonB(4)
GCF_036451995.1	Klebsiella pneumoniae	klebsiella	409	gapA(5),infB(1),mdh(11),pgi(1),phoE(7),rpoB(11),tonB(24)
GCF_037126195.1	Klebsiella pneumoniae	klebsiella	15	gapA(1),infB(1),mdh(1),pgi(1),phoE(1),rpoB(1),tonB(1)
GCF_036417415.1	Klebsiella pneumoniae	klebsiella	3688	gapA(10),infB(1),mdh(10),pgi(1),phoE(4),rpoB(8),tonB(43)
GCF_036287765.1	Klebsiella pneumoniae	klebsiella	3181	gapA(3),infB(1),mdh(1),pgi(1),phoE(27),rpoB(5),tonB(428)
GCF_035932355.1	Klebsiella pneumoniae	klebsiella	11	gapA(3),infB(3),mdh(1),pgi(1),phoE(1),rpoB(1),tonB(4)
GCF_037279725.1	Klebsiella pneumoniae	klebsiella	528	gapA(32),infB(5),mdh(1),pgi(1),phoE(9),rpoB(4),tonB(18)
GCF_035658455.1	Klebsiella pneumoniae	klebsiella	1310	gapA(14),infB(1),mdh(2),pgi(1),phoE(21),rpoB(1),tonB(1)
GCF_035658175.1	Klebsiella pneumoniae	klebsiella	20	gapA(2),infB(3),mdh(1),pgi(1),phoE(4),rpoB(4),tonB(4)
GCF_037024385.1	Klebsiella pneumoniae	klebsiella	231	gapA(2),infB(6),mdh(1),pgi(3),phoE(26),rpoB(1),tonB(77)
GCF_036452115.1	Klebsiella pneumoniae	klebsiella	147	gapA(3),infB(4),mdh(6),pgi(1),phoE(7),rpoB(4),tonB(38)
GCF_035658215.1	Klebsiella pneumoniae	klebsiella	383	gapA(2),infB(6),mdh(1),pgi(3),phoE(8),rpoB(1),tonB(18)
GCF_037024245.1	Klebsiella pneumoniae	klebsiella	231	gapA(2),infB(6),mdh(1),pgi(3),phoE(26),rpoB(1),tonB(77)
GCF_037024335.1	Klebsiella pneumoniae	klebsiella	231	gapA(2),infB(6),mdh(1),pgi(3),phoE(26),rpoB(1),tonB(77)
GCF_036287455.1	Klebsiella pneumoniae	klebsiella	65	gapA(2),infB(1),mdh(2),pgi(1),phoE(10),rpoB(4),tonB(13)
GCF_036687405.1	Klebsiella variicola	klebsiella	1563	gapA(16),infB(24),mdh(21),pgi(27),phoE(194),rpoB(33),tonB(259)
GCF_036347675.1	Klebsiella pneumoniae	klebsiella	42	gapA(2),infB(6),mdh(1),pgi(3),phoE(8),rpoB(1),tonB(15)
GCF_037157735.1	Klebsiella pneumoniae	klebsiella	11	gapA(3),infB(3),mdh(1),pgi(1),phoE(1),rpoB(1),tonB(4)
GCF_036287625.1	Klebsiella pneumoniae	klebsiella	258	gapA(3),infB(3),mdh(1),pgi(1),phoE(1),rpoB(1),tonB(79)
GCF_037157725.1	Klebsiella pneumoniae	klebsiella	11	gapA(3),infB(3),mdh(1),pgi(1),phoE(1),rpoB(1),tonB(4)
GCF_037024355.1	Klebsiella pneumoniae	klebsiella	231	gapA(2),infB(6),mdh(1),pgi(3),phoE(26),rpoB(1),tonB(77)
GCF_037024235.1	Klebsiella pneumoniae	klebsiella	231	gapA(2),infB(6),mdh(1),pgi(3),phoE(26),rpoB(1),tonB(77)
GCF_037024325.1	Klebsiella pneumoniae	klebsiella	231	gapA(2),infB(6),mdh(1),pgi(3),phoE(26),rpoB(1),tonB(77)
GCF_036452035.1	Klebsiella pneumoniae	klebsiella	14	gapA(1),infB(6),mdh(1),pgi(1),phoE(1),rpoB(1),tonB(1)
GCF_037253905.1	Klebsiella pneumoniae	klebsiella	11	gapA(3),infB(3),mdh(1),pgi(1),phoE(1),rpoB(1),tonB(4)
GCF_037202015.1	Klebsiella pneumoniae	klebsiella	29	gapA(2),infB(3),mdh(2),pgi(2),phoE(6),rpoB(4),tonB(4)
GCF_036542345.1	Klebsiella pneumoniae	klebsiella	11	gapA(3),infB(3),mdh(1),pgi(1),phoE(1),rpoB(1),tonB(4)
GCF_035658195.1	Klebsiella pneumoniae	klebsiella	846	gapA(2),infB(1),mdh(97),pgi(1),phoE(9),rpoB(4),tonB(13)
GCF_037157695.1	Klebsiella pneumoniae	klebsiella	11	gapA(3),infB(3),mdh(1),pgi(1),phoE(1),rpoB(1),tonB(4)
GCF_037157745.1	Klebsiella pneumoniae	klebsiella	11	gapA(3),infB(3),mdh(1),pgi(1),phoE(1),rpoB(1),tonB(4)
GCF_037251875.1	Klebsiella pneumoniae	klebsiella	11	gapA(3),infB(3),mdh(1),pgi(1),phoE(1),rpoB(1),tonB(4)
GCF_037249905.1	Klebsiella pneumoniae	klebsiella	11	gapA(3),infB(3),mdh(1),pgi(1),phoE(1),rpoB(1),tonB(4)
GCF_037024145.1	Klebsiella pneumoniae	klebsiella	231	gapA(2),infB(6),mdh(1),pgi(3),phoE(26),rpoB(1),tonB(77)
GCF_036967225.1	Klebsiella pneumoniae	klebsiella	11	gapA(3),infB(3),mdh(1),pgi(1),phoE(1),rpoB(1),tonB(4)
GCF_036417615.1	Klebsiella pneumoniae	klebsiella	3688	gapA(10),infB(1),mdh(10),pgi(1),phoE(4),rpoB(8),tonB(43)
GCF_037157705.1	Klebsiella pneumoniae	klebsiella	11	gapA(3),infB(3),mdh(1),pgi(1),phoE(1),rpoB(1),tonB(4)
GCF_036549095.1	Klebsiella pneumoniae	klebsiella	23	gapA(2),infB(1),mdh(1),pgi(1),phoE(9),rpoB(4),tonB(12)
GCF_037094485.1	Klebsiella pneumoniae	klebsiella	11	gapA(3),infB(3),mdh(1),pgi(1),phoE(1),rpoB(1),tonB(4)
GCF_037024855.1	Klebsiella pneumoniae	klebsiella	11	gapA(3),infB(3),mdh(1),pgi(1),phoE(1),rpoB(1),tonB(4)
GCF_035928105.1	Klebsiella pneumoniae	klebsiella	656	gapA(4),infB(4),mdh(1),pgi(1),phoE(7),rpoB(4),tonB(4)
GCF_037287495.1	Klebsiella variicola	klebsiella	3948	gapA(16),infB(24),mdh(30),pgi(270),phoE(90),rpoB(22),tonB(45)
GCF_038592855.1	Klebsiella pneumoniae	klebsiella	23	gapA(2),infB(1),mdh(1),pgi(1),phoE(9),rpoB(4),tonB(12)
GCF_038444095.1	Klebsiella pneumoniae	klebsiella	23	gapA(2),infB(1),mdh(1),pgi(1),phoE(9),rpoB(4),tonB(12)
GCF_037429355.1	Klebsiella aerogenes	klebsiella	-	gapA(361),infB(~196),mdh(-),pgi(~198),phoE(463),rpoB(263),tonB(-)
GCF_037287485.1	Klebsiella quasipneumoniae	klebsiella	6256	gapA(17),infB(19),mdh(28),pgi(20),phoE(113),rpoB(18),tonB(52)
GCF_038380145.1	Klebsiella ornithinolytica	klebsiella	-	gapA(~146),infB(~125),mdh(-),pgi(170),phoE(~282),rpoB(140?),tonB(-)
GCF_037281465.1	Klebsiella pneumoniae	klebsiella	528	gapA(32),infB(5),mdh(1),pgi(1),phoE(9),rpoB(4),tonB(18)
GCF_038442825.1	Klebsiella variicola	klebsiella	6219	gapA(16),infB(24),mdh(21),pgi(31),phoE(92),rpoB(17),tonB(324)
GCF_037283275.1	Klebsiella pneumoniae	klebsiella	6	gapA(2),infB(10),mdh(1),pgi(1),phoE(14),rpoB(3),tonB(20)
GCF_039734745.1	Klebsiella aerogenes	klebsiella	-	gapA(249),infB(197),mdh(-),pgi(300),phoE(464),rpoB(~264),tonB(-)
GCF_037950385.1	Klebsiella quasipneumoniae	klebsiella	4405	gapA(18),infB(22),mdh(26),pgi(16),phoE(171),rpoB(13),tonB(99)
GCF_039604935.1	Klebsiella pneumoniae	klebsiella	7498	gapA(2),infB(1),mdh(1),pgi(1),phoE(9),rpoB(8),tonB(24)
GCF_038418345.1	Klebsiella pneumoniae	klebsiella	45	gapA(2),infB(1),mdh(1),pgi(6),phoE(7),rpoB(1),tonB(12)
GCF_039704325.1	Klebsiella pneumoniae	klebsiella	247	gapA(10),infB(7),mdh(2),pgi(2),phoE(3),rpoB(25),tonB(4)
GCF_039555235.1	Klebsiella pneumoniae	klebsiella	656	gapA(4),infB(4),mdh(1),pgi(1),phoE(7),rpoB(4),tonB(4)
GCF_038430215.1	Klebsiella pneumoniae	klebsiella	11	gapA(3),infB(3),mdh(1),pgi(1),phoE(1),rpoB(1),tonB(4)
GCF_039566115.1	Klebsiella variicola	klebsiella	662	gapA(16),infB(24),mdh(21),pgi(27),phoE(52),rpoB(17),tonB(67)
GCF_039703855.1	Klebsiella pneumoniae	klebsiella	-	gapA(2),infB(3),mdh(2),pgi(26),phoE(1),rpoB(1),tonB(12)
GCF_037282145.1	Klebsiella pneumoniae	klebsiella	6	gapA(2),infB(10),mdh(1),pgi(1),phoE(14),rpoB(3),tonB(20)
GCF_038448985.1	Klebsiella michiganensis	klebsiella	-	gapA(~147),infB(-),mdh(-),pgi(~174),phoE(-),rpoB(~276),tonB(-)
GCF_038445195.1	Klebsiella pneumoniae	klebsiella	23	gapA(2),infB(1),mdh(1),pgi(1),phoE(9),rpoB(4),tonB(12)
GCF_038431215.1	Klebsiella pneumoniae	klebsiella	11	gapA(3),infB(3),mdh(1),pgi(1),phoE(1),rpoB(1),tonB(4)
GCF_038444445.1	Klebsiella pneumoniae	klebsiella	23	gapA(2),infB(1),mdh(1),pgi(1),phoE(9),rpoB(4),tonB(12)
GCF_039545785.1	Klebsiella pneumoniae	klebsiella	11	gapA(3),infB(3),mdh(1),pgi(1),phoE(1),rpoB(1),tonB(4)
GCF_039704295.1	Klebsiella pneumoniae	klebsiella	307	gapA(4),infB(1),mdh(2),pgi(52),phoE(1),rpoB(1),tonB(7)
GCF_039704375.1	Klebsiella pneumoniae	klebsiella	3393	gapA(2),infB(1),mdh(99),pgi(1),phoE(1),rpoB(1),tonB(129)
GCF_037287515.1	Klebsiella pneumoniae	klebsiella	258	gapA(3),infB(3),mdh(1),pgi(1),phoE(1),rpoB(1),tonB(79)
GCF_039653465.1	Klebsiella pneumoniae	klebsiella	437	gapA(3),infB(3),mdh(1),pgi(1),phoE(1),rpoB(1),tonB(31)
GCF_039721945.1	Klebsiella quasipneumoniae	klebsiella	367	gapA(18),infB(15),mdh(26),pgi(16),phoE(11),rpoB(13),tonB(106)
GCF_038674545.1	Klebsiella pneumoniae	klebsiella	23	gapA(2),infB(1),mdh(1),pgi(1),phoE(9),rpoB(4),tonB(12)
GCF_039653445.1	Klebsiella pneumoniae	klebsiella	2217	gapA(2),infB(1),mdh(2),pgi(3),phoE(26),rpoB(4),tonB(25)
GCF_037966485.2	Klebsiella pneumoniae	klebsiella	629	gapA(2),infB(3),mdh(87),pgi(1),phoE(12),rpoB(1),tonB(26)
GCF_038686745.1	Klebsiella pneumoniae	klebsiella	86	gapA(9),infB(4),mdh(2),pgi(1),phoE(1),rpoB(1),tonB(27)
GCF_038430125.1	Klebsiella pneumoniae	klebsiella	11	gapA(3),infB(3),mdh(1),pgi(1),phoE(1),rpoB(1),tonB(4)
GCF_037329525.1	Klebsiella pneumoniae	klebsiella	11	gapA(3),infB(3),mdh(1),pgi(1),phoE(1),rpoB(1),tonB(4)
GCF_037920605.1	Klebsiella pneumoniae	klebsiella	309	gapA(2),infB(9),mdh(2),pgi(1),phoE(13),rpoB(1),tonB(10)
GCF_039653425.1	Klebsiella pneumoniae	klebsiella	15	gapA(1),infB(1),mdh(1),pgi(1),phoE(1),rpoB(1),tonB(1)
GCF_038689005.1	Klebsiella pneumoniae	klebsiella	29	gapA(2),infB(3),mdh(2),pgi(2),phoE(6),rpoB(4),tonB(4)
GCF_039722655.1	Klebsiella pneumoniae	klebsiella	1049	gapA(2),infB(3),mdh(4),pgi(97),phoE(12),rpoB(1),tonB(39)
GCF_038430465.1	Klebsiella pneumoniae	klebsiella	11	gapA(3),infB(3),mdh(1),pgi(1),phoE(1),rpoB(1),tonB(4)
GCF_038630195.1	Klebsiella pneumoniae	klebsiella	45	gapA(2),infB(1),mdh(1),pgi(6),phoE(7),rpoB(1),tonB(12)
GCF_037968335.2	Klebsiella pneumoniae	klebsiella	485	gapA(2),infB(1),mdh(1),pgi(1),phoE(7),rpoB(1),tonB(12)
GCF_038627175.1	Klebsiella pneumoniae	klebsiella	45	gapA(2),infB(1),mdh(1),pgi(6),phoE(7),rpoB(1),tonB(12)
GCF_039720155.1	Klebsiella pneumoniae	klebsiella	7477	gapA(2),infB(52),mdh(2),pgi(1),phoE(7),rpoB(1),tonB(212)
GCF_038691155.1	Klebsiella pneumoniae	klebsiella	23	gapA(2),infB(1),mdh(1),pgi(1),phoE(9),rpoB(4),tonB(12)
GCF_039519865.1	Klebsiella pneumoniae	klebsiella	11	gapA(3),infB(3),mdh(1),pgi(1),phoE(1),rpoB(1),tonB(4)
GCF_037287575.1	Klebsiella pneumoniae	klebsiella	36	gapA(2),infB(1),mdh(2),pgi(1),phoE(7),rpoB(1),tonB(7)
GCF_039720415.1	Klebsiella pneumoniae	klebsiella	1229	gapA(4),infB(1),mdh(1),pgi(1),phoE(20),rpoB(1),tonB(218)
GCF_037890715.1	Klebsiella pneumoniae	klebsiella	133	gapA(12),infB(1),mdh(1),pgi(2),phoE(5),rpoB(1),tonB(36)
GCF_038098595.1	Klebsiella pneumoniae	klebsiella	6758	gapA(2),infB(1),mdh(1),pgi(1),phoE(2),rpoB(4),tonB(174)
GCF_039720385.1	Klebsiella pneumoniae	klebsiella	373	gapA(9),infB(4),mdh(2),pgi(26),phoE(1),rpoB(1),tonB(27)
GCF_039520115.1	Klebsiella pneumoniae	klebsiella	11	gapA(3),infB(3),mdh(1),pgi(1),phoE(1),rpoB(1),tonB(4)
GCF_037289385.1	Klebsiella pneumoniae	klebsiella	36	gapA(2),infB(1),mdh(2),pgi(1),phoE(7),rpoB(1),tonB(7)
GCF_039566125.1	Klebsiella pneumoniae	klebsiella	485	gapA(2),infB(1),mdh(1),pgi(1),phoE(7),rpoB(1),tonB(12)
GCF_038430245.1	Klebsiella pneumoniae	klebsiella	11	gapA(3),infB(3),mdh(1),pgi(1),phoE(1),rpoB(1),tonB(4)
GCF_038418385.1	Klebsiella pneumoniae	klebsiella	147	gapA(3),infB(4),mdh(6),pgi(1),phoE(7),rpoB(4),tonB(38)
GCF_037478015.1	Klebsiella pneumoniae	klebsiella	65	gapA(2),infB(1),mdh(2),pgi(1),phoE(10),rpoB(4),tonB(13)
GCF_038430715.1	Klebsiella quasipneumoniae	klebsiella	526	gapA(38),infB(19),mdh(53),pgi(58),phoE(73),rpoB(21),tonB(130)
GCF_039725435.1	Klebsiella pneumoniae	klebsiella	37	gapA(2),infB(9),mdh(2),pgi(1),phoE(13),rpoB(1),tonB(16)
GCF_039721295.1	Klebsiella pneumoniae	klebsiella	661	gapA(4),infB(3),mdh(1),pgi(36),phoE(9),rpoB(10),tonB(14)
GCF_038418325.1	Klebsiella pneumoniae	klebsiella	45	gapA(2),infB(1),mdh(1),pgi(6),phoE(7),rpoB(1),tonB(12)
GCF_039519595.1	Klebsiella planticola	klebsiella	-	gapA(~140),infB(~120),mdh(-),pgi(170?),phoE(~282),rpoB(~140),tonB(-)
GCF_037477735.1	Klebsiella pneumoniae	klebsiella	395	gapA(3),infB(1),mdh(2),pgi(4),phoE(1),rpoB(1),tonB(4)
GCF_039519935.1	Klebsiella pneumoniae	klebsiella	11	gapA(3),infB(3),mdh(1),pgi(1),phoE(1),rpoB(1),tonB(4)
GCF_039727585.1	Klebsiella pneumoniae	klebsiella	-	gapA(2),infB(3),mdh(1),pgi(47),phoE(16),rpoB(8),tonB(13)
GCF_039704535.1	Klebsiella pneumoniae	klebsiella	309	gapA(2),infB(9),mdh(2),pgi(1),phoE(13),rpoB(1),tonB(10)
GCF_039518015.1	Klebsiella pneumoniae	klebsiella	11	gapA(3),infB(3),mdh(1),pgi(1),phoE(1),rpoB(1),tonB(4)
GCF_039515985.1	Klebsiella pneumoniae	klebsiella	15	gapA(1),infB(1),mdh(1),pgi(1),phoE(1),rpoB(1),tonB(1)
GCF_039545775.1	Klebsiella variicola	klebsiella	595	gapA(16),infB(24),mdh(21),pgi(27),phoE(55),rpoB(22),tonB(67)
GCF_039605015.1	Klebsiella oxytoca	klebsiella	-	gapA(147),infB(~133),mdh(-),pgi(~174),phoE(-),rpoB(149),tonB(-)
GCF_037477835.1	Klebsiella pneumoniae	klebsiella	395	gapA(3),infB(1),mdh(2),pgi(4),phoE(1),rpoB(1),tonB(4)
GCF_038684765.1	Klebsiella pneumoniae	klebsiella	1544	gapA(2),infB(93),mdh(65),pgi(2),phoE(5),rpoB(1),tonB(36)
GCF_039703805.1	Klebsiella pneumoniae	klebsiella	592	gapA(2),infB(3),mdh(6),pgi(1),phoE(9),rpoB(4),tonB(13)
GCF_037477765.1	Klebsiella pneumoniae	klebsiella	395	gapA(3),infB(1),mdh(2),pgi(4),phoE(1),rpoB(1),tonB(4)
GCF_039520935.1	Klebsiella pneumoniae	klebsiella	11	gapA(3),infB(3),mdh(1),pgi(1),phoE(1),rpoB(1),tonB(4)
GCF_039703985.1	Klebsiella pneumoniae	klebsiella	1534	gapA(97),infB(1),mdh(1),pgi(1),phoE(9),rpoB(4),tonB(260)
GCF_039520285.1	Klebsiella pneumoniae	klebsiella	11	gapA(3),infB(3),mdh(1),pgi(1),phoE(1),rpoB(1),tonB(4)
GCF_037477845.1	Klebsiella pneumoniae	klebsiella	395	gapA(3),infB(1),mdh(2),pgi(4),phoE(1),rpoB(1),tonB(4)
GCF_037477825.1	Klebsiella pneumoniae	klebsiella	395	gapA(3),infB(1),mdh(2),pgi(4),phoE(1),rpoB(1),tonB(4)
GCF_037477805.1	Klebsiella pneumoniae	klebsiella	17	gapA(2),infB(1),mdh(1),pgi(1),phoE(4),rpoB(4),tonB(4)
GCF_037477855.1	Klebsiella pneumoniae	klebsiella	395	gapA(3),infB(1),mdh(2),pgi(4),phoE(1),rpoB(1),tonB(4)
GCF_039134825.1	Klebsiella pneumoniae	klebsiella	65	gapA(2),infB(1),mdh(2),pgi(1),phoE(10),rpoB(4),tonB(13)
GCF_038447555.1	Klebsiella pneumoniae	klebsiella	716	gapA(71),infB(1),mdh(1),pgi(2),phoE(16),rpoB(4),tonB(164)
GCF_037477815.1	Klebsiella pneumoniae	klebsiella	395	gapA(3),infB(1),mdh(2),pgi(4),phoE(1),rpoB(1),tonB(4)
GCF_037477795.1	Klebsiella pneumoniae	klebsiella	395	gapA(3),infB(1),mdh(2),pgi(4),phoE(1),rpoB(1),tonB(4)
GCF_039515315.1	Klebsiella pneumoniae	klebsiella	11	gapA(3),infB(3),mdh(1),pgi(1),phoE(1),rpoB(1),tonB(4)
GCF_037477785.1	Klebsiella pneumoniae	klebsiella	23	gapA(2),infB(1),mdh(1),pgi(1),phoE(9),rpoB(4),tonB(12)
GCF_038981815.1	Klebsiella pneumoniae	klebsiella	11	gapA(3),infB(3),mdh(1),pgi(1),phoE(1),rpoB(1),tonB(4)
GCF_037477755.1	Klebsiella pneumoniae	klebsiella	395	gapA(3),infB(1),mdh(2),pgi(4),phoE(1),rpoB(1),tonB(4)
GCF_039723445.1	Klebsiella pneumoniae	klebsiella	-	gapA(4),infB(1),mdh(1),pgi(35),phoE(7),rpoB(8),tonB(13)
GCF_038979805.1	Klebsiella pneumoniae	klebsiella	11	gapA(3),infB(3),mdh(1),pgi(1),phoE(1),rpoB(1),tonB(4)
GCF_038977565.1	Klebsiella pneumoniae	klebsiella	11	gapA(3),infB(3),mdh(1),pgi(1),phoE(1),rpoB(1),tonB(4)
GCF_037477725.1	Klebsiella pneumoniae	klebsiella	39	gapA(2),infB(1),mdh(2),pgi(4),phoE(9),rpoB(1),tonB(14)
GCF_038178705.1	Klebsiella variicola	klebsiella	1423	gapA(16),infB(24),mdh(21),pgi(41),phoE(47),rpoB(22),tonB(103)
GCF_037477745.1	Klebsiella pneumoniae	klebsiella	147	gapA(3),infB(4),mdh(6),pgi(1),phoE(7),rpoB(4),tonB(38)
GCF_039520045.1	Klebsiella pneumoniae	klebsiella	11	gapA(3),infB(3),mdh(1),pgi(1),phoE(1),rpoB(1),tonB(4)
GCF_039555645.1	Klebsiella pneumoniae	klebsiella	11	gapA(3),infB(3),mdh(1),pgi(1),phoE(1),rpoB(1),tonB(4)
GCF_039545765.1	Klebsiella pneumoniae	klebsiella	11	gapA(3),infB(3),mdh(1),pgi(1),phoE(1),rpoB(1),tonB(4)
GCF_039705005.1	Klebsiella pneumoniae	klebsiella	2167	gapA(2),infB(9),mdh(2),pgi(1),phoE(13),rpoB(1),tonB(35)
GCF_039519055.1	Klebsiella pneumoniae	klebsiella	11	gapA(3),infB(3),mdh(1),pgi(1),phoE(1),rpoB(1),tonB(4)
GCF_041003495.1	Klebsiella pneumoniae	klebsiella	231	gapA(2),infB(6),mdh(1),pgi(3),phoE(26),rpoB(1),tonB(77)
GCF_040029785.2	Klebsiella pneumoniae	klebsiella	485	gapA(2),infB(1),mdh(1),pgi(1),phoE(7),rpoB(1),tonB(12)
GCF_040735625.1	Klebsiella quasipneumoniae	klebsiella	-	gapA(18),infB(22),mdh(26),pgi(~22),phoE(25),rpoB(13),tonB(51)
GCF_040029055.1	Klebsiella pneumoniae	klebsiella	485	gapA(2),infB(1),mdh(1),pgi(1),phoE(7),rpoB(1),tonB(12)
GCF_040436505.1	Klebsiella quasipneumoniae	klebsiella	3387	gapA(18),infB(22),mdh(74),pgi(70),phoE(11),rpoB(69),tonB(99)
GCF_041002845.1	Klebsiella planticola	klebsiella	-	gapA(~146),infB(~120),mdh(-),pgi(170?),phoE(~282),rpoB(~140),tonB(-)
GCF_040763125.1	Klebsiella pneumoniae	klebsiella	1427	gapA(2),infB(1),mdh(10),pgi(1),phoE(9),rpoB(1),tonB(21)
GCF_040436555.1	Klebsiella pneumoniae	klebsiella	39	gapA(2),infB(1),mdh(2),pgi(4),phoE(9),rpoB(1),tonB(14)
GCF_040550565.1	Klebsiella quasipneumoniae	klebsiella	1215	gapA(18),infB(22),mdh(64),pgi(22),phoE(174),rpoB(13),tonB(213)
GCF_041014805.1	Klebsiella quasipneumoniae	klebsiella	4834	gapA(42),infB(22),mdh(26),pgi(22),phoE(314),rpoB(13),tonB(51)
GCF_041116645.1	Klebsiella pneumoniae	klebsiella	-	gapA(63),infB(1),mdh(1),pgi(1),phoE(~9),rpoB(4),tonB(12)
GCF_040804525.1	Klebsiella sp.	klebsiella	25	gapA(2),infB(1),mdh(1),pgi(1),phoE(10),rpoB(4),tonB(13)
GCF_041075275.1	Klebsiella quasipneumoniae	klebsiella	4755	gapA(17),infB(19),mdh(156),pgi(39),phoE(122),rpoB(21),tonB(377)
GCF_040267715.1	Klebsiella oxytoca	klebsiella	-	gapA(147),infB(126),mdh(-),pgi(171),phoE(-),rpoB(149),tonB(-)
GCF_041002795.1	Klebsiella planticola	klebsiella	-	gapA(~146),infB(~120),mdh(-),pgi(170?),phoE(~282),rpoB(~140),tonB(-)
GCF_040703135.1	Klebsiella pneumoniae	klebsiella	105	gapA(2),infB(3),mdh(2),pgi(1),phoE(1),rpoB(4),tonB(18)
GCF_040616425.1	Klebsiella pneumoniae	klebsiella	11	gapA(3),infB(3),mdh(1),pgi(1),phoE(1),rpoB(1),tonB(4)
GCF_040550655.1	Klebsiella pneumoniae	klebsiella	882	gapA(2),infB(1),mdh(1),pgi(37),phoE(1),rpoB(27),tonB(19)
GCF_040703095.1	Klebsiella pneumoniae	klebsiella	23	gapA(2),infB(1),mdh(1),pgi(1),phoE(9),rpoB(4),tonB(12)
GCF_041200215.1	Klebsiella pneumoniae	klebsiella	11	gapA(3),infB(3),mdh(1),pgi(1),phoE(1),rpoB(1),tonB(4)
GCF_040983925.2	Klebsiella pneumoniae	klebsiella	252	gapA(2),infB(5),mdh(1),pgi(1),phoE(9),rpoB(1),tonB(6)
GCF_039734785.1	Klebsiella pneumoniae	klebsiella	147	gapA(3),infB(4),mdh(6),pgi(1),phoE(7),rpoB(4),tonB(38)
GCF_040215115.1	Klebsiella michiganensis	klebsiella	-	gapA(~147),infB(126?),mdh(-),pgi(-),phoE(-),rpoB(~276),tonB(-)
GCF_040283595.2	Klebsiella pneumoniae	klebsiella	11	gapA(3),infB(3),mdh(1),pgi(1),phoE(1),rpoB(1),tonB(4)
GCF_040983885.2	Klebsiella pneumoniae	klebsiella	252	gapA(2),infB(5),mdh(1),pgi(1),phoE(9),rpoB(1),tonB(6)
GCF_041002895.1	Klebsiella ornithinolytica	klebsiella	-	gapA(~146),infB(~120),mdh(-),pgi(170?),phoE(~282),rpoB(~140),tonB(-)
GCF_040550165.1	Klebsiella pneumoniae	klebsiella	882	gapA(2),infB(1),mdh(1),pgi(37),phoE(1),rpoB(27),tonB(19)
GCF_040939565.1	Klebsiella pneumoniae	klebsiella	231	gapA(2),infB(6),mdh(1),pgi(3),phoE(26),rpoB(1),tonB(77)
GCF_040105165.1	Klebsiella pneumoniae	klebsiella	2004	gapA(4),infB(1),mdh(2),pgi(1),phoE(1),rpoB(114),tonB(4)
GCF_040436535.1	Klebsiella variicola	klebsiella	3953	gapA(16),infB(18),mdh(21),pgi(27),phoE(54),rpoB(17),tonB(146)
GCF_040803885.1	Klebsiella pneumoniae	klebsiella	15	gapA(1),infB(1),mdh(1),pgi(1),phoE(1),rpoB(1),tonB(1)
GCF_040763085.1	Klebsiella pneumoniae	klebsiella	1427	gapA(2),infB(1),mdh(10),pgi(1),phoE(9),rpoB(1),tonB(21)
GCF_040763065.1	Klebsiella pneumoniae	klebsiella	11	gapA(3),infB(3),mdh(1),pgi(1),phoE(1),rpoB(1),tonB(4)
GCF_040931645.1	Klebsiella pneumoniae	klebsiella	15	gapA(1),infB(1),mdh(1),pgi(1),phoE(1),rpoB(1),tonB(1)
GCF_040550265.1	Klebsiella pneumoniae	klebsiella	-	gapA(2),infB(1),mdh(244),pgi(4),phoE(9),rpoB(443),tonB(38)
GCF_040047705.1	Klebsiella pneumoniae	klebsiella	15	gapA(1),infB(1),mdh(1),pgi(1),phoE(1),rpoB(1),tonB(1)
GCF_041004185.1	Klebsiella pneumoniae	klebsiella	7127	gapA(3),infB(4),mdh(6),pgi(431),phoE(9),rpoB(4),tonB(38)
GCF_040256655.1	Klebsiella pneumoniae	klebsiella	307	gapA(4),infB(1),mdh(2),pgi(52),phoE(1),rpoB(1),tonB(7)
GCF_040282925.1	Klebsiella pneumoniae	klebsiella	11	gapA(3),infB(3),mdh(1),pgi(1),phoE(1),rpoB(1),tonB(4)
GCF_039734825.1	Klebsiella pneumoniae	klebsiella	147	gapA(3),infB(4),mdh(6),pgi(1),phoE(7),rpoB(4),tonB(38)
GCF_040930385.1	Klebsiella variicola	klebsiella	-	gapA(16),infB(18),mdh(21),pgi(27),phoE(42),rpoB(~17),tonB(146)
GCF_040438255.1	Klebsiella pneumoniae	klebsiella	23	gapA(2),infB(1),mdh(1),pgi(1),phoE(9),rpoB(4),tonB(12)
GCF_040763075.1	Klebsiella pneumoniae	klebsiella	11	gapA(3),infB(3),mdh(1),pgi(1),phoE(1),rpoB(1),tonB(4)
GCF_040616415.1	Klebsiella pneumoniae	klebsiella	23	gapA(2),infB(1),mdh(1),pgi(1),phoE(9),rpoB(4),tonB(12)
GCF_040282295.1	Klebsiella pneumoniae	klebsiella	11	gapA(3),infB(3),mdh(1),pgi(1),phoE(1),rpoB(1),tonB(4)
GCF_041003735.1	Klebsiella pasteurii	klebsiella	-	gapA(~147),infB(-),mdh(-),pgi(-),phoE(-),rpoB(148?),tonB(-)
GCF_040763115.1	Klebsiella pneumoniae	klebsiella	1427	gapA(2),infB(1),mdh(10),pgi(1),phoE(9),rpoB(1),tonB(21)
GCF_040784875.1	Klebsiella pneumoniae	klebsiella	11	gapA(3),infB(3),mdh(1),pgi(1),phoE(1),rpoB(1),tonB(4)
GCF_041003725.1	Klebsiella pasteurii	klebsiella	-	gapA(~147),infB(-),mdh(-),pgi(-),phoE(-),rpoB(148?),tonB(-)
GCF_040438085.1	Klebsiella pneumoniae	klebsiella	23	gapA(2),infB(1),mdh(1),pgi(1),phoE(9),rpoB(4),tonB(12)
GCF_041006055.1	Klebsiella pneumoniae	klebsiella	442	gapA(10),infB(20),mdh(2),pgi(1),phoE(9),rpoB(11),tonB(14)
GCF_041004035.1	Klebsiella quasipneumoniae	klebsiella	-	gapA(304),infB(19),mdh(431),pgi(39),phoE(150),rpoB(21),tonB(162)
GCF_040436295.1	Klebsiella pneumoniae	klebsiella	11	gapA(3),infB(3),mdh(1),pgi(1),phoE(1),rpoB(1),tonB(4)
GCF_040047695.1	Klebsiella pneumoniae	klebsiella	11	gapA(3),infB(3),mdh(1),pgi(1),phoE(1),rpoB(1),tonB(4)
GCF_040893155.1	Klebsiella variicola	klebsiella	1098	gapA(16),infB(18),mdh(21),pgi(27),phoE(146),rpoB(17),tonB(201)
GCF_040687775.1	Klebsiella pneumoniae	klebsiella	1886	gapA(2),infB(5),mdh(118),pgi(1),phoE(10),rpoB(1),tonB(13)
GCF_040436885.1	Klebsiella pneumoniae	klebsiella	1653	gapA(4),infB(3),mdh(2),pgi(3),phoE(13),rpoB(1),tonB(9)
GCF_041004025.1	Klebsiella quasipneumoniae	klebsiella	-	gapA(304),infB(19),mdh(431),pgi(39),phoE(150),rpoB(21),tonB(162)
GCF_040518045.1	Klebsiella pneumoniae	klebsiella	6417	gapA(2),infB(1),mdh(1),pgi(1),phoE(9),rpoB(4),tonB(893)
GCF_040436715.1	Klebsiella pneumoniae	klebsiella	23	gapA(2),infB(1),mdh(1),pgi(1),phoE(9),rpoB(4),tonB(12)
GCF_040687765.1	Klebsiella pneumoniae	klebsiella	1886	gapA(2),infB(5),mdh(118),pgi(1),phoE(10),rpoB(1),tonB(13)
GCF_040687785.1	Klebsiella pneumoniae	klebsiella	20	gapA(2),infB(3),mdh(1),pgi(1),phoE(4),rpoB(4),tonB(4)
GCF_040436695.1	Klebsiella pneumoniae	klebsiella	23	gapA(2),infB(1),mdh(1),pgi(1),phoE(9),rpoB(4),tonB(12)
GCF_040529165.1	Klebsiella pneumoniae	klebsiella	258	gapA(3),infB(3),mdh(1),pgi(1),phoE(1),rpoB(1),tonB(79)
GCF_040703115.1	Klebsiella pneumoniae	klebsiella	442	gapA(10),infB(20),mdh(2),pgi(1),phoE(9),rpoB(11),tonB(14)
GCF_040031875.1	Klebsiella pneumoniae	klebsiella	15	gapA(1),infB(1),mdh(1),pgi(1),phoE(1),rpoB(1),tonB(1)
GCF_041154685.1	Klebsiella pasteurii	klebsiella	-	gapA(~147),infB(-),mdh(-),pgi(-),phoE(-),rpoB(148?),tonB(-)
GCF_040687995.1	Klebsiella pneumoniae	klebsiella	258	gapA(3),infB(3),mdh(1),pgi(1),phoE(1),rpoB(1),tonB(79)
GCF_041004435.1	Klebsiella pneumoniae	klebsiella	37	gapA(2),infB(9),mdh(2),pgi(1),phoE(13),rpoB(1),tonB(16)
GCF_040436055.1	Klebsiella pneumoniae	klebsiella	716	gapA(71),infB(1),mdh(1),pgi(2),phoE(16),rpoB(4),tonB(164)
GCF_040571315.1	Klebsiella pneumoniae	klebsiella	11	gapA(3),infB(3),mdh(1),pgi(1),phoE(1),rpoB(1),tonB(4)
GCF_041026645.1	Klebsiella pneumoniae	klebsiella	24	gapA(2),infB(1),mdh(1),pgi(1),phoE(3),rpoB(4),tonB(2)
GCF_041003805.1	Klebsiella pneumoniae	klebsiella	107	gapA(2),infB(1),mdh(2),pgi(17),phoE(27),rpoB(1),tonB(39)
GCF_040084815.1	Klebsiella pneumoniae	klebsiella	1271	gapA(2),infB(3),mdh(2),pgi(2),phoE(4),rpoB(4),tonB(4)
GCF_040939675.1	Klebsiella pneumoniae	klebsiella	231	gapA(2),infB(6),mdh(1),pgi(3),phoE(26),rpoB(1),tonB(77)
GCF_040687745.1	Klebsiella pneumoniae	klebsiella	1380	gapA(2),infB(3),mdh(1),pgi(1),phoE(9),rpoB(10),tonB(4)
GCF_041022075.1	Klebsiella pneumoniae	klebsiella	11	gapA(3),infB(3),mdh(1),pgi(1),phoE(1),rpoB(1),tonB(4)
GCF_040687755.1	Klebsiella pneumoniae	klebsiella	4924	gapA(3),infB(1),mdh(2),pgi(1),phoE(1),rpoB(4),tonB(91)
GCF_040256665.1	Klebsiella pneumoniae	klebsiella	11	gapA(3),infB(3),mdh(1),pgi(1),phoE(1),rpoB(1),tonB(4)
GCF_041081805.1	Klebsiella pneumoniae	klebsiella	37	gapA(2),infB(9),mdh(2),pgi(1),phoE(13),rpoB(1),tonB(16)
GCF_041022085.1	Klebsiella pneumoniae	klebsiella	11	gapA(3),infB(3),mdh(1),pgi(1),phoE(1),rpoB(1),tonB(4)
GCF_040436045.1	Klebsiella pneumoniae	klebsiella	11	gapA(3),infB(3),mdh(1),pgi(1),phoE(1),rpoB(1),tonB(4)
GCF_041006285.1	Klebsiella pneumoniae	klebsiella	11	gapA(3),infB(3),mdh(1),pgi(1),phoE(1),rpoB(1),tonB(4)
GCF_041022065.1	Klebsiella pneumoniae	klebsiella	11	gapA(3),infB(3),mdh(1),pgi(1),phoE(1),rpoB(1),tonB(4)
GCF_041022095.1	Klebsiella pneumoniae	klebsiella	11	gapA(3),infB(3),mdh(1),pgi(1),phoE(1),rpoB(1),tonB(4)
GCF_041026665.1	Klebsiella pneumoniae	klebsiella	258	gapA(3),infB(3),mdh(1),pgi(1),phoE(1),rpoB(1),tonB(79)
GCF_040256755.1	Klebsiella pneumoniae	klebsiella	11	gapA(3),infB(3),mdh(1),pgi(1),phoE(1),rpoB(1),tonB(4)
GCF_041003655.1	Klebsiella pneumoniae	klebsiella	147	gapA(3),infB(4),mdh(6),pgi(1),phoE(7),rpoB(4),tonB(38)
GCF_040571345.1	Klebsiella michiganensis	klebsiella	-	gapA(~147),infB(-),mdh(-),pgi(~174),phoE(-),rpoB(~276),tonB(-)
GCF_040735615.1	Klebsiella pneumoniae	klebsiella	2534	gapA(3),infB(1),mdh(1),pgi(1),phoE(3),rpoB(3),tonB(23)
GCF_040250275.1	Klebsiella pneumoniae	klebsiella	35	gapA(2),infB(1),mdh(2),pgi(1),phoE(10),rpoB(1),tonB(19)
GCF_041004885.1	Klebsiella pneumoniae	klebsiella	11	gapA(3),infB(3),mdh(1),pgi(1),phoE(1),rpoB(1),tonB(4)
GCF_041081935.1	Klebsiella pneumoniae	klebsiella	65	gapA(2),infB(1),mdh(2),pgi(1),phoE(10),rpoB(4),tonB(13)
GCF_040498885.1	Klebsiella pneumoniae	klebsiella	4110	gapA(2),infB(5),mdh(2),pgi(1),phoE(1),rpoB(4),tonB(2)
GCF_041022055.1	Klebsiella pneumoniae	klebsiella	11	gapA(3),infB(3),mdh(1),pgi(1),phoE(1),rpoB(1),tonB(4)
GCF_041022035.1	Klebsiella pneumoniae	klebsiella	11	gapA(3),infB(3),mdh(1),pgi(1),phoE(1),rpoB(1),tonB(4)
GCF_041022025.1	Klebsiella pneumoniae	klebsiella	11	gapA(3),infB(3),mdh(1),pgi(1),phoE(1),rpoB(1),tonB(4)
GCF_040894335.1	Klebsiella pneumoniae	klebsiella	258	gapA(3),infB(3),mdh(1),pgi(1),phoE(1),rpoB(1),tonB(79)
GCF_041022045.1	Klebsiella pneumoniae	klebsiella	11	gapA(3),infB(3),mdh(1),pgi(1),phoE(1),rpoB(1),tonB(4)
GCF_040687985.1	Klebsiella pneumoniae	klebsiella	258	gapA(3),infB(3),mdh(1),pgi(1),phoE(1),rpoB(1),tonB(79)
GCF_041282635.1	Klebsiella aerogenes	klebsiella	-	gapA(~361),infB(~196),mdh(-),pgi(~198),phoE(~463),rpoB(263),tonB(-)
GCF_041282745.1	Klebsiella michiganensis	klebsiella	-	gapA(~147),infB(-),mdh(-),pgi(-),phoE(-),rpoB(~276),tonB(-)
GCF_041283525.1	Klebsiella pneumoniae	klebsiella	5621	gapA(2),infB(3),mdh(6),pgi(1),phoE(9),rpoB(102),tonB(13)
GCF_041379785.1	Klebsiella pneumoniae	klebsiella	65	gapA(2),infB(1),mdh(2),pgi(1),phoE(10),rpoB(4),tonB(13)
GCF_041200245.2	Klebsiella pneumoniae	klebsiella	23	gapA(2),infB(1),mdh(1),pgi(1),phoE(9),rpoB(4),tonB(12)
GCF_041834295.1	Klebsiella variicola	klebsiella	596	gapA(16),infB(24),mdh(21),pgi(27),phoE(41),rpoB(22),tonB(67)
GCF_041283495.1	Klebsiella michiganensis	klebsiella	-	gapA(~147),infB(-),mdh(-),pgi(~174),phoE(-),rpoB(~276),tonB(-)
GCF_041222775.1	Klebsiella pneumoniae	klebsiella	412	gapA(2),infB(1),mdh(2),pgi(1),phoE(9),rpoB(1),tonB(112)
GCF_041200255.1	Klebsiella pneumoniae	klebsiella	-	gapA(2),infB(3),mdh(6),pgi(1),phoE(9),rpoB(102),tonB(~13)
GCF_041753685.1	Klebsiella variicola	klebsiella	475	gapA(16),infB(24),mdh(21),pgi(27),phoE(47),rpoB(22),tonB(124)
GCF_041283295.1	Klebsiella aerogenes	klebsiella	-	gapA(361),infB(~196),mdh(-),pgi(~198),phoE(~463),rpoB(263),tonB(-)
GCF_041200225.2	Klebsiella pneumoniae	klebsiella	23	gapA(2),infB(1),mdh(1),pgi(1),phoE(9),rpoB(4),tonB(12)
GCF_041346915.1	Klebsiella pneumoniae	klebsiella	20	gapA(2),infB(3),mdh(1),pgi(1),phoE(4),rpoB(4),tonB(4)
GCF_041765335.1	Klebsiella variicola	klebsiella	5860	gapA(16),infB(24),mdh(442),pgi(27),phoE(41),rpoB(22),tonB(67)
GCF_041834285.1	Klebsiella variicola	klebsiella	1845	gapA(16),infB(24),mdh(36),pgi(27),phoE(47),rpoB(22),tonB(67)
GCF_041283405.1	Klebsiella michiganensis	klebsiella	-	gapA(~147),infB(126?),mdh(-),pgi(-),phoE(-),rpoB(~276),tonB(-)
GCF_041281675.1	Klebsiella pneumoniae	klebsiella	1049	gapA(2),infB(3),mdh(4),pgi(97),phoE(12),rpoB(1),tonB(39)
GCF_041283475.1	Klebsiella pasteurii	klebsiella	-	gapA(~147),infB(-),mdh(-),pgi(-),phoE(-),rpoB(148?),tonB(-)
GCF_041379735.1	Klebsiella aerogenes	klebsiella	-	gapA(249),infB(197),mdh(-),pgi(300),phoE(464),rpoB(~264),tonB(-)
GCF_041318315.1	Klebsiella aerogenes	klebsiella	-	gapA(168),infB(~196),mdh(-),pgi(197),phoE(~464),rpoB(263),tonB(-)
GCF_041283355.1	Klebsiella michiganensis	klebsiella	-	gapA(~147),infB(126?),mdh(-),pgi(-),phoE(-),rpoB(~276),tonB(-)
GCF_041515505.2	Klebsiella pneumoniae	klebsiella	23	gapA(2),infB(1),mdh(1),pgi(1),phoE(9),rpoB(4),tonB(12)
GCF_041283585.1	Klebsiella pneumoniae	klebsiella	893	gapA(25),infB(1),mdh(101),pgi(1),phoE(10),rpoB(1),tonB(100)
GCF_041765355.1	Klebsiella variicola	klebsiella	1456	gapA(16),infB(18),mdh(42),pgi(27),phoE(55),rpoB(22),tonB(241)
GCF_041530375.1	Klebsiella pneumoniae	klebsiella	628	gapA(2),infB(60),mdh(11),pgi(1),phoE(4),rpoB(8),tonB(24)
GCF_041296515.1	Klebsiella pneumoniae	klebsiella	15	gapA(1),infB(1),mdh(1),pgi(1),phoE(1),rpoB(1),tonB(1)
GCF_041283545.1	Klebsiella pneumoniae	klebsiella	11	gapA(3),infB(3),mdh(1),pgi(1),phoE(1),rpoB(1),tonB(4)
GCF_041816245.1	Klebsiella variicola	klebsiella	641	gapA(16),infB(18),mdh(21),pgi(27),phoE(39),rpoB(22),tonB(67)
GCF_041283395.1	Klebsiella michiganensis	klebsiella	-	gapA(~147),infB(126?),mdh(-),pgi(-),phoE(-),rpoB(~276),tonB(-)
GCF_041200235.1	Klebsiella pneumoniae	klebsiella	25	gapA(2),infB(1),mdh(1),pgi(1),phoE(10),rpoB(4),tonB(13)
GCF_041725755.1	Klebsiella ornithinolytica	klebsiella	-	gapA(146),infB(120),mdh(-),pgi(165),phoE(~282),rpoB(148),tonB(-)
GCF_041283535.1	Klebsiella pneumoniae	klebsiella	11	gapA(3),infB(3),mdh(1),pgi(1),phoE(1),rpoB(1),tonB(4)
GCF_041514435.1	Klebsiella pneumoniae	klebsiella	-	gapA(~3),infB(3),mdh(1),pgi(1),phoE(1),rpoB(1),tonB(4)
GCF_041514735.1	Klebsiella pneumoniae	klebsiella	7951	gapA(63),infB(1),mdh(1),pgi(1),phoE(9),rpoB(4),tonB(12)
GCF_041725675.1	Klebsiella ornithinolytica	klebsiella	-	gapA(146),infB(~120),mdh(-),pgi(170),phoE(~277),rpoB(140?),tonB(-)
GCF_041828825.1	Klebsiella quasipneumoniae	klebsiella	338	gapA(38),infB(19),mdh(53),pgi(58),phoE(73),rpoB(21),tonB(52)
GCF_041320635.1	Klebsiella pneumoniae	klebsiella	147	gapA(3),infB(4),mdh(6),pgi(1),phoE(7),rpoB(4),tonB(38)
GCF_041200275.1	Klebsiella pneumoniae	klebsiella	11	gapA(3),infB(3),mdh(1),pgi(1),phoE(1),rpoB(1),tonB(4)
GCF_041514545.1	Klebsiella pneumoniae	klebsiella	11	gapA(3),infB(3),mdh(1),pgi(1),phoE(1),rpoB(1),tonB(4)
GCF_041283485.1	Klebsiella michiganensis	klebsiella	-	gapA(~147),infB(126?),mdh(-),pgi(~174),phoE(-),rpoB(~276),tonB(-)
GCF_041200285.1	Klebsiella pneumoniae	klebsiella	11	gapA(3),infB(3),mdh(1),pgi(1),phoE(1),rpoB(1),tonB(4)
GCF_041283575.1	Klebsiella pneumoniae	klebsiella	11	gapA(3),infB(3),mdh(1),pgi(1),phoE(1),rpoB(1),tonB(4)
GCF_041726275.1	Klebsiella pneumoniae	klebsiella	11	gapA(3),infB(3),mdh(1),pgi(1),phoE(1),rpoB(1),tonB(4)
GCF_041344895.2	Klebsiella pneumoniae	klebsiella	11	gapA(3),infB(3),mdh(1),pgi(1),phoE(1),rpoB(1),tonB(4)
GCF_041514725.1	Klebsiella pneumoniae	klebsiella	11	gapA(3),infB(3),mdh(1),pgi(1),phoE(1),rpoB(1),tonB(4)
GCF_041320625.1	Klebsiella quasipneumoniae	klebsiella	3416	gapA(18),infB(22),mdh(241),pgi(61),phoE(195),rpoB(20),tonB(169)
GCF_041222145.1	Klebsiella pneumoniae	klebsiella	258	gapA(3),infB(3),mdh(1),pgi(1),phoE(1),rpoB(1),tonB(79)
GCF_041218905.1	Klebsiella pneumoniae	klebsiella	11	gapA(3),infB(3),mdh(1),pgi(1),phoE(1),rpoB(1),tonB(4)
GCF_041213405.1	Klebsiella pneumoniae	klebsiella	16	gapA(2),infB(1),mdh(2),pgi(1),phoE(4),rpoB(4),tonB(4)
GCF_041514655.1	Klebsiella pneumoniae	klebsiella	11	gapA(3),infB(3),mdh(1),pgi(1),phoE(1),rpoB(1),tonB(4)
GCF_041530015.1	Klebsiella pneumoniae	klebsiella	375	gapA(43),infB(1),mdh(2),pgi(1),phoE(10),rpoB(4),tonB(13)
GCF_041518535.1	Klebsiella pneumoniae	klebsiella	65	gapA(2),infB(1),mdh(2),pgi(1),phoE(10),rpoB(4),tonB(13)
GCF_041545425.1	Klebsiella pneumoniae	klebsiella	512	gapA(54),infB(3),mdh(1),pgi(1),phoE(1),rpoB(1),tonB(79)
GCF_041530025.1	Klebsiella pneumoniae	klebsiella	7951	gapA(63),infB(1),mdh(1),pgi(1),phoE(9),rpoB(4),tonB(12)
GCF_041214325.1	Klebsiella pneumoniae	klebsiella	11	gapA(3),infB(3),mdh(1),pgi(1),phoE(1),rpoB(1),tonB(4)
GCF_041222585.1	Klebsiella pneumoniae	klebsiella	11	gapA(3),infB(3),mdh(1),pgi(1),phoE(1),rpoB(1),tonB(4)
GCF_041529995.1	Klebsiella pneumoniae	klebsiella	268	gapA(2),infB(1),mdh(2),pgi(1),phoE(7),rpoB(1),tonB(81)
GCF_041221345.1	Klebsiella pneumoniae	klebsiella	258	gapA(3),infB(3),mdh(1),pgi(1),phoE(1),rpoB(1),tonB(79)
GCF_041221895.1	Klebsiella pneumoniae	klebsiella	11	gapA(3),infB(3),mdh(1),pgi(1),phoE(1),rpoB(1),tonB(4)
GCF_041216295.1	Klebsiella pneumoniae	klebsiella	258	gapA(3),infB(3),mdh(1),pgi(1),phoE(1),rpoB(1),tonB(79)
GCF_041320645.1	Klebsiella pneumoniae	klebsiella	11	gapA(3),infB(3),mdh(1),pgi(1),phoE(1),rpoB(1),tonB(4)
GCF_041346665.1	Klebsiella pneumoniae	klebsiella	11	gapA(3),infB(3),mdh(1),pgi(1),phoE(1),rpoB(1),tonB(4)
GCF_041734125.1	Klebsiella pneumoniae	klebsiella	11	gapA(3),infB(3),mdh(1),pgi(1),phoE(1),rpoB(1),tonB(4)
GCF_041530005.1	Klebsiella pneumoniae	klebsiella	660	gapA(2),infB(1),mdh(2),pgi(1),phoE(4),rpoB(1),tonB(25)
GCF_041318405.1	Klebsiella pneumoniae	klebsiella	3034	gapA(1),infB(1),mdh(1),pgi(193),phoE(1),rpoB(1),tonB(1)
GCF_041518305.1	Klebsiella pneumoniae	klebsiella	373	gapA(9),infB(4),mdh(2),pgi(26),phoE(1),rpoB(1),tonB(27)
GCF_041221925.1	Klebsiella pneumoniae	klebsiella	258	gapA(3),infB(3),mdh(1),pgi(1),phoE(1),rpoB(1),tonB(79)
GCF_041221935.1	Klebsiella pneumoniae	klebsiella	258	gapA(3),infB(3),mdh(1),pgi(1),phoE(1),rpoB(1),tonB(79)
GCF_041318585.1	Klebsiella pneumoniae	klebsiella	6750	gapA(2),infB(3),mdh(1),pgi(1),phoE(1),rpoB(1),tonB(61)
GCF_041516885.1	Klebsiella pneumoniae	klebsiella	23	gapA(2),infB(1),mdh(1),pgi(1),phoE(9),rpoB(4),tonB(12)
GCF_041221275.1	Klebsiella pneumoniae	klebsiella	11	gapA(3),infB(3),mdh(1),pgi(1),phoE(1),rpoB(1),tonB(4)
GCF_041545435.1	Klebsiella pneumoniae	klebsiella	512	gapA(54),infB(3),mdh(1),pgi(1),phoE(1),rpoB(1),tonB(79)
GCF_041212775.1	Klebsiella pneumoniae	klebsiella	258	gapA(3),infB(3),mdh(1),pgi(1),phoE(1),rpoB(1),tonB(79)
GCF_041545445.1	Klebsiella pneumoniae	klebsiella	512	gapA(54),infB(3),mdh(1),pgi(1),phoE(1),rpoB(1),tonB(79)
GCF_041318575.1	Klebsiella pneumoniae	klebsiella	1766	gapA(4),infB(4),mdh(1),pgi(1),phoE(7),rpoB(4),tonB(16)
GCF_041221915.1	Klebsiella pneumoniae	klebsiella	16	gapA(2),infB(1),mdh(2),pgi(1),phoE(4),rpoB(4),tonB(4)
GCF_041222685.1	Klebsiella pneumoniae	klebsiella	11	gapA(3),infB(3),mdh(1),pgi(1),phoE(1),rpoB(1),tonB(4)
GCF_041734115.1	Klebsiella pneumoniae	klebsiella	11	gapA(3),infB(3),mdh(1),pgi(1),phoE(1),rpoB(1),tonB(4)
GCF_041346895.1	Klebsiella pneumoniae	klebsiella	11	gapA(3),infB(3),mdh(1),pgi(1),phoE(1),rpoB(1),tonB(4)
GCF_041221385.1	Klebsiella pneumoniae	klebsiella	11	gapA(3),infB(3),mdh(1),pgi(1),phoE(1),rpoB(1),tonB(4)
GCF_041213435.1	Klebsiella pneumoniae	klebsiella	11	gapA(3),infB(3),mdh(1),pgi(1),phoE(1),rpoB(1),tonB(4)
GCF_041529985.1	Klebsiella pneumoniae	klebsiella	23	gapA(2),infB(1),mdh(1),pgi(1),phoE(9),rpoB(4),tonB(12)
GCF_041220685.1	Klebsiella pneumoniae	klebsiella	11	gapA(3),infB(3),mdh(1),pgi(1),phoE(1),rpoB(1),tonB(4)
GCF_041221395.1	Klebsiella pneumoniae	klebsiella	16	gapA(2),infB(1),mdh(2),pgi(1),phoE(4),rpoB(4),tonB(4)
GCF_041222155.1	Klebsiella pneumoniae	klebsiella	11	gapA(3),infB(3),mdh(1),pgi(1),phoE(1),rpoB(1),tonB(4)
GCF_041215515.1	Klebsiella pneumoniae	klebsiella	258	gapA(3),infB(3),mdh(1),pgi(1),phoE(1),rpoB(1),tonB(79)
GCF_041221885.1	Klebsiella pneumoniae	klebsiella	25	gapA(2),infB(1),mdh(1),pgi(1),phoE(10),rpoB(4),tonB(13)
GCF_041221755.1	Klebsiella pneumoniae	klebsiella	11	gapA(3),infB(3),mdh(1),pgi(1),phoE(1),rpoB(1),tonB(4)
GCF_041516195.1	Klebsiella pneumoniae	klebsiella	23	gapA(2),infB(1),mdh(1),pgi(1),phoE(9),rpoB(4),tonB(12)
GCF_041221375.1	Klebsiella pneumoniae	klebsiella	11	gapA(3),infB(3),mdh(1),pgi(1),phoE(1),rpoB(1),tonB(4)
GCF_041217655.1	Klebsiella pneumoniae	klebsiella	11	gapA(3),infB(3),mdh(1),pgi(1),phoE(1),rpoB(1),tonB(4)
GCF_041222185.1	Klebsiella pneumoniae	klebsiella	11	gapA(3),infB(3),mdh(1),pgi(1),phoE(1),rpoB(1),tonB(4)
GCF_041346905.1	Klebsiella pneumoniae	klebsiella	15	gapA(1),infB(1),mdh(1),pgi(1),phoE(1),rpoB(1),tonB(1)
GCF_041221905.1	Klebsiella pneumoniae	klebsiella	16	gapA(2),infB(1),mdh(2),pgi(1),phoE(4),rpoB(4),tonB(4)
GCF_041221405.1	Klebsiella pneumoniae	klebsiella	11	gapA(3),infB(3),mdh(1),pgi(1),phoE(1),rpoB(1),tonB(4)
GCF_041216965.1	Klebsiella pneumoniae	klebsiella	258	gapA(3),infB(3),mdh(1),pgi(1),phoE(1),rpoB(1),tonB(79)
GCF_041218735.1	Klebsiella pneumoniae	klebsiella	11	gapA(3),infB(3),mdh(1),pgi(1),phoE(1),rpoB(1),tonB(4)
GCF_041218425.1	Klebsiella pneumoniae	klebsiella	512	gapA(54),infB(3),mdh(1),pgi(1),phoE(1),rpoB(1),tonB(79)
GCF_041222175.1	Klebsiella pneumoniae	klebsiella	258	gapA(3),infB(3),mdh(1),pgi(1),phoE(1),rpoB(1),tonB(79)
GCF_041219915.1	Klebsiella pneumoniae	klebsiella	512	gapA(54),infB(3),mdh(1),pgi(1),phoE(1),rpoB(1),tonB(79)
GCF_041860455.1	Klebsiella variicola	klebsiella	1478	gapA(16),infB(24),mdh(21),pgi(27),phoE(54),rpoB(22),tonB(105)
GCF_041860875.1	Klebsiella pneumoniae	klebsiella	4527	gapA(2),infB(1),mdh(1),pgi(26),phoE(11),rpoB(25),tonB(31)
GCF_041889855.1	Klebsiella quasipneumoniae	klebsiella	4611	gapA(17),infB(19),mdh(175),pgi(160),phoE(374),rpoB(21),tonB(148)
GCF_041890075.1	Klebsiella quasipneumoniae	klebsiella	4618	gapA(17),infB(19),mdh(69),pgi(39),phoE(100),rpoB(63),tonB(162)
GCF_041861055.1	Klebsiella pneumoniae	klebsiella	289	gapA(4),infB(5),mdh(1),pgi(1),phoE(12),rpoB(4),tonB(46)
GCF_041861535.1	Klebsiella variicola	klebsiella	1875	gapA(16),infB(24),mdh(21),pgi(53),phoE(47),rpoB(17),tonB(215)
GCF_041861235.1	Klebsiella pneumoniae	klebsiella	636	gapA(2),infB(5),mdh(1),pgi(1),phoE(4),rpoB(1),tonB(4)
GCF_041861115.1	Klebsiella pneumoniae	klebsiella	292	gapA(2),infB(1),mdh(2),pgi(1),phoE(1),rpoB(1),tonB(4)
GCF_041860125.1	Klebsiella quasipneumoniae	klebsiella	4350	gapA(50),infB(19),mdh(282),pgi(39),phoE(133),rpoB(63),tonB(162)
GCF_041860915.1	Klebsiella pneumoniae	klebsiella	5459	gapA(2),infB(3),mdh(1),pgi(3),phoE(1),rpoB(28),tonB(35)
GCF_041861265.1	Klebsiella pneumoniae	klebsiella	1999	gapA(2),infB(5),mdh(1),pgi(1),phoE(9),rpoB(1),tonB(318)
GCF_041861105.1	Klebsiella pneumoniae	klebsiella	5841	gapA(2),infB(1),mdh(1),pgi(1),phoE(101),rpoB(1),tonB(18)
GCF_041860345.1	Klebsiella variicola	klebsiella	4176	gapA(16),infB(24),mdh(21),pgi(286),phoE(39),rpoB(22),tonB(85)
GCF_041860105.1	Klebsiella variicola	klebsiella	4169	gapA(16),infB(24),mdh(21),pgi(194),phoE(42),rpoB(29),tonB(71)
GCF_041861015.1	Klebsiella pneumoniae	klebsiella	788	gapA(2),infB(4),mdh(2),pgi(1),phoE(7),rpoB(1),tonB(12)
GCF_041861355.1	Klebsiella pneumoniae	klebsiella	2097	gapA(4),infB(1),mdh(1),pgi(1),phoE(12),rpoB(1),tonB(39)
GCF_041860935.1	Klebsiella pneumoniae	klebsiella	148	gapA(4),infB(1),mdh(31),pgi(1),phoE(16),rpoB(23),tonB(6)
GCF_041861025.1	Klebsiella pneumoniae	klebsiella	1537	gapA(2),infB(1),mdh(2),pgi(1),phoE(12),rpoB(1),tonB(46)
GCF_041860945.1	Klebsiella pneumoniae	klebsiella	727	gapA(2),infB(9),mdh(2),pgi(1),phoE(7),rpoB(1),tonB(16)
GCF_041861165.1	Klebsiella pneumoniae	klebsiella	4356	gapA(159),infB(31),mdh(1),pgi(47),phoE(10),rpoB(4),tonB(631)
GCF_041860165.1	Klebsiella quasipneumoniae	klebsiella	4217	gapA(18),infB(22),mdh(25),pgi(61),phoE(11),rpoB(128),tonB(228)
GCF_041903435.1	Klebsiella quasipneumoniae	klebsiella	5845	gapA(18),infB(22),mdh(26),pgi(63),phoE(167),rpoB(13),tonB(807)
GCF_041860145.1	Klebsiella variicola	klebsiella	595	gapA(16),infB(24),mdh(21),pgi(27),phoE(55),rpoB(22),tonB(67)
GCF_041897755.1	Klebsiella quasipneumoniae	klebsiella	4347	gapA(42),infB(22),mdh(63),pgi(22),phoE(86),rpoB(52),tonB(114)
GCF_041861205.1	Klebsiella pneumoniae	klebsiella	2513	gapA(2),infB(3),mdh(1),pgi(1),phoE(7),rpoB(4),tonB(12)
GCF_041861605.1	Klebsiella variicola	klebsiella	641	gapA(16),infB(18),mdh(21),pgi(27),phoE(39),rpoB(22),tonB(67)
GCF_041860115.1	Klebsiella variicola	klebsiella	1778	gapA(16),infB(98),mdh(21),pgi(132),phoE(38),rpoB(22),tonB(67)
GCF_041861085.1	Klebsiella pneumoniae	klebsiella	2411	gapA(2),infB(1),mdh(17),pgi(1),phoE(1),rpoB(4),tonB(23)
GCF_041861295.1	Klebsiella pneumoniae	klebsiella	1241	gapA(4),infB(3),mdh(1),pgi(1),phoE(1),rpoB(4),tonB(223)
GCF_041860965.1	Klebsiella pneumoniae	klebsiella	116	gapA(15),infB(1),mdh(1),pgi(18),phoE(1),rpoB(1),tonB(4)
GCF_041903385.1	Klebsiella quasipneumoniae	klebsiella	4071	gapA(112),infB(22),mdh(26),pgi(282),phoE(115),rpoB(13),tonB(289)
GCF_041861225.1	Klebsiella pneumoniae	klebsiella	279	gapA(2),infB(2),mdh(1),pgi(47),phoE(1),rpoB(4),tonB(43)
GCF_041903465.1	Klebsiella quasipneumoniae	klebsiella	2663	gapA(17),infB(19),mdh(28),pgi(39),phoE(51),rpoB(21),tonB(385)
GCF_041889465.1	Klebsiella variicola	klebsiella	1899	gapA(16),infB(45),mdh(21),pgi(27),phoE(39),rpoB(22),tonB(67)
GCF_041860975.1	Klebsiella pneumoniae	klebsiella	301	gapA(4),infB(1),mdh(2),pgi(2),phoE(1),rpoB(10),tonB(43)
GCF_041860805.1	Klebsiella variicola	klebsiella	6490	gapA(16),infB(18),mdh(43),pgi(49),phoE(47),rpoB(30),tonB(75)
GCF_041897585.1	Klebsiella variicola	klebsiella	4146	gapA(16),infB(18),mdh(21),pgi(27),phoE(434),rpoB(22),tonB(251)
GCF_041861505.1	Klebsiella quasipneumoniae	klebsiella	1535	gapA(18),infB(22),mdh(26),pgi(61),phoE(79),rpoB(13),tonB(51)
GCF_041861095.1	Klebsiella pneumoniae	klebsiella	219	gapA(2),infB(1),mdh(2),pgi(3),phoE(27),rpoB(1),tonB(39)
GCF_041853195.1	Klebsiella variicola	klebsiella	3937	gapA(16),infB(18),mdh(30),pgi(49),phoE(47),rpoB(22),tonB(67)
GCF_041861175.1	Klebsiella pneumoniae	klebsiella	5836	gapA(4),infB(1),mdh(440),pgi(2),phoE(27),rpoB(1),tonB(4)
GCF_041861335.1	Klebsiella pneumoniae	klebsiella	4710	gapA(2),infB(1),mdh(1),pgi(37),phoE(10),rpoB(269),tonB(86)
GCF_041861275.1	Klebsiella pneumoniae	klebsiella	5827	gapA(3),infB(5),mdh(95),pgi(1),phoE(16),rpoB(1),tonB(805)
GCF_041834835.1	Klebsiella variicola	klebsiella	363	gapA(16),infB(18),mdh(21),pgi(27),phoE(53),rpoB(22),tonB(67)
GCF_041863175.1	Klebsiella variicola	klebsiella	2594	gapA(28),infB(24),mdh(21),pgi(53),phoE(47),rpoB(153),tonB(67)
GCF_041860955.1	Klebsiella pneumoniae	klebsiella	3403	gapA(2),infB(1),mdh(2),pgi(1),phoE(12),rpoB(1),tonB(62)
GCF_041861465.1	Klebsiella quasipneumoniae	klebsiella	384	gapA(18),infB(23),mdh(56),pgi(63),phoE(80),rpoB(43),tonB(51)
GCF_041860435.1	Klebsiella quasipneumoniae	klebsiella	526	gapA(38),infB(19),mdh(53),pgi(58),phoE(73),rpoB(21),tonB(130)
GCF_041861625.1	Klebsiella variicola	klebsiella	360	gapA(16),infB(24),mdh(21),pgi(53),phoE(47),rpoB(17),tonB(67)
GCF_041902935.1	Klebsiella quasipneumoniae	klebsiella	4212	gapA(18),infB(15),mdh(26),pgi(16),phoE(11),rpoB(13),tonB(613)
GCF_041861045.1	Klebsiella quasipneumoniae	klebsiella	138	gapA(18),infB(22),mdh(26),pgi(23),phoE(31),rpoB(13),tonB(49)
GCF_041860365.1	Klebsiella variicola	klebsiella	639	gapA(16),infB(18),mdh(21),pgi(27),phoE(54),rpoB(22),tonB(85)
GCF_041861485.1	Klebsiella variicola	klebsiella	347	gapA(16),infB(24),mdh(21),pgi(27),phoE(47),rpoB(22),tonB(67)
GCF_041860905.1	Klebsiella pneumoniae	klebsiella	5529	gapA(23),infB(31),mdh(2),pgi(1),phoE(9),rpoB(4),tonB(769)
GCF_041860885.1	Klebsiella pneumoniae	klebsiella	629	gapA(2),infB(3),mdh(87),pgi(1),phoE(12),rpoB(1),tonB(26)
GCF_041857135.1	Klebsiella variicola	klebsiella	6385	gapA(16),infB(24),mdh(21),pgi(31),phoE(47),rpoB(22),tonB(67)
GCF_041889635.1	Klebsiella variicola	klebsiella	3937	gapA(16),infB(18),mdh(30),pgi(49),phoE(47),rpoB(22),tonB(67)
GCF_041870165.1	Klebsiella pneumoniae	klebsiella	16	gapA(2),infB(1),mdh(2),pgi(1),phoE(4),rpoB(4),tonB(4)
GCF_041861325.1	Klebsiella pneumoniae	klebsiella	3020	gapA(2),infB(1),mdh(169),pgi(12),phoE(9),rpoB(4),tonB(40)
GCF_041860475.1	Klebsiella variicola	klebsiella	906	gapA(16),infB(62),mdh(21),pgi(27),phoE(55),rpoB(22),tonB(75)
GCF_041903225.1	Klebsiella variicola	klebsiella	641	gapA(16),infB(18),mdh(21),pgi(27),phoE(39),rpoB(22),tonB(67)
GCF_041861195.1	Klebsiella pneumoniae	klebsiella	3175	gapA(2),infB(4),mdh(5),pgi(1),phoE(1),rpoB(1),tonB(40)
GCF_041861145.1	Klebsiella pneumoniae	klebsiella	168	gapA(2),infB(5),mdh(1),pgi(6),phoE(9),rpoB(1),tonB(4)
GCF_041861035.1	Klebsiella pneumoniae	klebsiella	4717	gapA(2),infB(20),mdh(1),pgi(2),phoE(4),rpoB(4),tonB(38)
GCF_041860995.1	Klebsiella pneumoniae	klebsiella	37	gapA(2),infB(9),mdh(2),pgi(1),phoE(13),rpoB(1),tonB(16)
GCF_041861285.1	Klebsiella pneumoniae	klebsiella	152	gapA(2),infB(3),mdh(2),pgi(1),phoE(1),rpoB(4),tonB(56)
GCF_041860985.1	Klebsiella pneumoniae	klebsiella	866	gapA(2),infB(9),mdh(2),pgi(1),phoE(1),rpoB(1),tonB(4)
GCF_041861155.1	Klebsiella pneumoniae	klebsiella	394	gapA(2),infB(9),mdh(2),pgi(1),phoE(13),rpoB(1),tonB(82)
GCF_041861245.1	Klebsiella pneumoniae	klebsiella	13	gapA(2),infB(3),mdh(1),pgi(1),phoE(10),rpoB(1),tonB(19)
GCF_041860035.1	Klebsiella variicola	klebsiella	712	gapA(16),infB(62),mdh(21),pgi(27),phoE(47),rpoB(22),tonB(67)
GCF_041861065.1	Klebsiella variicola	klebsiella	2594	gapA(28),infB(24),mdh(21),pgi(53),phoE(47),rpoB(153),tonB(67)
GCF_041861345.1	Klebsiella pneumoniae	klebsiella	49	gapA(8),infB(1),mdh(1),pgi(2),phoE(12),rpoB(1),tonB(23)
GCF_041861005.1	Klebsiella variicola	klebsiella	347	gapA(16),infB(24),mdh(21),pgi(27),phoE(47),rpoB(22),tonB(67)
GCF_041903335.1	Klebsiella variicola	klebsiella	641	gapA(16),infB(18),mdh(21),pgi(27),phoE(39),rpoB(22),tonB(67)
GCF_041903495.1	Klebsiella variicola	klebsiella	4394	gapA(242),infB(24),mdh(21),pgi(40),phoE(55),rpoB(22),tonB(67)
GCF_041860815.1	Klebsiella variicola	klebsiella	4315	gapA(29),infB(24),mdh(315),pgi(49),phoE(44),rpoB(22),tonB(85)
GCF_041889455.1	Klebsiella pneumoniae	klebsiella	45	gapA(2),infB(1),mdh(1),pgi(6),phoE(7),rpoB(1),tonB(12)
GCF_041861255.1	Klebsiella pneumoniae	klebsiella	46	gapA(4),infB(5),mdh(1),pgi(1),phoE(9),rpoB(1),tonB(31)
GCF_041861315.1	Klebsiella variicola	klebsiella	4591	gapA(16),infB(18),mdh(21),pgi(49),phoE(468),rpoB(22),tonB(67)
GCF_041903425.1	Klebsiella variicola	klebsiella	250	gapA(16),infB(18),mdh(45),pgi(44),phoE(55),rpoB(22),tonB(67)
GCF_041897635.1	Klebsiella variicola	klebsiella	1562	gapA(16),infB(24),mdh(36),pgi(27),phoE(29),rpoB(22),tonB(105)
GCF_041920705.1	Klebsiella variicola	klebsiella	639	gapA(16),infB(18),mdh(21),pgi(27),phoE(54),rpoB(22),tonB(85)
GCF_041903405.1	Klebsiella variicola	klebsiella	1381	gapA(16),infB(18),mdh(45),pgi(38),phoE(106),rpoB(93),tonB(75)
GCF_041860895.1	Klebsiella pneumoniae	klebsiella	44	gapA(2),infB(1),mdh(4),pgi(3),phoE(8),rpoB(1),tonB(9)
GCF_041860925.1	Klebsiella pneumoniae	klebsiella	60	gapA(2),infB(1),mdh(2),pgi(1),phoE(4),rpoB(4),tonB(8)
GCF_041903475.1	Klebsiella variicola	klebsiella	725	gapA(16),infB(24),mdh(21),pgi(38),phoE(132),rpoB(66),tonB(75)
GCF_041903085.1	Klebsiella variicola	klebsiella	454	gapA(16),infB(24),mdh(21),pgi(27),phoE(29),rpoB(22),tonB(105)
GCF_041890115.1	Klebsiella variicola	klebsiella	3948	gapA(16),infB(24),mdh(30),pgi(270),phoE(90),rpoB(22),tonB(45)
GCF_041902915.1	Klebsiella variicola	klebsiella	4183	gapA(16),infB(24),mdh(21),pgi(44),phoE(323),rpoB(22),tonB(183)
GCF_041861135.1	Klebsiella variicola	klebsiella	4705	gapA(16),infB(204),mdh(21),pgi(27),phoE(146),rpoB(57),tonB(67)
GCF_041902825.1	Klebsiella variicola	klebsiella	4202	gapA(16),infB(45),mdh(42),pgi(38),phoE(132),rpoB(66),tonB(75)
GCF_041902925.1	Klebsiella variicola	klebsiella	4179	gapA(16),infB(24),mdh(21),pgi(31),phoE(92),rpoB(17),tonB(74)
GCF_041900615.1	Klebsiella variicola	klebsiella	4373	gapA(16),infB(45),mdh(21),pgi(27),phoE(229),rpoB(17),tonB(67)
GCF_041869545.1	Klebsiella variicola	klebsiella	4173	gapA(16),infB(24),mdh(21),pgi(27),phoE(47),rpoB(251),tonB(80)
GCF_041861775.1	Klebsiella variicola	klebsiella	197	gapA(16),infB(28),mdh(21),pgi(27),phoE(47),rpoB(22),tonB(67)
GCF_041861735.1	Klebsiella variicola	klebsiella	616	gapA(16),infB(18),mdh(30),pgi(27),phoE(68),rpoB(59),tonB(67)
GCF_041903215.1	Klebsiella variicola	klebsiella	919	gapA(16),infB(24),mdh(21),pgi(27),phoE(47),rpoB(22),tonB(188)
GCF_041861805.1	Klebsiella variicola	klebsiella	318	gapA(16),infB(24),mdh(21),pgi(31),phoE(68),rpoB(22),tonB(67)
GCF_041870035.1	Klebsiella variicola	klebsiella	3081	gapA(16),infB(18),mdh(226),pgi(27),phoE(39),rpoB(22),tonB(67)
GCF_041865045.1	Klebsiella variicola	klebsiella	250	gapA(16),infB(18),mdh(45),pgi(44),phoE(55),rpoB(22),tonB(67)
GCF_043099655.1	Klebsiella pneumoniae	klebsiella	11	gapA(3),infB(3),mdh(1),pgi(1),phoE(1),rpoB(1),tonB(4)
GCF_042137955.1	Klebsiella oxytoca	klebsiella	-	gapA(147),infB(~133),mdh(-),pgi(171),phoE(-),rpoB(149),tonB(-)
GCF_043508675.1	Klebsiella ornithinolytica	klebsiella	-	gapA(146),infB(120),mdh(-),pgi(165),phoE(282),rpoB(~148),tonB(-)
GCF_041927015.1	Klebsiella quasipneumoniae	klebsiella	4626	gapA(18),infB(22),mdh(122),pgi(16),phoE(32),rpoB(13),tonB(99)
GCF_041927025.1	Klebsiella quasipneumoniae	klebsiella	144	gapA(17),infB(19),mdh(28),pgi(20),phoE(34),rpoB(18),tonB(52)
GCF_043099695.1	Klebsiella pneumoniae	klebsiella	11	gapA(3),infB(3),mdh(1),pgi(1),phoE(1),rpoB(1),tonB(4)
GCF_043099485.1	Klebsiella pneumoniae	klebsiella	11	gapA(3),infB(3),mdh(1),pgi(1),phoE(1),rpoB(1),tonB(4)
GCF_043949965.1	Klebsiella quasipneumoniae	klebsiella	-	gapA(18),infB(22),mdh(~55),pgi(89),phoE(542),rpoB(92),tonB(49)
GCF_043570445.1	Klebsiella pneumoniae	klebsiella	2028	gapA(2),infB(5),mdh(1),pgi(1),phoE(10),rpoB(1),tonB(31)
GCF_041926725.1	Klebsiella variicola	klebsiella	641	gapA(16),infB(18),mdh(21),pgi(27),phoE(39),rpoB(22),tonB(67)
GCF_042490795.1	Klebsiella pneumoniae	klebsiella	16	gapA(2),infB(1),mdh(2),pgi(1),phoE(4),rpoB(4),tonB(4)
GCF_043099685.1	Klebsiella pneumoniae	klebsiella	11	gapA(3),infB(3),mdh(1),pgi(1),phoE(1),rpoB(1),tonB(4)
GCF_043873805.1	Klebsiella pneumoniae	klebsiella	86	gapA(9),infB(4),mdh(2),pgi(1),phoE(1),rpoB(1),tonB(27)
GCF_042466135.1	Klebsiella aerogenes	klebsiella	-	gapA(168),infB(~196),mdh(-),pgi(198),phoE(463),rpoB(165),tonB(-)
GCF_042192385.1	Klebsiella pneumoniae	klebsiella	11	gapA(3),infB(3),mdh(1),pgi(1),phoE(1),rpoB(1),tonB(4)
GCF_042021345.1	Klebsiella pneumoniae	klebsiella	784	gapA(2),infB(1),mdh(1),pgi(1),phoE(27),rpoB(5),tonB(4)
GCF_043099595.1	Klebsiella pneumoniae	klebsiella	11	gapA(3),infB(3),mdh(1),pgi(1),phoE(1),rpoB(1),tonB(4)
GCF_041926745.1	Klebsiella variicola	klebsiella	3950	gapA(16),infB(24),mdh(293),pgi(27),phoE(55),rpoB(22),tonB(67)
GCF_042482205.1	Klebsiella pneumoniae	klebsiella	65	gapA(2),infB(1),mdh(2),pgi(1),phoE(10),rpoB(4),tonB(13)
GCF_043099625.1	Klebsiella pneumoniae	klebsiella	11	gapA(3),infB(3),mdh(1),pgi(1),phoE(1),rpoB(1),tonB(4)
GCF_043509305.1	Klebsiella ornithinolytica	klebsiella	-	gapA(~146),infB(120),mdh(-),pgi(170),phoE(~282),rpoB(148),tonB(-)
GCF_043099665.1	Klebsiella pneumoniae	klebsiella	11	gapA(3),infB(3),mdh(1),pgi(1),phoE(1),rpoB(1),tonB(4)
GCF_043099605.1	Klebsiella pneumoniae	klebsiella	11	gapA(3),infB(3),mdh(1),pgi(1),phoE(1),rpoB(1),tonB(4)
GCF_043099465.1	Klebsiella pneumoniae	klebsiella	11	gapA(3),infB(3),mdh(1),pgi(1),phoE(1),rpoB(1),tonB(4)
GCF_042134635.1	Klebsiella pneumoniae	klebsiella	65	gapA(2),infB(1),mdh(2),pgi(1),phoE(10),rpoB(4),tonB(13)
GCF_041926175.1	Klebsiella variicola	klebsiella	1562	gapA(16),infB(24),mdh(36),pgi(27),phoE(29),rpoB(22),tonB(105)
GCF_043639595.1	Klebsiella pneumoniae	klebsiella	1107	gapA(4),infB(38),mdh(1),pgi(1),phoE(7),rpoB(4),tonB(6)
GCF_043950185.1	Klebsiella pneumoniae	klebsiella	11	gapA(3),infB(3),mdh(1),pgi(1),phoE(1),rpoB(1),tonB(4)
GCF_043187905.1	Klebsiella pneumoniae	klebsiella	11	gapA(3),infB(3),mdh(1),pgi(1),phoE(1),rpoB(1),tonB(4)
GCF_043571095.1	Klebsiella pneumoniae	klebsiella	11	gapA(3),infB(3),mdh(1),pgi(1),phoE(1),rpoB(1),tonB(4)
GCF_043099705.1	Klebsiella pneumoniae	klebsiella	11	gapA(3),infB(3),mdh(1),pgi(1),phoE(1),rpoB(1),tonB(4)
GCF_041926685.1	Klebsiella variicola	klebsiella	6489	gapA(16),infB(18),mdh(21),pgi(33),phoE(47),rpoB(84),tonB(67)
GCF_043099505.1	Klebsiella pneumoniae	klebsiella	11	gapA(3),infB(3),mdh(1),pgi(1),phoE(1),rpoB(1),tonB(4)
GCF_043950335.1	Klebsiella pneumoniae	klebsiella	16	gapA(2),infB(1),mdh(2),pgi(1),phoE(4),rpoB(4),tonB(4)
GCF_043950275.1	Klebsiella pneumoniae	klebsiella	16	gapA(2),infB(1),mdh(2),pgi(1),phoE(4),rpoB(4),tonB(4)
GCF_043099555.1	Klebsiella pneumoniae	klebsiella	11	gapA(3),infB(3),mdh(1),pgi(1),phoE(1),rpoB(1),tonB(4)
GCF_043099635.1	Klebsiella pneumoniae	klebsiella	11	gapA(3),infB(3),mdh(1),pgi(1),phoE(1),rpoB(1),tonB(4)
GCF_042489295.1	Klebsiella pneumoniae	klebsiella	16	gapA(2),infB(1),mdh(2),pgi(1),phoE(4),rpoB(4),tonB(4)
GCF_043099715.1	Klebsiella pneumoniae	klebsiella	11	gapA(3),infB(3),mdh(1),pgi(1),phoE(1),rpoB(1),tonB(4)
GCF_043099475.1	Klebsiella pneumoniae	klebsiella	11	gapA(3),infB(3),mdh(1),pgi(1),phoE(1),rpoB(1),tonB(4)
GCF_043099645.1	Klebsiella pneumoniae	klebsiella	11	gapA(3),infB(3),mdh(1),pgi(1),phoE(1),rpoB(1),tonB(4)
GCF_042487505.1	Klebsiella pneumoniae	klebsiella	16	gapA(2),infB(1),mdh(2),pgi(1),phoE(4),rpoB(4),tonB(4)
GCF_043950255.1	Klebsiella pneumoniae	klebsiella	3139	gapA(2),infB(1),mdh(1),pgi(1),phoE(16),rpoB(44),tonB(182)
GCF_042230465.1	Klebsiella pneumoniae	klebsiella	11	gapA(3),infB(3),mdh(1),pgi(1),phoE(1),rpoB(1),tonB(4)
GCF_043099495.1	Klebsiella pneumoniae	klebsiella	11	gapA(3),infB(3),mdh(1),pgi(1),phoE(1),rpoB(1),tonB(4)
GCF_041927175.1	Klebsiella variicola	klebsiella	3195	gapA(16),infB(18),mdh(21),pgi(27),phoE(47),rpoB(22),tonB(146)
GCF_043950115.1	Klebsiella pneumoniae	klebsiella	11	gapA(3),infB(3),mdh(1),pgi(1),phoE(1),rpoB(1),tonB(4)
GCF_041926525.1	Klebsiella variicola	klebsiella	3195	gapA(16),infB(18),mdh(21),pgi(27),phoE(47),rpoB(22),tonB(146)
GCF_043521465.1	Klebsiella pneumoniae	klebsiella	11	gapA(3),infB(3),mdh(1),pgi(1),phoE(1),rpoB(1),tonB(4)
GCF_042134645.2	Klebsiella pneumoniae	klebsiella	11	gapA(3),infB(3),mdh(1),pgi(1),phoE(1),rpoB(1),tonB(4)
GCF_042134625.2	Klebsiella pneumoniae	klebsiella	11	gapA(3),infB(3),mdh(1),pgi(1),phoE(1),rpoB(1),tonB(4)
GCF_043099575.1	Klebsiella pneumoniae	klebsiella	11	gapA(3),infB(3),mdh(1),pgi(1),phoE(1),rpoB(1),tonB(4)
GCF_043522075.1	Klebsiella pneumoniae	klebsiella	11	gapA(3),infB(3),mdh(1),pgi(1),phoE(1),rpoB(1),tonB(4)
GCF_043099615.1	Klebsiella pneumoniae	klebsiella	11	gapA(3),infB(3),mdh(1),pgi(1),phoE(1),rpoB(1),tonB(4)
GCF_043099515.1	Klebsiella pneumoniae	klebsiella	11	gapA(3),infB(3),mdh(1),pgi(1),phoE(1),rpoB(1),tonB(4)
GCF_042451655.1	Klebsiella pneumoniae	klebsiella	11	gapA(3),infB(3),mdh(1),pgi(1),phoE(1),rpoB(1),tonB(4)
GCF_042981295.1	Klebsiella pneumoniae	klebsiella	1454	gapA(2),infB(3),mdh(6),pgi(1),phoE(9),rpoB(7),tonB(18)
GCF_043099675.1	Klebsiella pneumoniae	klebsiella	11	gapA(3),infB(3),mdh(1),pgi(1),phoE(1),rpoB(1),tonB(4)
GCF_043099535.1	Klebsiella pneumoniae	klebsiella	11	gapA(3),infB(3),mdh(1),pgi(1),phoE(1),rpoB(1),tonB(4)
GCF_043588795.1	Klebsiella pneumoniae	klebsiella	11	gapA(3),infB(3),mdh(1),pgi(1),phoE(1),rpoB(1),tonB(4)
GCF_042256275.1	Klebsiella pneumoniae	klebsiella	792	gapA(2),infB(7),mdh(1),pgi(26),phoE(1),rpoB(4),tonB(4)
GCF_043099585.1	Klebsiella pneumoniae	klebsiella	11	gapA(3),infB(3),mdh(1),pgi(1),phoE(1),rpoB(1),tonB(4)
GCF_043099525.1	Klebsiella pneumoniae	klebsiella	11	gapA(3),infB(3),mdh(1),pgi(1),phoE(1),rpoB(1),tonB(4)
GCF_043099565.1	Klebsiella pneumoniae	klebsiella	11	gapA(3),infB(3),mdh(1),pgi(1),phoE(1),rpoB(1),tonB(4)
GCF_041926595.1	Klebsiella variicola	klebsiella	790	gapA(28),infB(18),mdh(21),pgi(40),phoE(38),rpoB(22),tonB(67)
GCF_043950135.1	Klebsiella pneumoniae	klebsiella	11	gapA(3),infB(3),mdh(1),pgi(1),phoE(1),rpoB(1),tonB(4)
GCF_043950355.1	Klebsiella pneumoniae	klebsiella	16	gapA(2),infB(1),mdh(2),pgi(1),phoE(4),rpoB(4),tonB(4)
GCF_042452385.1	Klebsiella pneumoniae	klebsiella	11	gapA(3),infB(3),mdh(1),pgi(1),phoE(1),rpoB(1),tonB(4)
GCF_043099545.1	Klebsiella pneumoniae	klebsiella	11	gapA(3),infB(3),mdh(1),pgi(1),phoE(1),rpoB(1),tonB(4)
GCF_043950365.1	Klebsiella pneumoniae	klebsiella	16	gapA(2),infB(1),mdh(2),pgi(1),phoE(4),rpoB(4),tonB(4)
GCF_041927005.1	Klebsiella variicola	klebsiella	1994	gapA(16),infB(24),mdh(84),pgi(38),phoE(47),rpoB(57),tonB(67)
GCF_043099395.1	Klebsiella pneumoniae	klebsiella	2028	gapA(2),infB(5),mdh(1),pgi(1),phoE(10),rpoB(1),tonB(31)
GCF_043950315.1	Klebsiella pneumoniae	klebsiella	16	gapA(2),infB(1),mdh(2),pgi(1),phoE(4),rpoB(4),tonB(4)
GCF_041920825.1	Klebsiella variicola	klebsiella	527	gapA(16),infB(24),mdh(21),pgi(27),phoE(41),rpoB(22),tonB(75)
GCF_043636175.1	Klebsiella pneumoniae	klebsiella	35	gapA(2),infB(1),mdh(2),pgi(1),phoE(10),rpoB(1),tonB(19)
GCF_043641835.1	Klebsiella pneumoniae	klebsiella	611	gapA(5),infB(1),mdh(5),pgi(1),phoE(7),rpoB(11),tonB(24)
GCF_043638275.1	Klebsiella quasipneumoniae	klebsiella	1312	gapA(18),infB(15),mdh(26),pgi(22),phoE(94),rpoB(13),tonB(208)
GCF_042190245.1	Klebsiella pneumoniae	klebsiella	893	gapA(25),infB(1),mdh(101),pgi(1),phoE(10),rpoB(1),tonB(100)
GCF_041926165.1	Klebsiella variicola	klebsiella	641	gapA(16),infB(18),mdh(21),pgi(27),phoE(39),rpoB(22),tonB(67)
GCF_041926935.1	Klebsiella variicola	klebsiella	4035	gapA(16),infB(64),mdh(21),pgi(53),phoE(50),rpoB(33),tonB(207)
GCF_043638925.1	Klebsiella pneumoniae	klebsiella	1107	gapA(4),infB(38),mdh(1),pgi(1),phoE(7),rpoB(4),tonB(6)
GCF_043950325.1	Klebsiella pneumoniae	klebsiella	16	gapA(2),infB(1),mdh(2),pgi(1),phoE(4),rpoB(4),tonB(4)
GCF_041926875.1	Klebsiella variicola	klebsiella	1819	gapA(16),infB(24),mdh(21),pgi(27),phoE(47),rpoB(29),tonB(67)
GCF_042137965.1	Klebsiella grimontii	klebsiella	-	gapA(~147),infB(-),mdh(-),pgi(~174),phoE(-),rpoB(~276),tonB(-)
GCF_043950235.1	Klebsiella pneumoniae	klebsiella	16	gapA(2),infB(1),mdh(2),pgi(1),phoE(4),rpoB(4),tonB(4)
GCF_043950305.1	Klebsiella pneumoniae	klebsiella	1564	gapA(4),infB(1),mdh(10),pgi(1),phoE(196),rpoB(4),tonB(256)
GCF_041927185.1	Klebsiella variicola	klebsiella	2386	gapA(16),infB(24),mdh(21),pgi(49),phoE(76),rpoB(134),tonB(67)
GCF_043950295.1	Klebsiella pneumoniae	klebsiella	147	gapA(3),infB(4),mdh(6),pgi(1),phoE(7),rpoB(4),tonB(38)
GCF_041920885.1	Klebsiella variicola	klebsiella	3084	gapA(16),infB(24),mdh(21),pgi(27),phoE(317),rpoB(22),tonB(178)
GCF_041941435.1	Klebsiella variicola	klebsiella	925	gapA(16),infB(18),mdh(21),pgi(27),phoE(153),rpoB(40),tonB(85)
GCF_041941425.1	Klebsiella pneumoniae	klebsiella	643	gapA(2),infB(3),mdh(6),pgi(75),phoE(9),rpoB(7),tonB(137)
GCF_041920905.1	Klebsiella variicola	klebsiella	1423	gapA(16),infB(24),mdh(21),pgi(41),phoE(47),rpoB(22),tonB(103)
GCF_042190875.1	Klebsiella pneumoniae	klebsiella	893	gapA(25),infB(1),mdh(101),pgi(1),phoE(10),rpoB(1),tonB(100)
GCF_043950345.1	Klebsiella pneumoniae	klebsiella	231	gapA(2),infB(6),mdh(1),pgi(3),phoE(26),rpoB(1),tonB(77)
GCF_043636885.1	Klebsiella pneumoniae	klebsiella	23	gapA(2),infB(1),mdh(1),pgi(1),phoE(9),rpoB(4),tonB(12)
GCF_041926215.1	Klebsiella variicola	klebsiella	681	gapA(16),infB(24),mdh(60),pgi(33),phoE(83),rpoB(40),tonB(67)
GCF_043950265.1	Klebsiella pneumoniae	klebsiella	147	gapA(3),infB(4),mdh(6),pgi(1),phoE(7),rpoB(4),tonB(38)
GCF_043640565.1	Klebsiella pneumoniae	klebsiella	23	gapA(2),infB(1),mdh(1),pgi(1),phoE(9),rpoB(4),tonB(12)
GCF_041927085.1	Klebsiella variicola	klebsiella	357	gapA(16),infB(24),mdh(21),pgi(27),phoE(54),rpoB(22),tonB(45)
GCF_042762265.1	Klebsiella pneumoniae	klebsiella	11	gapA(3),infB(3),mdh(1),pgi(1),phoE(1),rpoB(1),tonB(4)
GCF_046115475.1	Klebsiella ornithinolytica	klebsiella	-	gapA(~146),infB(~120),mdh(-),pgi(170),phoE(277),rpoB(140),tonB(-)
GCF_044349345.1	Klebsiella pneumoniae	klebsiella	517	gapA(10),infB(1),mdh(2),pgi(1),phoE(9),rpoB(27),tonB(4)
GCF_044355835.1	Klebsiella pneumoniae	klebsiella	-	gapA(2),infB(9),mdh(2),pgi(1),phoE(~324),rpoB(1),tonB(16)
GCF_044593295.1	Klebsiella pneumoniae	klebsiella	2004	gapA(4),infB(1),mdh(2),pgi(1),phoE(1),rpoB(114),tonB(4)
GCF_045181485.1	Klebsiella pneumoniae	klebsiella	25	gapA(2),infB(1),mdh(1),pgi(1),phoE(10),rpoB(4),tonB(13)
GCF_045348735.1	Klebsiella ornithinolytica	klebsiella	-	gapA(146),infB(120),mdh(-),pgi(170),phoE(282),rpoB(~148),tonB(-)
GCF_045290325.1	Klebsiella terrigena	klebsiella	-	gapA(~33),infB(~54),mdh(-),pgi(73),phoE(~71),rpoB(~35),tonB(~128)
GCF_045277185.1	Klebsiella aerogenes	klebsiella	-	gapA(168),infB(~196),mdh(-),pgi(~197),phoE(~463),rpoB(263),tonB(-)
GCF_045182135.1	Klebsiella pneumoniae	klebsiella	967	gapA(2),infB(1),mdh(19),pgi(4),phoE(9),rpoB(4),tonB(34)
GCF_045571425.1	Klebsiella michiganensis	klebsiella	-	gapA(~147),infB(-),mdh(-),pgi(~174),phoE(-),rpoB(~276),tonB(-)
GCF_044336665.1	Klebsiella pneumoniae	klebsiella	517	gapA(10),infB(1),mdh(2),pgi(1),phoE(9),rpoB(27),tonB(4)
GCF_045675685.1	Klebsiella ornithinolytica	klebsiella	-	gapA(146),infB(~120),mdh(-),pgi(~170),phoE(~277),rpoB(148),tonB(-)
GCF_900323945.1	Klebsiella pneumoniae	klebsiella	16	gapA(2),infB(1),mdh(2),pgi(1),phoE(4),rpoB(4),tonB(4)
GCF_045181495.1	Klebsiella pneumoniae	klebsiella	65	gapA(2),infB(1),mdh(2),pgi(1),phoE(10),rpoB(4),tonB(13)
GCF_045674925.1	Klebsiella ornithinolytica	klebsiella	-	gapA(146),infB(~120),mdh(-),pgi(~170),phoE(~277),rpoB(148),tonB(-)
GCF_045348705.1	Klebsiella pneumoniae	klebsiella	1823	gapA(2),infB(1),mdh(1),pgi(1),phoE(1),rpoB(1),tonB(19)
GCF_045690425.1	Klebsiella planticola	klebsiella	-	gapA(~146),infB(~120),mdh(-),pgi(170?),phoE(~282),rpoB(~140),tonB(-)
GCF_045287705.1	Klebsiella pneumoniae	klebsiella	15	gapA(1),infB(1),mdh(1),pgi(1),phoE(1),rpoB(1),tonB(1)
GCF_044350965.1	Klebsiella pneumoniae	klebsiella	517	gapA(10),infB(1),mdh(2),pgi(1),phoE(9),rpoB(27),tonB(4)
GCF_045278785.1	Klebsiella pneumoniae	klebsiella	792	gapA(2),infB(7),mdh(1),pgi(26),phoE(1),rpoB(4),tonB(4)
GCF_045287225.1	Klebsiella pneumoniae	klebsiella	15	gapA(1),infB(1),mdh(1),pgi(1),phoE(1),rpoB(1),tonB(1)
GCF_045674935.1	Klebsiella ornithinolytica	klebsiella	-	gapA(146),infB(~120),mdh(-),pgi(~170),phoE(~277),rpoB(148),tonB(-)
GCF_044336655.1	Klebsiella pneumoniae	klebsiella	517	gapA(10),infB(1),mdh(2),pgi(1),phoE(9),rpoB(27),tonB(4)
GCF_045675695.1	Klebsiella ornithinolytica	klebsiella	-	gapA(146),infB(~120),mdh(-),pgi(~170),phoE(~277),rpoB(148),tonB(-)
GCF_045182145.1	Klebsiella pneumoniae	klebsiella	133	gapA(12),infB(1),mdh(1),pgi(2),phoE(5),rpoB(1),tonB(36)
GCF_045277195.1	Klebsiella aerogenes	klebsiella	-	gapA(168),infB(~196),mdh(-),pgi(~197),phoE(~463),rpoB(263),tonB(-)
GCF_043950385.1	Klebsiella pneumoniae	klebsiella	16	gapA(2),infB(1),mdh(2),pgi(1),phoE(4),rpoB(4),tonB(4)
GCF_045345795.1	Klebsiella pneumoniae	klebsiella	11	gapA(3),infB(3),mdh(1),pgi(1),phoE(1),rpoB(1),tonB(4)
GCF_044336675.1	Klebsiella pneumoniae	klebsiella	76	gapA(4),infB(1),mdh(1),pgi(1),phoE(21),rpoB(1),tonB(35)
GCF_045288205.1	Klebsiella pneumoniae	klebsiella	437	gapA(3),infB(3),mdh(1),pgi(1),phoE(1),rpoB(1),tonB(31)
GCF_045278085.1	Klebsiella pneumoniae	klebsiella	437	gapA(3),infB(3),mdh(1),pgi(1),phoE(1),rpoB(1),tonB(31)
GCF_045181505.1	Klebsiella pneumoniae	klebsiella	792	gapA(2),infB(7),mdh(1),pgi(26),phoE(1),rpoB(4),tonB(4)
GCF_045688185.1	Klebsiella pneumoniae	klebsiella	45	gapA(2),infB(1),mdh(1),pgi(6),phoE(7),rpoB(1),tonB(12)
GCF_045037835.1	Klebsiella pneumoniae	klebsiella	101	gapA(2),infB(6),mdh(1),pgi(5),phoE(4),rpoB(1),tonB(6)
GCF_044354005.1	Klebsiella pneumoniae	klebsiella	517	gapA(10),infB(1),mdh(2),pgi(1),phoE(9),rpoB(27),tonB(4)
GCF_044348955.1	Klebsiella pneumoniae	klebsiella	517	gapA(10),infB(1),mdh(2),pgi(1),phoE(9),rpoB(27),tonB(4)
GCF_044351085.1	Klebsiella pneumoniae	klebsiella	517	gapA(10),infB(1),mdh(2),pgi(1),phoE(9),rpoB(27),tonB(4)
GCF_045862455.1	Klebsiella pneumoniae	klebsiella	15	gapA(1),infB(1),mdh(1),pgi(1),phoE(1),rpoB(1),tonB(1)
GCF_045348725.1	Klebsiella pneumoniae	klebsiella	219	gapA(2),infB(1),mdh(2),pgi(3),phoE(27),rpoB(1),tonB(39)
GCF_044353525.1	Klebsiella pneumoniae	klebsiella	517	gapA(10),infB(1),mdh(2),pgi(1),phoE(9),rpoB(27),tonB(4)
GCF_044813255.1	Klebsiella pneumoniae	klebsiella	65	gapA(2),infB(1),mdh(2),pgi(1),phoE(10),rpoB(4),tonB(13)
GCF_044593305.1	Klebsiella pneumoniae	klebsiella	86	gapA(9),infB(4),mdh(2),pgi(1),phoE(1),rpoB(1),tonB(27)
GCF_044603305.1	Klebsiella pneumoniae	klebsiella	1245	gapA(2),infB(1),mdh(6),pgi(1),phoE(1),rpoB(4),tonB(222)
GCF_043950505.1	Klebsiella pneumoniae	klebsiella	307	gapA(4),infB(1),mdh(2),pgi(52),phoE(1),rpoB(1),tonB(7)
GCF_045801205.1	Klebsiella pneumoniae	klebsiella	198	gapA(25),infB(33),mdh(1),pgi(26),phoE(7),rpoB(1),tonB(56)
GCF_045345375.1	Klebsiella pneumoniae	klebsiella	258	gapA(3),infB(3),mdh(1),pgi(1),phoE(1),rpoB(1),tonB(79)
GCF_044351545.1	Klebsiella pneumoniae	klebsiella	76	gapA(4),infB(1),mdh(1),pgi(1),phoE(21),rpoB(1),tonB(35)
GCF_045278775.1	Klebsiella pneumoniae	klebsiella	792	gapA(2),infB(7),mdh(1),pgi(26),phoE(1),rpoB(4),tonB(4)
GCF_044336685.1	Klebsiella pneumoniae	klebsiella	76	gapA(4),infB(1),mdh(1),pgi(1),phoE(21),rpoB(1),tonB(35)
GCF_044353385.1	Klebsiella pneumoniae	klebsiella	517	gapA(10),infB(1),mdh(2),pgi(1),phoE(9),rpoB(27),tonB(4)
GCF_045862425.1	Klebsiella pneumoniae	klebsiella	15	gapA(1),infB(1),mdh(1),pgi(1),phoE(1),rpoB(1),tonB(1)
GCF_044358985.1	Klebsiella pneumoniae	klebsiella	493	gapA(2),infB(1),mdh(70),pgi(1),phoE(12),rpoB(1),tonB(127)
GCF_044592445.1	Klebsiella pneumoniae	klebsiella	11	gapA(3),infB(3),mdh(1),pgi(1),phoE(1),rpoB(1),tonB(4)
GCF_045345785.1	Klebsiella pneumoniae	klebsiella	11	gapA(3),infB(3),mdh(1),pgi(1),phoE(1),rpoB(1),tonB(4)
GCF_044356415.1	Klebsiella pneumoniae	klebsiella	517	gapA(10),infB(1),mdh(2),pgi(1),phoE(9),rpoB(27),tonB(4)
GCF_044792955.1	Klebsiella oxytoca	klebsiella	-	gapA(147),infB(~133),mdh(-),pgi(171),phoE(-),rpoB(~149),tonB(-)
GCF_046118685.1	Klebsiella pneumoniae	klebsiella	11	gapA(3),infB(3),mdh(1),pgi(1),phoE(1),rpoB(1),tonB(4)
GCF_043950445.1	Klebsiella pneumoniae	klebsiella	37	gapA(2),infB(9),mdh(2),pgi(1),phoE(13),rpoB(1),tonB(16)
GCF_044324755.1	Klebsiella quasipneumoniae	klebsiella	356	gapA(18),infB(22),mdh(55),pgi(16),phoE(31),rpoB(20),tonB(51)
GCF_043950415.1	Klebsiella pneumoniae	klebsiella	147	gapA(3),infB(4),mdh(6),pgi(1),phoE(7),rpoB(4),tonB(38)
GCF_045344295.1	Klebsiella pneumoniae	klebsiella	11	gapA(3),infB(3),mdh(1),pgi(1),phoE(1),rpoB(1),tonB(4)
GCF_043950395.1	Klebsiella pneumoniae	klebsiella	-	gapA(2),infB(1),mdh(1),pgi(~37),phoE(9),rpoB(1),tonB(93)
GCF_043950545.1	Klebsiella variicola	klebsiella	3963	gapA(16),infB(24),mdh(21),pgi(33),phoE(47),rpoB(22),tonB(85)
GCF_045689725.1	Klebsiella pneumoniae	klebsiella	11	gapA(3),infB(3),mdh(1),pgi(1),phoE(1),rpoB(1),tonB(4)
GCF_044355935.1	Klebsiella pneumoniae	klebsiella	461	gapA(3),infB(1),mdh(13),pgi(34),phoE(63),rpoB(1),tonB(64)
GCF_044792565.1	Klebsiella pneumoniae	klebsiella	111	gapA(2),infB(1),mdh(5),pgi(1),phoE(17),rpoB(4),tonB(42)
GCF_045690375.1	Klebsiella planticola	klebsiella	-	gapA(~146),infB(~120),mdh(-),pgi(170?),phoE(~282),rpoB(~140),tonB(-)
GCF_043950375.1	Klebsiella pneumoniae	klebsiella	4428	gapA(2),infB(5),mdh(2),pgi(6),phoE(3),rpoB(1),tonB(4)
GCF_043950495.1	Klebsiella pneumoniae	klebsiella	656	gapA(4),infB(4),mdh(1),pgi(1),phoE(7),rpoB(4),tonB(4)
GCF_045345325.1	Klebsiella variicola	klebsiella	2122	gapA(16),infB(45),mdh(21),pgi(27),phoE(251),rpoB(60),tonB(67)
GCF_045278765.1	Klebsiella pneumoniae	klebsiella	792	gapA(2),infB(7),mdh(1),pgi(26),phoE(1),rpoB(4),tonB(4)
GCF_045690405.1	Klebsiella ornithinolytica	klebsiella	-	gapA(146),infB(120),mdh(-),pgi(170),phoE(282),rpoB(~148),tonB(-)
GCF_046272125.1	Klebsiella pneumoniae	klebsiella	629	gapA(2),infB(3),mdh(87),pgi(1),phoE(12),rpoB(1),tonB(26)
GCF_045690385.1	Klebsiella planticola	klebsiella	-	gapA(~146),infB(~120),mdh(-),pgi(170?),phoE(~282),rpoB(~140),tonB(-)
GCF_045037375.1	Klebsiella pneumoniae	klebsiella	11	gapA(3),infB(3),mdh(1),pgi(1),phoE(1),rpoB(1),tonB(4)
GCF_043950535.1	Klebsiella pneumoniae	klebsiella	375	gapA(43),infB(1),mdh(2),pgi(1),phoE(10),rpoB(4),tonB(13)
GCF_045690395.1	Klebsiella pneumoniae	klebsiella	5067	gapA(3),infB(1),mdh(1),pgi(3),phoE(4),rpoB(286),tonB(39)
GCF_043950425.1	Klebsiella pneumoniae	klebsiella	-	gapA(2),infB(35),mdh(2),pgi(1),phoE(3),rpoB(4),tonB(25)
GCF_045690415.1	Klebsiella planticola	klebsiella	-	gapA(~146),infB(~120),mdh(-),pgi(170?),phoE(~282),rpoB(~140),tonB(-)
GCF_045946195.1	Klebsiella pneumoniae	klebsiella	29	gapA(2),infB(3),mdh(2),pgi(2),phoE(6),rpoB(4),tonB(4)
GCF_043950455.1	Klebsiella pneumoniae	klebsiella	782	gapA(1),infB(1),mdh(2),pgi(1),phoE(1),rpoB(1),tonB(1)
GCF_044911575.1	Klebsiella pneumoniae	klebsiella	11	gapA(3),infB(3),mdh(1),pgi(1),phoE(1),rpoB(1),tonB(4)
GCF_045348675.1	Klebsiella pneumoniae	klebsiella	967	gapA(2),infB(1),mdh(19),pgi(4),phoE(9),rpoB(4),tonB(34)
GCF_043950465.1	Klebsiella pneumoniae	klebsiella	664	gapA(52),infB(1),mdh(20),pgi(2),phoE(1),rpoB(1),tonB(47)
GCF_043950515.1	Klebsiella pneumoniae	klebsiella	5490	gapA(2),infB(3),mdh(2),pgi(1),phoE(12),rpoB(1),tonB(38)
GCF_045277245.1	Klebsiella pneumoniae	klebsiella	37	gapA(2),infB(9),mdh(2),pgi(1),phoE(13),rpoB(1),tonB(16)
GCF_043950555.1	Klebsiella pneumoniae	klebsiella	4113	gapA(2),infB(179),mdh(1),pgi(3),phoE(60),rpoB(25),tonB(19)
GCF_046196575.1	Klebsiella pneumoniae	klebsiella	11	gapA(3),infB(3),mdh(1),pgi(1),phoE(1),rpoB(1),tonB(4)
GCF_043950405.1	Klebsiella pneumoniae	klebsiella	16	gapA(2),infB(1),mdh(2),pgi(1),phoE(4),rpoB(4),tonB(4)
GCF_046254915.1	Klebsiella pneumoniae	klebsiella	11	gapA(3),infB(3),mdh(1),pgi(1),phoE(1),rpoB(1),tonB(4)
GCF_046196535.1	Klebsiella pneumoniae	klebsiella	11	gapA(3),infB(3),mdh(1),pgi(1),phoE(1),rpoB(1),tonB(4)
GCF_044740725.1	Klebsiella pneumoniae	klebsiella	23	gapA(2),infB(1),mdh(1),pgi(1),phoE(9),rpoB(4),tonB(12)
GCF_043950475.1	Klebsiella pneumoniae	klebsiella	15	gapA(1),infB(1),mdh(1),pgi(1),phoE(1),rpoB(1),tonB(1)
GCF_046097025.1	Klebsiella pneumoniae	klebsiella	499	gapA(2),infB(1),mdh(5),pgi(2),phoE(7),rpoB(4),tonB(4)
GCF_045040745.1	Klebsiella pneumoniae	klebsiella	512	gapA(54),infB(3),mdh(1),pgi(1),phoE(1),rpoB(1),tonB(79)
GCF_043950485.1	Klebsiella pneumoniae	klebsiella	147	gapA(3),infB(4),mdh(6),pgi(1),phoE(7),rpoB(4),tonB(38)
GCF_044793255.1	Klebsiella pneumoniae	klebsiella	893	gapA(25),infB(1),mdh(101),pgi(1),phoE(10),rpoB(1),tonB(100)
GCF_044344005.1	Klebsiella pneumoniae	klebsiella	592	gapA(2),infB(3),mdh(6),pgi(1),phoE(9),rpoB(4),tonB(13)
GCF_045037455.1	Klebsiella pneumoniae	klebsiella	11	gapA(3),infB(3),mdh(1),pgi(1),phoE(1),rpoB(1),tonB(4)
GCF_046118635.1	Klebsiella pneumoniae	klebsiella	11	gapA(3),infB(3),mdh(1),pgi(1),phoE(1),rpoB(1),tonB(4)
GCF_901421925.1	Klebsiella pneumoniae	klebsiella	321	gapA(4),infB(16),mdh(2),pgi(1),phoE(28),rpoB(3),tonB(40)
GCF_902109485.1	Klebsiella terrigena	klebsiella	-	gapA(~33),infB(41),mdh(-),pgi(~73),phoE(69),rpoB(~35),tonB(128?)
GCF_900637945.1	Klebsiella aerogenes	klebsiella	-	gapA(168),infB(~196),mdh(-),pgi(197),phoE(330),rpoB(164),tonB(-)
GCF_947163785.1	Klebsiella pneumoniae	klebsiella	307	gapA(4),infB(1),mdh(2),pgi(52),phoE(1),rpoB(1),tonB(7)
GCF_900635125.1	Klebsiella pneumoniae	klebsiella	507	gapA(2),infB(3),mdh(1),pgi(1),phoE(1),rpoB(4),tonB(38)
GCF_901542455.1	Klebsiella grimontii	klebsiella	-	gapA(~147),infB(-),mdh(-),pgi(~174),phoE(-),rpoB(~276),tonB(-)
GCF_901422065.1	Klebsiella pneumoniae	klebsiella	171	gapA(4),infB(1),mdh(5),pgi(1),phoE(7),rpoB(5),tonB(23)
GCF_905338025.2	Klebsiella oxytoca	klebsiella	-	gapA(147),infB(133),mdh(-),pgi(~171),phoE(-),rpoB(163),tonB(-)
GCF_901422025.1	Klebsiella quasipneumoniae	klebsiella	488	gapA(42),infB(22),mdh(26),pgi(22),phoE(79),rpoB(41),tonB(51)
GCF_900622625.1	Klebsiella variicola	klebsiella	2117	gapA(60),infB(24),mdh(21),pgi(76),phoE(250),rpoB(17),tonB(339)
GCF_905333885.2	Klebsiella oxytoca	klebsiella	-	gapA(147),infB(~133),mdh(-),pgi(~171),phoE(-),rpoB(149),tonB(-)
GCF_900635995.1	Klebsiella pneumoniae	klebsiella	375	gapA(43),infB(1),mdh(2),pgi(1),phoE(10),rpoB(4),tonB(13)
GCF_904863225.1	Klebsiella pneumoniae	klebsiella	323	gapA(2),infB(1),mdh(1),pgi(1),phoE(9),rpoB(1),tonB(93)
GCF_900497475.1	Klebsiella pneumoniae	klebsiella	3385	gapA(2),infB(1),mdh(1),pgi(1),phoE(9),rpoB(1),tonB(25)
GCF_900635925.1	Klebsiella quasipneumoniae	klebsiella	1226	gapA(42),infB(22),mdh(26),pgi(64),phoE(11),rpoB(13),tonB(51)
GCF_904866355.1	Klebsiella pneumoniae	klebsiella	116	gapA(15),infB(1),mdh(1),pgi(18),phoE(1),rpoB(1),tonB(4)
GCF_904864595.1	Klebsiella pneumoniae	klebsiella	323	gapA(2),infB(1),mdh(1),pgi(1),phoE(9),rpoB(1),tonB(93)
GCF_905232115.2	Klebsiella oxytoca	klebsiella	-	gapA(147),infB(~133),mdh(-),pgi(171),phoE(-),rpoB(149),tonB(-)
GCF_905322525.2	Klebsiella oxytoca	klebsiella	-	gapA(147),infB(133),mdh(-),pgi(~174),phoE(-),rpoB(~149),tonB(-)
GCF_902723705.1	Klebsiella pneumoniae	klebsiella	86	gapA(9),infB(4),mdh(2),pgi(1),phoE(1),rpoB(1),tonB(27)
GCF_904865795.1	Klebsiella pneumoniae	klebsiella	323	gapA(2),infB(1),mdh(1),pgi(1),phoE(9),rpoB(1),tonB(93)
GCF_905329555.2	Klebsiella oxytoca	klebsiella	-	gapA(147),infB(126),mdh(-),pgi(171),phoE(-),rpoB(149),tonB(-)
GCF_911728565.1	Klebsiella pneumoniae	klebsiella	147	gapA(3),infB(4),mdh(6),pgi(1),phoE(7),rpoB(4),tonB(38)
GCF_963854595.1	Klebsiella pneumoniae	klebsiella	6260	gapA(2),infB(6),mdh(1),pgi(5),phoE(601),rpoB(1),tonB(6)
GCF_905333855.2	Klebsiella aerogenes	klebsiella	-	gapA(361),infB(~196),mdh(-),pgi(197),phoE(~329),rpoB(57),tonB(-)
GCF_964198735.1	Klebsiella pneumoniae	klebsiella	273	gapA(3),infB(4),mdh(6),pgi(1),phoE(7),rpoB(4),tonB(4)
GCF_904866475.1	Klebsiella pneumoniae	klebsiella	25	gapA(2),infB(1),mdh(1),pgi(1),phoE(10),rpoB(4),tonB(13)
GCF_900635105.1	Klebsiella oxytoca	klebsiella	-	gapA(150),infB(133),mdh(-),pgi(~171),phoE(-),rpoB(163),tonB(-)
GCF_904863085.1	Klebsiella aerogenes	klebsiella	-	gapA(~168),infB(~197),mdh(-),pgi(300),phoE(464),rpoB(~264),tonB(-)
GCF_947164515.1	Klebsiella pneumoniae	klebsiella	307	gapA(4),infB(1),mdh(2),pgi(52),phoE(1),rpoB(1),tonB(7)
GCF_904863335.2	Klebsiella pneumoniae	klebsiella	15	gapA(1),infB(1),mdh(1),pgi(1),phoE(1),rpoB(1),tonB(1)
GCF_900636985.1	Klebsiella oxytoca	klebsiella	-	gapA(150),infB(126),mdh(-),pgi(~171),phoE(-),rpoB(~149),tonB(-)
GCF_904863435.1	Klebsiella pneumoniae	klebsiella	1213	gapA(2),infB(1),mdh(1),pgi(1),phoE(7),rpoB(4),tonB(87)
GCF_900622595.1	Klebsiella variicola	klebsiella	2122	gapA(16),infB(45),mdh(21),pgi(27),phoE(251),rpoB(60),tonB(67)
GCF_900497055.1	Klebsiella pneumoniae	klebsiella	16	gapA(2),infB(1),mdh(2),pgi(1),phoE(4),rpoB(4),tonB(4)
GCF_964198625.1	Klebsiella pneumoniae	klebsiella	15	gapA(1),infB(1),mdh(1),pgi(1),phoE(1),rpoB(1),tonB(1)
GCF_904866485.1	Klebsiella pneumoniae	klebsiella	323	gapA(2),infB(1),mdh(1),pgi(1),phoE(9),rpoB(1),tonB(93)
GCF_963854865.1	Klebsiella pneumoniae	klebsiella	6260	gapA(2),infB(6),mdh(1),pgi(5),phoE(601),rpoB(1),tonB(6)
GCF_964198725.1	Klebsiella pneumoniae	klebsiella	15	gapA(1),infB(1),mdh(1),pgi(1),phoE(1),rpoB(1),tonB(1)
GCF_904863205.1	Klebsiella pneumoniae	klebsiella	221	gapA(2),infB(5),mdh(1),pgi(6),phoE(9),rpoB(1),tonB(10)
GCF_904866205.1	Klebsiella pneumoniae	klebsiella	35	gapA(2),infB(1),mdh(2),pgi(1),phoE(10),rpoB(1),tonB(19)
GCF_964198675.1	Klebsiella pneumoniae	klebsiella	101	gapA(2),infB(6),mdh(1),pgi(5),phoE(4),rpoB(1),tonB(6)
GCF_904866425.1	Klebsiella pneumoniae	klebsiella	2998	gapA(2),infB(1),mdh(218),pgi(1),phoE(7),rpoB(8),tonB(24)
GCF_902827215.1	Klebsiella pneumoniae	klebsiella	66	gapA(2),infB(3),mdh(2),pgi(1),phoE(10),rpoB(1),tonB(13)
GCF_964198655.1	Klebsiella pneumoniae	klebsiella	15	gapA(1),infB(1),mdh(1),pgi(1),phoE(1),rpoB(1),tonB(1)
GCF_964198685.1	Klebsiella pneumoniae	klebsiella	15	gapA(1),infB(1),mdh(1),pgi(1),phoE(1),rpoB(1),tonB(1)
GCF_904863295.1	Klebsiella pneumoniae	klebsiella	323	gapA(2),infB(1),mdh(1),pgi(1),phoE(9),rpoB(1),tonB(93)
GCF_963694945.1	Klebsiella pneumoniae	klebsiella	6260	gapA(2),infB(6),mdh(1),pgi(5),phoE(601),rpoB(1),tonB(6)
GCF_964198705.1	Klebsiella pneumoniae	klebsiella	274	gapA(2),infB(1),mdh(2),pgi(1),phoE(4),rpoB(31),tonB(19)
GCF_924899195.1	Klebsiella pneumoniae	klebsiella	307	gapA(4),infB(1),mdh(2),pgi(52),phoE(1),rpoB(1),tonB(7)
GCF_964198635.1	Klebsiella pneumoniae	klebsiella	15	gapA(1),infB(1),mdh(1),pgi(1),phoE(1),rpoB(1),tonB(1)
GCF_904865715.1	Klebsiella pneumoniae	klebsiella	231	gapA(2),infB(6),mdh(1),pgi(3),phoE(26),rpoB(1),tonB(77)
GCF_904863365.1	Klebsiella pneumoniae	klebsiella	20	gapA(2),infB(3),mdh(1),pgi(1),phoE(4),rpoB(4),tonB(4)
GCF_904865765.1	Klebsiella pneumoniae	klebsiella	323	gapA(2),infB(1),mdh(1),pgi(1),phoE(9),rpoB(1),tonB(93)
GCF_904864515.1	Klebsiella pneumoniae	klebsiella	323	gapA(2),infB(1),mdh(1),pgi(1),phoE(9),rpoB(1),tonB(93)
GCF_904863075.1	Klebsiella pneumoniae	klebsiella	105	gapA(2),infB(3),mdh(2),pgi(1),phoE(1),rpoB(4),tonB(18)
GCF_904863325.1	Klebsiella pneumoniae	klebsiella	29	gapA(2),infB(3),mdh(2),pgi(2),phoE(6),rpoB(4),tonB(4)
GCF_904864505.1	Klebsiella pneumoniae	klebsiella	86	gapA(9),infB(4),mdh(2),pgi(1),phoE(1),rpoB(1),tonB(27)
GCF_900622605.1	Klebsiella pneumoniae	klebsiella	2121	gapA(3),infB(1),mdh(1),pgi(4),phoE(7),rpoB(4),tonB(13)
GCF_904864535.1	Klebsiella pneumoniae	klebsiella	29	gapA(2),infB(3),mdh(2),pgi(2),phoE(6),rpoB(4),tonB(4)
GCF_904863345.1	Klebsiella oxytoca	klebsiella	-	gapA(147),infB(126),mdh(-),pgi(171),phoE(-),rpoB(149),tonB(-)
GCF_904865785.1	Klebsiella pneumoniae	klebsiella	340	gapA(3),infB(3),mdh(1),pgi(1),phoE(1),rpoB(1),tonB(18)
GCF_900497045.1	Klebsiella pneumoniae	klebsiella	16	gapA(2),infB(1),mdh(2),pgi(1),phoE(4),rpoB(4),tonB(4)
GCF_900635915.1	Klebsiella ornithinolytica	klebsiella	-	gapA(~146),infB(120?),mdh(-),pgi(170),phoE(~282),rpoB(140?),tonB(-)
GCF_904865825.1	Klebsiella pneumoniae	klebsiella	323	gapA(2),infB(1),mdh(1),pgi(1),phoE(9),rpoB(1),tonB(93)
GCF_964107295.1	Klebsiella pneumoniae	klebsiella	512	gapA(54),infB(3),mdh(1),pgi(1),phoE(1),rpoB(1),tonB(79)
GCF_963693505.1	Klebsiella pneumoniae	klebsiella	6260	gapA(2),infB(6),mdh(1),pgi(5),phoE(601),rpoB(1),tonB(6)
GCF_900622615.1	Klebsiella variicola	klebsiella	355	gapA(16),infB(45),mdh(21),pgi(27),phoE(47),rpoB(22),tonB(67)
GCF_900622585.1	Klebsiella variicola	klebsiella	695	gapA(16),infB(24),mdh(21),pgi(53),phoE(104),rpoB(17),tonB(67)
GCF_900622645.1	Klebsiella pneumoniae	klebsiella	258	gapA(3),infB(3),mdh(1),pgi(1),phoE(1),rpoB(1),tonB(79)
GCF_904863135.1	Klebsiella pneumoniae	klebsiella	231	gapA(2),infB(6),mdh(1),pgi(3),phoE(26),rpoB(1),tonB(77)
GCF_904866235.1	Klebsiella pneumoniae	klebsiella	29	gapA(2),infB(3),mdh(2),pgi(2),phoE(6),rpoB(4),tonB(4)
GCF_904863425.1	Klebsiella pneumoniae	klebsiella	34	gapA(2),infB(3),mdh(6),pgi(1),phoE(9),rpoB(7),tonB(4)
GCF_904864525.1	Klebsiella pneumoniae	klebsiella	45	gapA(2),infB(1),mdh(1),pgi(6),phoE(7),rpoB(1),tonB(12)
GCF_904865685.1	Klebsiella pneumoniae	klebsiella	412	gapA(2),infB(1),mdh(2),pgi(1),phoE(9),rpoB(1),tonB(112)
GCF_904864605.1	Klebsiella pneumoniae	klebsiella	437	gapA(3),infB(3),mdh(1),pgi(1),phoE(1),rpoB(1),tonB(31)
GCF_900636455.1	Klebsiella pneumoniae	klebsiella	252	gapA(2),infB(5),mdh(1),pgi(1),phoE(9),rpoB(1),tonB(6)
GCF_904863285.1	Klebsiella pneumoniae	klebsiella	35	gapA(2),infB(1),mdh(2),pgi(1),phoE(10),rpoB(1),tonB(19)
GCF_920103885.1	Klebsiella pneumoniae	klebsiella	147	gapA(3),infB(4),mdh(6),pgi(1),phoE(7),rpoB(4),tonB(38)
GCF_910589455.1	Klebsiella pneumoniae	klebsiella	39	gapA(2),infB(1),mdh(2),pgi(4),phoE(9),rpoB(1),tonB(14)
GCF_904863355.1	Klebsiella pneumoniae	klebsiella	323	gapA(2),infB(1),mdh(1),pgi(1),phoE(9),rpoB(1),tonB(93)
GCF_904863055.1	Klebsiella pneumoniae	klebsiella	3060	gapA(2),infB(24),mdh(21),pgi(27),phoE(44),rpoB(22),tonB(85)
GCF_904863395.1	Klebsiella pneumoniae	klebsiella	29	gapA(2),infB(3),mdh(2),pgi(2),phoE(6),rpoB(4),tonB(4)
GCF_904866335.1	Klebsiella pneumoniae	klebsiella	20	gapA(2),infB(3),mdh(1),pgi(1),phoE(4),rpoB(4),tonB(4)
GCF_904864475.1	Klebsiella pneumoniae	klebsiella	35	gapA(2),infB(1),mdh(2),pgi(1),phoE(10),rpoB(1),tonB(19)
GCF_904864625.1	Klebsiella pneumoniae	klebsiella	711	gapA(2),infB(61),mdh(2),pgi(2),phoE(6),rpoB(4),tonB(4)
GCF_904866375.1	Klebsiella pneumoniae	klebsiella	3072	gapA(4),infB(4),mdh(1),pgi(97),phoE(27),rpoB(7),tonB(4)
GCF_904866405.1	Klebsiella pneumoniae	klebsiella	29	gapA(2),infB(3),mdh(2),pgi(2),phoE(6),rpoB(4),tonB(4)
GCF_904866215.1	Klebsiella pneumoniae	klebsiella	17	gapA(2),infB(1),mdh(1),pgi(1),phoE(4),rpoB(4),tonB(4)
GCF_904865805.1	Klebsiella pneumoniae	klebsiella	111	gapA(2),infB(1),mdh(5),pgi(1),phoE(17),rpoB(4),tonB(42)
GCF_902723695.1	Klebsiella pneumoniae	klebsiella	86	gapA(9),infB(4),mdh(2),pgi(1),phoE(1),rpoB(1),tonB(27)
GCF_904866195.1	Klebsiella pneumoniae	klebsiella	323	gapA(2),infB(1),mdh(1),pgi(1),phoE(9),rpoB(1),tonB(93)
GCF_904866535.1	Klebsiella pneumoniae	klebsiella	15	gapA(1),infB(1),mdh(1),pgi(1),phoE(1),rpoB(1),tonB(1)
GCF_904859915.1	Klebsiella pneumoniae	klebsiella	1449	gapA(7),infB(1),mdh(65),pgi(1),phoE(9),rpoB(4),tonB(18)
GCF_963854765.1	Klebsiella pneumoniae	klebsiella	6260	gapA(2),infB(6),mdh(1),pgi(5),phoE(601),rpoB(1),tonB(6)
GCF_946966015.1	Klebsiella pneumoniae	klebsiella	1788	gapA(2),infB(6),mdh(160),pgi(1),phoE(226),rpoB(111),tonB(299)
GCF_904866505.1	Klebsiella pneumoniae	klebsiella	5822	gapA(2),infB(6),mdh(2),pgi(385),phoE(12),rpoB(1),tonB(4)
GCF_904863145.1	Klebsiella pneumoniae	klebsiella	133	gapA(12),infB(1),mdh(1),pgi(2),phoE(5),rpoB(1),tonB(36)
GCF_904866445.1	Klebsiella pneumoniae	klebsiella	231	gapA(2),infB(6),mdh(1),pgi(3),phoE(26),rpoB(1),tonB(77)
GCF_904863195.1	Klebsiella pneumoniae	klebsiella	323	gapA(2),infB(1),mdh(1),pgi(1),phoE(9),rpoB(1),tonB(93)
GCF_964199105.1	Klebsiella pneumoniae	klebsiella	5081	gapA(2),infB(3),mdh(2),pgi(1),phoE(4),rpoB(1),tonB(4)
GCF_964198995.1	Klebsiella pneumoniae	klebsiella	17	gapA(2),infB(1),mdh(1),pgi(1),phoE(4),rpoB(4),tonB(4)
GCF_964198835.1	Klebsiella pneumoniae	klebsiella	15	gapA(1),infB(1),mdh(1),pgi(1),phoE(1),rpoB(1),tonB(1)
GCF_964198955.1	Klebsiella pneumoniae	klebsiella	101	gapA(2),infB(6),mdh(1),pgi(5),phoE(4),rpoB(1),tonB(6)
GCF_964199005.1	Klebsiella pneumoniae	klebsiella	101	gapA(2),infB(6),mdh(1),pgi(5),phoE(4),rpoB(1),tonB(6)
GCF_964198825.1	Klebsiella pneumoniae	klebsiella	15	gapA(1),infB(1),mdh(1),pgi(1),phoE(1),rpoB(1),tonB(1)
GCF_964198875.1	Klebsiella pneumoniae	klebsiella	15	gapA(1),infB(1),mdh(1),pgi(1),phoE(1),rpoB(1),tonB(1)
GCF_964198745.1	Klebsiella pneumoniae	klebsiella	15	gapA(1),infB(1),mdh(1),pgi(1),phoE(1),rpoB(1),tonB(1)
GCF_964198895.1	Klebsiella pneumoniae	klebsiella	15	gapA(1),infB(1),mdh(1),pgi(1),phoE(1),rpoB(1),tonB(1)
GCF_964198765.1	Klebsiella pneumoniae	klebsiella	15	gapA(1),infB(1),mdh(1),pgi(1),phoE(1),rpoB(1),tonB(1)
GCF_964199095.1	Klebsiella pneumoniae	klebsiella	15	gapA(1),infB(1),mdh(1),pgi(1),phoE(1),rpoB(1),tonB(1)
GCF_964198775.1	Klebsiella pneumoniae	klebsiella	15	gapA(1),infB(1),mdh(1),pgi(1),phoE(1),rpoB(1),tonB(1)
GCF_964198855.1	Klebsiella pneumoniae	klebsiella	101	gapA(2),infB(6),mdh(1),pgi(5),phoE(4),rpoB(1),tonB(6)
GCF_964198945.1	Klebsiella pneumoniae	klebsiella	15	gapA(1),infB(1),mdh(1),pgi(1),phoE(1),rpoB(1),tonB(1)
GCF_964198785.1	Klebsiella pneumoniae	klebsiella	15	gapA(1),infB(1),mdh(1),pgi(1),phoE(1),rpoB(1),tonB(1)
GCF_964198845.1	Klebsiella pneumoniae	klebsiella	15	gapA(1),infB(1),mdh(1),pgi(1),phoE(1),rpoB(1),tonB(1)
GCF_964198815.1	Klebsiella pneumoniae	klebsiella	15	gapA(1),infB(1),mdh(1),pgi(1),phoE(1),rpoB(1),tonB(1)
GCF_964199025.1	Klebsiella pneumoniae	klebsiella	15	gapA(1),infB(1),mdh(1),pgi(1),phoE(1),rpoB(1),tonB(1)
GCF_964198905.1	Klebsiella pneumoniae	klebsiella	15	gapA(1),infB(1),mdh(1),pgi(1),phoE(1),rpoB(1),tonB(1)
GCF_964198975.1	Klebsiella pneumoniae	klebsiella	15	gapA(1),infB(1),mdh(1),pgi(1),phoE(1),rpoB(1),tonB(1)
GCF_964198925.1	Klebsiella pneumoniae	klebsiella	15	gapA(1),infB(1),mdh(1),pgi(1),phoE(1),rpoB(1),tonB(1)
GCF_964198915.1	Klebsiella pneumoniae	klebsiella	15	gapA(1),infB(1),mdh(1),pgi(1),phoE(1),rpoB(1),tonB(1)
GCF_964199115.1	Klebsiella pneumoniae	klebsiella	15	gapA(1),infB(1),mdh(1),pgi(1),phoE(1),rpoB(1),tonB(1)
GCF_964199065.1	Klebsiella pneumoniae	klebsiella	15	gapA(1),infB(1),mdh(1),pgi(1),phoE(1),rpoB(1),tonB(1)
GCF_964198935.1	Klebsiella pneumoniae	klebsiella	15	gapA(1),infB(1),mdh(1),pgi(1),phoE(1),rpoB(1),tonB(1)
GCF_964198805.1	Klebsiella pneumoniae	klebsiella	15	gapA(1),infB(1),mdh(1),pgi(1),phoE(1),rpoB(1),tonB(1)
GCF_964198795.1	Klebsiella pneumoniae	klebsiella	15	gapA(1),infB(1),mdh(1),pgi(1),phoE(1),rpoB(1),tonB(1)
GCF_964199055.1	Klebsiella pneumoniae	klebsiella	147	gapA(3),infB(4),mdh(6),pgi(1),phoE(7),rpoB(4),tonB(38)
GCF_964198865.1	Klebsiella pneumoniae	klebsiella	392	gapA(3),infB(4),mdh(6),pgi(1),phoE(7),rpoB(4),tonB(40)
GCF_964199125.1	Klebsiella pneumoniae	klebsiella	15	gapA(1),infB(1),mdh(1),pgi(1),phoE(1),rpoB(1),tonB(1)
GCF_964199135.1	Klebsiella pneumoniae	klebsiella	392	gapA(3),infB(4),mdh(6),pgi(1),phoE(7),rpoB(4),tonB(40)
GCF_964199145.1	Klebsiella pneumoniae	klebsiella	392	gapA(3),infB(4),mdh(6),pgi(1),phoE(7),rpoB(4),tonB(40)
GCF_964199155.1	Klebsiella pneumoniae	klebsiella	392	gapA(3),infB(4),mdh(6),pgi(1),phoE(7),rpoB(4),tonB(40)
GCF_964198965.1	Klebsiella pneumoniae	klebsiella	392	gapA(3),infB(4),mdh(6),pgi(1),phoE(7),rpoB(4),tonB(40)
GCF_964199035.1	Klebsiella pneumoniae	klebsiella	392	gapA(3),infB(4),mdh(6),pgi(1),phoE(7),rpoB(4),tonB(40)
GCF_964199015.1	Klebsiella pneumoniae	klebsiella	392	gapA(3),infB(4),mdh(6),pgi(1),phoE(7),rpoB(4),tonB(40)
GCF_964198885.1	Klebsiella pneumoniae	klebsiella	392	gapA(3),infB(4),mdh(6),pgi(1),phoE(7),rpoB(4),tonB(40)
GCF_964199045.1	Klebsiella pneumoniae	klebsiella	392	gapA(3),infB(4),mdh(6),pgi(1),phoE(7),rpoB(4),tonB(40)
GCF_964271355.1	Klebsiella pneumoniae	klebsiella	3035	gapA(2),infB(1),mdh(108),pgi(3),phoE(4),rpoB(161),tonB(421)
GCF_964271365.1	Klebsiella pneumoniae	klebsiella	258	gapA(3),infB(3),mdh(1),pgi(1),phoE(1),rpoB(1),tonB(79)
